"frame","x [nm]","y [nm]","z [nm]","sigma1 [nm]","sigma2 [nm]","intensity [photon]","offset [photon]","bkgstd [photon]","chi2","uncertainty [nm]","detections"
1201.0,30154.303401911955,47959.154962401364,-81.91800469648084,269.64447768803166,209.184010497565,192.82923776096567,4.6984086902321796,1.9471312118936333,5660.47687788771,29.605588488155743,1.0
1280.0,29066.488724824,49882.6061852862,-255.23597371016015,355.241702227096,184.5413144244225,194.63222813940044,4.134733190673178,1.5073828827151858,3590.4526565932038,30.128591356205938,1.0
1281.0,29035.544748943797,49842.38871223207,-92.3139474105284,273.9801605461236,207.06049997362362,103.75563562838592,4.002366551404542,1.5162150549062463,3750.9587734049487,41.32482666633487,1.0
1291.0,29047.009414897344,49907.09182254049,-139.81669015087815,295.0882339509904,198.40544724911794,156.88612728406426,3.9998805726131383,1.4149194040230422,3889.9607956669915,31.647004300668392,1.0
1292.0,29018.430168759794,49914.401628641994,-205.7872750732997,328.69705820374963,189.85613670549606,881.8016999794487,4.023111793343783,5.274159651083569,NaN,16.249533465077505,3.0
1306.0,29067.427502888866,49875.335110848435,-223.75082477661448,338.24859147856,187.85143092960067,746.0301941428156,4.233283322495868,3.4999530745849343,NaN,15.810939392554888,2.0
1308.0,29090.285905666035,49833.32595796769,-245.34155346463146,349.5926905492828,185.33197269566907,266.7189423615612,4.156075982751717,1.4357703534443462,2861.71121952846,24.485174225196495,1.0
1323.0,29414.209385207727,46068.09112765181,234.65012952700283,187.37575465508365,314.05923496104526,393.9103543659602,4.833017977859872,3.4644596948748596,NaN,23.134530631154526,2.0
1341.0,30612.093092034516,51149.396181051554,101.4643490444001,209.9190912918988,260.18311130667837,179.97575569466179,4.133410187720836,1.5438166030040639,3804.631419653028,28.445354361578726,1.0
1352.0,29476.857807657445,48623.89714244631,-3.003871987593964,240.05601086076987,227.9888513341356,259.98185178133366,4.427481246697615,1.914408000393386,5036.161036156617,23.874716621571128,1.0
1353.0,29331.2316140908,49515.195244696566,-252.65748339157068,354.121709003457,185.03194554474487,639.2950297947907,4.749674229878643,4.473386575432133,NaN,19.735298362849864,2.0
1355.0,29381.07571338423,49525.1838155849,-272.62757777378107,365.3948256027377,183.3323861387625,351.9826434473796,4.41672801205325,1.9067217242566032,4998.085880362481,22.377282936842732,1.0
1356.0,29272.380658188653,49523.87941683954,-267.0174117929756,362.088476828105,183.69717520433454,208.1675301602701,3.8485133652197216,1.5329464093577012,3852.7563290037356,29.2739624109245,1.0
1361.0,26553.05187684964,48409.048672089295,175.88578564831113,194.7273062355951,288.19077127293843,203.4614398490198,4.338628805915484,1.442300031351866,3495.978056541399,26.450653389241264,1.0
1364.0,28980.479104995156,49875.88903959248,-103.89512318812797,278.93015911174945,204.79187482480594,411.9540244107481,5.555898051453385,3.4624637223105545,11455.899245189295,21.940016602006935,1.0
1365.0,29330.951315362978,49053.90994711524,-195.51850548603988,322.5501397812655,190.4470475923781,257.1684784664491,6.177145300534616,5.339181054886581,16027.347036526564,43.41886460894352,1.0
1365.0,28966.6060957082,49902.80200625687,-128.3122632398776,289.7851569324002,200.34718531913046,681.3908816049761,4.974527613514961,7.766082356349304,NaN,23.458965705522708,2.0
1367.0,28958.701183825036,49859.192578086455,-103.00391993871223,278.54475113776573,204.96282151712072,339.28093445709015,4.799302228518951,1.9505282525327308,5304.2304936196815,20.888205184914753,1.0
1368.0,29005.043366483773,49913.90452876983,-180.33350164685035,314.77359178139056,192.3821657364,424.9345078678794,5.055415890661747,3.8978581061201982,11074.853078863016,23.578734891550287,1.0
1368.0,29622.68642595778,48770.83268252547,-130.37222460088228,290.72206203951566,199.9892748727124,262.19511509776083,5.2933911357759875,5.255126826028637,13644.599987226336,40.24873148159254,1.0
1369.0,29005.417816175675,49830.219192109245,-159.81329554768226,304.6102404928419,195.27636824789278,397.1692928207478,4.37536829257421,2.241343752824655,4805.473616060267,20.06293576230988,1.0
1370.0,28995.581145954995,49870.98862564372,-146.8785620885168,298.4078953160248,197.26559554334997,383.4479576118057,4.527732840965175,1.9565468434976614,4308.727651136582,19.77195597779794,1.0
1376.0,29840.03176913111,48461.78380994485,-220.11612532766193,335.6084744843345,187.6853012524232,209.7163421889663,4.4636039658773425,1.6847194699070684,4412.554578287426,28.851268836646618,1.0
1386.0,29065.451698172365,49956.96529385416,-288.49884181445975,374.9093017471459,182.43030518974174,331.76280027748174,4.458858186132093,1.700794083854474,3715.0807035988996,22.919949478563105,1.0
1387.0,28988.206053114678,49873.5430368801,-170.6286247963493,310.15401640577124,193.90216693807037,671.7153185883092,4.155277378684901,4.002824588885905,NaN,17.119590881370833,2.0
1388.0,30522.915425620315,47239.306327215345,-160.04646206879997,304.72349404182,195.2416796072909,197.36610459748516,5.583696737702426,1.8252202079003481,4784.565819229451,29.58754721601233,1.0
1388.0,29028.86153688632,49872.25330457352,-110.46870853933277,281.923558904818,203.65266693687192,751.6693753817221,4.2824765225062125,3.9395275044924407,NaN,15.291603055398559,2.0
1390.0,31035.24510940171,46618.77390410156,-103.94210676554263,278.95049831929344,204.7828794378134,317.4705791320763,5.436002232684848,2.358228784423779,6106.844556323773,22.853998433310558,1.0
1391.0,29022.897403486397,49911.181417770764,-218.85970966723517,334.9276435875207,187.81519304133337,321.7089480458814,4.251906136995937,1.8661368256231587,4170.801963133311,22.651212900832757,1.0
1400.0,29458.533361068654,48677.93725899991,-107.19422654138002,281.5628896991259,205.13369627427383,779.3704232298562,4.3367552670705685,5.05198698993289,NaN,16.48702807005891,3.0
1401.0,29492.078815345212,48677.67797711976,-82.05305816403225,269.7103201880529,209.16411582859251,807.3598550261389,4.3739450021768,3.847248025046656,NaN,14.313626688058507,2.0
1418.0,29404.004227493482,49107.111844052,-182.21142743490137,315.7235328264734,192.13332781945357,223.3711909469109,5.388949255235934,1.654086039532566,4040.5609625883394,26.971868576884106,1.0
1420.0,30790.495519841097,46924.29858960493,-337.926431416009,406.06187680586834,180.85083350097037,265.5569142010962,4.91185645639936,1.7318121870457992,4367.3326712731,27.556949050456787,1.0
1422.0,30630.33915488243,47409.99000817242,-389.5386923199657,441.0502297200671,181.18868427005992,274.1989903117597,4.710790416623604,1.7799663625925906,4655.352485334982,28.689256823567256,1.0
1427.0,29048.463686644634,49441.32654481434,-65.00397323343869,262.8081901210168,212.81494308762018,236.57696331309558,3.9807426399177084,1.6544848652931994,3734.127728303544,24.791497129955893,1.0
1430.0,29074.452898990443,49981.19155485318,-327.9868633039433,401.93553912810205,182.8964878401212,460.8640842739869,4.104741116647468,3.536719211262575,NaN,24.451006542745493,2.0
1431.0,29510.36892439275,48556.79334649583,-160.21791414203068,305.9492344477335,196.139459740502,620.3141105661211,4.360085473267773,3.5814072036441664,NaN,17.33719692466408,2.0
1437.0,29023.161629329705,49456.97661790183,8.447620659339416,237.77489817183,232.34415223679633,1098.2745525176922,4.161209072577153,8.07323233089931,NaN,15.638760543327775,5.0
1440.0,29058.180448490664,49478.946107774245,-38.02076235997115,252.4606497775447,219.05877390877947,230.7979866955583,4.019099405092171,1.597485751823606,4060.8824879994468,24.814066197083413,1.0
1443.0,29010.40792267546,49472.29495030336,-46.19404513789025,255.5224571824319,217.10891962426774,201.55778834129868,4.230874529061683,1.471557746559226,3743.504297581489,26.524765651110144,1.0
1444.0,29040.904588368663,49476.59638186404,-34.03941753740879,251.40014861882116,220.35686141671798,690.4553098110634,4.1103551973827175,5.052536963567509,NaN,17.471223236539448,3.0
1459.0,27483.555491379593,51153.36885121218,-194.09390733573306,321.81133127149013,190.62112313371773,351.7988599452571,4.088665177490256,2.009018665520593,5367.1577756436545,21.474445519775387,1.0
1460.0,27432.582542044493,51153.81501960688,-123.21276167622648,289.9073749441609,203.20636178255927,1359.839517958977,4.3417548467440215,6.4883526260456055,NaN,12.503844051225565,3.0
1461.0,27438.72983487823,51261.26294649487,-118.38293879601143,285.3005862432975,202.09778674801794,463.84451403146744,4.313706405735294,2.1212485043446456,5344.846682951945,17.70948116231085,1.0
1461.0,29076.890444545872,49968.55695170471,-276.459262677745,368.02161215263203,183.38111277612091,1357.0205513697438,4.423579139062219,8.641454877701921,NaN,16.124748643565763,5.0
1462.0,29488.930524642397,48590.95443696944,-192.75714370659696,321.11981494127986,190.78587249903907,320.0224392148623,4.690261995382068,2.0090920894509288,4521.363461218924,22.751780822807383,1.0
1464.0,27390.629568357865,51098.26633312171,-233.9830378327738,343.22160660472264,186.3316121958623,350.28368184809545,4.145333229339091,1.736485699429013,3930.9302852119545,21.41257268817487,1.0
1465.0,27378.10812527991,51187.59753055487,-209.71528250798758,330.01727430012295,188.79681121204246,427.6874543219862,4.535734648771401,1.8924687048312103,4813.0807182142225,19.036572256890224,1.0
1465.0,29034.097167162665,49982.55731954091,-317.0816616539571,392.6431837355932,181.28990334242542,277.9504078538878,4.454236396125601,1.8493500773695108,4221.013217206727,26.716197266139773,1.0
1466.0,27409.756310034376,51145.3667240156,-319.5143626876798,394.1881009193533,181.22159382073946,191.35970475685926,4.252825045657831,1.3700173051559215,3548.186402275564,31.371286607875515,1.0
1475.0,30776.976918754146,47174.974986832,-388.2417318876978,440.14024114682564,181.15532830225868,243.19417840782708,5.161090865759865,1.6203244743305734,3764.1019169249666,30.138123602375455,1.0
1479.0,28607.798529561464,49798.59873976377,-273.9681807365,366.1893029431379,183.24876699866374,230.73230768072972,4.173135342254682,2.905804626946793,7875.795867608285,34.728409149291494,1.0
1479.0,29458.231380201887,48730.00220831575,-71.60558983218844,265.44432205959276,211.37183371197236,202.60267834783974,4.247312965618212,2.6717074205111655,6908.522707103621,32.19335350499909,1.0
1480.0,29495.35632238834,48716.36146158612,-124.99482831626297,291.4303984643095,203.47255293472404,721.7410680737929,4.16211506908902,5.426919840480645,NaN,18.4002334103431,3.0
1490.0,27373.33806778962,51179.40965055185,-296.82921768819654,379.9982397776353,182.0336514675524,370.930864769698,3.9160436064487523,1.7447822899736005,3674.860029648409,21.69169782331663,1.0
1496.0,28998.321237572647,50045.279080424545,-246.2451669355371,350.1061123331375,185.25776328501502,653.2962739820138,4.2490999811279515,3.5084667080128638,NaN,17.509283262474078,2.0
1498.0,29028.052778257388,50066.749933831816,-274.21303700066545,366.3772662918603,183.26812772051193,538.1656893303394,4.073589101862822,3.550539646232018,NaN,20.560416475762203,2.0
1500.0,29061.580997586272,50034.3468744041,-243.82265543011533,348.73368144170547,185.45995284353427,228.83599493217224,4.425261017861141,1.8162613579979456,5007.781413626947,28.326622950933253,1.0
1501.0,28982.450674892592,50017.909541416,-288.5326504183954,374.9298228086407,182.4285884987267,275.4602925552044,4.2178455881183465,1.577412898721768,3725.1567383830125,25.245043008405275,1.0
1509.0,29506.604216109536,48587.629649013754,-203.2412355772818,326.5885204211436,189.53030434163642,145.93420087451523,3.838245226705719,1.4300793549829403,3845.670036822091,34.36918165111587,1.0
1512.0,29537.920490286433,48550.72872657152,-163.06626584384392,306.1949036735821,194.79616065531283,334.93880933877483,4.508399064560164,2.007381177774636,4567.439425620345,21.754687113911835,1.0
1513.0,29493.004952687712,48592.25408786215,-110.04703229393562,282.2305186289186,204.12899516111656,760.5975877227156,4.591328565152452,3.7959805488874023,NaN,15.024979935285192,2.0
1514.0,29539.708287771813,48589.438112100695,-114.24428336364635,283.4605856575777,202.85107125465743,386.0747267348023,4.622731175604843,2.0180984727479925,5149.6512165685135,19.540489775329288,1.0
1516.0,29606.874266069768,48643.41077403912,-175.2810343865788,312.23433201485483,193.06499462937438,358.3438825768497,4.358601129633207,1.9889862810134695,4580.575570359767,20.96349873598904,1.0
1517.0,29765.75028372661,48477.241336608706,-131.29495655191536,291.14493300172626,199.83153732928633,363.05823939416854,4.511773177138835,1.6958725569198128,4207.489310130137,19.76587058885378,1.0
1518.0,29838.432789314327,48224.70580519405,-92.65324859283514,274.1233853474637,206.99258112940672,338.20939447264516,4.236262596617624,1.7889146591557983,4166.202254796911,20.497957989204064,1.0
1519.0,29818.49114981536,48308.63187814808,9.63352986728135,237.04342019673004,232.39494755212684,457.16453689123773,4.2487093601444,3.1153534300752437,NaN,19.16899326980989,2.0
1538.0,29626.67599421602,48408.191272125325,-32.031201322592466,250.2568875427059,220.51999407875778,135.5837315071666,4.053681400244665,1.396964049893106,3966.8604659866514,33.31547763139315,1.0
1539.0,29034.056118433746,50031.50206684572,-241.14972493555854,347.22729503679074,185.689439553051,336.71182162424407,4.125328640093537,2.0323561673934654,4333.629577563314,22.812067570045723,1.0
1539.0,29742.39308692396,48228.53188471309,-231.3342857293369,341.7533936667631,186.5788610195664,222.19890305087202,4.4047770984108965,1.7623454603281892,4318.838801721742,28.367890089606743,1.0
1540.0,28999.652835167093,50031.74407607661,-194.86127461880096,322.2090565614552,190.52716425058614,335.62535256593736,4.265082199393395,1.8067348903765659,3764.6910457022936,21.60902826970968,1.0
1543.0,28673.685604969636,49817.23362065263,-235.45616888050512,344.04103152614135,186.1964159514295,123.11125038730647,4.07971387242275,1.6305961625866803,4151.387501002982,40.97810153431595,1.0
1544.0,28627.087888820715,49789.891553826215,-215.99725181810828,334.11170679376806,188.70526312716814,1575.154942760479,4.341523346291726,7.756337067885086,NaN,12.823641788919707,4.0
1547.0,28599.809587037696,49773.47141857655,-231.19904752384105,341.95643706629096,186.81615726510006,1772.6370832833536,4.219681198454114,9.557540831121912,NaN,13.244660555835317,5.0
1557.0,30063.421885850126,50914.475499295826,310.9905432129329,180.4954942097293,349.82265722341464,183.36237594327486,4.175858041386518,1.5893426162846092,4225.694139057947,30.974898821867743,1.0
1567.0,28617.85266273456,49772.26998065631,-221.52720059349608,336.8247722129086,187.90443123133676,1131.2519897874781,4.155798992471726,5.6938073892201935,NaN,14.186944176458425,3.0
1570.0,28624.946562896243,49753.61718872779,-241.96162238551258,348.1305521452185,185.97992433647318,736.547015402683,4.070281609261345,3.8856116049265146,NaN,16.71491800279548,2.0
1575.0,30062.707695434372,48073.48787254942,-24.637109301445328,247.58301098712883,222.36157389964723,220.15117414603912,4.959894013562604,1.8115934119801789,4806.505946263776,26.22216635382137,1.0
1583.0,28604.497897804977,49800.17558602475,-195.83506538269106,322.7145702747625,190.40857630074544,188.18782504861724,3.73085819007237,1.5369305956617645,4387.54109707011,29.706177189574756,1.0
1586.0,28961.641145724065,50057.50605796208,-270.25700582292393,363.99410908287894,183.48360117502617,238.9528448587801,4.189761862327079,1.848859607128235,4230.217397820835,28.261479688885128,1.0
1587.0,29003.78300232938,50084.98257706846,-251.7409024406265,354.60903384687504,185.92193310054296,1201.972492667306,4.028863504739378,6.672801801216768,NaN,15.062277062064625,4.0
1593.0,29012.125869884676,50061.98395636438,-296.2678737646091,379.65326446227215,182.0587182567988,316.4269218522699,4.223369394426675,1.846057444319968,3928.126043852979,24.17303458981273,1.0
1594.0,30135.270777283076,48401.99508857343,-217.64812877389207,334.2725177957003,187.9415890919906,182.2724080574375,4.042626476198996,1.4779095236683055,3711.7949361017054,30.42580882332757,1.0
1631.0,29014.773282628918,49997.85599100344,-237.63728505871512,345.9454945550472,186.5548604340966,1327.0720904608102,4.096800602219043,7.182817861981267,NaN,14.282010216983418,4.0
1635.0,28990.06620182832,49988.02243726017,-192.56719596363237,321.04398218614256,190.82740824703134,981.4149271246532,3.9644108914509872,5.984708792283055,NaN,15.725516741842434,3.0
1638.0,28977.698885565667,50020.710844674046,-154.744584368649,302.16093922635986,196.04069056027575,424.82192377341386,4.227964259224619,2.248324906297187,4693.876104094253,19.211540211395697,1.0
1639.0,29007.511516028615,49985.523061833905,-166.8206272803216,308.39149482449307,194.53907845983176,1449.7654557841172,4.183560493486394,8.068491190768283,NaN,13.426265346511604,4.0
1640.0,28963.91748818671,49983.77498986515,-106.00760492153488,279.8467105459403,204.38908570651338,378.0242267423233,4.329075868127741,2.1729855906037994,5546.378495602284,20.049259180145718,1.0
1643.0,30250.26678878336,48380.39978161071,-326.8596571042276,398.886686494178,181.0427079862173,297.2731396695595,4.521868309243796,1.6344975596878217,3931.066497386046,25.09100155208967,1.0
1644.0,30206.63575586057,48368.72523374278,-308.30949522396406,387.118654581779,181.57367690881114,203.81649969831486,4.293606575961731,1.8335545229248105,4491.880596021558,32.332278790487344,1.0
1644.0,30209.640178652957,48369.50057606908,-326.0119505565447,398.3418345373656,181.0612540223892,211.63084254490062,4.155884522618062,1.815440828480155,4520.638624555412,31.97083879511646,1.0
1644.0,29006.663279358276,50025.617517385705,-178.45734034566047,313.93007090645193,192.71605255005892,608.1471916493902,4.288756127162268,3.742698874850606,NaN,17.947752475842655,2.0
1670.0,28988.646685756452,50023.66780544708,-124.55887693181296,288.0763762439933,200.99796630043286,138.27987387989396,3.51274188809959,1.2179529336926338,3229.8952081968787,32.84282986180907,1.0
1673.0,30230.598487083877,48421.074795575354,-299.05627231316834,381.3698097895306,181.93656872371247,293.7519462397143,4.041765452481187,1.6870939515856642,4172.454017201761,24.843315229489424,1.0
1692.0,30208.267032615826,48434.85803184775,-290.0605457752932,376.01394802333175,182.4776668053097,539.8877316894789,4.472588265504202,3.722811677119476,NaN,21.238997931972733,2.0
1699.0,30184.215170654858,48438.67859955807,-321.89846821279315,395.77923215637566,181.21693761195615,845.2491830846144,4.289538424436594,5.206811801419645,NaN,18.44893272780725,3.0
1703.0,29780.084862877273,48710.30329463666,-138.56334806949138,294.5039738981142,198.6117195259641,179.5858036275307,4.213407203323308,1.4440824024756371,3621.818927412978,29.242448987584233,1.0
1752.0,30949.084041471142,47186.02812924767,-9.524547277709326,242.27832989394454,226.25513109479175,257.6583925166866,5.373927476691824,2.4936545175928737,6847.313722125905,26.01669808382278,1.0
1752.0,30247.675419417545,48351.92858304908,-294.4260348937565,378.539278363576,182.15544811960717,454.24810127454674,4.435863152703625,5.331953198178385,NaN,29.529603262233774,2.0
1753.0,30212.037357891422,48342.23381280342,-196.78062815742058,323.20628601107785,190.2941175024165,183.85972244368938,4.47469755775947,2.1165196155853705,6972.101186124921,33.36376947294118,1.0
1753.0,30926.64767853074,46949.95860913308,-138.03069878409156,294.2561217577794,198.6997442664192,272.7603077266069,5.235924909328294,1.7007858692447153,4213.826752490776,23.49244024330406,1.0
1754.0,31083.417860493486,46729.65678019045,-35.324138738889246,251.46428379382684,219.71326164559363,165.61906077870137,4.826918569628015,1.5454273754485017,3970.7938181169898,30.17211016150154,1.0
1755.0,30185.693676585317,48361.36154605312,-220.2411213332736,335.6762891707794,187.67244460959685,217.8949386942791,4.217135493417786,1.891350208103,4430.7416357758675,29.09332432511581,1.0
1783.0,30870.585954297858,46935.461869458806,-5.21826480253959,240.8062045039913,227.39645390798862,250.6970177964203,4.490848113210615,1.7180250810487325,4489.03703556615,23.8244572091999,1.0
1784.0,30890.417186573366,46990.98472012379,-5.989178590480129,241.0684603792781,227.1910949391503,621.036246759077,5.043134022452618,2.97936857266726,6035.362870634732,15.480272012567957,1.0
1790.0,30883.136998486385,46995.07470149417,86.69681001056736,213.55463695877816,255.12739739690477,208.59327366104006,4.424398184726969,1.9300997973668559,5099.034609776852,27.432030304873958,1.0
1794.0,28943.474562852647,50071.61166506425,-119.766141508388,285.9191442104372,201.8489378050729,168.47457503702486,4.188888360571164,1.5123876008182924,3402.337749532244,30.500490150736674,1.0
1796.0,28929.584711677257,50037.990918072246,-147.5860772104185,298.74307753448625,197.15349064733743,137.65533856030504,4.410623674863735,2.2409012210061574,6926.676985871189,40.787136073053034,1.0
1798.0,28892.02596760678,50083.174868527196,-93.67260606361705,275.0901621861588,207.22209977702238,772.0552165999321,3.812034082741476,5.825290046362461,NaN,17.602000951477773,4.0
1802.0,28912.886402589083,50058.21313269621,-79.59345903535251,268.6889557476528,209.67009747380456,170.16166486418635,3.6190262099910386,1.3661192953914028,3637.6830841465826,29.19400284407722,1.0
1803.0,29654.348932380857,48345.25654090844,-192.8101188815234,321.14718726973246,190.7793176615285,131.31740261205934,3.980772493989344,1.339534269435856,3032.513979953084,35.88051883833202,1.0
1805.0,30848.285482966494,46940.091444551246,57.29864124378928,221.4042217630559,245.55759238237525,327.9247616228866,4.511912763167146,1.7953245111918599,4170.838787783524,20.37559465491294,1.0
1808.0,30127.044188893524,48323.16773346203,-461.4574938433273,493.9934964492403,185.04478442580142,262.0873045032384,4.270326947875357,1.7419608068762473,4113.441307967934,32.00200005658609,1.0
1809.0,30041.080725316315,48360.260880151756,-397.8498612616354,446.91926141558145,181.43286429330695,430.3066419572046,4.47700426338241,1.7877243008342838,4686.474319402094,21.910670915898315,1.0
1828.0,29784.63084253693,48540.96632375705,-45.99775170977758,255.4481850687056,217.15515158848086,284.6134428923438,4.7418457590303795,1.8298743400254807,4162.292141128619,22.53204815221139,1.0
1829.0,29847.494766430762,48343.68436749509,-230.5666710942002,341.3291385798656,186.6515135994321,343.79305628448685,4.602403406854997,1.6748128652931025,3979.1286240431727,21.459470311854357,1.0
1830.0,29738.038567804135,48781.45498088637,-310.47179687273297,388.47368847677745,181.49828177280236,222.09006462371573,4.373187578720435,1.6804864776408277,4491.370654737368,29.842174634872247,1.0
1831.0,29617.13320154613,48707.60005176083,-341.87671831920693,408.6510326713528,180.80494838792683,196.82204722935182,4.518567403933948,1.5311465688182153,3676.4617702779456,32.35943734716147,1.0
1834.0,30109.86025852891,47853.08834985484,-338.41156256789645,406.37905606279037,180.84455782635428,251.69955091053941,4.745213478166194,1.8655192871731965,4976.668493796689,29.131631825065615,1.0
1835.0,30016.576131715803,47770.740897663505,-276.8175725387259,367.8835583684665,183.07558757427879,249.02999037347624,4.826480934938983,1.6173750277502699,3726.060682369639,26.74215419374307,1.0
1837.0,30146.51759162401,48254.37370798639,-482.6205785771107,510.501590821095,186.930124040614,360.01778846800556,4.671380057549546,1.7917733096490858,4834.628747930016,27.0327959322544,1.0
1838.0,30162.409202893232,48284.55655063463,-309.5103169073407,387.8706204145021,181.5313667101574,343.6908749912361,5.300187896437121,2.6944382429729345,8181.96482163842,26.052185850398953,1.0
1839.0,29967.14700387073,47976.67114438347,125.33235256265233,204.47794869472636,268.70578437025756,519.3477633453595,6.191934686289712,2.637606021459524,6222.59351638194,16.828798522333777,1.0
1840.0,29625.37915277061,48377.31251265196,-391.984433513425,442.77055532004454,181.25507324321745,291.17929485559665,4.371287227101705,1.5286816283603255,3458.6507345879972,26.686812278254255,1.0
1840.0,29628.123352478833,48376.88815546645,-375.59646600181645,431.351049459062,180.89729041029324,285.39593583031075,4.428481401241132,1.4999992754916365,3220.688128696941,26.45605835366115,1.0
1841.0,29781.172258756535,48417.89794943019,-354.17742620383945,416.80759915908646,180.73823913983864,290.8879746377978,4.547753526350228,1.670381787947324,4287.119542568109,26.213950629587725,1.0
1898.0,28576.107082920946,49972.31184493757,-128.19327109996013,289.7266746450877,200.36433404454388,331.4204194610217,4.191449033746664,1.8488357052129007,4538.440631219704,21.161409742559936,1.0
1899.0,28496.47725849021,49977.676577840466,-131.3129507955176,291.15318741176094,199.82846773155478,404.60132464710694,4.012697153113558,2.212617784141874,5031.3751191132,19.509655794242462,1.0
1900.0,28535.44253226087,49944.15688239805,-155.32789131025086,302.4415710197283,195.95173543395393,429.18096702859026,4.351381715553494,1.848561686799374,4226.107130873411,18.38079364141385,1.0
1900.0,30703.444153826873,47604.40796156227,-356.7465578729906,418.5291962201212,180.73886329461104,219.61248589891983,4.4256594835909615,1.3627414975813466,3082.226125863966,29.822106543832874,1.0
1901.0,28535.984763594643,49976.15380849303,-103.9446544846742,278.95160128732107,204.7823917044058,420.1343528075566,3.9949095603449556,1.950475939838791,4910.479259311753,18.389770325835073,1.0
1902.0,28625.322706202907,49959.89039042805,-2.8898136127792853,240.01749530193152,228.01946558712888,309.9396244064492,4.049685074334933,1.7492401494825416,4357.866788872381,21.04805124207792,1.0
1903.0,28678.697853579044,49972.554892849475,81.72998654128793,214.8236096819844,253.4643389851626,298.44839732471047,4.134742324214293,1.9619070476707388,5403.69510678056,21.98117686192435,1.0
1904.0,28733.66203574589,49925.53205350022,-16.534838734614528,244.85384878784055,224.54181764598007,667.0325831550355,4.176639092761473,3.6489747309106155,NaN,15.692450245758877,2.0
1906.0,28709.653848691523,49862.42527182103,-32.67683494120864,250.49281120644997,220.36116985679575,366.7955850395864,4.203254981736789,1.883465030901326,4605.8407403887795,19.40809646622703,1.0
1907.0,28672.86384513653,49906.67552791401,-46.039271345354855,255.46389194367708,217.14537023724048,362.43704307986843,4.3385161931974245,1.9789634711850765,4081.0176574681,19.791064594560186,1.0
1917.0,27523.353621306163,51257.68116394991,-522.4448572046533,542.7113817893578,191.40340425182904,212.98996996741306,4.265034005071803,1.587803395474729,3831.260073146335,38.759181277569674,1.0
1955.0,27412.013958570064,51148.08535819502,-507.4490489303035,530.4072519472629,189.57711970736403,253.4654460587885,4.3558781561123165,1.6560978247642841,3850.412749731583,34.264254663076116,1.0
1965.0,27395.546004535565,51214.86934378014,-511.3541160650458,533.5909565940261,190.0362002291975,267.99540779570714,4.347235028293358,1.6121232712561973,3804.436785746764,32.948964061332696,1.0
1966.0,27418.923358052463,51196.35648484871,-440.17154109365697,477.81559725552125,183.49280335262392,177.77338749965608,4.25278574367116,1.6579756129962173,4746.024943742704,39.683338362195464,1.0
1983.0,26496.455218679628,49760.169270797465,202.0034524523425,190.63395999649055,299.0204358089664,168.17142786365486,3.6204167391593183,1.3683696422384595,3613.14414273265,29.61953746022405,1.0
2007.0,28735.254679435606,49605.82792939056,-495.5264437564159,520.7760232751234,188.24740248922564,215.18531572209633,5.170080998682916,2.0466158740345226,5725.469743658028,40.862217383857285,1.0
2008.0,28806.44979829406,49890.27545569962,-913.2620256199988,938.1588214616752,299.433573564544,496.57111784477746,3.951648542826653,2.4049378335984324,6531.6130754609485,52.223013883610925,1.0
2009.0,28718.752888570012,49727.91473365488,-347.5069219129276,412.3666976096573,180.76010382965555,223.81172976061424,5.2579916292016975,1.6520443389362434,3747.644403014154,30.61327103643584,1.0
2011.0,28499.08910179009,49744.51432838714,-514.8845901466697,536.4816422741147,190.4612464422233,211.2070852852912,4.485802892349271,1.5781068281545338,4070.1453956905275,38.472010503029104,1.0
2034.0,27383.234840432422,51134.104398156545,-447.72561778006406,483.5079895911915,184.00405207112948,233.30691672247,4.173947674076887,1.7212091085521706,4194.508942595174,33.81392417641688,1.0
2054.0,28586.872896656918,49565.361536646335,-594.2953677423958,604.6072289348828,202.5315466161752,242.19720483051725,4.276869691443161,1.5306190750601611,3571.76030406557,39.19136114372686,1.0
2055.0,28607.451143032788,49540.88162879098,-491.81164374560467,517.8025513231474,187.8552293649329,225.1220163642571,4.575601928529846,1.7118324865525878,4019.935096962136,36.6772886921233,1.0
2077.0,28613.776014026764,49537.90589072289,-479.5113753894744,508.049814725449,186.63174729024746,283.40099562927503,4.668475147101552,1.7066676440196473,3866.40755598402,30.951271118955304,1.0
2108.0,30721.325573785627,47052.333161525064,-247.9436423000148,351.06935162847844,185.1168105223825,239.05829565141084,5.089862832183597,1.8343008874146332,4725.686777321794,27.70607910781055,1.0
2108.0,32109.005572956718,48657.845721100966,79.00392319666463,215.52997913629432,252.55955302088617,154.52551830284298,4.3555973269778985,1.58394861321363,4017.271797890735,31.430775809260886,1.0
2109.0,30804.48831361491,46932.80262410456,-205.8458506512633,327.9632122306109,189.23136768292636,225.48701735055724,4.610440507963587,1.6634234975467532,3985.494900557077,27.22908341370728,1.0
2110.0,30841.53545662229,47150.130794125245,-237.28097583481522,345.05891272964385,186.03123793126576,212.10238652536754,4.675229633573583,1.8305074161232184,4977.187797820861,29.674371217922655,1.0
2111.0,27442.704304846993,51082.084567269696,-478.9684284685977,507.6226064592751,186.58039862058547,212.48532237643477,4.464847574949646,1.5023908743883392,3557.4535751704443,35.89417607819504,1.0
2112.0,27511.572760321873,51041.72244874558,-347.7911544923214,412.5550701464358,180.758480491125,166.30435237195334,4.695954185735876,1.8111648357422345,4875.207617735769,38.44984267038739,1.0
2114.0,28373.946241688904,50599.46197284778,-219.48231026076763,335.2648345044691,187.75067647138906,334.00593243413414,5.0278575478722995,2.671533704595212,6948.206580155994,24.537385389045646,1.0
2115.0,28308.454253913565,50590.62669551525,-205.2656542437253,327.65643610708486,189.29751036953664,398.2188716615981,4.6399203103212,2.907826050766955,8174.34392725306,22.224656009985207,1.0
2116.0,28343.55210319081,50587.54976224069,-242.70905431873058,348.1052692720085,185.5549003275888,334.69528966514594,5.123558011293071,2.8637971757690894,8508.21590083496,25.60861971857566,1.0
2117.0,27566.4848558079,51031.94851952398,-614.1379991657398,622.5585986562728,206.29804997783785,268.59342606081265,4.454549474366457,1.7647820485086012,4484.179828013291,39.7172647018612,1.0
2121.0,28956.227014854147,50164.34741487542,-369.4649163822527,427.14355247418285,180.81604131288358,200.5445353581517,3.9610833707085362,1.626117490392873,4329.966961313019,33.45880931767322,1.0
2122.0,28518.114068335104,50430.53749647138,-140.1312755389516,295.36439448488454,198.45834000553035,780.9902974072878,4.891597334749379,5.250041303315163,NaN,16.93181751103097,2.0
2124.0,28539.812534985336,50376.30691861711,-205.7139279387581,327.8934308327703,189.24638440517003,443.1312001445482,4.882144831871769,2.90810487405121,6841.068436834363,20.690555846727996,1.0
2125.0,28397.520638067654,50449.13352365863,-186.3539037893218,317.8307465244639,191.5939247181933,224.89897440649258,4.184692085857082,1.8052856809457205,4793.523708191661,27.526783534833342,1.0
2128.0,28427.32842174122,50478.21942046431,-206.52602405853924,328.3232549303934,189.15415422979999,210.63115522729584,3.8155591712717767,1.7430643277222722,3843.8046481507627,28.779862098734302,1.0
2129.0,28478.287408950815,50422.89287139757,-222.31158779358836,336.8017326266149,187.4612159337655,308.140287466565,4.531644170035993,2.11967130676117,5231.15583999099,24.07969964685374,1.0
2131.0,28873.495600567796,50168.62032327107,-422.2570020701873,464.53118244761635,182.45423105944613,258.4719389942261,3.9610566278246235,1.4922004590443112,3418.3026819668876,29.51327191110328,1.0
2138.0,28372.708980685493,50464.72527565789,-218.64632861922425,334.81216379831534,187.83737248231807,189.56372445618675,3.7712593466800453,1.3567342942567169,3750.3544533613976,29.16364977967516,1.0
2150.0,28429.484626355817,50391.14324217436,-148.67169784595424,299.2583034624531,196.98221717650637,283.15929919072266,4.894197425972295,2.1971777249072075,6457.900926152444,24.592663879873058,1.0
2151.0,28471.71107479471,50389.46841428892,-154.34424649084164,302.3292521328201,196.39341997089704,951.7871496694768,4.913204625111707,7.079579758347759,NaN,17.174806891956784,3.0
2153.0,28426.445539794495,50407.313119199396,-154.34138759456414,301.96714685021806,196.1023301980243,317.37399039718645,4.895846940107688,2.1657579235571376,5544.629963365528,22.82963319127244,1.0
2155.0,28458.61836390927,50444.56919981244,-148.05704326048001,299.4632427067572,197.48055788818493,572.0582670978165,4.065347995377925,3.017309262148217,NaN,17.165127286697913,2.0
2157.0,28468.553401680787,50430.193039113394,-153.79088689197684,301.70280190385745,196.1866893192738,383.69936201448564,4.218052770509214,1.868997480840416,4466.231025415,19.65503270016398,1.0
2158.0,28502.39800185219,50395.24460608588,-174.34657382229022,311.76733039157966,193.19341654543476,293.81438475387614,4.171890291679391,1.6031776873806347,4429.1770208058815,22.608063035090428,1.0
2159.0,28569.62481686842,50331.54238460534,-168.59323759923453,308.9102122842363,193.99875309395733,257.5773222197741,4.416579861558535,1.9950826505460524,4878.271989669261,25.68991730839773,1.0
2160.0,28905.216202940155,50148.330063907946,-405.256928040631,452.20474602893074,181.69484612590435,269.4605646095424,4.105706266246469,1.647923727299745,3612.431484587342,28.91179430510394,1.0
2161.0,28941.302610911705,50173.96585180062,-428.3719928508479,469.03169469627363,182.78124545378364,262.4717345434001,4.042560421777609,1.6229883091666455,4042.5279343519114,30.06779276627758,1.0
2181.0,27553.566531090833,50961.74770466403,-510.1767479771675,532.6295632703955,189.89656484338678,228.05231900837,4.280882736348201,1.65004086053571,4202.10904518392,36.85141395136904,1.0
2182.0,27484.746659102977,50992.40378868439,-457.58978596703906,491.0221692603424,184.73711498398433,195.45218136257478,4.221587936950453,1.629872853960212,4711.556673599191,37.84797918326729,1.0
2184.0,27528.900412879768,50999.53094704325,-579.2260973993854,591.2223142754788,199.87158571524034,312.48187108703195,4.622889064127517,1.969693540241481,4752.712925862074,35.22768168887377,1.0
2191.0,29163.175602762123,49752.03636126532,-196.11385992833365,322.85946259869525,190.37475785169838,149.7928993582415,4.201059174622056,1.5341088631709794,4035.097288064273,34.314831779013765,1.0
2192.0,29265.663138327644,49716.33422955019,-337.56064423457434,405.82287152070177,180.85568394117848,267.15355891139563,4.193025183248088,1.5605140778880997,3858.698376340291,26.768673746571313,1.0
2193.0,29312.173498791974,49692.5200741469,-314.2238586797207,391.1919682460195,181.66404983120543,547.8505389392365,4.332722125713818,3.3416933421844415,NaN,20.62480359848047,2.0
2195.0,29230.520463268993,49741.86873878639,-277.5587958758211,368.3255464884484,183.03155188301994,312.31940560736945,3.962090096857775,1.3781477151354937,3275.5327559109833,22.706143263173075,1.0
2196.0,29219.630800069863,49778.6807303476,-233.77148273662812,343.1040977355007,186.35116342108765,303.7258056384524,4.137948364133833,1.834416927792813,4335.66231068039,23.605492807402214,1.0
2211.0,31006.53030985491,46542.856698796786,-411.5709935869787,456.7511436274757,181.95118207853048,282.3811165257213,4.914674716632679,1.8937330603149996,5079.745776972113,29.397679094563372,1.0
2212.0,30953.598785468377,46500.02976153794,-438.9014113189253,476.8637725433795,183.41111361329436,265.37795684011627,4.451102270453852,1.456275674689387,3347.574152884827,29.433388299120192,1.0
2219.0,29025.674480310994,48847.28198174314,-351.885565104203,415.2770563843761,180.74192751431642,153.57409763343333,4.09655009306636,1.5881257032058405,3955.6756098144842,38.873702828429664,1.0
2221.0,29737.11422161692,48347.59247824185,-133.1891178127549,292.01550781206754,199.5097707606138,266.1441654871966,4.7748281624783075,1.8469806256482522,4811.870096063848,24.23765497140479,1.0
2222.0,30783.84150112125,46967.45065317952,-20.94637591890148,246.2720933995042,223.29997548845083,433.36289540145356,4.398486837325034,3.329750657503368,NaN,20.319211307931607,2.0
2223.0,29837.57039606981,48297.638164738964,-237.48027153415555,345.17027049791153,186.01335178092097,197.0429108069104,4.305948794183483,1.947074986466035,4809.43744920526,31.78114773539832,1.0
2224.0,29792.88816921006,48370.39763562356,-265.5229020383066,361.2126946313624,183.7983984988741,167.71831116101714,4.336208634164426,2.1270079612446926,5343.507727951586,37.62341856545904,1.0
2224.0,30821.931630549814,46983.585378772026,-2.5825247001247136,239.93288915049516,228.11742888158875,814.6343934011708,4.555522276028874,3.939637455949085,NaN,14.056456583976809,2.0
2226.0,28878.531925388063,50079.37244972647,-87.04783783999464,271.7711643409373,208.12587960134152,150.48412456392833,4.158445534590334,1.5851677232345087,4816.19825536076,32.757566191920354,1.0
2228.0,28459.277021070764,50568.677561539946,-268.0058762412365,362.66887388212587,183.63116163116092,416.9475767798405,4.193401082284311,1.6514830147440196,3814.8676556928554,19.624020296696585,1.0
2230.0,29089.613691087707,49466.37836278166,-62.39625771364204,261.9466439106431,213.5302594025391,293.7267096798883,4.0977319317391245,2.9707482099052918,NaN,25.772393808787033,2.0
2231.0,27686.31620454953,52076.07336224055,231.85515344131602,186.74317176730085,312.03506443140844,157.17268861463944,3.5513736818014348,1.4242489883939535,3954.253153258136,31.569409777360583,1.0
2232.0,29119.51937283755,49498.35560619197,-54.9420567888568,261.38881922162733,217.11447532613158,1019.6081378881064,4.309374522322629,5.526426859000477,NaN,13.965465314576836,3.0
2235.0,29115.653949737687,49458.43140527362,-188.78515969456066,319.0750246291248,191.28343437936854,332.1972226404047,4.49265459636427,1.9349810455042844,5024.266064845302,21.986818067042325,1.0
2238.0,28894.23709770815,50174.95655644478,-314.9365983862366,391.2855645013569,181.35387783450466,243.70808851209668,4.323713386411873,1.4485013106041493,3414.7522922107637,27.29902726809819,1.0
2239.0,28898.39622015763,50139.64477855159,-301.79769817831,383.06458644857224,181.82225345432173,214.34990494491413,4.199427121330331,1.6410645719592978,4425.068856283636,30.09370257342372,1.0
2240.0,28864.44138363108,50132.98003145039,-391.59959230525544,442.4994854318183,181.24432461644332,218.46344770997982,4.183940028610114,1.6849907523664178,3848.556374664649,32.77589468357965,1.0
2246.0,30964.20255274651,46550.46300522467,-357.9025571241571,419.30587160560043,180.74078503224086,249.47243002063692,4.181235906967386,1.5419883418525284,3889.0654041282237,28.38897545531545,1.0
2255.0,28369.16496604762,50436.93555888325,-160.18080815548956,304.78877184913904,195.22171149041466,158.30520889223573,4.526870579578036,1.920131896843766,5416.105171725688,34.85410610241579,1.0
2256.0,28464.518537682085,50449.923923771305,-127.48828285324973,289.4055812469473,200.48645707606764,304.7654964839439,4.628710646973633,2.433132973256338,6821.136148041822,23.941381397806555,1.0
2257.0,28445.188491787114,50502.080399805,-102.5620941046266,278.60541484257647,205.2510114481792,590.0077541465514,5.3264352854438926,7.153096616459276,NaN,24.72015119215118,2.0
2258.0,29213.553044670072,49564.92492075613,-178.8754066154507,314.03831391361496,192.57722674309963,253.1042646434968,5.041480983061332,5.116293026793392,14776.37870661797,42.09522851861909,1.0
2258.0,30927.806615251382,46519.067145977475,-295.8189439914281,379.37758739235454,182.07893801891652,206.7242181654387,4.761825667794669,1.873294522377902,4748.229837146597,31.888245492770356,1.0
2259.0,28460.101631377373,50410.4253778344,-247.10424134821383,351.3971175945454,185.83607150244825,621.6225882370336,4.8000204635949135,10.852568245334531,NaN,36.48538050347074,2.0
2259.0,29193.932709950474,49516.66684065614,-183.0569806661117,318.0406775770129,193.54823528248946,938.9027108450855,4.9960092896840225,13.291678488292675,NaN,28.043063940427,3.0
2260.0,29132.620739278787,49504.74777863427,-65.91654617696716,263.1701473100465,212.6134769136226,305.9283096735409,5.4419903548270705,4.528656364057808,13165.82065739379,31.039013366266246,1.0
2261.0,28477.097819419334,50455.55325606866,-101.53019629918504,277.90907087541945,205.24683276464486,228.57436304960413,4.579706394674669,5.133246483623956,14641.366918280359,43.81929757721695,1.0
2262.0,28395.580833675023,50472.804730886666,-133.7185474139132,292.2594437687847,199.4203239790179,176.26536413879356,4.61942801484458,5.005571556876014,12470.257749640106,55.041972088969054,1.0
2263.0,29223.363058342762,49540.539348975246,-276.15499792598166,367.48890668384985,183.11530520818872,275.8779239258572,4.103887698322466,1.536697787071747,3834.181912033489,24.84832524406145,1.0
2268.0,29785.712487879075,48237.606470745086,-409.6035822592556,455.3304910621937,181.86805128011667,188.06415174640173,4.432433675886291,1.5409740700433776,3472.230119949707,35.907364681388906,1.0
2269.0,29713.115195309703,48288.033069711164,-430.8894407235523,470.89473315381673,182.92415312520302,261.9342022391007,4.533511423865703,1.6780156736053584,3636.05276501363,30.475155566592967,1.0
2273.0,27421.310708554258,51002.41138921281,-685.0928264941555,689.7881877854021,222.2215256699394,299.4811347145033,4.667302826061058,1.9423951126199885,5043.228601603567,43.37464330344424,1.0
2275.0,27427.499263692178,51043.046341116016,-497.7713284496136,522.5792254069302,188.48949397542322,210.28143113781496,4.584779632930307,1.750995277222182,4461.401814897812,39.07244533297421,1.0
2277.0,27454.98731703173,51114.53834014784,-586.8400812285546,597.9584863879114,201.19394237033663,254.067555282415,4.087277524105918,1.5617570525139823,4105.918156789294,37.771441261610356,1.0
2278.0,27575.894801506467,51063.32660868596,-585.8866713351958,597.1120003791096,201.02593939230817,227.5203625329433,4.1688201457054905,1.8709628313016355,4775.002885541439,43.62691149613803,1.0
2279.0,27510.053083047107,51078.310772206634,-662.028250244529,667.4137274070918,216.6245452099254,240.7537546399573,4.0765075530361345,1.6948369829760084,4527.539027165289,45.84236122436336,1.0
2279.0,29648.91338466072,48356.27001809526,-412.7824825164359,457.6277663148306,182.00383970823952,229.71201838253654,4.270240534371889,1.382113939838085,3425.725477004194,30.848462259206435,1.0
2289.0,29889.21343050969,48139.70686138457,-8.060214104294484,243.97539194053007,228.41927735983825,392.12447230420094,4.041214040477285,3.12131941681857,NaN,21.438028780583483,2.0
2297.0,30021.436624816735,47860.80485143879,-48.956740969551674,256.5716408744568,216.46135132831682,212.15714694313894,4.731289269926511,1.5823794679286327,3662.8683122784987,26.125062934821262,1.0
2298.0,31002.219976523484,46500.659100054174,-326.55276082508385,398.7223151165584,181.07599605098753,733.6969291818491,4.359877718972506,4.9052069115689685,NaN,20.009721441531845,3.0
2299.0,31045.69709067781,46506.75049556021,-330.64439780662167,401.3275442870028,180.96658661694318,357.0284296422504,4.6017966821549585,1.979137911896289,4733.936337755169,23.515485435292643,1.0
2303.0,30997.441057595595,46481.82492865863,-389.9719158210288,441.3545464883291,181.20011177725985,221.00625038116632,4.167322033977852,1.5281006862241366,3641.268502960698,31.58406002873398,1.0
2304.0,30955.976786748397,46484.560161353504,-319.37998925668853,394.1026197762334,181.22524930556185,250.28255880278593,4.524471226192282,1.5535835273812062,3873.3534876377084,27.375054945680674,1.0
2305.0,31033.945275830898,46480.294132539544,-335.2041476071341,404.2876812073629,180.89060416567355,441.013099286474,4.634731710512918,3.3054952121845953,NaN,24.401301008840147,2.0
2307.0,31052.893790024165,46496.62938964117,-320.6496232472895,395.2336452773805,181.45202949226595,463.05619022901044,4.55903622115571,3.177874673511826,NaN,22.87389363138592,2.0
2308.0,30982.945036763136,46472.6394403981,-323.7907054522344,396.9173733909773,181.112447768366,304.63959751177754,4.305451123812065,1.520821509724617,3504.889924981165,24.30307751476372,1.0
2310.0,30957.75988675939,46494.87136954413,-395.8137406266752,445.4754060819503,181.36817500973612,306.51124610701083,4.34886916205124,1.9125707974573543,5041.529947738803,27.451688286398742,1.0
2318.0,29649.02157947223,48424.69676851455,-232.7424169393222,342.5331022251642,186.4467527715569,228.87225351485978,4.565721050432823,1.6203955066114273,3902.2135634508654,27.284476588194998,1.0
2320.0,30981.01163995972,46495.708000278595,-335.5206209727655,404.56006550777965,180.93942315986655,688.6272267955022,4.361276116884379,4.891894836202983,NaN,21.17909093649807,3.0
2321.0,31079.395268220076,46507.18148245163,-411.379451519452,456.6126721915847,181.94295906401118,241.00537259882452,4.3778713327100025,1.5433249480318336,3930.099547689617,30.70500813437773,1.0
2330.0,30981.62592766726,46512.69772464417,-339.6023863256305,407.15855890211867,180.8299137723351,192.71583884050304,4.311078165706133,1.522166147842151,3575.436855003068,32.671250148113224,1.0
2345.0,27482.45884319414,50988.40296389197,-478.3509699922628,507.1371079166777,186.52227611696557,202.9627252939356,4.559450396989279,1.647521589906342,3862.48264625214,38.090242603908216,1.0
2356.0,29658.999628135018,48825.08668042341,-309.50981670681017,387.87030690113255,181.53138410562653,263.2030736128091,4.476161029945602,1.6837817850596333,4570.276919798196,26.808094263009853,1.0
2357.0,29631.55461208715,48857.49898337599,-353.03104425962584,416.04140716250095,180.73958367559035,168.3778260688331,4.522253096348425,1.8736721271724295,5038.074516019691,38.85142477666974,1.0
2358.0,29193.705450611655,49256.98290316131,-336.0191580163998,404.81705091816474,180.87724477874096,270.902982288124,4.496267575288082,1.6840650393999697,4093.8036255473476,26.975117292971472,1.0
2360.0,29257.025646320973,49146.465090076475,-235.447258132772,344.03606879639165,186.19722876147154,192.0745547578733,4.7549513861624755,1.772686359670895,5033.83489841113,31.30690510222724,1.0
2361.0,29736.44575050821,48411.01002081366,-248.36969940240812,351.3117433685788,185.08207222225013,147.21308669247585,5.375416533062206,2.0237547562215785,5151.892451544776,39.83272693705987,1.0
2363.0,31022.135448495475,46507.19348151635,-414.3332632831475,458.75191735463216,182.07287702437264,246.00950430261253,4.20865732919072,1.456623517791612,3348.8452747794727,29.98632253768355,1.0
2372.0,30951.282728668284,46517.25399634114,-364.4240175969239,423.8026512209265,180.8447572376339,824.2424724208944,4.313834248777045,4.6677859387798195,NaN,18.730894673211676,3.0
2375.0,30296.05142868076,48344.14666151385,-247.23227918489258,350.6650255419629,185.17511938480038,127.75213161635578,4.179183484794123,1.497630551184118,3896.5506081810295,39.16236498502428,1.0
2392.0,29080.068193567455,49134.799551493066,-407.2241232497822,453.61717891550626,181.7714511339524,188.9608367713642,4.894839963549003,1.831366333858468,4685.15277824141,37.87481678171132,1.0
2392.0,30927.814235998616,46528.617520981184,-302.4468346301925,383.4669267954034,181.7960236492532,212.67698579250307,4.550158310286846,1.682745700171264,3967.199470892242,30.471782451442557,1.0
2393.0,30916.565579600283,46519.05170017273,-310.7062685711558,388.75692712887496,181.60026099742768,1019.4889137224113,4.355793329209293,7.8538948049822075,NaN,19.877792154832658,5.0
2395.0,29256.491134602362,49282.32207722762,-319.3363166485024,394.0748412802191,181.22644033488814,273.5141429685941,4.685603039382814,1.5771891143747137,3910.5714227101084,26.017136261964996,1.0
2402.0,29849.005155767438,48449.530559270825,34.20373262989361,228.14239430479864,238.50160411124818,354.250027345735,4.545286337879268,2.0351536879272523,4201.135054793683,19.951537578081957,1.0
2403.0,29789.056753998168,48348.15676714713,-227.52510521190194,339.65354979983823,186.9438041031268,323.0612355618564,4.464620799472991,1.847274915250381,3790.063822111734,22.670123211422776,1.0
2416.0,30916.0051720446,46520.09608672723,-352.48221387094884,415.67503140335964,180.74058189467777,238.22174310475262,4.254572034059832,1.713416249302159,3997.4566373412663,29.8656146012491,1.0
2416.0,30919.31652937966,46519.61285145265,-363.4770146777386,423.0688445301511,180.7643485006533,241.36348613641914,4.22251985574248,1.7166949110889511,4053.798127023952,29.968132659714396,1.0
2417.0,31020.090799799502,46490.59995376617,-407.8798626265055,454.08880633472984,181.79764182496385,217.3511742732119,3.938287190455986,1.597287659216668,4546.248291122614,32.97222809796349,1.0
2418.0,30932.92286482886,46472.20247837806,-400.4361610745605,448.75889703675296,181.51958867293587,286.1977639306923,4.532610939078005,1.8927957813905254,3770.9135985316475,28.761393251622742,1.0
2420.0,31001.115529198643,46461.95723460282,-374.80368902998947,430.84568612177964,180.91801551980313,422.4672071937171,4.421428861156725,3.173058855245423,NaN,25.8722770242154,2.0
2440.0,27540.528166011012,50938.00263517355,-467.4150567078547,498.59793286919836,185.54100281855932,190.05192006026425,4.2875822024085855,1.6090173874838976,4306.732000479883,38.90482071779652,1.0
2443.0,30794.684290322428,47126.08385748091,-113.32602334726958,283.054526841743,203.0199749261944,179.83371550563197,4.467318897061486,1.6804039256400025,4456.610493680617,30.0079412899135,1.0
2465.0,29702.891815974763,48791.59467300548,-354.0722147736101,416.73722874982315,180.73832079587777,211.33559539182735,4.7483590411252585,1.5497695564409046,3353.405697478237,31.40941485758159,1.0
2466.0,29186.421726523513,49279.29154645912,-380.2692602087676,434.58134655619523,180.97844741165963,316.5621266612692,4.0886566540882425,1.7912990496037666,4468.968458201322,25.97763646029649,1.0
2467.0,29218.10344830358,49235.529838698414,-335.3798936529099,404.4005878850643,180.8867174106392,212.45280077435118,4.509861464291978,1.7772082926132442,5225.858710363794,31.967748213927564,1.0
2474.0,28966.118449956222,49435.482623659256,-84.3247802528048,270.92191240755085,208.9135672836868,454.59829953405807,3.709935433938038,3.0898296562019043,NaN,19.533733132063333,2.0
2478.0,28960.732763992266,49447.66565069463,-104.40536253205258,279.15115335744326,204.69427543294168,339.41635215127883,4.367792371128651,1.7224802553084115,4699.741158978904,20.399814801873653,1.0
2490.0,30063.94728268512,48143.21574308819,-288.6346750141864,374.99175597580137,182.42341330208865,330.4368815105957,4.48786305718368,2.0960516527051363,5530.025394126038,24.15063641815493,1.0
2490.0,27457.503446119725,51030.93727156389,-476.3105038271573,506.3003262580488,186.95054894113767,413.1431207013773,4.3154993405237185,3.277222970448584,NaN,30.800107641216435,2.0
2491.0,30517.614737660428,47396.9740355781,-171.37058785236403,310.2855527330812,193.60683755553907,242.11541452327089,5.605499730157933,1.9763680545978801,4873.196210597434,26.70176557349146,1.0
2496.0,28744.407200797777,49940.31616030948,-28.263517324180434,248.8879626619577,221.4531708130535,150.86028562017384,4.011663770679993,1.547873390981219,4231.726570695367,31.964566147680753,1.0
2497.0,27675.698061080424,51326.72367323078,-287.37786551617984,374.7117840062459,182.87747456246856,1345.7270323880573,3.8978710725341394,8.451968774655306,NaN,16.213003465596355,5.0
2500.0,27644.81333220627,51310.81432965315,-317.09030937605894,392.64866569559916,181.28965252919087,367.9116513858603,3.6518802713627996,1.929451504510468,3937.527968497858,22.657460303856706,1.0
2502.0,29974.954577737815,48256.88579904624,-270.38334287211495,364.06862505764644,183.47543429540318,231.81685017534798,4.6976309792052815,1.6623861540759006,3842.6454164289053,28.000447223016835,1.0
2503.0,27696.452924247198,51307.099874296306,-243.8208254653954,348.7326478217294,185.46010809412545,221.29316717054812,4.085098346770715,1.5786993218451106,4156.792457349223,27.90190335192359,1.0
2504.0,27641.486316974,51324.82738268202,-269.3736182274277,363.60328653357607,183.64594136673767,740.5800848236147,3.9068939102368496,4.252562671797767,NaN,17.606360783756568,2.0
2506.0,27685.089224157946,51313.729518458116,-323.2508055945739,396.57184417803967,181.12545905967366,337.97890110300796,3.9415082812466578,1.6606744351685379,3750.1379932519626,23.223365214281912,1.0
2518.0,30344.77491601675,48144.8660766059,-29.761399574538327,249.43059002195037,221.08088109551218,151.28125706767017,4.3857552131242095,1.5758961447961117,3694.137194791065,32.074232999412544,1.0
2519.0,30395.39847731238,48096.540684919564,59.460513954958074,220.79921871173772,246.23889676411852,186.4499138460078,3.9123295054406046,1.6236749315038723,4635.2867316418215,28.08829267402684,1.0
2520.0,30378.734768808477,48150.980487770306,29.33197721740149,229.6280191786248,237.06509547296096,162.75142515943756,3.9392084073209293,1.5452401295753178,3648.2987180096516,30.2246599340361,1.0
2521.0,30419.674528627922,48133.63667269298,-69.9534252860229,264.780730473909,211.72987991629128,232.67545788151187,3.9150128791655985,1.5379786558819453,3816.2010486455147,24.706082939852458,1.0
2522.0,30389.037784165386,48089.62159000378,59.124836464505194,221.88269133973097,246.93280576087076,645.6755072352976,4.053454740520288,6.12818803489807,NaN,20.147347174430898,4.0
2524.0,31180.682349821836,46814.55466294813,-215.89025014969147,333.3244592329367,188.12696575493547,231.42010960994347,4.302524379473682,1.6852351088019715,4451.244706590993,27.049792143369697,1.0
2534.0,27706.090755459554,51304.26745356844,-242.2445522958517,347.84349346326405,185.5947838647604,163.85411208582437,3.5573997118605862,1.1934252459085335,2839.352550459661,31.510229824222147,1.0
2535.0,27668.60310931137,51334.95854439232,-228.41008739576878,340.26409580013416,186.958171427439,818.7970371462925,3.847515198632319,4.803969129859504,NaN,16.67623028892517,3.0
2536.0,27637.31492558104,51341.60415541963,-174.83426577183084,312.01095429583154,193.12631053714827,259.88446229201475,3.725633289987922,1.5017206969722856,3733.4921908748497,24.02720571304515,1.0
2539.0,27610.113508279763,51341.88458240741,-212.59124094457962,331.6744008377356,188.57924512440127,769.2282612303673,3.9248496429872914,3.95443350587385,NaN,15.95783665251046,2.0
2552.0,27616.99881089902,51351.774106949844,-251.15900277191247,352.9028582292797,184.85806559990255,270.247034467318,3.9690050449592484,1.655952553143026,4280.398407115476,25.08296829629758,1.0
2553.0,27588.096527013233,51332.197945402164,-122.34392811523735,287.076725559154,201.38906465424378,175.96687801844584,4.413218135678888,1.5127626020156828,3927.362534984673,29.719892965956905,1.0
2564.0,27678.729180931856,51336.51273757359,-291.72968532330066,376.87522126149753,182.27018936586617,160.2169499567566,3.7225027051071,1.382188184528978,3326.9639949266675,34.27186257748326,1.0
2586.0,31157.150685723882,46868.47372195248,-291.29756120890676,376.61171002362425,182.2911439583255,262.4195368973128,4.2298161878483365,1.5096449725651064,3687.5088955902743,25.81828765306469,1.0
2600.0,27811.4007905453,50991.41098541348,-770.5947532459287,777.108627197521,246.50705570421385,303.71839603774004,4.122198035962784,1.8364866984984725,4322.6593233071,49.220616085350635,1.0
2602.0,31154.783296345584,46810.77002645231,-165.2912868347139,307.2845550943726,194.47234472002214,196.651260811823,4.061675056871694,1.5387469323478473,3829.8459411591602,28.42668385236535,1.0
2603.0,31201.532462576557,46815.99585582663,-203.94969179320734,326.96180368185213,189.4484815839522,358.0244135473958,4.639532859321251,1.9339170681149247,4132.391624972556,21.19083574535141,1.0
2608.0,30111.748469553047,48282.7773581137,-57.17436526631483,259.73497723077384,214.56954575178514,175.15823252710476,5.207418667399571,2.364344296405617,7216.0297769726985,33.71464553738917,1.0
2616.0,29941.58265323594,48535.798849128994,-505.8285447986048,529.0903169702009,189.3900248968436,212.12405671687284,4.4719269250827045,1.6647549581909808,3924.592808349839,38.57210176877734,1.0
2624.0,30948.47640509623,47021.496976317365,-288.94853939692865,375.18234623915396,182.40754227375942,166.3400979395737,4.918320409079933,1.9156031874021968,4760.402794500813,37.0319347910784,1.0
2626.0,30188.02495551254,48028.89990240661,-149.14591362409487,299.48371083829545,196.90768415429739,164.7050784229705,4.128445292097646,1.3831376102948423,3695.268623621347,30.686373470855333,1.0
2639.0,31258.8415625528,46764.29365808566,-139.84588949245548,295.1018632227576,198.40065595591835,250.32864593245952,4.1145392202779325,1.8052062988490816,4588.703939209612,25.114232902256337,1.0
2640.0,31236.3208823221,46702.51524665359,-114.29208482291432,283.48174545713135,202.84229630679647,238.79466052314731,4.1196636783620075,1.7119344567402244,4273.0016964608985,25.256089751857342,1.0
2657.0,29871.578068403123,48669.934031421886,-429.320943553824,469.73326429973497,182.83454726381794,224.0941596508005,4.641444651537646,1.6968300529777638,4782.781059826372,33.776468809656535,1.0
2680.0,27495.861188468138,51022.20325901705,-571.237935190975,584.2138674869203,198.53173489393296,225.22597637834502,4.259987870274673,1.8510508400658556,4553.830962836518,42.6821078203879,1.0
2681.0,27667.818053530653,50927.807550117825,-361.5463420155255,421.7622493190815,180.75350679765378,160.6788019766107,4.315598907438974,1.6683000656383922,4302.243264272249,38.76312150354656,1.0
2690.0,31176.565993587865,46804.25830031692,-155.14977299347044,302.3558434059948,195.97887122602958,378.36713524511134,5.135739793331616,2.432059448511377,7437.07187952757,21.079475860178228,1.0
2701.0,29876.422415096426,48752.30734727006,-415.8270897998294,459.83692708489707,182.14111192164202,245.7926220169657,4.335019721436324,1.5067273282312743,3435.2854120902657,30.298437229774937,1.0
2701.0,29874.097371729313,48752.48740741901,-419.0303566362208,462.17064742605714,182.29316379780917,242.385050512349,4.4375806861170535,1.4979799491889465,3314.921694926454,30.630912200218187,1.0
2702.0,29883.693495755473,48719.49749030947,-405.48582794933833,452.3689070089022,181.70360815269407,219.19082238724204,4.480873408691072,1.8693182200954916,4896.0107666336,34.40175646525771,1.0
2703.0,31210.11682562588,46817.72513353252,-191.88391200553826,321.6999000322568,191.7273594119044,496.33739826212604,4.398928352739623,3.4733273789481673,NaN,20.33637719971632,2.0
2704.0,29844.151472472695,48723.32478110576,-488.4576565229874,515.1290668557929,187.51018157380832,267.4468118974862,4.133045834314113,1.5231513712285634,4371.7955978397495,31.48869287116294,1.0
2705.0,29866.269381893293,48754.27906216918,-456.6431989452193,490.2971121413567,184.66355213126678,223.1609161753352,4.266047771471342,1.648328510338037,4682.200686393412,34.738288411862456,1.0
2705.0,31195.982593223074,46760.361025800084,-191.11301289865065,320.2716064531688,190.9903708337302,297.77829446092653,4.17285502122601,1.965842438413964,5013.510301583218,23.64689950971583,1.0
2706.0,31170.567587436013,46820.57765223649,-69.52299665977912,264.6082715566295,211.82350114535703,298.3791633329218,4.3856903372384535,1.6797568511311614,3915.6646776431157,21.666612186746736,1.0
2707.0,29897.19337507008,48720.53115494844,-555.2224027882296,570.3438364049912,195.99194459118598,251.98912193795192,4.1716867119727015,1.7226723344367831,4419.39791627463,37.40052183040065,1.0
2709.0,29719.679175322013,48699.18246912556,-600.3920942590767,610.083343328025,203.65688570357557,330.477144265291,4.687010934013617,1.7477471265116984,4352.960982840237,33.621553794995414,1.0
2709.0,27507.299175599845,50978.301984983,-624.9761102969594,632.7967872168831,208.7053312950898,442.77584963613623,4.031278742813813,3.3789157434814063,NaN,38.406785911666155,2.0
2719.0,27431.41957538553,50919.33272362283,-443.70101520004766,480.4685431990254,183.7262602228178,232.9690405617437,3.9364485208536895,1.5064470201903823,3979.076586198718,32.37792688253396,1.0
2721.0,27389.23702115703,50912.10947185223,-601.2361439555439,610.8442358095323,203.8149134575835,269.3421684934402,4.342555363067088,1.6490774570039832,3973.521763414567,37.85395167698276,1.0
2722.0,27460.68787263806,50932.80577769245,-501.130647613435,525.2864729922252,188.8589413837365,240.6239453337511,4.361133136898359,1.5985487207065985,3721.1274659319884,34.75656352200267,1.0
2737.0,31260.56158620253,46801.54707694333,-231.8343906031938,342.0300969640235,186.5317690736904,338.92894206823036,4.260691519010113,1.512820532585358,3217.1493043052783,21.29243163601429,1.0
2738.0,31220.943959647062,46825.431691009995,-186.18227563984777,317.7431206019992,191.61601319692846,255.90162933161477,4.156202873005192,1.7377075787061669,4899.077183732744,25.14524082761671,1.0
2739.0,31308.715145196536,46823.85792751105,-270.24200274798653,363.9852609861154,183.48457183558747,260.2570114540395,4.193177296564111,2.0512046349345274,4780.394164586018,27.58131320286058,1.0
2744.0,27388.272516272868,51009.054035056106,-470.01186390366297,500.615407748408,185.76576120536066,194.3683146535871,4.534995737408796,1.7554764167529398,4813.461989428601,39.69645301256395,1.0
2746.0,29183.469967442372,49039.82923488524,-174.82444123829504,312.00604428902915,193.1276605958634,366.48940027494297,4.34067606923256,2.182130502677526,4663.820740960834,21.1215438314355,1.0
2747.0,29115.272205983747,49029.357009499996,-172.6334772461385,310.9133398147551,193.4305738348802,257.9822158819848,4.383976971454792,1.7246720039372803,3981.025955627858,24.791424518977088,1.0
2747.0,31318.606724528807,46825.85101112834,-259.56232492746886,357.7407506275437,184.21904154090336,274.9512321149045,4.530402749405311,1.6165558501613695,3837.469745466067,24.845106661688945,1.0
2748.0,29148.473952054756,49023.59345800212,-250.0789551072865,352.28589134869327,184.94409987783916,320.12077758252855,4.12878713227148,1.6532328597891555,4201.303063723211,22.62689235080753,1.0
2748.0,31242.69301744452,46818.516125802824,-194.47246991321936,322.0951677240571,190.6455878060221,691.194067804342,4.263570795908826,3.4776980044392185,NaN,16.225031059573613,2.0
2749.0,29128.856236435342,49000.54300386036,-167.51214558178856,308.3768236449119,194.15289689152036,376.9571224389465,4.212039943198596,1.752411446652502,3816.0013729536327,19.766429124006986,1.0
2750.0,29161.390456711,48972.681058431386,-159.47883067975556,304.4478738681628,195.32619958553798,218.10069681219554,4.242907333542839,1.6109405959804228,3931.890323806273,26.875774318991247,1.0
2750.0,31216.51219140831,46795.733563663394,-192.9390264805731,321.21380501633047,190.76337632522655,280.682199248732,5.1962970590806385,1.7568175074151255,4262.034221314794,23.910919616550338,1.0
2751.0,31268.769581578563,46802.15718204812,-198.7689233062926,324.47225406660226,190.2409345906499,574.9715889403772,4.265013226217279,3.393970857776858,NaN,18.25012732899417,2.0
2753.0,31197.726473008206,46800.82100907228,-272.0418681161968,365.0482503012206,183.3693492780867,224.0352381098491,3.924631446900157,1.6668888607118169,4334.019907864918,28.664382594312585,1.0
2754.0,31248.459705428224,46771.19314918658,-306.2562280853269,385.8360297576056,181.64856847703038,348.3683762637744,4.074315544547112,1.918808158041094,4417.596814601476,23.18300020553025,1.0
2755.0,31241.237203635363,46830.4688982544,-262.3512831578516,359.3611049655761,184.01885178523767,253.39540257769772,4.306215447341857,1.7995790146001969,4055.0620144244017,26.853962316370723,1.0
2770.0,31257.077915082686,46752.109660637296,-229.38057661815208,340.6746853072673,186.76465712686877,220.77041561166052,4.1544739425418635,1.5215105894638705,3906.477807896317,27.43544506416371,1.0
2771.0,31219.5627683845,46825.22450472737,-197.28779859855618,323.47037442448647,190.23300611666468,362.01034544830713,4.291024677013826,1.8696640675772,4155.8641953412125,20.820738774611083,1.0
2772.0,31210.370723509193,46765.363150586185,-261.12409154925496,358.64721633352707,184.1062085509295,320.7255465280234,4.226442439028245,1.8391578532398418,4480.51535579165,23.293110741037932,1.0
2773.0,31251.908765837306,46804.45234451791,-342.7287147723682,409.21139005186933,180.79661097896215,299.61576938139757,4.03126301738689,1.8337415571366302,4547.739907181954,26.042629508527884,1.0
2774.0,31193.38343543494,46834.16188222104,-315.68050357074185,391.7558936432835,181.33129438380985,218.56745907159944,4.1448288137638025,1.5081282991122276,3709.7489023314783,29.45645023829019,1.0
2775.0,31240.05344881782,46845.93723653196,-317.94125303484236,393.18844039649537,181.26525100463903,267.49684968729525,4.032010670879643,1.347436498088627,3090.0554118612467,25.549266831859605,1.0
2782.0,31268.410297750157,46824.14583578455,-348.5375074314759,413.050071388808,180.7545109389662,299.6869432131081,4.044877615231442,1.6946523917504643,4093.846450330658,25.682446212816114,1.0
2783.0,31231.162973005983,46769.149321835735,-332.9940447942557,402.84967648568175,180.92482117796382,394.871520932694,4.134790954928495,1.7945997794025619,4316.257275795317,21.67119514223826,1.0
2784.0,31178.348140971142,46847.14932534057,-342.9032091093803,409.3262392912481,180.79497167655651,366.9165273366494,4.3688188551536165,1.889952706696378,4254.257153698732,23.128227401585367,1.0
2785.0,31227.58200232588,46835.34370560967,-273.70483845514616,366.0331054700821,183.26508468364418,305.76629210814286,4.308959936805661,1.78408644952,5111.068846573845,24.050302199730005,1.0
2786.0,27056.303979747492,50033.40034588315,139.3770240613524,201.52727513955833,273.9236867423676,342.7757858145321,4.035108495286473,2.0618354977787545,5734.840903476097,20.590567441239912,1.0
2786.0,31257.790228053953,46818.73568150771,-287.1059166708248,374.0647645808834,182.5017906736722,247.45020557646674,4.1813699974732,1.5614968166961456,4148.223594279778,26.85372932348943,1.0
2787.0,31283.83354666788,46862.78900062328,-291.33824056459054,376.63650897044215,182.28916526446568,276.2588927677119,4.362360579328694,1.8329544181785729,4236.744756406582,26.15763524033503,1.0
2788.0,31310.119795139886,46823.24524758801,-369.2898470810477,427.02393971767805,180.8141421866799,309.38604054239613,4.213084930838829,1.9762875539979499,5116.326766165645,26.759818672454625,1.0
2789.0,31230.750400446243,46872.20173654482,-313.38070220355246,390.3035465768977,181.40247517483397,273.16536834627067,4.136953715191557,1.6950297773874443,4207.078725961368,26.328712295631654,1.0
2790.0,31246.366560472907,46828.34289437191,-292.8649363641247,377.56834145683774,182.21581672005016,294.10294548296565,4.16159995236895,1.465620090359283,3620.32771749262,24.024414913551407,1.0
2791.0,31334.41231286138,46792.29488770719,-338.04257859733883,406.13779374802795,180.8493146862782,182.72841443774666,4.290376197093043,1.4936445180200852,3981.262606678444,33.571991591660144,1.0
2795.0,29103.583861481537,48945.24597664779,-207.03188926223777,328.59131229226006,189.09695690752454,240.65305644063903,4.022440004042553,1.6101819514119073,3952.6478848384368,25.98221000128475,1.0
2796.0,29138.154441178485,49026.86743685362,-253.44902543444294,354.21465059618384,184.67858807692966,392.702133429354,4.680646849078914,2.17143910432478,5263.592317392807,21.256027935936093,1.0
2797.0,29230.539455991533,49087.5396620339,-379.4304843625106,433.999985501704,180.96265415777418,372.83855263484276,4.588848809250999,1.9708676966945882,4809.641390196745,23.999462636218652,1.0
2798.0,29223.769848324053,49168.24134188578,-330.7709750141538,401.4094099886564,180.96422945853462,169.34989615846933,3.9875352109617546,1.49962665140031,4267.084804357388,35.0414270446153,1.0
2799.0,29774.335562053955,48641.660325859644,-347.6402196196912,412.4550299566889,180.75933485955136,193.85847546761752,3.9939436069252165,1.7051752212764084,5216.754454244979,33.93188935714234,1.0
2816.0,27453.772244528445,51025.69449211143,-600.2822941328099,609.9844102794827,203.6363682118545,248.11064358962113,4.4195215668995536,1.6387734948483041,3997.8177036371562,39.870554059161805,1.0
2821.0,27485.977779691148,51031.973384399746,-457.36259531323174,490.8480710064329,184.71939686136716,213.3211396288021,4.205846030351516,1.6951428883086554,4786.538743730095,36.161809624086736,1.0
2828.0,31231.39162338813,46724.686998876685,-387.24875121226023,439.44460655284166,181.13065671557712,214.01847357831426,4.124550361627278,1.3868045851050124,3780.662503221878,31.366636615395954,1.0
2837.0,29046.0917899057,46794.86836640946,139.39509657493863,201.86146087902986,274.2035435446868,354.8909117228084,4.343377949572801,3.442186726333075,NaN,23.8018908008242,2.0
2839.0,30294.038842909413,47657.12465762762,118.53232661814062,205.9734132588912,266.23343782714454,194.3692279869382,5.336245131085749,2.170533876130734,5831.9360525423845,29.98503673096621,1.0
2839.0,30294.062479409982,47657.599525717815,110.9654792563549,207.6887757889359,263.52371578086075,189.63154220564826,5.503297031501488,2.00471465623904,4940.745241517559,29.62806362180039,1.0
2870.0,31186.123803944385,46694.09793266564,-360.2794760162599,420.9067995599457,180.7479362809488,221.608131738912,4.232698783790457,1.5462012685127853,4092.4695640648292,30.655653327645958,1.0
2891.0,29012.2152543704,49529.5235719467,-498.27738501864667,522.9863714061757,188.5445982907948,255.46003584292208,4.147734336819314,1.5265055041438138,3501.3926692210607,32.862352862971726,1.0
2895.0,28864.042341009004,49538.10473413774,-296.54215990685367,379.82179057409815,182.04644001836036,262.48745701206275,4.440053442792881,1.6715453347555003,4154.50716968549,26.509877068068295,1.0
2904.0,27664.06566114553,51259.57732830639,-329.85851610653134,400.8196016557612,180.9814947846492,216.46301631229295,3.931882423264159,1.5050597669422554,3807.2946007270934,30.00246558753381,1.0
2914.0,29163.064074985075,49063.86503833018,-292.0960284385867,377.09875687030626,182.25253609214724,269.1166504679176,3.948748656416733,1.7146855641546062,4488.239792454423,26.165427464182784,1.0
2915.0,28996.36933931141,49445.61326459428,-70.33983202643311,264.9357000579348,211.64595402548952,168.88852399189588,4.239065545582108,1.2743588241705668,2811.540338573414,28.84976569603697,1.0
2916.0,28998.330531303927,49397.85597657606,-101.74195585334165,278.00028585867017,205.20592132006277,323.28378034576014,4.22720527113848,2.083782310362735,5528.866858921454,21.832877118451957,1.0
2918.0,31334.440397788265,46591.19202866242,-229.29089658518106,340.62525635568886,186.77325545103776,242.81391293408825,4.274034491407017,1.469984319034785,3562.280495710286,25.72071595926498,1.0
2925.0,29211.293033155882,49039.31783735151,-107.43489980290546,280.46835923616055,204.11886706667002,241.0882053802564,4.1938340067160125,1.7388298511290494,4529.543313742843,25.130933375509255,1.0
2926.0,29237.24579132253,49074.63555622031,-53.405816887122405,258.8057317233897,215.85851961767264,689.4326186578048,4.641808628962718,4.294273248155776,NaN,16.421552812567043,2.0
2928.0,29158.831300712885,49189.728270369436,-26.99484304566856,248.43002379385564,221.7698296842471,510.01932741985104,5.0872940046764255,2.9984018670944903,7088.380299606731,17.635096845202735,1.0
2929.0,29154.54679404965,49233.858846027986,7.208636934690762,236.6560481909167,230.76927479263185,486.2701553013994,4.856725938414366,2.9495135242449675,7891.7409607115915,17.99851812295312,1.0
2934.0,29511.695886005095,48873.961188430796,-34.52208612607836,251.1692592951366,219.90899419782224,171.67560264913905,4.641259094917461,1.9239025242216916,5491.580911588821,31.41633055353124,1.0
2938.0,29184.220052832636,49059.51514118459,-356.6679459433966,418.4764253815864,180.73876959267702,223.28840252656144,4.514542597498976,1.6832361880099822,4153.843073834531,31.10935747646984,1.0
2939.0,29437.206471774174,49059.345235991546,-219.05466266018436,335.03318782362646,187.79495939931257,255.6600391788594,4.753631019208324,1.9381738141482925,5013.10030456242,26.405965843966296,1.0
2940.0,29363.49999405636,49082.226057439126,-211.8212313987528,331.1411365627892,188.56509773290034,278.57590563798595,4.542382363504468,1.7201045431209905,4165.265408262523,24.18276634010609,1.0
2943.0,29163.150305714942,49205.73205435518,-557.8167352794267,572.5742049228603,196.39009368898667,340.1436128603212,4.589739440094772,1.8558093025083087,4795.2222050310465,31.493751017598274,1.0
2944.0,29254.99497829265,48970.88884526386,-191.39555373734325,320.4171881227556,190.95508158147572,403.9078547989098,5.087912740679391,2.7030605412849957,7546.339745882217,21.286326466705013,1.0
2945.0,29180.12303994304,49027.31671428882,-161.50476129803312,305.43298160295785,195.02566549239984,387.8628230510284,4.259981864776307,1.9146192924688061,4330.692355787779,19.69144608367558,1.0
2946.0,29169.228482026232,49056.41079774153,-157.3721077614352,303.42758601326733,195.6420362636446,268.61613917674674,4.236069194552243,1.9759045044416175,5080.453272108562,24.798250538514438,1.0
2962.0,29010.503850784644,49431.35656640101,-138.1275306821764,294.37844025898534,198.74618065332692,430.9233314426871,4.0796546977630985,3.1475176346320053,NaN,20.836433686584115,2.0
2964.0,29001.53700811596,49469.49155865555,-75.29255604222882,266.9344730365744,210.58031974816785,148.78261008594214,3.84254010875924,1.4159780147255254,3453.2951330447813,31.905692128346974,1.0
2965.0,29027.271360983796,49451.62142436941,-105.94167109403216,279.81803993236616,204.40160596128342,225.76360114240194,4.311227349323402,1.5487273810067388,3404.8277987262395,25.49100412208404,1.0
2973.0,29016.53183274953,49428.7140716195,-145.5043494205369,298.34654366768115,197.95988735918516,792.8687597489552,4.143566111610767,5.052749636193407,NaN,16.547230125127502,3.0
2996.0,31288.645448852094,46606.00377524753,-201.03590397935932,325.42956825470736,189.78745646644265,240.6576885105394,4.238850821608875,1.9982918890971773,5237.046869696033,27.376291987639295,1.0
2997.0,31346.423222977,46568.96669055107,-164.04225652096542,306.6722972459077,194.65365643080222,303.1590161999032,4.639070344292792,2.606201711878102,7117.7350956746905,25.06422524093518,1.0
2998.0,31341.778363054535,46657.04329190464,-250.47613290617969,352.51264747891116,184.91235819859617,293.7617543437692,3.9417286161544878,1.8221568222529956,4259.826281916288,24.34324710567832,1.0
2999.0,31373.09642669643,46661.82274894441,-196.13100190724552,322.8683738491264,190.37268042146144,302.17280863824055,4.017713431151832,1.4877867721377056,3743.2765335854033,22.21722755145837,1.0
3001.0,29000.6902890008,49425.892324845845,-84.13962897929642,270.9562798584184,209.04156554555738,631.8462329573722,4.316906720479692,3.7345425104717576,NaN,16.717495304102172,2.0
3003.0,29119.181448751107,49157.94785119533,446.9124106016477,183.54713835818157,425.8645693989485,475.8250076302305,4.8038197642958815,4.376875544680716,14291.293723231869,27.892935525109124,1.0
3003.0,29120.953605043513,49185.062057313145,358.50204734450216,179.58163346987828,374.8025134218495,427.38048822137665,5.376550523103743,4.3641317593420865,14496.62153017525,26.957279037916052,1.0
3008.0,29001.228082603702,49443.51240375538,-115.28348556254848,283.9458779615208,202.68073347617545,1029.7996386899347,4.283187309041824,5.954666623780052,NaN,14.467822230810013,3.0
3009.0,28978.144065393364,49461.78684893611,-48.33382632217724,256.33444930454164,216.60685290494888,359.09782358692524,4.350626185152672,2.153192269846675,5510.44231077057,20.280385956182187,1.0
3010.0,31386.83670465708,46669.52080121155,-204.54736257472635,327.27708253308526,189.3797513888905,279.183460053503,4.289350456321469,1.584305757783911,3754.5146111857857,23.64449184209797,1.0
3011.0,29035.003957082612,49447.92430858774,-157.4487716188819,304.04388047230987,196.09859909887973,532.6843851061741,4.281456792694407,3.182383423312546,NaN,18.370728818122355,2.0
3011.0,31298.552158872357,46688.90161649046,-295.7247595900763,380.24441965247206,182.830455991023,532.2759100035676,4.286784142673143,3.2179209517203162,NaN,20.435835133216226,2.0
3013.0,31339.0201833404,46659.47228992163,-293.50327299048433,377.9586075768913,182.1856751052314,241.65123678264064,4.142977557320229,1.566918940166577,3335.501612786459,27.41045405002137,1.0
3019.0,29015.03072942117,49435.75766620331,-30.432358781527142,249.6743398728855,220.91467268343698,203.93432209950058,3.989576478600386,1.6033661707089528,4271.865218690113,26.730278902798453,1.0
3021.0,29063.307590118686,49431.744398488176,-178.46977478698614,313.8341212110634,192.6317794179798,246.56949691830624,4.3038593996165035,1.6744430305351512,3509.9994509151516,25.399066910526386,1.0
3022.0,29008.822099021127,49454.28696772002,-107.01193522366717,280.2839395634403,204.19878179262756,233.59293001136055,4.2477948315455425,1.6579736698821363,3707.51316203573,25.34356706925999,1.0
3025.0,31222.99652333723,46656.683371661806,-221.35226984287772,336.279773568415,187.55867922841918,338.5961796404298,4.782598325455046,1.847728815301263,4339.41377407236,21.944666060405986,1.0
3025.0,28999.183173392088,49459.097057500156,-101.97439365704062,282.41785268977173,208.65018091592623,403.4470216718968,4.299228604971136,3.3807459362746832,NaN,22.53267661629387,2.0
3036.0,29212.379191137392,48928.28898662871,-204.42755248637258,327.21385421032903,189.39350734313078,128.1484469336158,3.9323334853733694,1.3312089869104575,3144.7917207857813,36.63904162722063,1.0
3037.0,29189.924576653662,48975.93003510855,-152.65116669225853,301.35714832997775,196.524288166866,939.9650752191758,4.258352789264991,5.6945606160609366,NaN,15.467795294059,3.0
3043.0,29168.036524087387,48983.102143329015,-206.57885487195014,328.35123862966253,189.14817161904708,184.02382344845554,3.952519051591953,1.6929446715601286,4144.026131211238,31.125825654797612,1.0
3056.0,31277.177887521477,46691.0933823711,-347.53238927495664,412.38357276316054,180.75995586667798,304.02888481625513,3.5877404942425133,1.7806624471328871,4794.843574034096,25.733385048799587,1.0
3057.0,31317.147384872955,46685.54094393271,-270.1981640652372,363.95940824187596,183.4874090691299,348.4431060965344,3.9164615115262933,1.5657672306363293,3553.3550372415275,21.626659569990636,1.0
3078.0,31296.977255103604,46711.20667438082,-197.05302830803353,323.5733023458951,190.44327110210745,813.0126301424916,4.142082084493318,4.849235480312763,NaN,16.45293632323466,3.0
3081.0,31323.537393413215,46715.04249567805,-250.94428949387398,352.78011772119726,184.875098400039,290.77359256447204,3.9254840315326645,2.008395079912097,5273.151741014612,25.1276814050111,1.0
3082.0,31314.764406165625,46664.78235044375,-320.0660630101768,394.5392414332285,181.2067296362199,318.7681972597778,4.469751319679621,1.8141287858089996,3962.6902934632103,24.464044757594294,1.0
3134.0,27541.189360851367,51004.68733199558,-535.1550500097077,553.3061936113195,193.0855181860803,259.6169581827295,4.360713697646442,1.547795561377438,4136.63025069765,34.36712202008031,1.0
3143.0,27596.09276596915,51059.999354111445,-499.52609990424173,523.9920536600462,188.6814053592129,220.90221667606068,4.458528047912099,1.7111945051490742,4055.3590295696113,37.55394927200087,1.0
3145.0,27501.473524698682,50995.59476478542,-597.1520656608193,607.168767081619,203.05531149130886,232.11042249223678,4.444835141126341,1.743093201471631,4462.564801679086,42.53966668616478,1.0
3146.0,27586.31046040497,50981.762428368216,-784.7889002244314,792.271892657912,251.07791232760758,278.6598859124863,3.943975232567894,1.823419020178618,4809.284932512631,53.78385614287685,1.0
3147.0,31089.02973751994,46849.50838438086,-50.161973221223455,257.03160448177147,216.18067049149175,218.02563719269605,4.1359126879802455,1.63963449574656,3800.087331648325,25.903150625085694,1.0
3149.0,27590.603961704463,51045.59108093233,-716.0595592587149,720.6172743576275,230.373650207077,274.18941224418495,4.16954763434219,1.9591970731352375,4909.311182513152,49.287236948625164,1.0
3150.0,27686.488159716842,51011.04941533932,-484.20354213434604,511.7533459429963,187.08486444812567,198.8618736215742,4.243151950693881,1.7086144154123653,5049.758986030666,39.45573958427648,1.0
3173.0,27379.20288659231,51040.018834332295,-617.8093641532915,625.9207389987422,207.02783930088412,282.0129388836346,4.218059868699865,1.8421457519138058,4624.873972495245,39.28672560810747,1.0
3183.0,31070.837965693063,46773.03313251845,-39.6239878448794,253.05627031040837,218.6722876819232,277.47170397572904,4.518575419967945,1.7737223381223062,4652.911318564037,22.697835089057097,1.0
3184.0,31103.72956373231,46733.68067335993,-42.30541170587785,254.0578736221658,218.03026028438825,222.52955833600814,4.385693276864023,1.807844422722898,4247.41320931031,26.131401240185284,1.0
3186.0,27567.798680903346,51022.742440626556,-627.2120433141943,634.589430108645,208.9437348964473,250.6835015976725,4.2608186807245225,1.6165836891526957,3797.6157856171203,41.18224331429816,1.0
3188.0,31188.773820792507,46706.65670857988,-100.05796271754338,277.27607832306046,205.53220951783496,198.05019220892515,4.069025626976255,1.4978919063902847,4093.129247135104,27.340136138499865,1.0
3189.0,31223.183501251864,46708.72876347683,-115.66736451765897,284.0914497275059,202.59058100106733,287.5662136979528,4.327586271684711,1.7157422178770225,4348.681909599913,22.585627407058507,1.0
3190.0,31251.197444784793,46718.29538141048,-204.45520562881399,327.2284466196656,189.39033138597884,249.86721747361608,4.14713617245723,1.8296992407432,4842.969126441688,26.13083054320073,1.0
3196.0,27456.88115149678,50954.18141850324,-498.7499049488229,523.3667536454878,188.59622700998176,276.39429369765406,4.464895048796395,1.8914128406635775,4336.762396441992,33.3944425191829,1.0
3200.0,27482.565723700187,50946.23401588747,-420.8937116643558,463.53263470855154,182.38521053032107,181.5240143043369,3.956134243503378,1.9859281090205714,5929.897880801229,40.989712815147925,1.0
3247.0,27492.845356431695,51031.46866671452,-456.8898407793426,490.48595095129565,184.68265381695497,174.58237412146158,4.492769419136019,1.5944596819913315,3633.6422644628033,40.496371464228865,1.0
3248.0,27567.605100947323,51053.35085297142,-517.9250713259327,538.9805511402744,190.8349136241785,205.642113978256,3.980273585462463,1.4681851716197003,3621.8855544310695,38.414703145898386,1.0
3249.0,30334.933879779957,47573.64832789509,-100.70339848139525,277.55333432263205,205.4068953444299,316.48937373348264,4.186666402943519,1.7332656094779808,3997.3147243343906,21.254669128939128,1.0
3260.0,28001.02620808267,52363.59576400022,84.53703855857982,214.10357798507897,254.40192362031516,109.97967714217424,3.548897285426022,1.499781179041492,3752.3742584410243,38.56007495517181,1.0
3270.0,30358.13723617054,47582.63391073277,-70.6568223939569,265.3172659432182,211.78272884310908,722.1272914580211,4.274976046578011,4.06582976678574,NaN,15.653211956517284,2.0
3271.0,27503.113389625763,51106.21132545205,-668.5157686827604,673.6564250398064,218.15786351251828,287.9172955849533,4.040209896640196,1.8908717260578074,4876.306420621899,42.77859905453061,1.0
3272.0,27455.083993586144,51070.84167637113,-576.7726174850379,589.0633409542091,199.45489028069073,232.3154309271192,4.13915172167744,1.4934852736091377,3476.4720504535153,38.88859389753192,1.0
3272.0,30323.19766821263,47562.7720101438,-24.263361480736542,247.4492239176156,222.45576616746354,235.0083933849787,4.236011615458567,1.6129311170828844,4134.422821553678,24.52575120931344,1.0
3273.0,27672.747875257584,51084.34920338778,-513.0484849122873,534.976807019737,190.23900580354638,212.20886736532094,4.111327697167024,1.8500761711618168,5219.184593139713,40.587216490049826,1.0
3275.0,29013.10320439802,49417.60381497599,-135.98314376561726,293.3058453376731,199.04013295180462,179.18535335718403,4.10551286828182,1.5683935886945242,4127.009593141057,29.826798711369175,1.0
3277.0,27500.991985432207,51089.114433492075,-522.7297560802642,542.9808249674096,191.4669379131348,436.9873013849193,4.068703008523451,3.1221991976629053,NaN,30.9131260813671,2.0
3279.0,27459.060297257438,51046.977445173616,-528.7715233686416,547.9660467292488,192.2253094145329,213.2015693046134,4.305985754491989,1.6469281685980457,3575.4092214419866,39.60528148549257,1.0
3279.0,29026.487341846412,49429.60168378536,-96.08860837218228,275.5796233157414,206.30985697395,150.47600686956258,3.9817598432043284,1.5918643114083664,4742.432581857138,32.90573159595975,1.0
3284.0,27585.517788850437,51064.541086102945,-413.8815738134733,458.4242564747109,182.0525796408395,212.77748172574556,4.179573341131445,1.6594951982095545,4648.944837188347,34.0595914004499,1.0
3288.0,29000.533530108,49423.28285876784,-125.05858709026762,288.30254504665146,200.91024829569753,157.19676271930396,4.24470291624946,1.689974653850899,3853.9781606394963,32.95055731134069,1.0
3289.0,27527.949616349673,51124.025849272366,-668.4157421925312,673.5598720160789,218.1339788948882,245.9920907158626,4.274463554998644,1.7230656970343186,4523.19166309944,45.98713156729791,1.0
3290.0,27556.787482325628,51073.741771759625,-605.3465848625158,614.5593113473384,204.5922535635727,229.84908388700035,3.774983655871294,1.6728812626704237,4437.940978036776,42.71342555875725,1.0
3294.0,29013.795675728557,49391.173691328215,-62.632243497305566,261.8711549469434,213.34151140017127,121.41847751519002,3.960668644962351,1.2658028548861917,3070.141651178527,35.09828685768328,1.0
3295.0,29018.399831896808,49423.81912915668,-237.44803627415706,345.15225629755366,186.01624274016064,132.48669928867795,4.168382674926854,1.4144516511467253,3083.1976511871076,37.30199964211976,1.0
3295.0,30335.10523929797,47602.68216546569,-140.88445673185763,295.5871543967659,198.23066097347,189.84838670717534,3.978241481281789,1.715270546746615,4976.346186050304,29.51266701174006,1.0
3296.0,28977.845015764713,49416.95769039828,-139.87719480930878,297.119153548496,200.01399406524064,449.59877563231737,4.0769835528556175,3.1129961313992975,NaN,20.379023591980324,2.0
3307.0,28979.819397996747,49419.39368707411,-106.2540296509484,282.19368043136774,206.15241007164224,290.2682776966797,3.7789242371876983,2.651548459430944,NaN,25.533464115964062,2.0
3311.0,30355.203228572725,47570.52678979939,-38.05727112092796,253.65218498917818,220.0019569405974,1064.8502572977263,4.308247404461946,6.8020219903408465,NaN,14.70758099216637,4.0
3331.0,27485.61402230284,51053.62996762238,-533.7702492463561,552.1444729947297,192.89627237109272,194.59436053721922,3.9940281682002494,1.7309734106470134,4677.803872853811,43.3433775971234,1.0
3341.0,27497.73654747328,51029.04988006222,-371.6073600437019,428.6096772799409,180.84117419419098,134.0563044986642,4.109976340814663,1.6592719277430317,4428.631618938937,44.33568257982246,1.0
3347.0,27506.4904921071,51056.46610479438,-571.4896828269816,584.4338209896418,198.57321826908438,182.30866133119403,3.873393049863245,1.607077378540619,3902.933363754115,46.75521061446565,1.0
3350.0,30343.10861469913,47566.227708388236,-79.29594033368915,269.2792915910426,210.30823004567418,1392.410991859539,4.238750591013085,8.016084644529863,NaN,13.208075448472915,4.0
3352.0,27535.392757573376,51061.03789623506,-531.2517963546662,550.0363573677156,192.55584830148078,177.20912481673366,4.226496513679282,1.7629583073730843,4473.157052837396,46.51159262210957,1.0
3352.0,30369.81726069059,47569.065840247174,-76.70702497558021,267.683607537726,210.42007224670297,1001.4062002793623,4.254054673937181,6.141685272217269,NaN,14.747782333603073,3.0
3355.0,28988.971324900645,49426.767619735605,-54.85699655923532,258.83646996915195,215.0978244965314,128.6111201460227,3.9804857323973684,1.4088103974793105,3831.84358305068,34.70475176601984,1.0
3375.0,28805.322383794595,50141.845029788194,-484.07998869361137,511.65555895702204,187.07271794382282,204.94989788915592,4.259925798405916,1.8714611042244356,5264.986029401413,40.03153686701209,1.0
3377.0,28765.15302645819,50153.02918620725,-468.69032728832326,499.5879034945073,185.6507376177754,206.16271235013008,4.656251710311528,2.468062515219537,7458.311769200487,44.398420305544384,1.0
3379.0,28824.050356058935,50148.50482122339,-468.74087209465944,502.00675383883697,187.57818409559044,389.5006603956483,4.524724888221323,3.4694011696974822,NaN,33.0825193978921,2.0
3381.0,29020.98982682103,49485.30252609502,-75.63575073794874,269.2333078468373,212.25236105601084,433.95023268736725,4.967804383869225,5.919663708542238,NaN,28.129943655881927,2.0
3383.0,29053.912023681623,49450.01463174853,-145.46943240045724,297.741732566861,197.49000692874483,182.67557746422924,4.5325739024750415,2.3147253054436856,6814.692792787772,33.67884985045632,1.0
3451.0,27474.33724777357,51058.47169238019,-509.5991208316787,532.1583732256013,189.82844477683852,208.05759480910964,4.409336821601723,1.662412311377708,4103.560789374259,39.27778640676862,1.0
3454.0,27396.38128960872,51073.782637414784,-494.79660483359015,520.190804318416,188.16952293036618,208.63254191108956,4.389202160310035,1.6673852487000038,4151.299962097694,38.41889094066038,1.0
3454.0,29026.510411527852,49444.64641264157,-133.62711513634108,292.2172972454882,199.4357561420192,246.630860921999,4.061463547741925,1.716845579465956,4314.473500321319,24.978742926025777,1.0
3455.0,29000.581226539824,49472.62104690769,-33.2207333564096,250.69186444351442,220.2276187684384,160.03699907973356,3.7608354260460812,1.4464759554342461,3581.2028061312126,30.318344487430874,1.0
3458.0,29050.937070347598,50011.258683501124,-335.02111271693974,404.16702087558934,180.8921702797308,166.5402088109185,3.90979364747431,1.6778911978034854,4536.773129469747,36.86408668639825,1.0
3459.0,28936.876325427795,49970.64985645527,-204.46022731983192,327.23109661542867,189.38975470842553,218.5125130800178,3.9831652861318103,1.4564307253680495,3476.851724827819,26.926636261340057,1.0
3482.0,27435.218879319666,51034.370892641986,-614.5235528537266,622.9110813423814,206.37420712054833,250.67849456147897,4.18294200744738,1.664031760403529,4545.966880644116,40.758455168447036,1.0
3494.0,27864.957379635467,52394.00617044299,238.00637347667035,186.0458592441291,314.8012374304653,167.52447814754,3.979367230741798,1.334817992952008,3364.102768422924,30.01552247962847,1.0
3516.0,28986.76925902404,49973.158773819305,-250.5041526675066,352.52865009488414,184.91012345342457,136.9398519006444,4.031020395250502,1.4615461397192524,3900.785201472862,37.22718147842373,1.0
3551.0,27478.64010971093,50981.05432011927,-575.2210706744323,587.7009659742142,199.19374568088824,225.10326497801555,4.080300848873533,1.5686504533033856,4244.798617411993,40.28577347375792,1.0
3552.0,27423.80214673677,51015.592061651936,-560.1455535657743,574.5817146112992,196.75186342187567,212.8217833014477,4.339193599755083,1.7438967934591878,4537.898587726413,42.560578907158266,1.0
3563.0,27441.337458181675,51029.5132017181,-569.8932035051779,583.039979148289,198.31096592309996,230.65433289183693,4.2418710729489995,1.4950884594024945,3621.5058799703233,38.677002649592026,1.0
3564.0,27391.528397998412,51024.83585583562,-555.464238182127,570.5514759915137,196.0288419935442,163.8261169866826,4.682720697293382,1.713862352691499,4228.014430319383,50.56650778013067,1.0
3580.0,27439.151216885803,51025.64958349265,-500.90294050320017,525.1026294856297,188.83362714553047,195.42698714696118,4.0951873981454,1.6181417255262192,4338.725630512939,40.08261084004533,1.0
3582.0,27542.415121871614,51054.324479800234,-296.17775983083936,379.5979123983189,182.06276466039927,123.71793624393824,4.297755244719713,1.5021022735463014,3928.4621331484873,41.73831091242179,1.0
3588.0,29014.124232297818,49428.8192554052,-152.75217842637613,301.2048027853132,196.3464907554427,191.00568279227903,3.9877752756190747,1.5778542125319148,3983.2321750720503,28.933637742192072,1.0
3590.0,29060.299765563985,49464.74483803693,-57.89512961545568,260.0154697847597,214.4060711872872,109.19835604085927,3.9130992658717982,1.4405085267137105,3607.618077499001,38.83593165728623,1.0
3590.0,30619.469974087366,49149.22419308456,131.67393077352136,203.1226007157676,271.04320506505763,133.85489969313392,3.9359735379925165,1.5466699282173322,4314.999137348498,34.476692150733506,1.0
3592.0,30560.23183431388,49171.33657915352,234.79438572820746,186.4055241329733,313.3532251393265,130.94685709178603,3.877635507182531,1.5970216627424232,4564.425340217335,36.700372716595865,1.0
3593.0,30589.43739552423,49187.347036112435,222.96365128922127,187.99607021576958,308.234552206348,281.8817935686925,3.7603190317788364,2.814741231220628,NaN,26.60002217700264,2.0
3594.0,30584.78995205942,49124.80580785356,173.33006469082235,195.16240945495545,287.15896789320857,132.40406558579932,4.028454007011379,1.2829745316045134,3203.999691053639,33.44261504725277,1.0
3595.0,29020.222761941237,49419.126151558245,-69.88720160258228,264.80656334517573,211.78660435511128,303.08177086360627,3.88213610614597,2.5005021269363965,NaN,23.709271071356348,2.0
3596.0,28981.987911704204,49435.98499983386,3.8313917779458038,237.76952094060064,229.84100105400051,192.30163658115805,4.1610325540387745,1.4990546085863337,3892.5652688331124,27.148228696583516,1.0
3599.0,30589.408737293037,49209.75011792311,264.1738896548744,183.47821884006888,326.89089319573765,126.73313309699476,3.9668976859296183,1.4635907989668715,3875.180330598214,37.122852928621306,1.0
3600.0,29026.137013406125,49450.594681328825,-85.77225916963617,271.2400266636938,208.38711987226048,203.4880736132103,4.124234608229559,1.5596994906636736,3969.9933654183305,26.997037949660758,1.0
3600.0,30589.803165948368,49173.62802541504,145.41093977203954,200.3167216076471,276.21158340913496,135.70721170251383,4.256708895475436,1.4818096420069837,3741.310742770667,33.86896547676756,1.0
3601.0,27408.95053721555,51033.16918693359,-556.903432309054,571.7883071130343,196.2493451553233,233.47918786114877,4.245298107034106,1.5696280740177215,3609.9071251504465,38.220422122066054,1.0
3601.0,28983.677014287336,49436.52685652017,-29.975969723545724,249.50849410443868,221.02769097549887,253.53628434304008,4.329514210962136,1.661827134072182,4044.740792410276,23.599783650019702,1.0
3603.0,30621.362067519007,49224.09852584695,128.02212982596683,203.89844714187717,269.6934573299822,138.48695517261848,4.05464668214917,1.3843596374009426,3833.1561535379974,32.73324745065383,1.0
3603.0,29022.003189273863,49409.978808918204,-97.03674942809647,275.9855656627798,206.12468430640018,272.49631839824474,3.8869172881390393,2.8307041580311827,NaN,26.956022726823544,2.0
3604.0,30539.976691973254,49245.41756535565,218.07455507517926,188.43487283639647,305.9426618420238,139.2181119767142,4.0614981831218895,1.366626803575393,3956.8281996970554,33.48094444371155,1.0
3605.0,27440.767314025008,51086.37858861515,-580.3944018827684,592.2523749424056,200.07162119072103,237.43102116338451,4.244869405982412,1.3535023793744203,3072.9486753937167,37.424038591554215,1.0
3605.0,30552.519108230957,49185.05780774392,189.2125324434911,192.55827035945688,293.651739316089,131.78652646769467,4.1620839382306825,1.4832228267006307,4153.761827835315,34.9960647477953,1.0
3606.0,30505.406414358535,49184.08333741439,200.10558119768473,190.90973461130733,298.21597003200134,118.40421548230205,3.7917735676596287,1.223918038887986,2756.019487990001,35.77584472714802,1.0
3638.0,30849.855059104426,46825.20629552388,-134.23430571612911,292.49733481357725,199.33339236465554,329.76278396338165,3.9039982412554552,1.8451300086466287,4979.252171893014,21.271555615743267,1.0
3639.0,30890.568192575935,46869.62566707618,-148.17480571086404,299.0223449291772,197.06049813715498,336.33088717964574,3.956093884354975,1.9778227874084844,4691.882101626744,21.46743390391179,1.0
3642.0,30878.418473831665,46893.856369339264,-87.63275908222002,272.01523257005334,208.00650160001058,196.63129005180676,4.07770738988293,1.5133400932386583,3722.09920862249,27.402251734107114,1.0
3643.0,30896.00968515267,46816.16128000905,-105.84334491232723,279.77529146834,204.42028339398254,328.95822206202826,4.5486345441696505,1.8224599713335858,3861.305800602448,21.00974764008429,1.0
3644.0,30892.804583670102,46860.65953251164,-118.03049196706048,285.2152273773431,202.21958611193318,1274.4287656273495,4.032304570807558,7.400493791688673,NaN,13.74178338830419,4.0
3654.0,30907.100572681968,46858.07437742686,-122.79748319057731,288.4272850941403,202.23501318197464,1833.6886387579411,4.500187199183203,9.684811440569252,NaN,12.10478053927592,5.0
3655.0,30879.1649859077,46844.36227017572,-162.28843219669756,305.81507934187016,194.9102518289922,313.90842186480387,4.090410653408519,1.7452677796923028,4257.677816821482,21.95286871036051,1.0
3660.0,30927.0480869821,46858.10226279405,-57.72245532289374,259.948227257271,214.44519890208431,355.56171109667395,4.062754334757614,1.6736460778431714,3607.5115714934536,19.483024373006057,1.0
3661.0,30975.38780209028,46858.61436250531,-200.80306155000216,325.3074719140939,189.81482332400276,145.43269711078423,3.9742955971836955,1.2193974871454323,2912.4407920434705,33.11056591241935,1.0
3662.0,29125.49269160726,50021.840399730274,-375.1935634891022,431.07348766347343,180.89107205788335,182.16377248760753,3.844465657094701,1.4578688985236101,3547.981940041606,34.70205165936187,1.0
3663.0,29074.397485431546,50040.72869466765,-419.577018789761,462.56988133394225,182.31989375204506,332.0129350368384,4.090597597730942,1.9947169112517835,4482.951522312346,27.129790791814607,1.0
3664.0,29034.69210734794,50009.87467230072,-315.0842623740837,391.3788825699263,181.34936150681358,285.5855744183286,3.9464276573039947,1.6327228337952138,3422.2266405649457,25.438425921672508,1.0
3665.0,28999.703626987088,49987.86515709756,-220.23303388220734,335.67190100109883,187.67327609565692,229.4391179580048,4.068668373484903,1.5583517749694977,4172.915071598948,26.778924403480623,1.0
3667.0,28988.246768215282,49951.656725402645,-249.10227944594263,351.7289218720388,185.02266519814356,188.40737223839022,4.083461281231716,1.4396454339526121,3557.546668192118,30.270249795253267,1.0
3677.0,30912.884865720145,46853.45921743588,-185.42289063484392,318.1994381135312,192.395850455165,748.3297112219589,4.073260736502237,4.615728031127716,NaN,17.012642376213986,3.0
3700.0,30916.890498587876,46867.80278369899,-107.33300547145072,281.2977898577772,204.84433215819257,3032.296918815167,4.244260130510608,14.305520827874975,NaN,10.11566060921654,8.0
3704.0,30852.87224798104,46919.45426365428,-95.55332602494842,275.35198690287973,206.4156444622394,354.11037204280603,4.719571205593069,1.826530940951618,4268.03810515844,20.044127646538996,1.0
3707.0,28987.91180591079,49911.34212359057,-61.33359590361228,261.3603260245951,213.6316517122096,194.75542701689142,4.013325084505051,1.3580557706810268,3630.4403373438895,26.76166939116979,1.0
3707.0,30919.060346176033,46816.79413354565,-85.37499400804796,271.0749229315771,208.46873355661452,322.9390842855683,4.358683071501834,1.3082881330410931,2369.8756147863883,20.06415916021346,1.0
3708.0,28945.500150915654,49862.624617576934,-138.01634810216757,294.24944780576703,198.70211882756533,218.35626318819007,3.8461731563378105,1.3753450594388699,3605.6117738708804,25.753737600138418,1.0
3709.0,29012.01667633935,49936.20020294838,-108.57303327691031,280.9654423210993,203.90450569614163,145.56796353377948,3.998382787442958,1.5250967296329616,4317.025034578681,33.36936324256275,1.0
3710.0,30909.454619150732,46873.063039663066,-123.5601588856487,288.38257708078424,201.7860390591096,1864.9658801954888,4.253110964339548,9.909870793731663,NaN,12.078526766438406,5.0
3713.0,30869.387332032475,46867.78401847972,-47.79458223270377,256.12941304503096,216.73304935404667,305.9917557882795,4.403105948994791,1.8866126392972966,4790.339432097305,21.71357654986091,1.0
3716.0,30880.33453092043,46931.27593585312,-128.41779023185532,289.8290323536703,200.32552078062488,216.72504072623084,4.246174370250337,1.5353429789346744,3708.4703946135305,26.31444086946858,1.0
3731.0,29038.430518082183,49994.799016938945,-172.49224957106202,310.8430603136825,193.45022487091958,126.32044210661232,4.008271047748145,1.2968139870959725,3247.7766565031357,36.04032222222408,1.0
3742.0,30810.375316361657,46874.35322424109,-33.223398785966864,250.69284061107015,220.22696484285686,124.81529578529694,4.239309111979869,1.3468573098181453,3534.459925343725,34.77406435195346,1.0
3743.0,30915.520716939307,46880.338140532425,-126.0230028946986,288.781796590728,200.77551118200276,787.1440625026378,4.034365406724554,4.884192904342434,NaN,16.17591561084531,3.0
3745.0,30883.79529294449,46898.57627950531,-102.60165690480868,278.3710346017975,205.04018011053986,325.5228890535904,4.184961975930915,1.8289678289721534,4638.878636624275,21.1319670573607,1.0
3749.0,29043.662620075374,49973.61956029739,-96.27469452120936,275.65882238418214,206.27313204501021,237.7854920099778,4.0105910414995405,1.6837198298871516,3783.469447337289,25.056589438757996,1.0
3750.0,28990.38945426945,49929.40677132377,-86.71550266996444,271.6326356321087,208.1938228537203,291.8279686790803,4.222660734069293,1.9983008501838855,4150.256187588866,22.90875740490948,1.0
3771.0,32351.632408323378,47947.129033037316,124.88162758673099,205.1975731525932,269.04337130242527,1211.4560225910739,4.365928679120565,7.063761852862763,NaN,13.49871385993256,3.0
3774.0,28877.237528031517,49619.54117909789,-286.54132992656747,373.72297404269364,182.5311866251321,245.57363034960042,4.866244090945229,1.8606467379956253,4801.927616429025,28.197435419270427,1.0
3774.0,32357.95401366756,47979.79203919464,103.35290819048224,209.4689881673129,260.8416518403225,150.9711291224577,3.753361694007779,1.5265195851331557,4211.127661988512,31.659124856307955,1.0
3775.0,28490.899453585283,50244.78472280689,-101.02889338118115,277.6933042407426,205.34381951184818,189.39884591081127,4.761519829763149,2.0021550165649544,5806.381301460292,30.451869284907712,1.0
3776.0,28039.536131545643,50513.50430547262,-475.6592643531825,505.0248590956339,186.27229502987277,274.058531111864,4.440095739915749,2.2132897060794634,6668.222872788013,34.51798961965471,1.0
3780.0,28169.473098329352,50415.65681636506,-167.38664985183,308.3149780205011,194.17084796893133,239.17268395928767,4.463849641512218,2.0956946023675966,6894.719984073069,27.336770662531155,1.0
3782.0,30384.53370196972,52385.16948494404,120.4560112093642,205.54593275737366,266.92927466878206,466.4183474986667,4.218284682255491,2.838663747080292,7399.473538929416,18.339242802178344,1.0
3783.0,30406.082663712805,52341.280420987554,196.29751856255044,191.47331917835777,296.61009590717276,283.85593985651917,3.9480557168867736,1.7023159947855826,3910.317555111226,22.548689000094086,1.0
3784.0,28970.948560664972,49868.975613291834,44.68866088842132,225.02097074794932,241.65459343952176,185.4458922770637,4.0621908119200185,1.5147688467917357,3346.655554119486,27.7336798895778,1.0
3790.0,28916.252771683547,49729.29143475756,-266.85473120584595,361.99304390291417,183.70811101742854,272.0028727732581,4.300919581918028,1.797627464969055,4635.663084257009,25.767237112441567,1.0
3792.0,28999.72465897181,49894.009343091755,-25.996754643962074,248.07082196804393,222.01981289402798,337.02511235495103,4.059617336486085,2.2311688402255765,5604.073456228047,21.17398547799074,1.0
3798.0,29012.319287223483,49952.77475778021,-173.3060834977818,311.2483087380899,193.33719304366718,166.422570089249,4.131661437781089,1.5819635300146526,3822.6093217900684,31.922423465052134,1.0
3809.0,28735.32016742488,50217.57662368355,-499.4598273775996,523.9386425545625,188.67411479410853,239.16375829010568,4.31236724114276,1.7144844992752697,4455.219554315627,35.61569050351877,1.0
3810.0,28801.655255906087,50213.57394402569,-446.4587614623367,482.54959147599425,183.91527804975655,209.35019261582696,4.044021835844429,1.6208275206212739,3823.5250838062652,35.57060051055136,1.0
3811.0,28966.826581371897,50100.41102534835,-303.21816028340425,383.94551765818295,181.76527401003773,292.34927367050483,4.161917231770838,1.871993519485436,5022.336261492379,25.63984559342289,1.0
3812.0,28976.540252832507,49948.90890609129,-54.962271092500586,258.87717798362104,215.07373685943253,404.96246685703926,4.491036163219772,2.1941767918343014,6474.645938009673,18.952975230356852,1.0
3813.0,29025.07334181633,49971.837644939886,-85.14561781359906,270.9796617666747,208.5159111011656,386.8153978106011,4.817718520941092,2.32175687195044,6236.895395061381,19.932588507974753,1.0
3814.0,28937.964245495004,50141.91586770502,-443.745122029819,480.5017706250918,183.72923772743792,270.8410957242097,4.159143035892249,1.7752021825617093,4544.03183857148,30.800789175213886,1.0
3815.0,28782.89391584161,50225.33195016303,-493.6675926635021,519.3036073016306,188.06367420011162,518.1339697946526,3.986084246439154,3.0453652948402485,NaN,25.785274279406163,2.0
3825.0,28982.225233320627,49927.822252412414,-193.57011867904515,322.0644867105809,191.10924348944735,760.2821047316733,3.776884083586405,5.864593216583934,NaN,18.943573095847743,4.0
3828.0,29031.909042507392,49928.926183685115,-303.90783915623604,384.37392356225405,181.73816325307246,311.38846228623623,4.053141855806031,1.6164020844528522,3895.385556388122,23.86445810171455,1.0
3840.0,29050.14347030278,49907.91068414222,-192.77607219680826,322.4069807518112,191.8158562664052,613.0848042719649,4.010485960974977,3.578247556985221,NaN,17.823961161690864,2.0
3842.0,28958.81074719169,49987.26941821781,-73.97988594330181,266.40246525267315,210.86093475626612,249.74961447002144,4.673804854600762,2.3574768212536883,6609.054493585187,26.481248375227445,1.0
3843.0,28954.73026625823,49904.422446143035,-192.38671795162418,320.9284895153973,190.83176657316827,241.96705218194992,4.115926037009184,1.4353675021738914,3495.0411489791995,25.094348167471047,1.0
3844.0,29055.001793595555,49863.24395909259,-244.91590443597772,349.3517463606773,185.36765994834917,113.31083565161089,3.9867635648555657,1.4592515954725005,3858.6637731145242,41.980153978415096,1.0
3852.0,28188.25656570697,50325.58218966915,-265.118966907204,360.97635035827716,183.82604927295668,204.65329540907848,4.710319144510518,1.8213309561178914,5187.589540895631,30.986087798300108,1.0
3864.0,29104.227149556624,49955.061739323646,-252.92380834456495,353.91335375084714,184.71939808029552,150.75247452166298,3.6896157191809995,1.488437794956322,4065.410319825442,35.23593109199659,1.0
3868.0,29065.789908287672,50012.97929617592,-255.0289228751622,355.1225451609442,184.55709545407362,138.45318344222102,4.234179225367088,1.4564255254218441,3755.2799102794884,37.052570826270795,1.0
3869.0,29017.041016942712,49987.88371388825,-345.6180967723155,411.11683136693136,180.77245551173382,180.00684645542182,4.182521791457568,1.3559399113649333,3551.23041015942,33.29617822980791,1.0
3879.0,29026.309396626064,49887.700626984595,-147.3769111960514,298.6888884860614,197.22292089292512,445.0386891138342,3.840190281997094,2.8465943398889744,NaN,19.804943811934564,2.0
3911.0,29053.338377524804,49827.92321435866,-217.0343610265866,336.18199207325955,189.81697884413612,744.1115464462312,3.9817487006069627,4.583381181554758,NaN,17.537918320395605,3.0
3913.0,29044.68670428603,49858.32168248069,-218.0150181326948,334.47075601701096,187.90319591296114,373.21744079428305,4.116528580464912,2.2646480160296103,4733.881679282311,21.64070037045368,1.0
3915.0,29053.324677044333,49804.587191583894,-231.1198388064555,341.63481446274557,186.59911261941147,258.39211601878617,4.029941116047363,1.5375696334599096,3828.40460570207,25.030733890560136,1.0
3916.0,28986.94344172767,49775.685731091835,-127.1451629371347,289.2494736830211,200.54603176127696,291.700233581423,4.172915106057089,1.8139809399533164,4455.522101076414,22.757853096211846,1.0
3917.0,29001.208579801092,49809.87814596486,-200.1672287621938,324.97431863856514,189.88976563929126,362.4844304500908,4.215890120607212,2.001115934334351,4258.960104319932,21.141250311593687,1.0
3918.0,29048.813943598165,49776.52113792578,-205.84872694957124,328.6855132328076,189.81354213110683,628.0573732011634,3.843670313062789,3.6671294272051864,NaN,17.79349122011368,2.0
3919.0,29037.105016429872,49804.257104987875,-209.80021401559486,330.0625179790942,188.78740095625687,226.93639053901765,4.016026628455592,1.686615146374883,4213.695371449718,27.280553295463076,1.0
3921.0,28977.861675701068,49809.54105163769,-153.15670758641454,301.39862956888334,196.28415769193364,118.596035430016,3.773819628180911,1.3394768033413713,3135.148577844666,37.442619281693,1.0
3922.0,29022.710189941943,49802.203518764145,-153.33319398530668,301.48323990832296,196.2570023402627,188.564730822967,3.852494508785145,1.5265576119172777,3646.112779735213,28.942991782474653,1.0
3930.0,28713.36027901178,49964.969946077035,-404.16113788044333,451.41955864374387,181.65345365646928,279.5942361160321,4.213974906549118,1.8767822393883162,5713.387313612354,29.252504044083153,1.0
3931.0,28935.773583062833,49848.85994480107,-451.8745302472115,486.6573061817974,184.30334606532568,196.34030215147976,4.032867288663642,1.392715089287177,3674.0864040138217,35.69263656341364,1.0
3933.0,27490.395777859976,51085.975153811916,142.3867174350534,200.91916417463077,275.0614122745102,105.59702682492524,3.4832434600976634,1.228136499755286,3175.978769201626,37.747635962832135,1.0
3951.0,27675.276758401524,51212.20274106508,-435.14864017046256,474.0603647731221,183.1769328788816,199.78733396682864,3.9665893773300627,1.4148715217990566,3594.5580803970965,34.73533676947093,1.0
3976.0,29144.724675149817,49663.20139640532,-58.62559846795292,260.3002387757917,214.24079951468897,102.42270007208626,3.7009994775007478,1.3492547733951112,3467.1485345177657,39.70664860115375,1.0
3984.0,29079.45748841574,49898.490954690176,-273.291811384265,365.7886000185319,183.29106150520917,475.8495109944446,3.9521456985570187,3.009296682956223,NaN,21.010323283156392,2.0
3986.0,29058.18221285959,49835.945103596314,-256.8642039675607,356.1801523000819,184.41835241739653,276.1604013894071,3.7932350235555417,1.7015845713071727,4263.552376988722,25.006526830786008,1.0
3987.0,29072.7526276463,49858.87360026513,-273.6566362961832,366.55277956051975,183.7111543314648,487.6414195193677,3.934188003862234,2.8378001088965923,NaN,20.326752530044605,2.0
3988.0,29078.770236062508,49813.85949932762,-227.63284938027144,339.71275666883275,186.93332957880833,258.6326985511437,4.173024117192296,1.7136912262772102,4271.356548074822,25.54737917317048,1.0
3990.0,29141.437805680805,49823.77812367067,-229.35218346008298,340.6590350273831,186.76737873729377,152.2927712105219,4.030934259997721,1.5351891909942432,3630.0744667859926,34.71457994848388,1.0
3991.0,28996.17442763667,49878.27688023349,-305.92864082697935,385.63176190404056,181.66081420176042,262.9459523855304,4.774420865928476,2.8666115469512214,8936.009932441064,32.30223341379347,1.0
3992.0,28959.08174870939,49962.05121885666,-219.03356696683522,335.0217652445697,187.79714746651675,317.0447448295879,4.955139529517504,3.2624133871916374,10018.16207627807,27.655573987441247,1.0
3993.0,27855.793838377325,50810.8435049286,130.0211970015045,203.47217583306093,270.4310766471462,186.29717586086184,4.3148778257789,4.812376507060376,13800.99172928123,48.37681194153242,1.0
3993.0,28991.027331986777,49918.986167469964,-274.44156903103686,366.7712420401781,183.46281491595346,741.280186639359,5.010043722913596,6.993574283503835,NaN,23.04836281398043,2.0
3994.0,27763.691868007252,51035.82658111124,-443.27058668631446,480.1443806167433,183.69728126361298,216.39674785362024,4.508315793128274,2.287674795444344,5079.1291506038515,39.67016684391687,1.0
3994.0,29061.99371419925,49903.22143285045,-297.8564971773885,380.63032644105147,181.9884002032215,309.056062410863,4.050087885054959,2.0257954620792264,5241.221252443609,25.166495754740783,1.0
3995.0,28330.211114732545,50445.29293726269,-170.02686034453154,309.61923220706586,193.79571865379722,288.78105934981517,4.959575162966402,4.6994926438938345,15604.452765511489,35.26346206699851,1.0
3996.0,28859.51325648017,49968.13026978174,-573.7954923493403,586.4512019422422,198.9554203644063,278.8167913276753,4.2557869153127115,1.5372121795585947,3608.9957528918158,34.66067798636582,1.0
3997.0,28955.119859902647,49745.69293890413,-212.22756339592416,331.3584613231002,188.520778793141,272.1811914983515,4.803573714460693,2.2915118729825164,6473.869207607522,26.565080728634943,1.0
3998.0,28987.157200127163,49843.857025483114,-248.09157068174463,351.71449931237214,185.55811512778575,940.5154888840507,4.875465849296008,4.570966782233969,NaN,15.094521898524878,2.0
4000.0,29040.98312170341,49873.976736977565,-277.1985866272398,368.2726547722571,183.18379161391522,576.9194116189772,3.936607510991466,3.4696385874579905,NaN,19.48264006816814,2.0
4002.0,29053.896580730456,49933.25838354509,-220.0230464612235,336.0390385718067,188.08364833415735,644.3853308467445,4.070547271716723,3.729217112353201,NaN,17.746594649204827,2.0
4004.0,29115.420985153945,49934.088610181185,-259.0468497054808,357.44206828176414,184.25669110675548,230.12420494330325,3.7577651918130632,1.4916764368036275,3983.2286324390184,27.196227846612686,1.0
4006.0,28657.428886073827,50438.44669434273,-134.80272624416455,292.7598066320775,199.23781930502238,169.97190528663313,4.397558383668456,2.799645973271285,8338.935392672494,38.65259795715968,1.0
4006.0,29002.059167926876,50013.05492510322,-67.00422500334291,263.60258321665566,212.37418212779974,171.3754225810452,4.47086789184102,2.766872222891717,7670.917710915801,37.00948225620239,1.0
4007.0,29026.291245343946,49917.08492700845,-250.01790254296807,352.2510485046842,184.94898974064907,206.39135055585572,3.8991197622971216,1.5361036707192013,4098.30510417904,29.0721920162295,1.0
4008.0,29071.51421853586,49923.517416195355,-310.3723105269659,388.41124732658557,181.50167246303977,278.8445830300933,3.9584084875757974,1.4718775824037715,3453.700215316447,25.167339991128404,1.0
4009.0,29013.21917240095,49888.45119873266,-158.3064268128269,303.8795611059068,195.50154717875327,197.65680097359734,4.130403762133277,1.3549629395574556,3248.5199707122983,27.495731473981493,1.0
4010.0,28996.354584421122,49915.29863721944,-246.05669452177136,350.52675764175575,185.699731823976,1069.476694966945,3.877384166921307,6.465928985307739,NaN,16.035058066500035,4.0
4011.0,28954.224893615185,49932.33422209747,-163.08622197379754,306.20465596798147,194.79323959438955,234.09598039752925,3.802100514809231,1.714714615309945,4465.112370977959,26.15463057709759,1.0
4015.0,29030.265355451214,49906.712241076646,-217.11224086542325,334.18954258798124,188.16461310174196,668.3220365078853,3.6441062263012998,3.816836370125879,NaN,17.39767409057486,2.0
4017.0,29046.01882068749,49893.20052423925,-212.07466868658034,331.8533977036797,189.00352753256965,549.5395535924212,3.772577748224529,3.277785848136686,NaN,18.788217364737026,2.0
4018.0,29095.0096615036,49873.57397254353,-295.42546846634315,379.1361197419847,182.09678643097504,240.97034453456223,3.910320375664209,1.6885258616576906,3407.182348150766,28.00498828361799,1.0
4020.0,29017.34809674677,49911.545626137304,-223.85163703447913,337.6414789399931,187.30621912066695,228.66320221463525,3.617058191178966,1.5456428949042171,4079.686722695983,26.84908870331508,1.0
4022.0,29057.729135249112,49822.39745646432,-78.1989294040333,268.11816927400423,209.96368456590042,194.07685267801696,4.102334350934795,1.5496908167038532,3898.2974435717692,27.68320690015079,1.0
4023.0,29018.802999308406,49639.620848434824,162.06757219042314,197.1531915787285,282.67134224504997,290.2569031002034,4.556034365128708,2.9026767337230748,8741.47035048334,25.67800099149966,1.0
4024.0,28996.670540150455,49577.38117252,134.44289361132743,202.54270122772533,272.07342028355225,238.95319680575287,4.291711272528099,2.1111121852032384,5793.426188747935,25.983797385418455,1.0
4025.0,29013.193884401826,49440.96818359612,-32.56243464644873,253.35772180145952,222.73838855222917,451.2116299570928,4.092759237322777,4.484957707254075,NaN,22.93409257935393,3.0
4026.0,28982.97904631964,49480.099913838065,11.245031539204914,235.33936434791525,231.89012582971472,308.483503041841,4.109323794003316,1.9653066685756433,4768.5734309234695,21.57797116133868,1.0
4029.0,28960.8524926675,49444.306397315646,-51.241289504157415,263.6927431617678,220.97966184837097,430.53591893008064,3.9355696161151887,3.333827511749278,NaN,21.244770018087113,2.0
4049.0,30165.05233867135,50746.837029513044,214.32036842123088,188.9267740454078,304.30801997380814,143.3592941194026,3.768584718745107,1.394071656278296,3663.8033789247493,32.98046348696332,1.0
4050.0,28585.2194289818,50508.78554981547,-282.62567360639935,371.3607786450289,182.7417452117526,295.35780163615254,4.021986699421123,1.9552972589908684,5559.186107826182,25.323102908763428,1.0
4050.0,30152.44332976058,50663.64629499018,195.715721812888,191.5606279955331,296.3657232650496,151.88331226327716,4.207847790372526,1.691556020034746,4705.268814948501,33.2750634841678,1.0
4051.0,28605.070238550827,50480.86887637444,-242.40405110800737,347.9757991673297,185.6153693078619,495.84480495260345,4.0327242970855375,3.8790554283160565,NaN,22.020155098959826,2.0
4053.0,28681.737288644337,50457.81941448495,-232.1463939703559,342.20284494679237,186.5024860951853,246.57820108933132,4.705810844442321,6.043534881578593,19209.810600779987,51.289628740110906,1.0
4053.0,29066.912992361416,49920.11444166473,-256.56154084775153,356.4303390673497,184.784376415177,677.9180574239585,4.8960293373821155,8.397907525060582,NaN,27.749962030794045,2.0
4054.0,28629.417909589163,50445.63125722231,-268.4028482948627,362.902223435443,183.60485983375548,285.5975086838542,4.26266967055664,4.438338249550063,13597.34809387194,37.37251295789117,1.0
4055.0,27758.230599586193,47153.300915787535,175.2874590997586,194.82861718463613,287.9487668020716,131.21435936938713,3.825524929191888,1.4903025669369838,4237.098355606728,34.96606097113276,1.0
4055.0,28609.177677146323,50482.28019668375,-277.36704854913353,368.2111587476081,183.04290334392613,282.28971340919395,4.411194799372904,2.3726084248194956,6281.091309139266,27.60351819115067,1.0
4077.0,29045.889652653725,49936.57792853733,-285.2946605629288,373.1942636207803,182.7787396318547,677.3971935139245,3.9394871589464766,4.826548684246589,NaN,20.19948901366517,3.0
4080.0,29094.533248882115,49930.304977157044,-390.66105081610146,441.83899233656,181.21858440641188,250.6719909999312,3.4826040069460116,1.3457521326718371,3340.656503055508,28.41438347720782,1.0
4081.0,29016.708012458897,49926.596450755234,-260.18838926498427,358.10384871417534,184.17358703328057,164.49380547973027,3.860290196600362,1.5522869080871724,4414.669545600924,33.906440415923655,1.0
4081.0,29016.38025192944,49926.518075323,-257.5631840615167,356.5837848615026,184.36618611790834,158.9262470983824,4.008636494779075,1.5531423251567915,4126.032243442577,34.60410564512401,1.0
4096.0,29115.621643011593,49955.25738403423,-279.687099973797,369.5975241772416,182.90743760533272,221.00267465949966,3.882800909405028,1.4986384103853798,3628.7016305887864,28.344718337951328,1.0
4097.0,28663.857374648567,50344.021014533835,-117.1662640739165,284.75798982372794,202.3178813466429,151.17396610564853,4.055140732887036,2.4687190418992166,6926.05625552317,39.23118209511897,1.0
4097.0,28962.25804583912,50039.973043497565,-185.51080061516092,317.40056137770426,191.7026475027062,150.79993708275694,4.338242633407939,2.3932481923699798,6205.718467387599,40.30659695006269,1.0
4098.0,28633.763342517046,50477.08880068362,-242.27567444410454,348.68556481898713,186.25846163549545,538.3528912271686,4.286190725596905,7.251577078424839,NaN,30.059578559065017,2.0
4098.0,29067.62836894123,49991.96978654276,-275.02929519031,366.85752120409336,183.21440051215276,436.86242274721883,4.53272395966968,8.347089210683826,NaN,41.603504373248015,2.0
4100.0,28612.567950156983,50481.61489149263,-227.8951586875624,340.8728041853642,187.72883782765817,551.7517385167205,3.875095881189779,3.6194168023383417,NaN,19.69339244149966,2.0
4102.0,28613.401538340626,50449.922974516354,-260.0067005701069,357.9984367831611,184.18674751643977,281.77464913115745,4.019734366059724,2.0148415341610604,5707.183234097219,25.840793654161953,1.0
4106.0,30856.79676104883,46922.24702384832,45.77252965508229,224.70420900567228,241.98530850021268,166.18593178740448,3.870100677419688,1.4876653620859677,3821.5167510945153,29.54141140831739,1.0
4107.0,30884.54591269958,46950.779947560666,96.60464575423883,211.09277445456132,258.50102922839926,116.071498004718,4.019354396360723,1.305357602585178,3325.3205173227216,35.84584378148789,1.0
4125.0,29025.566518060834,49397.098871830276,-163.82569426099047,306.80440561159304,194.87764758012057,957.0875784211365,4.107771872306132,5.187424595573964,NaN,14.756221921004773,3.0
4128.0,29025.88050240016,49431.70741779763,-159.1691809531896,304.2976478441508,195.37240975885572,176.56994512323223,3.8380433297202687,1.3786652736027032,3704.902815940677,29.536581104271455,1.0
4128.0,30870.645847760963,46914.51443369964,-50.03336750910355,259.24195113578816,218.03658935904969,1238.928775173293,4.220957604134509,8.205398838602724,NaN,14.617401968731803,5.0
4133.0,29035.432197835005,49983.401604456645,-258.6114165885111,357.18996004656844,184.2886522891278,286.3239748482443,4.713857839353662,2.290357181877589,7106.914729694049,26.58227456427474,1.0
4133.0,30897.699635820634,46850.834222523335,20.726413254744095,232.30694116515298,234.57181266123374,112.65327386965777,4.083693790725714,1.4266431043473056,3691.1515690645933,37.39511181842187,1.0
4134.0,28570.70621820544,50543.07572779682,-357.6500206705294,419.13609363499404,180.74027827539635,294.1584877890494,4.422152861274933,2.267622285034011,6723.006373061519,28.57385744029322,1.0
4135.0,28513.327078279097,50549.62523678663,-392.46163218738917,443.1068728257321,181.26855816708772,254.35043505030055,3.5524725304174036,1.4703645999560337,3718.7350890262305,28.74836798438987,1.0
4136.0,28520.89953897064,50596.72162139553,-324.88186197989165,397.6165391920866,181.08682966134162,209.34281690995962,3.763451480490572,1.5018652867236781,3629.2049842041265,30.47761985730809,1.0
4140.0,28973.30772587771,49419.76676431389,-138.2278471648255,294.3478275719633,198.6671386469529,235.3129963357425,3.9880837784560654,1.4922976898532436,3278.997823367881,25.01156307612052,1.0
4142.0,28604.126582039346,50485.48122910624,-309.4577267179729,387.8376594710756,181.53319668252914,255.1058331578372,4.196279020590189,1.7238708010945538,3796.8782421080323,27.496742292995833,1.0
4143.0,28689.940617248365,50440.75072583838,-421.4438560290882,463.9353793142349,182.41289272200495,287.12612021329767,4.422985416324662,1.9143682489977123,5558.387068175767,29.523010716048685,1.0
4144.0,28556.827228314385,50475.33984515759,-394.19113603445993,444.3275827128367,181.31888564654471,193.29371510769082,4.513314406246676,1.7309168508651283,4203.962290396759,35.96620917809213,1.0
4166.0,29131.404923232923,49964.07545073391,-274.364422238337,366.4244507996715,183.2243139637589,229.38622905484033,3.858066521109768,1.8230004370356665,4915.966889840277,28.994578746829827,1.0
4167.0,29099.69856516895,49930.489106117435,-300.89723233066513,382.50712790594145,181.8591704867732,285.9845933664354,4.2275594845691895,1.9308515985792989,5265.451735743128,26.16457133736695,1.0
4168.0,29077.291663239554,49991.33880706402,-289.0573110945933,375.24992851278955,182.40328016674763,451.22244213660105,3.9822541602485413,3.0315623741437348,NaN,22.14830437317318,2.0
4171.0,29071.815411157564,49959.31690102408,-320.3175255439625,396.28935086317756,182.48497102736394,1078.0563240598997,4.058102737702801,6.507840182936766,NaN,17.32695076010591,4.0
4173.0,29067.189984577984,49996.92537211755,-274.6474005155631,369.3399433695497,185.4273062148195,462.3836180479978,4.419843236925537,3.326536902437807,NaN,22.58657266693759,2.0
4189.0,28986.7660555078,49899.79573485451,795.8194224292591,271.1405738268689,685.5201253941049,408.2348606022405,3.957426458169069,2.566938882338277,7430.386501640406,45.7234876856059,1.0
4190.0,29112.314090501633,49915.664666805045,-185.17109803535578,317.22742091151457,191.74660712256477,236.03060747413411,4.228569194695253,2.521351351181196,6609.9460628230445,29.809932642224485,1.0
4198.0,28923.914949503815,50257.95228264903,-416.0214751112467,459.97826953204674,182.1501160861697,157.17753394302724,4.010981233493033,1.4831840973950003,4119.784840820537,40.23544329215475,1.0
4215.0,28766.02955001353,50271.29054142943,-413.92764794656534,458.45767038374464,182.054642933969,216.29521700532445,4.328150588498276,1.3997884718675262,3323.568116714406,32.15279149534201,1.0
4215.0,28765.96147813104,50270.468119729565,-409.1218534252065,454.98319467406793,181.84814592949138,214.2703297783958,4.3571905138367155,1.4372312456273726,3418.213894965914,32.378493328780564,1.0
4218.0,30835.940365439834,47238.56226893427,-248.1384945728157,351.18018543696763,185.1009061972511,266.99660563015,4.582495383115685,1.7554447279723908,4146.9560195986105,25.554803359717766,1.0
4222.0,29082.03543455066,49926.285395914136,-207.65320090444118,328.9208747913328,189.02697311167913,156.42944564235353,4.117435878852833,1.7624930634903775,4853.009158162071,35.104030289909225,1.0
4223.0,29043.6681953012,49953.200764502864,-308.7544406019262,387.39712498402787,181.55787138153238,320.9316214643987,4.076542293856425,1.6171978722192046,3533.6428740804813,23.534604398848614,1.0
4224.0,29082.35365108954,49975.895512536976,-298.6154962722854,381.09797902119425,181.9554832075532,229.12981955934,3.985686720864088,1.5715910294570739,3383.5497134362413,28.466435250088416,1.0
4225.0,29124.47081035763,49983.57164984644,-280.0192846794721,369.7964392372735,182.88837735298745,236.37623446970446,4.124275463222162,1.580256782375137,3231.0969514983294,27.536397080671655,1.0
4236.0,29247.255686339904,49768.023892570745,-324.39590365802536,397.305019495516,181.0981268943222,277.549692023218,3.8171213402983493,1.5335811546887521,3708.5263765807376,25.75077858857179,1.0
4237.0,29186.55182609445,49781.69904654375,-368.56145101418116,426.52658730482926,180.8064914139785,320.8746626678814,4.570027134376064,1.7952454125707284,4570.683851762495,25.461376444272155,1.0
4238.0,29188.708086877406,49750.91774824594,-321.2067598786436,395.26617062258987,181.17673203485518,244.77767885785758,3.8976821735299736,1.619357585197946,4315.971531939058,28.071346824006856,1.0
4239.0,29241.086006763915,49765.059917044935,-331.94149343068875,402.16727201509565,180.94308772684292,458.8099449684993,3.9683008958671078,3.0424680682582554,NaN,22.861741067082885,2.0
4241.0,29197.87862666613,49740.35180305328,-369.5018663017135,427.16880149478817,180.81644512539074,325.9156377100191,4.058820280610299,1.80843285688544,4099.5439212206975,25.285081769346093,1.0
4242.0,29228.46985907667,49727.37729494787,-333.7709037894135,403.3540811707492,180.91193787018136,269.53723815849577,4.241088296915583,1.6005024968148263,3748.9316086716494,26.68091811759782,1.0
4250.0,28978.79556310639,49451.46728143076,-55.00497411945308,258.89369355532756,215.06396848055536,166.7357854148227,4.12742100843115,1.5301062344113945,4050.3686711689465,30.11438231686101,1.0
4269.0,30951.104223568535,47110.41327497791,-45.786244880143734,255.36819728466835,217.2049995520693,130.7444349626356,3.8111748382231645,1.3528937619676737,3623.406743049468,33.91550435475359,1.0
4290.0,29282.386268405127,49707.330626279654,-245.63300612265442,349.7577696758606,185.3076163707811,325.4365168425232,5.201932726118695,3.670210843518703,12726.07777689088,29.411187798730268,1.0
4290.0,29519.932941049097,48931.98460095967,-210.03192971074867,330.1859893392032,188.7617552392437,219.78421862844905,5.5644715689882895,4.847712301561566,16030.704053225021,46.93160166219389,1.0
4290.0,30945.22441267064,46533.67220769613,-403.71312103723227,451.5655476345581,182.0139509212992,989.3743209694964,4.1615822303829555,4.92086568588228,NaN,17.670479213594458,3.0
4293.0,30891.269785051227,46528.09541527518,-354.0998834074595,416.75573383667415,180.73829850432688,219.01822055888212,4.359071799433239,1.3583662081657797,2914.9213282734577,29.774746463350716,1.0
4300.0,27519.692681606382,50874.650307646385,-493.3055491948831,518.9967676039357,188.01167739254424,248.56919626949568,4.173937131911774,1.6566936298925374,4132.589955355279,34.035905379516414,1.0
4307.0,28777.6241662685,50203.658925398355,-433.9125710154928,473.1398997838695,183.10214935225278,237.72077341764316,4.083801369816291,1.5215285146999025,3836.3609413639188,31.67614863616997,1.0
4310.0,28827.38985935924,50180.162836635456,-439.63345861769153,477.412176986799,183.45804591311452,236.45625747307622,4.255855321487468,1.9101265000000096,4646.33842995648,34.371202258265,1.0
4310.0,30504.133124219035,47668.43712983526,-167.86560913054186,308.55109404739466,194.10240150144506,176.70400281595957,4.457655951122699,1.5234637611040813,3816.157765009243,30.34486048828452,1.0
4313.0,28786.53668182344,50196.77087140894,-458.1236039539517,491.4426985419352,184.78800756931474,357.74845504085255,4.06434362455541,3.36216912963767,NaN,33.77238645410367,2.0
4316.0,28912.74063168199,50218.92113546797,-501.2383256359642,525.3734258439293,188.87092572890978,169.34142730513645,3.882536016579348,1.512583553383883,3469.2055910637,43.14516906641488,1.0
4318.0,30343.77093614678,48095.75655309492,145.36952167289468,200.3249140815863,276.1957842171231,302.1884961576446,4.123424064162501,1.8804143796408028,4339.818386211046,21.82051635389089,1.0
4328.0,28144.356477823836,50851.70557602658,-159.24374671501874,308.5800574422068,198.79289884808605,548.4363806723272,3.9102739346027358,3.332742000528802,NaN,18.643567738735427,2.0
4329.0,28100.800472714327,50837.70986435745,-156.08650728837495,302.8070248338054,195.8364333439796,457.1066927974761,4.355288705245384,2.177830640070357,5372.4386768912955,18.25925602070635,1.0
4331.0,28165.468906119066,50858.684979417565,-108.68399467159388,281.5479105703353,204.31516613877977,659.1906755260363,4.11497934710825,3.4911371351569604,NaN,16.062440243027044,2.0
4333.0,28169.49482018018,50858.22941138721,-96.8817348045572,277.4773162399678,207.41416129273608,1639.6506697125342,3.996434014745219,9.477600654863725,NaN,12.915406343919566,5.0
4334.0,28133.072792546092,50834.34651254396,-78.76996835686639,268.3516760445154,209.84328587147078,388.11587379199364,4.148707618995546,2.3356518283982894,4987.856256446641,19.87872973433902,1.0
4339.0,28061.877628241706,50883.87073812948,-459.8558403283379,492.7613311487979,184.91599267669125,432.93838527774034,4.241220464647575,2.005515513102445,4763.884858355214,24.07689089329648,1.0
4340.0,28137.158452633368,50863.19783700293,-321.116388659776,395.2085352152358,181.17907241298747,482.0482327753817,4.5865643802206755,2.5981394857662696,5449.557761673614,20.74006060377651,1.0
4341.0,28054.402286007484,50849.055230485785,-407.76189709136156,454.0061207330107,181.79467480228155,818.2225467835779,4.409459267128355,3.90930958372701,NaN,18.395084449175698,2.0
4346.0,27557.557899887266,50944.486395591804,-375.38077373448425,431.2024388098172,180.89394605320302,191.90575251624722,4.455551165644994,1.608875292141992,3776.5872670065196,34.54237172559995,1.0
4349.0,27567.149237525075,50904.19493833276,-517.0153473793968,538.2319537965996,190.72237230424227,213.9869932536351,3.881734205852202,1.3115322214215601,3325.329509441396,36.208406493986985,1.0
4356.0,28191.45505829372,50768.46466036803,-131.43442086136128,291.2089167596751,199.80775288022647,358.17992417473715,4.692680146502588,2.526784576429714,7483.398527841524,21.829243544388756,1.0
4356.0,30885.39255941692,46921.9743456713,41.415923661173345,225.98415424773626,240.66143370772303,275.56429210688435,5.423287292617827,2.212216495052475,5519.2398915793265,23.820311413885253,1.0
4357.0,28208.629823815503,50792.51580879821,-185.61629917541774,317.454354295232,191.68901323212887,451.5131735980842,4.5358323568485055,3.000872428725629,8993.990485339853,20.384737204732613,1.0
4357.0,30926.58322095519,47099.65327710348,-101.78775817472207,278.0200206747367,205.19707691521347,208.8455692822766,5.338204930604989,2.044832772261116,5207.202948276995,28.7430336221633,1.0
4358.0,28169.33556071394,50788.9710019713,-71.69154542638725,266.3626840648292,212.06748434916676,1023.6379931031341,4.716573405554122,8.429654464106697,NaN,17.283712668436962,3.0
4359.0,31126.085134376877,46733.392411935085,-411.65384805628065,456.81105229793,181.9547477331769,274.1066401563761,4.625970805442046,1.549399917535628,3408.243952088813,28.374128202672768,1.0
4361.0,31214.334591891864,46783.799984505684,-190.53650142627123,319.9747873256511,191.06256563185013,182.88757563740378,4.464657273002964,1.6783239877469585,4556.8566394732425,30.86110206272752,1.0
4362.0,31071.11393133701,46642.34656933328,-361.8780182923576,421.98646332203924,180.75516723822892,299.55073068777097,4.319046307641485,1.4759264897146707,3484.8840383199645,25.274581881012438,1.0
4364.0,31001.584941048124,46981.761755556516,-158.83249923283887,304.13440989893115,195.42273693598602,196.3821916351212,5.178093264359655,2.3023154903258836,7037.426199329452,32.17158714467614,1.0
4365.0,30802.42379272521,47097.6610212287,-40.45483622015887,253.36589556788127,218.47276740985993,201.9641143179886,5.419994190612507,2.010863255067723,5141.63979420457,28.65809712186846,1.0
4366.0,30852.484674474472,47201.92267569577,-66.56332069775034,263.42715542057925,212.47107461953976,319.10667927911413,4.901142710423951,2.382692706430841,6484.546666050837,22.55105258907091,1.0
4370.0,27347.132815193352,50937.285627303536,-479.4353259835615,507.98995984176713,186.624541462635,229.10721289682746,3.885765343861496,1.5493136101860763,4063.616905482902,34.517927548059816,1.0
4371.0,27374.038142546706,50954.74650401329,-500.2288412827328,524.5586697632842,188.75891906320015,206.91626755195847,3.8557260137219167,1.7021573096959997,4385.6683661482175,39.2310554185328,1.0
4377.0,31009.75294425896,47036.74939229279,-411.06115333278814,456.3826415179556,181.92935617135976,229.2883657733707,4.666800110620046,1.7039526136842562,3811.156134550025,32.58987695193561,1.0
4381.0,27425.000006918042,50926.30268024689,-352.55292597359585,415.72221984611076,180.74044039987024,169.74232342172044,3.892006222862099,1.6027969355279823,3998.297053247565,36.50104926157356,1.0
4387.0,29075.43664278607,49963.3292901866,-359.48060233418335,420.3681391654113,180.7450523989575,230.51129034533975,4.113914876938982,1.5926794801112933,3785.82835711859,30.110926000661884,1.0
4389.0,29022.227623432278,49969.49917866662,-350.6633446803538,415.62720643146525,181.68650187701687,1015.082166308926,4.181209139789416,6.681149121002398,NaN,19.065915274743038,4.0
4390.0,30758.509978436017,47139.45503334305,-370.0779977577423,427.5626564468115,180.82287605348458,227.99522171864217,4.412676002529703,1.6598216572076834,4878.439800326596,31.002791590382888,1.0
4393.0,29082.5088596844,49925.15960072679,-419.7891601987814,462.7248866417684,182.33032809765947,210.87470201077488,3.832963821364661,1.707319193386931,4617.156950809398,34.82496743338369,1.0
4394.0,29108.83252102561,49997.94315948262,-426.08689212772475,467.3457793001235,182.65570916251497,219.7770098531329,4.1755682664679545,1.418419879162875,3494.9245652652626,32.38491143439343,1.0
4395.0,29013.619734240943,50073.858365913795,-463.6226103246573,495.6629838327325,185.22199286275085,243.67236385339638,4.348969919451932,1.6966759236244868,4715.187989623779,33.388073082684784,1.0
4412.0,29322.13573606279,49404.51829549186,-418.1001957161105,461.491987482104,182.24820547575936,190.0472415404576,4.493882620119623,1.618421711635296,3422.727528750703,36.59032596332956,1.0
4413.0,29368.82251327303,49396.704823377644,-417.5125474270441,461.06365066025376,182.22014200398223,242.89401498130232,4.419179927296197,1.5325810525917976,3609.9442059477265,30.71397851211583,1.0
4413.0,29363.57107800734,49397.71717879974,-425.27026504186495,466.7444775447067,182.61181140463327,238.53825780340355,4.570165418793198,1.5711341629874847,3544.847004595476,31.555056589142136,1.0
4414.0,29404.68580785147,49408.43828356949,-459.2112222751611,492.26610388115455,184.86470957124067,241.78587408416556,4.421001336950743,1.6471749260222752,3871.756120590952,33.06328983518062,1.0
4417.0,30899.891313832184,47118.84632891582,61.4473133353706,220.24709659427978,246.86816841184046,114.94356914991751,4.074006581883628,1.2673407390377314,3122.022905541688,35.72341130194309,1.0
4421.0,30818.476649638775,47137.316550405805,-285.3617850455215,373.0098690617281,182.5933851073627,274.19200448492256,4.569647264349821,1.7732328600046219,4510.89546112281,25.931475519843737,1.0
4431.0,29070.586291301886,49402.28726067673,-51.41870813936413,257.51268237114914,215.8891744253909,156.90335596395428,4.428105926218566,1.60405138237663,4289.374165810204,31.651393662805162,1.0
4452.0,28829.620383161448,50228.22482538859,-377.7269295361735,432.8212825398981,180.93222836486663,181.93330133274048,4.087023137378299,1.6327161872649798,4472.362951993354,36.038711715950775,1.0
4482.0,28903.531849570252,50211.42120080025,-485.2996919844371,512.62867211789,187.19890835871232,594.1416541343245,4.322131953970582,3.4403298519798478,NaN,24.341756899385175,2.0
4485.0,28842.806125208273,50201.979944310784,-411.4127148949999,456.6367167889204,181.94438507426216,215.6525776749346,4.242054871154476,1.3713456101168933,3113.0830272942194,31.964552043345076,1.0
4486.0,28862.504925597073,50179.17567002287,-373.31558373099807,429.78175656985593,180.863719735518,237.48171797893926,4.692501237564425,2.1328283750072754,6337.028904129053,32.920872946451006,1.0
4487.0,28808.173130687675,50213.06177782905,-404.4622490283151,451.63520672209546,181.66473667410057,201.09950719260002,4.043882540789306,1.5825316294413114,4029.7645438539953,34.444064339491106,1.0
4498.0,28985.623277950726,49390.645961183895,-107.51206407887655,281.8082055509438,205.15990131881227,383.65725880402186,4.306276477636741,3.348328386251027,NaN,22.947226101795817,2.0
4499.0,28978.71741712369,49420.08306566766,-43.007097540796394,254.3210965230837,217.86315652608127,219.22027050829928,4.696076132147252,2.464016681305898,7494.963045780776,29.154125845962284,1.0
4501.0,28935.035428843796,49390.78212792251,-58.534974826198294,260.26488234112344,214.2612814023681,168.17667957080457,4.0137600904945865,1.3488117045802546,3401.614803689687,29.147580141815556,1.0
4507.0,28886.214358897905,50200.66344887196,-464.2592752408777,496.15474724037585,185.27478173465184,349.3968502023798,4.82639664021819,1.9745993027225999,5444.205293733212,27.661126100123564,1.0
4512.0,28305.520957784924,50395.26560616013,-86.74143994444785,274.08279176915664,210.15988954993105,535.5485797314598,4.16416410885382,3.800832364989093,NaN,19.060415770853663,2.0
4513.0,28257.42043381467,50388.746229710836,-16.423770146522266,244.67331739223062,224.45604264373827,298.7665135663962,3.928129179217799,1.6425233101809738,4376.074340491854,21.31058359969475,1.0
4531.0,28241.45721239349,50461.290296963954,-65.80849233694019,263.12724852635273,212.63729853221358,149.15555634494152,3.794756586119852,1.4354485533556447,4107.982061335741,31.87119614663262,1.0
4532.0,28309.390697911076,50444.41283865743,-86.4453855615475,272.377825937166,208.9422691612021,1177.8440732582221,4.305739076202139,12.489972047584267,NaN,20.291347999512798,4.0
4534.0,28346.766605502722,50472.98053893653,-176.784738691376,312.9875448874063,192.85973918929668,158.2820990427629,3.7567440793596263,1.3883007710734216,3214.975464953648,31.922509144170725,1.0
4535.0,28968.73969207834,49440.0821109202,-131.4330595899704,291.2082921438018,199.8079849618218,129.76134265062413,4.05118593869114,4.087768115007235,11388.589794249849,61.67139203112668,1.0
4536.0,28981.30747307606,49409.977785181625,-153.68007630277415,301.6496263162755,196.20369793662195,381.72718929775084,4.753258721589601,4.336297392587525,11313.478461134551,26.551468249526856,1.0
4537.0,28351.230129773558,50398.49126659572,-130.2582601282763,290.669889939338,200.00880168876398,435.6930638742759,4.953398323305384,2.314575304100446,5499.842837665197,18.82672835734157,1.0
4538.0,28613.862808754297,50287.70355231593,-422.00126221219375,464.3437311713774,182.44117555736432,347.4198756937797,4.31794276654718,2.463091531329966,6489.291554120551,28.367970296973844,1.0
4538.0,28523.489801395757,50293.23712009209,-555.8968512667966,570.9230546539676,196.09495798368613,408.06805141990804,4.388242140643253,2.3369014101883505,6545.611482179978,30.132802221101322,1.0
4539.0,28505.26210685924,50322.70311248866,-401.5363644781077,449.54338433851467,181.5580264385253,229.22425881897232,4.325501380656137,1.8778059852125397,4704.465843325635,33.27153989187701,1.0
4540.0,28341.575371660914,50402.120767832996,-53.79436009061537,258.42615024588093,215.3414369442128,328.32556487997977,3.77191836131744,2.005143881108765,4900.770263031439,21.111435116086433,1.0
4541.0,28365.58199019696,50375.55162383299,-79.20740886318171,268.53076032258537,209.75122337039065,194.78773183260208,3.748431198968702,1.5746430692490818,3908.5882687324934,27.73119330312332,1.0
4542.0,28386.84331695713,50338.64234197716,-51.849350197143664,257.6778746916255,215.78956512491703,261.15538177687444,3.9139447823675018,1.61438934817815,3942.320050999118,23.167073144606015,1.0
4548.0,28974.231698102965,49405.14804891536,-125.0138350076089,288.61779591706727,201.18924466926615,671.3508957384244,3.97889555810933,3.3712448216461293,NaN,15.801653375145605,2.0
4550.0,29012.541290034576,49420.24456152194,-145.62233649383023,297.8139270500042,197.46558294714293,197.4380528541787,3.8463625129040913,1.403258464274172,3467.354973649149,27.535536658105556,1.0
4557.0,28789.743333732436,50214.71670663603,-448.8951959523798,484.531499808035,184.198104306288,416.55312293212035,4.222965373391588,3.2488631900334095,NaN,29.169090389289916,2.0
4559.0,28870.163058355378,50219.95454776131,-442.30806902467515,479.42012537040677,183.63298984487295,231.08145645048924,4.067445948772556,1.5386558651749496,4086.882425572662,32.678015150724846,1.0
4568.0,29042.101675722264,49410.08768458517,-165.62107070863397,307.44645620821495,194.42467104078727,177.5083660304153,3.786538971879841,1.554470258213426,4864.630078625449,30.376517120030254,1.0
4569.0,28964.4560174222,49420.158691267134,-148.06871547285468,299.20920107342573,197.26893451310787,1181.4530255769541,4.247040783950307,6.175977982554634,NaN,13.557569979033303,3.0
4571.0,28999.92609641809,49410.72797130942,-177.38403762100072,313.4702475836993,192.92543213812507,1241.2154514928566,4.128024076849859,6.218685725077526,NaN,13.353592416312605,3.0
4577.0,28818.056795943383,50229.582237370174,-379.88112357297746,434.31224403086566,180.97107256385507,189.79341060527824,4.43322548114834,1.5670003577543687,4071.756225721153,34.684784460862275,1.0
4580.0,28886.265177435864,49381.88933609332,-118.26537456859053,285.248095585816,202.1190046994197,155.3213709698819,3.8197814097167657,1.442898211891897,3901.7760787577818,31.69588383382866,1.0
4587.0,28999.64375483097,49412.11216513308,-150.14699733897905,300.7303397253823,197.37325847574567,1829.5203198963752,4.28251989335395,9.697490457490563,NaN,12.300330102410287,5.0
4592.0,29008.56106144288,49404.277885939446,-145.95493590309482,297.97104177273445,197.41251704616096,308.812784312867,4.291519445679764,1.9010116143140792,5143.971469292842,22.39540906756486,1.0
4597.0,28410.071580036674,50398.958447692974,-61.095556858373286,261.2755221175655,213.691969623374,473.52533492397254,4.070796545275824,3.6867079718287945,NaN,20.084126124606993,2.0
4599.0,28367.981344465967,50384.52640508801,-97.46725705411195,276.16715736088145,206.03840101967336,308.3348528085786,4.291187531594309,2.188042966946291,4480.2490135706785,22.74041514601624,1.0
4599.0,29455.483763899647,45909.494160250935,81.61900933648829,214.85222892842813,253.42739483903117,117.81256625290783,4.1805612026928465,1.3637995650242227,3392.5631160848684,35.86771851912965,1.0
4600.0,28389.72264300295,50362.30184766814,-130.30164909352007,290.68975164573385,200.00136620204592,319.6296375558784,4.295834400065527,1.6967840191143848,3603.929261560774,21.290390953036834,1.0
4601.0,28339.815734328622,50428.20644098298,-167.34891035741109,308.2963825027538,194.17624862421818,155.66277882255844,4.064633633460407,1.541305434444744,3970.2150085331577,32.96644029365371,1.0
4602.0,28099.899706303164,50628.95270488938,-685.7569898188179,690.4399094724888,222.38870054813373,505.00148773020123,4.581877746535608,4.058536401615794,10624.327067279854,43.83767818501376,1.0
4602.0,27695.776098639966,50677.247484174455,-758.1597790751665,763.9807744584606,242.62887293744296,644.0608038803194,4.62074543301391,3.6100537332398708,8722.778885175983,38.8230430442587,1.0
4603.0,27958.16279972975,50603.75974088299,-544.5056848270269,561.1978483677924,194.4016197649517,743.9741185418912,4.449197508595186,4.575099886813725,11401.234745989339,26.142474178954792,1.0
4603.0,27856.711114794667,50606.589100541016,-580.5154649191236,592.3591863604971,200.09240891598296,783.5366338170251,4.664946157177883,4.363226662417898,10423.644860090006,26.078480320637215,1.0
4604.0,28207.55237464265,50527.601222258985,-488.0989398466245,514.8437594752801,187.47378540132223,338.3896744144268,4.378923895813458,3.2037197084802767,8556.914093934443,35.991456010044544,1.0
4605.0,28360.431350366198,50359.45112161914,-90.83153883441571,273.4579406977708,207.44090609392376,975.1086342791307,4.434552748071569,5.045939091276796,NaN,13.889196296849274,2.0
4607.0,28357.561433339426,50322.108934210206,-108.47891736151193,280.93462755747385,203.93054835816656,1109.4973710541321,4.546298300582912,4.354630982924544,NaN,12.203632655129551,2.0
4609.0,28424.635646802722,50352.662498503065,-134.152523702294,292.45959651727236,199.3471632866911,649.9807509729397,4.996855423547251,3.065325560685413,5965.837536229697,15.751753838499281,1.0
4610.0,28390.446740033945,50396.750962602746,-115.76708714068036,284.1357292226901,202.5723849733359,659.2759199715896,4.67574786342358,3.9487730749433148,10375.029779341663,16.746900579188345,1.0
4610.0,28979.199164737383,49381.77595325673,-209.8601155986617,330.09443211197635,188.7807672762398,166.0259305515624,5.0176429800968805,9.148240810034459,23262.871640226393,104.3979293330467,1.0
4611.0,28332.708792339552,50519.010844623175,-606.9414316049366,616.0050469996086,204.89732789976654,1209.6204529580077,4.490216144614285,6.9694129086603,17395.219065678157,25.792551100385097,1.0
4611.0,28211.73878634637,50510.90800997819,-443.05500751734417,479.9820901690657,183.68282028318905,924.5448001330295,5.454775178630895,7.0284667686602855,17191.782501355625,24.07188334032419,1.0
4612.0,28343.605992695997,50382.23529334147,-195.3640133579777,323.3674305516711,191.1911734510517,2013.6033111143538,5.8688949891316655,17.071316261172715,NaN,17.284484043757526,3.0
4614.0,28266.18391615678,50444.6956867393,-279.757211849906,369.639499108292,182.90340769112711,554.0826923215134,5.351682976882687,5.903327275461065,15695.410452028225,26.351305267528755,1.0
4616.0,28134.27055573818,50496.60789918444,-280.8867021814293,370.31634692897785,182.83900276172065,720.0074865646063,4.69278744526695,5.816338239022509,15668.94040507064,21.180015685457455,1.0
4616.0,28127.97088249725,50504.85026939628,-388.5712577544274,440.371296632591,181.16368175973471,753.1889047722207,4.956868751483126,5.78211828017686,15142.768509578249,23.1835832653296,1.0
4617.0,28250.427057217115,50419.3574665597,-122.19132746744421,288.8695193866499,202.92052464524323,2095.048424777734,5.379190073064503,21.78171207338675,NaN,19.3996849554042,4.0
4619.0,27825.316883271178,50724.791439243854,-216.16648274499076,333.473243934605,188.09767975814364,257.019472777696,4.31933218689605,2.723464582684575,7295.588456324467,29.619026580848995,1.0
4619.0,27821.89881083377,50724.60992189674,-219.6133969287364,335.33587561402993,187.73713035020833,248.62836632722474,4.61360990039696,2.6818770331230555,6943.818106632603,30.20884414345336,1.0
4620.0,29001.30851138904,49426.21156632145,-200.2735572636998,325.03000436310487,189.87721179627044,135.32349306722915,4.296557082508009,4.988324863328823,13440.611905653717,73.3384190876051,1.0
4621.0,28266.9527214877,50323.28836096073,-194.74998685114815,322.1513418552473,190.54076285588383,401.2014777034418,4.653939358725058,4.884185889149313,13966.349524416528,28.14296854422267,1.0
4621.0,28923.690791441062,49386.41858044116,-71.6251890077316,265.452209513808,211.36759879307235,285.16511060434027,4.998999562854491,6.404007228913239,18454.614875416388,42.03172233739079,1.0
4622.0,28714.09287696259,50247.99874449235,-520.1847053943994,540.8433447480134,191.1171803126683,351.4322449838103,4.345551597084318,2.037447724273329,4967.9075320826505,30.063935756747178,1.0
4622.0,28744.26569197426,50248.019679418474,-498.86741476654043,524.3241815291628,189.30636836512207,633.6971054005635,4.21845281359242,4.023734052197783,NaN,25.661621089709914,2.0
4623.0,28789.459381473745,50244.98074484841,-467.3041459863487,498.7028556288289,185.6858336623691,770.8195423991467,4.332932350659271,5.16823800313185,NaN,23.974282440101767,3.0
4630.0,28971.130570295132,49381.255999478504,-197.71164763461044,323.89997146507557,190.3507540261395,1005.1435223368451,4.168833434021074,6.031704235492257,NaN,15.580608941754038,3.0
4631.0,28942.2045360211,49396.21434075091,-150.24839303058687,300.0085682373773,196.73506860639552,325.7263498489997,4.036589203323274,1.9583690559503288,5163.882005862959,21.865912566100924,1.0
4638.0,28420.048015322256,50297.49879498651,-86.51770833218332,271.55023760178176,208.23430027070464,140.90980325559445,3.648436691557534,1.4186064916245789,4453.759407447544,33.14245747674048,1.0
4639.0,28460.540317748488,50407.50282186077,-118.53572023976827,285.3688203326084,202.07022854430417,373.58172195811164,4.399805839551385,2.1090169037723014,5646.093491520358,20.157405901456865,1.0
4644.0,29244.87054932954,49650.48251291171,-337.4843578255496,405.77304189453713,180.85670837087142,184.08484350181647,4.244966963091379,1.6409979100253604,4393.9550270966365,34.32776507569986,1.0
4645.0,29065.71578542968,49669.09149019639,-554.0866423450093,569.3694115424286,195.819255111306,245.11778722387373,4.2091985588562375,1.6474393761618062,4029.0994857904166,37.44711654896546,1.0
4651.0,28371.255047624334,50383.77837902911,-103.79503502653381,279.07257281302844,204.96114582595504,529.7032367716888,4.242150669294431,3.489036186904827,NaN,18.508636271910678,2.0
4653.0,28309.478748115987,50385.45758829544,-8.457916237568716,241.91206715055824,226.53651072306081,207.08832304583686,4.191215492721687,1.7568887588182793,4242.8100162301225,26.95951540549082,1.0
4654.0,28314.184976773744,50415.288881148124,-24.847934948267078,247.65853641446301,222.30848838893277,307.29224756480335,4.264296502750793,1.786275743876092,3886.531022599219,21.31430231371957,1.0
4659.0,28950.844933233282,49425.97677425967,-169.1253263726897,309.1731386966834,193.9232141171218,328.17500150738806,5.005856599996595,4.494817123552978,12769.1305217986,30.861117201533492,1.0
4659.0,28394.100652424895,50365.859830802336,-117.3904817535231,285.3998568137155,202.71523856967832,565.9789965920265,4.673606451841529,11.072103131544619,NaN,36.190438215646296,2.0
4660.0,28977.377335067777,49391.436829125065,-112.9310725277928,283.1043189492233,203.2740050575609,531.399992793195,4.639609984483399,9.289474829321582,NaN,33.03063870843931,2.0
4661.0,28341.834315011143,50376.55930496906,-136.472412462641,293.5325569206137,198.95850565332825,338.9823370649213,4.504829931237452,3.7571033690658093,10124.691086742436,26.680811007832016,1.0
4662.0,28386.132221077485,50390.62883854613,-115.4841544028692,284.0101240079585,202.62403044276937,168.94728133102197,4.085124444695794,1.6672700650865149,4781.294135884744,31.19097760007753,1.0
4677.0,28975.634870625523,49395.51804428783,-150.17200726040306,300.36084012275046,197.06110730598985,524.4886736305266,3.8621652241044817,3.0695003691401213,NaN,18.261509740227623,2.0
4679.0,28974.462828406882,49421.85678328222,-190.98733724687565,320.2068751500761,191.00608722776872,204.14210387509524,4.67545988593152,2.2696594273385644,6917.161716877386,31.757996460456322,1.0
4681.0,28269.62447660789,50495.48317725319,44.2152076097925,225.159685597119,241.51041213645016,152.43698918591775,3.974001380643061,1.752911932620011,4835.132791075774,32.64226624582195,1.0
4682.0,28288.246702759672,50527.85567915332,8.930816526625016,238.41157422207118,233.12024358730594,477.22249166981646,4.323300841611728,3.5351833834756548,NaN,19.58893012563828,2.0
4687.0,28803.263814040743,50024.682082020976,-428.9449535714415,469.4551892301639,182.81334611546686,325.225674678658,4.3112828700518975,1.6754679808460087,3943.5077720045056,26.51948295871484,1.0
4695.0,27849.993008058846,50912.242022387014,-234.29076682252963,343.3926108778516,186.30323378741164,180.72985445702918,4.197859825297205,1.508092644501065,4257.49340301788,31.086831936945043,1.0
4699.0,28973.258260951585,49432.913870124394,-42.625138829479454,254.17775504586805,217.95407197601546,358.98625781340684,5.201594155100788,3.0682555056226404,9245.19297784142,22.541714917803485,1.0
4700.0,28953.39407667247,49374.539875079725,-160.96967802762597,305.4697157294732,195.34499768247133,1866.2418652391948,4.284831902832752,10.214920003493901,NaN,12.527755453707071,5.0
4703.0,28959.940951878125,49395.80845355913,-168.63463492486534,309.7627611537961,194.6653362790324,1675.3207783192365,4.488275766179134,9.460261377276257,NaN,13.156539904065102,5.0
4710.0,28957.65209695648,49400.69690406057,-135.4502597966634,293.0591806459917,199.12924437151764,283.4294476137359,4.7861938108562265,1.841900074675954,4603.94232855056,23.323846942057326,1.0
4728.0,28080.728154945074,50758.42044016432,-236.93395785352305,344.8651035638495,186.062453922676,167.73944603806896,4.319276958477382,1.6595944724356069,4332.837020943111,33.556150394422204,1.0
4743.0,28723.891968603122,50176.14397131761,-143.99421682785254,297.0463341416351,197.72656422046367,131.5601834395328,4.474646630113101,1.4688810095433453,3724.698760667143,35.7913535494081,1.0
4746.0,28948.77992934788,49412.352852061216,-133.0683826551158,292.03297187134166,199.58923944269156,961.3134651210257,4.730154499475325,9.15197707031071,NaN,19.709329258285216,3.0
4748.0,28573.301505799773,50182.18714065749,-240.48384241254968,346.8530711624186,185.7474566320476,210.25881464726038,6.234201019392502,6.216118222734216,19702.34892776067,61.17762209837229,1.0
4759.0,28977.67789774259,49402.8374740418,-120.90808493761942,286.4311724412675,201.64459207156284,158.77650103766965,3.9271312513244196,1.2074671469776954,2513.285076080559,30.144611234421216,1.0
4760.0,28954.410128360272,49385.48120072901,-130.22505975356032,291.6275896378928,200.80074347342028,1392.3493771920819,4.3061654039111135,9.468179400050571,NaN,14.904967169237226,5.0
4761.0,28924.64171237854,49364.36843631765,-168.89173349384063,309.0576782061479,193.95634999732624,264.15629267149666,3.9289457550437388,1.5474176952471417,3956.1299140791434,23.85489204933229,1.0
4761.0,30097.801650516776,47944.32171931784,-344.1288590635998,410.13375063236566,180.78411111454645,199.53493592338216,4.170771330995437,1.52675070540685,3799.4994662270096,32.125357267984036,1.0
4763.0,30161.776528821993,48001.074328677234,-345.247585611244,410.87205282156657,180.77519739285057,137.5762573881033,4.16910317252448,1.764888272664573,4428.964775429802,43.33390730243489,1.0
4765.0,30118.22563998102,48072.10544917457,-337.40978890265364,405.7243394195599,180.85771402337818,171.6576418834201,4.130982810790073,1.451363255781288,3980.085147245588,34.64055143433532,1.0
4768.0,30106.89168411858,48056.18763983672,-414.3726647515232,458.78050876897885,182.07465496511648,179.53933398255742,3.9389057334842126,1.558423821097645,4163.602911989778,37.362483029653475,1.0
4775.0,29027.129374104938,49459.75781294273,-153.69619230089754,301.6573593130999,196.201223666918,317.23644607339867,4.839001865931774,2.5900597480075014,6866.644473465345,24.11444126519861,1.0
4775.0,29027.317111931454,49459.769400364356,-155.4188242501942,302.4853482056301,195.93789139552644,317.6423579665791,4.831137877754478,2.5987635204513997,6836.781495032307,24.14415622320919,1.0
4776.0,28942.267035023506,49561.54936551039,61.40833094339554,220.2578938142995,246.85579272913554,325.77378631525335,5.250390355750132,3.271201836779322,9638.24848501798,24.443444769501767,1.0
4777.0,27620.562262020634,51112.71525908571,-589.9396361948119,600.71635286431,201.74491036484832,313.1891201502909,4.493353535357169,1.642590530516695,4091.5728897282693,33.5997769317295,1.0
4777.0,29198.943395731738,49665.98206931834,-302.39785970461196,383.4365578570962,181.79799139012894,245.33698013680925,4.5055226798603565,2.3763280112573235,6379.972760854651,31.145260097374265,1.0
4777.0,29192.204096513404,49664.621842079716,-283.1852484988357,371.69746754277304,182.71093930205328,239.4552551661677,4.5977942562290055,2.406659824923019,6545.79922415531,31.270532650739398,1.0
4778.0,29229.036220032533,49743.1096207704,-394.0124668815677,444.2013446836052,181.31358090236552,268.26732975739213,3.924518384207269,1.7220922594229873,4062.7409536626174,28.970187306391118,1.0
4779.0,29259.98747661646,49751.51690336133,-418.7011206006827,461.9303383836586,182.277175140913,253.71449425200387,4.340318680765617,1.9601033023478627,4724.114977314115,32.20292573938598,1.0
4780.0,28811.47023784645,50065.205276492474,26.66015212667747,230.45228620378313,236.2849487072632,376.1316685198013,4.734805747277653,4.246187994197174,12675.95313004045,24.91597601031467,1.0
4780.0,28939.77503088969,49949.21180037193,-852.7212748913159,867.4729655303333,275.07966556826796,707.5143172946287,4.1180213413675535,4.360422342253935,11860.825415684007,50.36781654676209,1.0
4781.0,29176.514087663156,49775.79477203703,-390.00634732031085,441.37874040137075,181.20102614208173,283.78327302474906,4.360283034549945,2.8887708225604727,8844.807084906966,33.79262766666536,1.0
4781.0,29179.66551878374,49776.16541067369,-385.4524744980222,438.18858368937475,181.08793560951082,276.14696476346455,4.543582176320474,2.843331630425157,8256.784480038717,34.01872541368847,1.0
4781.0,29177.90484330525,49776.2489909217,-370.4826009598768,427.8394383613534,180.82754354262664,270.4000221537649,4.617019199762859,2.833689429637731,8109.018975414372,33.85578848564666,1.0
4782.0,29235.14145540224,49722.7811712136,-318.027149628546,393.2429646823247,181.26281851122417,266.7183635555123,4.780426627421598,1.9603359717594608,5456.921852361487,27.92029063627859,1.0
4800.0,29215.919307610668,49755.589420508906,-312.740709288275,389.90027190159145,181.42300042007392,170.43622101915528,4.360059446884083,1.5603650073979176,4241.629278781626,34.710730481277075,1.0
4800.0,29211.174381392455,49767.45620031741,-315.1351944319824,391.85018781923736,181.70267938838936,1224.3112198260326,4.145047917654857,7.820608942318621,NaN,17.20730097166761,5.0
4803.0,29194.60602035399,49749.55677825797,-300.8849665077762,382.49953968426155,181.8596776233573,294.5751254301009,4.520928608184302,1.770616961500831,4137.367026948182,25.115982139305864,1.0
4805.0,29281.3856641914,49774.3768800056,-355.91796000813304,417.9828864179506,180.74588746615302,557.5330886414988,4.2261956827613005,3.173044374116968,NaN,20.839314173093754,2.0
4807.0,29207.577682990992,49788.10139938418,-343.1287046805264,409.63156714321167,180.91966126319667,611.8956717307856,3.950634054410026,3.4297157979967103,NaN,19.862614511640704,2.0
4809.0,29606.04297379159,48899.930572827674,25.165063458932647,230.9164635201738,235.85077135884598,207.33241807033224,4.892475635732893,4.138030933697307,12759.49314767137,39.403330552480334,1.0
4809.0,29242.268324254037,49799.54181764418,-325.93260057495996,398.9747369537397,181.6156903387785,1357.9523226752792,4.473209080593404,8.920492786483782,NaN,17.41417338920645,4.0
4810.0,29301.869852244814,49772.46106311983,-331.8325400325941,402.0965877429793,180.94494129326034,301.30558492523045,5.000007269894309,5.4831022124003015,15315.7120207946,44.69652154745456,1.0
4810.0,29658.472693670068,48836.148991102236,-121.0942928500671,286.5147815470572,201.6113652262507,362.86777371503484,5.026139861964275,4.538366081128367,14491.141920193922,27.81562288593112,1.0
4812.0,29252.005071766118,49763.19173901061,-329.6316409412809,400.67307269611524,180.9858861577357,228.22669582331937,3.9638597940066536,1.631148986445537,4236.883206258,29.614592069438164,1.0
4815.0,29189.255632711483,49826.29288480047,-338.1042029898622,406.1780782847066,180.8485130208045,207.75083210872327,4.4341879023633375,1.471614036616264,3583.3384549644097,30.848007142848857,1.0
4816.0,29065.546519442738,49803.22308758423,-229.1745028352496,340.5611149117981,186.78442416733395,122.34686280412093,3.67126317607638,1.2561770183014855,3185.203503268193,37.7678160970063,1.0
4822.0,28803.454006027903,50145.66410881121,-286.52285001265176,373.71179171966827,182.5321529119761,124.43823282382252,4.167293001032086,1.6045412195657611,4128.555119777558,42.20068325964198,1.0
4829.0,28736.867254069897,50092.177417868545,-121.33858792146592,287.1162694033056,201.96522176677303,591.500300005689,4.222624101232315,3.65433836091647,NaN,17.621042643678592,2.0
4835.0,28958.031994576577,49398.47685518486,-84.38212802303602,271.9370374815032,209.7029031801103,476.84722355559063,4.163692807834774,3.4904179632448793,NaN,19.85062348537487,2.0
4841.0,29216.062686001453,49787.13944007922,-424.05470086201774,465.85932316472486,182.55446481104605,464.21081203217,4.090822153794257,3.1734065380216974,NaN,25.732587539332965,2.0
4843.0,29138.806129527573,49790.25199917476,-439.32905439385996,477.1840748389427,183.4384806438345,253.90540929495225,4.125268692398163,1.4637757993597322,3779.695685806694,30.298136933309035,1.0
4852.0,28812.01661828511,50070.45141991353,-234.57555734873392,343.5509478646371,186.27703503713957,177.41822866012063,3.8440937463158815,1.2906582340911708,3250.3014518228583,30.355035843711775,1.0
4853.0,28769.177374870258,50109.90237310585,-133.97216882874278,292.37639408338066,199.37755048431936,406.5219259794857,3.9143902586381008,1.8391993417523675,4360.365695432492,18.77676946527782,1.0
4854.0,30937.623439556686,46562.39641328731,-458.36986603186307,491.6203221594354,184.798251202713,355.8720413567005,4.031864921225941,2.14041141815521,5725.589967298976,27.821909956495723,1.0
4855.0,28784.32515225,49988.79916726523,-89.49837492094343,272.7958477765476,207.6274855864718,234.73242604092516,5.081396847718626,2.526800626191799,7766.448950573596,28.504128694209324,1.0
4855.0,30981.331777093244,46567.478124995345,-343.1457712984408,409.48593734513565,180.79273145252867,260.8931930478499,4.214098539873781,1.7882049309699164,4419.251784565367,28.25200295074055,1.0
4856.0,28755.0831009083,50210.027617373686,-507.3300137084477,530.3104313309241,189.56330842798204,287.85888824689795,4.492856296612537,1.7934427219186178,4462.909892485573,32.31209247230996,1.0
4856.0,30954.465795079097,46533.910303738616,-320.1136128016504,394.56951886777966,181.20545938379854,315.7205234690712,4.061808500057066,1.6138951138587947,4028.9578958493234,23.988523144178767,1.0
4857.0,28453.647495663423,50459.1208466967,-522.5704589183765,542.8153340933096,191.4194245424996,293.9588737778006,4.145531334556042,2.1981514335678987,6346.3817091522105,35.12985299027948,1.0
4857.0,30903.901354811584,46551.21893662986,-301.69036977773135,382.9981016659034,181.82662123503678,297.35842768670824,4.063635914033123,1.6013198870272511,3656.818079331843,24.442989996022742,1.0
4858.0,27800.674318746187,51053.27931208033,-59.25106366879511,260.5444725889689,214.0996085274101,150.99109360312048,4.510303543520827,2.2602169626451896,6931.633275219143,36.80105551450756,1.0
4859.0,27864.310222951884,50723.117583599014,-338.9193831736547,406.71130746107815,180.8381807811379,221.1975978478555,4.261188387194787,1.6199900704560506,4476.977235211943,30.42045879532848,1.0
4861.0,28519.00745963373,50329.26334505504,-329.42776661347335,400.5414404000363,180.98986579221827,160.02369792197177,4.514370921238891,1.4099557771788294,3348.5033662611527,35.66417434848279,1.0
4862.0,28170.158688434898,50417.23747108304,-346.93214507034025,411.98600232604196,180.76357469364936,176.69640828590153,3.9817468116845256,1.41902268784377,3695.4362503489037,34.11988735009397,1.0
4869.0,28978.08654505113,49404.526719125155,-117.58618832449497,284.9451043051572,202.24179020154978,365.19867145704643,4.053576471026988,2.177913002578552,6184.264688459928,20.58604940740543,1.0
4870.0,29041.547086761573,49565.69188596726,-87.16344586862058,271.8193781537073,208.10226420275563,482.4974254139486,5.119439715429066,3.5040814598403163,8902.44494898936,19.610554847776903,1.0
4871.0,28997.189738275447,49511.82844983055,-59.63868707348365,260.6960182743545,214.01225700348888,463.48004359681516,5.091411284150841,3.7667573896402042,9439.30962082129,20.560229569670717,1.0
4872.0,28934.529908711593,49408.870305202756,878.07576676683,308.51348429980425,760.2493297767146,1124.3895809799988,4.1205484675235375,4.738320552354071,13972.508735672041,35.48330041925845,1.0
4872.0,28892.659511008835,50086.65911353053,858.8128882496744,299.18931471915926,742.2867857070943,1045.2087373869567,4.378423539001655,4.817395892567941,14585.415019045182,36.43934383406735,1.0
4872.0,28891.88211790271,49798.84678380889,562.6208328085008,199.8731948016302,501.69255203578865,574.7023421789871,5.482868488420162,5.097175137161279,15771.987152003361,32.14094874425836,1.0
4873.0,28866.209667902418,50005.65666473481,-158.9054667829107,304.1697786686469,195.41182241561626,460.31814414954795,5.253761980225443,3.77480492362173,9491.91771987135,21.627344291441307,1.0
4874.0,28933.129165890005,49958.75981469671,-196.7459248517902,323.18822454038093,190.2983062348205,407.4712288320965,5.036616022070777,3.896188527038291,9353.858420994027,24.598732655307153,1.0
4874.0,28945.615669797135,49952.24178889182,-213.88660920603283,332.24740982299414,188.34113109397052,406.1930890482314,5.146116492555205,3.9216800524527016,9300.496340817828,25.05646878977506,1.0
4875.0,28754.95802203561,50151.487645449844,-114.12852135542103,283.40935136116013,202.87232898376598,311.06165544867923,4.2709769269224385,1.9244599418223614,4320.635068940573,22.051378936390414,1.0
4876.0,29659.78656894354,48860.65370892646,-7.712660318467968,241.6567957762244,226.73362542219843,219.69404012111912,4.37022922136353,2.1326713570236673,6212.324424191456,27.441756065378172,1.0
4876.0,28759.676985426537,50113.770193241,-44.80844792459218,255.92439167991262,218.18378116914272,571.7984819890072,4.378821822723685,3.827144158953155,NaN,17.878055387049365,2.0
4879.0,30902.402481837664,46514.963594636145,-323.7257952038416,396.8758170997247,181.1140003214465,290.2455294496643,4.397070170946284,2.0360623437051277,4288.1616908723545,26.874321207353635,1.0
4890.0,29035.210053290368,49378.79929789702,-226.88601860634415,339.3025881630734,187.00611581648138,238.08398516965124,4.737217723301821,4.370009572406566,13964.236239102509,41.34115917817264,1.0
4890.0,29569.593748942192,48879.071585141945,135.75479912807367,202.27047524510175,272.56356546716904,245.67804398254623,5.011097133646141,3.8535775841201985,12587.961649655497,33.18858852884434,1.0
4891.0,28986.467093679632,49502.670814251156,3.165071029138761,237.9904762921277,229.6588819839079,530.7425580967351,6.17505359182161,5.197247337887743,18306.711077999058,21.372126134905372,1.0
4892.0,28904.360261980764,49593.54392620859,374.0735950670224,179.7452825183709,383.3637838567543,645.2255773211343,5.968415410547807,5.983837476097761,21622.732617775655,23.840742276601503,1.0
4892.0,28956.13162595252,49527.249822351274,40.89880895912481,226.13726783111707,240.50525450375392,561.4897429858044,7.252206609049508,6.865772895135512,26797.989725282256,24.045749170507502,1.0
4892.0,29632.28357357971,48924.66054938842,-115.23065831424574,283.8976510215504,202.67035447397905,345.7511904758097,6.3063920024783835,8.842893624861727,33680.16330108565,46.91652794698608,1.0
4893.0,28976.873634205323,49270.74782568525,1033.202969587308,396.35806269345306,915.2131228054506,1813.7959774128735,3.522730083318941,6.407293513852437,21116.634622963906,42.57584259996123,1.0
4893.0,28898.91736899808,49684.83692103389,425.79170548803074,181.92969704193888,413.1246009729266,676.6953519378566,6.9735965089518395,7.198341554786819,28856.063052156805,27.841459118256694,1.0
4893.0,29584.342671409035,48897.11056832584,-202.45797916544174,326.1763760860646,189.6212113224383,355.1243862638576,6.039671483037335,9.267233358760558,36134.82200667201,50.93377922295892,1.0
4894.0,28960.12105963865,49482.719798348546,10.500238907015364,235.5811619800899,231.68237303517094,530.3190191160171,6.49729045969201,7.061994755979184,27517.00153338895,25.77739904440218,1.0
4894.0,28985.98487450455,49152.015210647856,1027.9821081741468,393.0326028524826,909.6995361835184,1616.2293056143305,3.406224134205112,6.058970446363469,20161.650027711028,44.58819800543225,1.0
4894.0,29625.55191674408,48827.68288558424,-16.933556728605602,244.85206494411537,224.3245464445553,297.24771346104484,6.520640481627002,8.254515036174391,28459.692360199453,48.758770964641066,1.0
4895.0,28854.156502427817,49629.166417118744,650.6613669920995,220.75335291071988,566.2240836316073,610.288277686845,4.494289883395236,5.329317976068561,17630.013717094127,37.91636109913244,1.0
4895.0,28958.13748075512,49428.837582414446,-33.094096256383104,250.64549351273104,220.2586936358981,358.835659898838,5.951205099395195,6.820426287397237,25997.958662467652,35.50873549934062,1.0
4895.0,29670.68219562862,48870.549818598636,4.287096569761774,237.62639883208087,229.97201319390564,440.60574543814397,5.061433005030008,11.896212698872986,NaN,46.09465247765811,2.0
4896.0,28782.778622695514,50035.73129989496,59.13612267441172,220.88971901074794,246.13643919342408,416.0981899802299,5.525051769056568,5.244432919164269,16740.176510499405,25.899582415668924,1.0
4896.0,28833.443853052147,50060.533015447276,710.8747635279698,239.24294974686273,613.7605944988567,765.5077083227536,5.079443172426638,5.526689121374139,18649.775110713595,36.780008198676256,1.0
4897.0,28813.402590879865,49707.21288467932,602.4524455318398,208.4144671512691,530.1564313735236,583.8595717230193,5.0282061560538045,4.867518867089028,15172.159996494067,33.34619806795375,1.0
4897.0,28808.769872886023,49915.52918085609,718.2287025010914,241.7353923238443,619.7556275281975,736.0595576072611,4.611602487559384,4.753768157206503,14459.955731858037,34.85772726187159,1.0
4898.0,28781.813839795377,50091.58373101569,-98.4711384646989,276.59610584209076,205.84164813511032,379.6486921458492,5.5242150604584666,7.385808181789644,23200.148453359427,36.889483160776635,1.0
4898.0,28941.51954209593,49439.008933519595,-46.469685733412994,256.08649391928395,217.41554223296328,864.2652769106598,5.257089544438331,11.406087451469638,NaN,24.40758176254789,2.0
4899.0,28750.05172939604,50090.529511626955,-44.04744484885086,254.71221577666702,217.6160924361021,327.9871660321307,4.946199590174886,6.607051102482918,20714.740449211058,37.64336103165624,1.0
4900.0,28849.478346215696,49498.374700327346,848.8958711669326,294.5254394764287,733.1494809051744,733.6654030615427,3.8131577483523005,4.94640302594206,14289.168911722478,49.128326867777574,1.0
4900.0,28922.934627269617,49471.787206593064,-76.2795145587976,267.33554438222063,210.37019831985305,303.0863607172957,5.125972891146075,5.812771616476233,16601.265620573773,37.13578718321416,1.0
4901.0,28735.127563057507,50126.69273009823,-94.01996626460513,274.70139951169904,206.7198899938983,381.12090945581525,4.19762452876525,2.2642609849887596,5459.24218592982,20.055352672158588,1.0
4901.0,29582.924081813548,48719.36699339481,-18.480054048346524,245.39581598877976,223.92684907151047,172.5094450227584,4.230863758814367,1.5485050095207546,4116.973188987252,29.331199450239183,1.0
4902.0,28750.267328062226,50094.67643088607,-120.77354561019014,286.3707833635307,201.66861564429203,355.52086463464036,4.35691104672919,1.96956313520132,5260.658596840923,20.4871231275304,1.0
4903.0,28707.04578623931,50092.59962204719,-73.61921533326895,266.25657480252084,210.93826680249003,322.26261215088095,4.161152949172025,1.9412691619638667,4863.5284623410835,21.31902562769046,1.0
4904.0,28689.649495981077,50118.634007609326,-72.3098356371918,265.7279647171403,211.2198465546195,384.96209611211583,4.557405178842624,2.124369092316891,6015.487133345397,19.50339008055831,1.0
4905.0,28737.698119982237,50101.95672050452,-113.61766016476254,284.081333649756,203.6919287437949,1232.2901839980195,4.058350681540628,7.49689639036874,NaN,14.227044947804838,4.0
4909.0,28770.00200217521,50128.01409056902,-48.16905129999574,256.2717679635701,216.64539082203723,181.72045441424606,3.9398256731731975,1.4021911473108872,3227.3244458078875,27.96790274356939,1.0
4909.0,30969.533811068137,46496.2336987056,-352.7623321329753,415.8619909169022,180.7400437302703,201.99030264637315,3.8728807853216214,1.5741448709738257,4017.032505297425,32.422097908668135,1.0
4910.0,30999.023549585618,46509.14812391454,-421.3230655433609,463.846927677848,182.40679501835018,263.23221054200934,4.096696490033281,1.6356901843924052,4142.007141932432,29.827485461024775,1.0
4911.0,30945.6586442741,46519.15957679283,-323.8255456994782,396.9396801585839,181.11161576763337,265.27975814568,3.8643016742067684,1.6278372436399737,4392.688076597299,26.803853616568627,1.0
4912.0,28852.388067972734,50201.58247165332,-489.4141844916496,515.8904400867572,187.60771236394677,204.52749842623325,4.531978230430729,1.9002852873505116,5292.163520169785,40.661541932474435,1.0
4912.0,30955.825015039227,46546.67434450357,-412.771302083372,457.6196699246416,182.0033486346106,188.0579703456456,3.831347260866141,1.2475013432598583,3087.164572392347,34.074921452027866,1.0
4915.0,28716.32261113196,50103.917469657266,-43.28702899272409,254.4262365695493,217.7965966441845,206.9165237796426,4.328839061422676,1.6996981452979467,4312.438936161889,26.934554302922514,1.0
4915.0,30975.090174584406,46919.95845868248,-204.22397950667022,327.10645207653886,189.41690559032367,120.00667844533945,4.311619907719678,1.5570978407427916,4228.203898473776,40.104939412088626,1.0
4918.0,30942.87949061671,46542.876821113554,-345.33933073529533,411.12938391396915,180.93349844245498,541.6342305237804,4.0944494698136324,3.0113022348271743,NaN,20.64419256848006,2.0
4920.0,30978.93968816106,46534.563233466906,-441.73075568582374,478.9861398031808,183.59476690933104,363.1486107275112,4.217814852144343,1.6758987484314418,4042.2128794306086,25.151266746098138,1.0
4926.0,28734.574999427823,50152.39325234253,-23.57694794034031,247.2052401484557,222.63015110471162,640.4557583580533,4.51805371324798,4.261561820008382,NaN,17.056695267312968,2.0
4928.0,28764.103794455747,50166.01403117538,-184.19820118848307,316.7321545207863,191.8729926157031,288.48235743065464,4.106467741608147,1.8327890092210517,5762.880664316458,23.619905061104973,1.0
4929.0,28711.55090162343,50168.875876759346,-132.72050963637506,294.74413616055216,201.96858809128398,639.7117279673719,4.08300448352211,4.733438477265967,NaN,18.885993100162732,3.0
4933.0,28818.85477439972,50080.981548800024,-183.32991218954686,316.29089396690165,191.98639806060808,175.90685963091948,3.916829585347657,1.591072690780378,4434.073026770685,31.040983047660838,1.0
4933.0,28820.65973578757,50079.75975076523,-193.2950702599347,321.39788515644995,190.71941202537016,179.1344668720022,3.8388951442903174,1.6106427394068001,4515.673640269615,30.96842602324696,1.0
4934.0,30949.278320442787,46541.168821906635,-315.33486289907563,391.6436571326235,181.42768820239,895.2220597191654,4.384642446479254,4.682741860876721,NaN,16.739142766477194,3.0
4937.0,30925.5225120654,46533.65600199513,-329.2562160948591,400.49727702038047,181.0470367348571,584.3619438399772,4.276824433272958,3.382188482836346,NaN,20.092575976538512,2.0
4938.0,29660.656970093733,48686.144616340105,-33.667550227260186,251.6920692554691,220.7940737046572,2297.0067743162317,4.406023302640551,13.528576343383417,NaN,11.896313254203251,7.0
4939.0,30957.78045771639,46522.59140362885,-214.5406768165628,332.59858512388826,188.27088270385826,196.65615618626492,4.506557153102326,1.5213895737157068,3494.98273370352,29.170727887644055,1.0
4945.0,29636.773202740565,48648.553630670875,-50.830512025417,258.42165102017856,216.9421580570822,620.2815180135444,4.510503472999716,3.7888372462875335,NaN,16.89632106434479,2.0
4947.0,29646.681482289925,48680.358766754915,-72.03490576660654,265.80951364473174,211.43457272806754,1664.328958490099,4.396929706000197,9.647057396644131,NaN,12.657505133345875,5.0
4947.0,30932.36136616554,46563.70078462595,-341.5438156680778,408.96816948445394,181.24144734884354,823.1095181287742,4.085417187839265,4.784862283015307,NaN,18.51048233366404,3.0
4949.0,29656.551563390294,48657.229681835975,-106.8080660510868,280.1951094288651,204.23734943203522,402.6051091088401,4.160843917439635,1.8358722584216363,4223.88560179286,18.677814979262628,1.0
4951.0,30965.234628714,46590.422886325214,-325.149474110879,398.10218461757603,181.3344457918447,960.7784839143254,4.217123569262476,5.930165304468833,NaN,17.984739643787943,3.0
4953.0,29588.157868953534,48677.187695866334,26.179201742524484,230.6013759718866,236.14509370079162,206.5226824798421,4.461345394109167,1.7900598921502373,4498.308254833723,27.030285757564574,1.0
4954.0,30921.925869662053,46581.35827051442,-347.78330613933394,412.5815161036405,180.7841013156567,668.3579092379487,4.164851376504396,3.444219426498126,NaN,18.81033748366279,2.0
4959.0,30823.121958946675,46932.53804260348,-127.71822433690038,289.5102587121815,200.4465833688901,127.06821880359036,4.49675114697083,1.6448081742837666,3995.671747381275,37.65038922529567,1.0
4959.0,28965.853852588523,49382.60107955802,-156.1359398573983,303.56803741781226,196.42469144248514,831.1771412954622,4.130427090150583,4.016788978448739,NaN,14.75743554096408,2.0
4961.0,28905.610663574764,49368.560531945324,-134.61914286608018,292.6750025200111,199.2686597159509,127.41135160874425,4.737694117979074,2.9166796239269814,9390.935406371336,49.66485456613411,1.0
4961.0,30751.77988204599,46908.25041168777,-373.38527585395997,429.82963349232796,180.8646867633051,186.23780098842863,4.865792892407653,1.5344970986202622,3367.395502953825,34.64955794482887,1.0
4961.0,28771.19756020638,50202.45324735516,-136.36877451377674,293.72559123736573,199.17060750658183,751.3521524195471,4.185322481387844,6.121766219402729,NaN,18.821319786208765,3.0
4964.0,28783.17170651401,50178.9137148493,-177.81258657205387,313.50362582085376,192.72042959917528,277.01293353868783,4.165583545598496,1.6907600943710728,3946.1979523804944,23.70431220018964,1.0
4964.0,29657.373286650673,48704.199716994604,-58.74280152540082,260.345976543182,214.2143196835844,273.3323344660399,4.412591898606442,1.7707579200895123,4129.6627093045945,23.004039260851904,1.0
4965.0,29575.060588004584,48689.11249264758,-70.22718292686716,264.89050725760353,211.67040917693282,374.5495800884081,4.085854748204901,2.2002486232842027,5462.5557009357335,19.97868054931898,1.0
4966.0,29623.72788164309,48720.68356571561,68.9405260035941,218.19826210618245,249.26853420235577,140.0801356724521,3.9659606619671863,1.2415616891327537,3064.711826748576,31.52288047666077,1.0
4967.0,30915.3768459438,46598.84043317393,-318.16172816287576,393.3342388266565,181.26373364702883,450.7134133026966,4.141925208265796,3.3833085112676375,NaN,23.832208850562214,2.0
4969.0,30988.58377060895,46614.34891984356,-311.7201457336543,389.2579897258208,181.45637673180894,327.6145618791982,4.110991069120185,1.6710576979367675,4373.01732076038,23.45633358572586,1.0
4970.0,30956.96727952886,46616.433130011144,-345.4666534619706,411.01676455936246,180.77356359065945,380.88078186688625,4.2676902947264885,1.8051838425399422,3592.169200558671,22.43072328563797,1.0
4971.0,30925.999869964726,46614.29607639669,-426.45405338262253,467.61633371471726,182.67561152168315,147.3263425022229,3.918883737187013,1.3855062100286422,3620.513118685773,41.603522591265396,1.0
4974.0,28737.90179918297,50122.23408788875,-113.17718990606177,282.98878689148916,203.04741169299484,321.25174229370987,4.779036956070108,3.019520501714746,10257.094432479038,24.81971926991557,1.0
4975.0,28869.33286216982,50271.020051842934,926.810089832915,333.6657394858991,806.9565795327184,1041.847272480739,4.027413205443112,4.251456001702239,11626.259623590817,39.456771221918,1.0
4975.0,28763.898252470448,50105.042611651166,-45.91363701949293,255.59151379280988,217.31651548883826,1352.3270040433536,5.182567681408849,21.728135452285656,NaN,27.72186255584188,4.0
4976.0,28962.836801008736,49440.42850549579,-64.32694334382766,263.23789138434427,213.52869072990882,684.4350770393694,5.4193175052627325,10.504647248601746,NaN,28.416160288831964,2.0
4978.0,28934.24673348772,49477.57367887689,6.8919107849631995,236.7600152834176,230.6818496861894,339.5000203251665,4.902750372718872,6.31131427510451,19604.267398121472,34.85625156480775,1.0
4979.0,28799.585480295722,50062.86272058435,-54.69631588214838,258.77435741522424,215.1346057766757,260.93507111584813,5.348694244904604,5.901592631885108,18258.56038791545,42.411018561938704,1.0
4979.0,28993.368168651854,49444.1008503947,-72.08545042333023,265.63754036307296,211.26823133172866,365.1206268248466,5.378162024084166,4.544281051400182,13778.78000624848,27.08154462770712,1.0
4980.0,28749.608974483966,50092.46650158499,75.6179747036094,216.41709386086657,251.44363564195027,363.93980547055287,5.249182242746695,6.117547661698128,19710.889751397655,32.013562943354025,1.0
4980.0,28838.438608625478,50130.27725603201,858.5518588626036,299.065366747041,742.045318974028,963.9782888340038,4.367379354135077,4.915372663008552,13287.347835161818,39.541458585467645,1.0
4981.0,28887.475029402187,49270.67995557842,930.893755309532,335.87505820309116,810.9525765183204,940.5413619791342,4.064616235060795,3.6374411631434524,9688.37248995794,39.18580046548092,1.0
4981.0,28959.97576718696,49445.32009625472,-78.24540441617843,268.17824142106093,209.9870748571341,1056.915007745551,4.904844955808617,9.765568461146708,NaN,18.481546689327455,3.0
4984.0,28939.139363442337,49479.70478791599,-184.9134779775269,317.09618902814464,191.78000339199883,467.3504350813606,4.882686850389417,2.183664905882761,5316.312816711313,18.29898137581867,1.0
4984.0,30911.02978751281,46583.37874544007,-324.3138157020378,398.47640285035345,182.08922154780606,468.8571059072694,4.153005585786982,3.095567307707064,NaN,22.626535908688332,2.0
4985.0,30946.186890243753,46601.69341147898,-408.26004400445447,454.36242987651383,181.81297660783923,311.896823974392,3.9697755658681846,1.7695645217076386,4827.081732856949,26.95064885532573,1.0
4986.0,27428.232861349414,50972.17758216521,-487.74308417864523,514.5608475109095,187.43777640803276,245.6006415153545,4.839056922175289,2.094705308044932,5863.3690028158435,37.106939531592204,1.0
4986.0,28833.335638418648,50182.673260626216,-302.6897559722032,383.6175937042655,181.78629044445273,154.14388991727108,5.918907713876964,2.930195021118438,8727.820029602377,49.30602510795854,1.0
4986.0,29004.977536431987,49412.60906944421,-158.6904118644032,304.06555183638784,195.4440020747901,140.2302685893739,5.26634915590793,3.0387736080067804,9494.84663745886,47.85772194351175,1.0
4987.0,30883.65591783884,46579.31933513209,-350.5664830464942,414.39839739643224,180.74586534987137,226.4580834103097,4.094808000913003,1.553312395069949,3898.478186532858,29.985342327091768,1.0
4987.0,28970.897892573386,49384.09523607317,-150.43958929735766,300.1057529322488,196.71011270558975,941.9566634860589,4.550643136165376,7.1882058582874695,NaN,17.388587354646223,3.0
4989.0,30865.05532106378,46947.99030041739,-97.29877612668446,276.0952602786243,206.07149722551057,137.4008488658942,3.9384116083887437,1.3284572578966973,3374.147408304784,33.256385506739974,1.0
4990.0,28941.8950814421,49391.80626935964,-129.08695476638002,290.134384755435,200.21006827120866,300.64885738548713,3.9627551603059237,1.4386985688251046,3506.8742790784327,21.469329790699735,1.0
4992.0,31087.6546228687,46914.89515362593,-413.3471431164092,458.0368226199842,182.02876496697445,225.83036540058413,4.031228693531551,1.5126390246666963,3841.013451074626,31.894286415845457,1.0
4993.0,30714.455164217903,46898.115968299324,-433.1496653926921,472.572505066792,183.05657384519742,186.76384308138282,4.662865828334208,1.8401524032879448,4934.752845499343,39.545563759644075,1.0
4994.0,30780.044899158085,46880.44291066897,-527.6525546884768,547.033930451063,192.077722313216,206.18584270644297,4.452999632961033,1.595999600104778,3780.6192204295576,39.99484381266141,1.0
4995.0,30854.151287312692,46739.25170673399,-488.98903544093275,515.5519251592041,187.56427666018075,301.61013667940847,4.794609978646785,2.2073803526805293,5956.056420182724,32.86001612501398,1.0
4996.0,30953.29646488753,46634.86594258863,-336.63900667211294,405.22123314618375,180.86835724304254,200.5110225818434,4.090291691768836,1.3959360987969167,3585.1650574113887,31.09625198264228,1.0
5010.0,30832.925772140654,46938.79214614829,-413.8437016696668,458.396792316039,182.05088486086873,152.73273963216892,4.182646574368223,1.5642766903680432,4223.538573327607,41.67273404425328,1.0
5011.0,30737.370676465634,46905.44389879866,-545.7879491596531,562.2864695210695,194.58729373546427,173.1863818320557,4.0731454698225225,1.4772105328342633,3735.7605809087477,45.013410873124975,1.0
5018.0,30971.876750149546,46928.9004876403,-379.64894053726294,434.1513350179373,180.9667158173082,144.00139504572653,4.075808907346001,1.5698098079923613,3961.9635506918435,41.69679714345112,1.0
5021.0,27870.084140857558,50614.99763593989,-294.6589775767674,378.666159628574,182.13189395606267,197.0763346764122,5.129855340316549,2.2312153985618677,6525.074674904259,35.16086368263066,1.0
5022.0,28348.825917617472,50432.108647077475,-313.269889957163,390.23369351018107,181.40600669536786,202.0084872454858,4.741246215747527,1.7527875462408622,4667.009692433045,32.20576474789522,1.0
5023.0,28605.529649916865,50106.543685063945,-482.23814508951983,510.1995294922987,186.89302619511128,234.9367631404422,4.299518316297081,1.732676645522065,4724.728161432537,35.31515046032221,1.0
5024.0,28915.934107459605,49761.72135887859,-223.74891892845312,337.5853999809112,187.31650083006815,237.14246659216224,5.067106826001119,2.586721513831995,7109.744327020896,30.862842530747432,1.0
5025.0,28833.709786103424,49949.02162227879,-240.1812595561969,346.6831587234798,185.77393176458065,207.0739383692841,4.327097941450383,1.6624087155824658,4363.98184350915,29.38690805405218,1.0
5027.0,27499.895118354973,50886.99114261885,-431.3829359742425,471.26064514485483,182.95273350932393,224.47146441982719,4.417782471779035,1.7758189673645934,4762.590435985953,34.335400781847945,1.0
5028.0,27549.240446134565,50886.65142197904,-416.7201454826983,460.6029426049565,182.27675251251043,431.21984222410674,4.649814634660132,4.277947123471427,NaN,31.485021913261082,2.0
5031.0,27493.246137844846,50850.85723749398,-436.7703368352864,475.2701805870039,183.2768132366464,199.2959063688129,4.259995484826693,1.6500047309597696,4693.002854347726,36.515399763260156,1.0
5038.0,29618.296630003555,48760.619915428186,-56.041429755826876,259.2950744241766,214.8273039660972,319.1586974213276,4.460372432245709,1.6951678116088644,4806.303154474477,20.783088636000663,1.0
5039.0,29578.334625711977,48764.91808142273,-105.81748473719543,279.7640499672604,204.42519685647352,322.6308079872702,4.699997682956882,1.934178364266113,5359.745173533886,21.520176479007077,1.0
5040.0,29648.777753279162,48767.31939652908,-42.59104222209755,254.16496595878812,217.96219320227704,298.0566632113369,4.998333757606874,1.8398837034586748,4377.311504446888,21.918469679517028,1.0
5041.0,29664.385715471188,48796.493590816506,-88.51127074952637,272.3824125311453,207.82769390740145,403.730913260517,4.558060293093425,2.0481257801418455,4665.0716356509465,18.903596379324775,1.0
5042.0,29700.446421305,48818.9310855137,44.32682870543584,225.12696321411374,241.54438885465964,342.6395567373909,4.506284527075481,2.0029568837413407,5095.496517362141,20.282209660716344,1.0
5043.0,29659.30042460724,48857.357106121075,65.06953328051883,219.25007848980056,248.02316261502565,112.52964701253846,4.16156448671423,1.7361301588671132,4856.26816497293,39.91391838519602,1.0
5058.0,27579.452489318286,50833.82798509351,-342.266863544339,408.90754591132617,180.80106187032504,152.30838756995996,4.436507641296911,1.558087277086832,4356.516840801355,38.45037637115175,1.0
5058.0,30736.24698130218,46985.944015295,-588.8502928303292,599.7460639378023,201.55043738830102,212.02244477076184,4.551437711435015,1.7047209717540153,3731.4655903129637,44.31278356634504,1.0
5059.0,27502.44128618646,50898.18264677048,-440.71469306129416,478.2230952122544,183.52811203678067,168.9205600553731,4.032691582681264,1.4983685576936772,3960.267748096406,39.68021321072006,1.0
5059.0,29685.04798338595,48818.48792751761,-41.079455362402534,253.59909576793774,218.3231175281956,99.4452968958882,4.216824175475488,1.419155493079132,3851.885827473178,40.92175873189955,1.0
5060.0,27470.646989740733,50872.44492171318,-449.8446935967508,485.1144891673876,184.1552787942989,208.84992173123572,4.207876429301838,1.516816961096546,3813.064933245681,35.05714666450358,1.0
5060.0,31064.09787650799,46591.04906924645,-314.77621541068333,391.18423180743815,181.35880200050204,164.25557374940186,4.019370842158767,1.3588979182426135,3157.88747196499,34.27471958053005,1.0
5060.0,29654.607471014,48787.92442861218,-25.641918902888023,247.96901870216254,222.12961576755876,705.0697896456481,4.141904247459628,3.9840448877947265,NaN,15.587177333512155,2.0
5061.0,29679.22748989682,48755.649163378905,-101.92403014795077,278.078747788966,205.17077232129216,348.39840129835017,4.6315471753224635,2.345414272757067,5129.8457249745325,21.47808908249048,1.0
5061.0,30994.22700405371,46601.51064126068,-339.20140390114443,406.8959299747941,180.83472413644378,328.22845769300113,4.180700057101514,1.8968964278992337,4614.636463289744,24.722416157588885,1.0
5063.0,27525.463037795416,50884.163994492206,-517.9472391176312,538.9988024032818,190.83766385806814,250.35801643814764,4.15842082419488,1.9593064175986104,5265.685321567378,37.261484224275364,1.0
5063.0,29695.60937805998,48807.10836584762,-62.50492725585055,261.82100421040826,213.36989922268393,384.7780219767014,4.318386736514975,1.7835873713063601,3998.7407427661583,18.823981599052125,1.0
5064.0,27564.55738403603,50870.9460556276,-476.69501028324316,505.83682615990347,186.3678321131593,211.7755639244405,3.7639582407515695,1.6474650477177686,4044.2998041583874,36.933314833365664,1.0
5065.0,29678.983154629783,48779.1272069488,2.6512239769937644,238.82355285262898,230.05398730049524,1027.4260715364762,4.124730132696249,5.47809450695407,NaN,13.530809477223105,3.0
5066.0,29677.08308129752,48742.24511693451,30.16728026696092,229.37170666130723,237.31011207541997,373.54336025876705,4.304270225873175,2.178311504843985,5694.469311146124,19.610215792422263,1.0
5068.0,29711.73147907157,48803.78133418725,-4.654996562952408,240.61494155885646,227.54678581974227,373.7395946456557,4.245499785092121,1.9815965486168212,4377.656147062231,19.285802635904684,1.0
5073.0,28873.280213163474,49784.707510401335,-382.68792829191744,436.261456147795,181.02699051698062,258.0455179936184,4.325799905564163,1.7273881283732897,4945.50288445156,29.35589416687592,1.0
5090.0,28131.965440512115,50422.45641562248,-298.28454821154145,380.89400063350365,181.9697820977548,213.9831622836062,4.617639658610128,1.963601391450328,5170.605835819503,31.731759074215308,1.0
5092.0,28380.91012950886,50304.60545045633,-148.1934111321322,299.03117586600314,197.05756362675075,238.79558862495207,5.229728596103957,2.277008212087821,6613.058741396458,27.84048286748538,1.0
5092.0,29652.604351646252,48853.18959832282,-42.16786425755849,254.0063299750858,218.0630606616186,265.2294328232033,4.272641164900219,2.0584516648926368,5268.3545136595985,24.20105805595306,1.0
5093.0,27806.72950755192,50985.02939244391,-121.93488654665147,286.89262299803335,201.46169900675733,224.58770325508328,4.10167207264493,1.4713658555539917,3583.7982702830896,25.471333573133098,1.0
5093.0,29699.335536261297,48824.16730206859,-85.64128775332695,271.3482401080493,208.54546913213517,928.6857717670003,4.039505703595439,5.53980172282504,NaN,14.914097401846904,3.0
5094.0,29712.278134664604,48854.09023883697,-74.14578416395312,266.46961189883854,210.82539750215514,328.3529269265974,4.074807141973859,1.8440092212923018,4340.722730588995,20.86043525168131,1.0
5095.0,30808.728125712976,46865.91764843423,-476.5826517206192,505.7486943920982,186.35742863841386,234.0247075862258,4.4989354340835375,1.5057763651607705,3572.7395940993033,33.64477939833706,1.0
5097.0,29728.982375753116,48784.46977005016,-70.25503783948975,264.9441082738522,211.69864901388058,638.5940004107056,4.250643304471886,3.73418488869019,NaN,16.490406659057815,2.0
5098.0,30766.85286343085,46871.54129006282,-708.268514856079,712.7757245490476,228.25382111653008,294.86075046652473,4.681803526739433,1.9545862942126209,5285.043816785665,45.95088246542897,1.0
5109.0,27690.294617339558,51068.466518792775,-263.961159689391,360.29976469049717,183.90599424377245,337.25948071668836,4.423420218033201,1.8100400458570585,4680.601731306212,22.557950085391237,1.0
5110.0,27721.38132415407,50975.58992567466,-281.5286176470827,370.7015513375668,182.8028332403584,269.8335816544092,4.053267038386646,1.8848578986223152,4854.25869451109,26.53097314472302,1.0
5111.0,28169.267157137263,50570.27143488573,-465.53008272291396,497.13746872222885,185.38107401453195,259.6547310032247,4.4727001410657925,1.7982408006738155,5005.658259745291,32.70143219113758,1.0
5112.0,27769.234275473736,50974.26136842456,-140.2223944695941,295.2776751206366,198.33893380449393,207.04664643661937,4.48069378956356,1.8763784027002255,5246.012823623187,28.62877584783966,1.0
5113.0,27706.210664338094,50833.17640352381,-179.05590853492637,314.1292274142149,192.55299168796876,213.53608338350602,4.2654403757298285,1.5027559332419484,3746.2555335967,27.086413818461097,1.0
5114.0,27742.978269376912,51047.8098374475,-344.8609528987783,410.6167615850981,180.7781701249233,263.3163521555022,4.01336533658017,1.7640410929316745,4721.443565624804,28.028974090799828,1.0
5116.0,28312.623026184603,50561.37288447314,-327.5708992410878,399.34435059100537,181.0275700084017,156.4216044513072,4.1767323977764965,1.2123657189200572,2845.708870589498,34.78138358099658,1.0
5130.0,29621.84331060242,48827.12414937372,-83.8038614404768,270.42341711202386,208.79268361029892,166.0818923119115,4.038148245101711,1.5069492480729791,4216.532540050993,30.334742546575338,1.0
5131.0,30801.52547720089,46863.36789123618,-656.9179930345643,662.5242620227664,215.43932508779588,229.84814979830205,4.147663729057061,1.6699780352144862,4140.508560532795,46.65773067172481,1.0
5131.0,29556.354163603726,48803.322712556575,8.703792800387138,237.31077563158146,232.10773737319727,692.6509281815961,4.425442923843044,4.16166403055845,NaN,16.02193518008631,2.0
5132.0,30732.041508827017,46936.937879483885,-540.1649731052156,557.5241644760614,193.78237816872382,235.0612227928003,4.828204283274037,2.127001435065367,5791.577982360441,41.84548808076062,1.0
5132.0,29566.88798283111,48774.29132154624,19.62687787925887,232.6560500999925,234.25875868303348,678.2221521591935,4.4315651193733085,4.402949756124073,NaN,16.489755410476683,2.0
5136.0,28764.635894136645,50230.951656879835,-285.1325808582819,372.8714537539058,182.60559429173205,150.57224878430148,4.462830197253221,1.8355990881453317,5373.367050489959,38.89430375810174,1.0
5136.0,29571.01138430134,48799.83776227744,-4.082724323459429,240.4883963639712,227.75429367195235,542.6246182882428,4.394810987394934,4.132316900709588,NaN,18.865568381678617,2.0
5138.0,29571.76662110905,48753.03746763122,-7.710102096825021,241.68726578261342,226.7596347086657,1053.9428423141162,4.31459223648639,5.781523250240975,NaN,13.564542362073743,3.0
5139.0,28931.135698570095,50169.092854671064,-362.3807009101746,422.3264758022614,180.7578435911834,167.0414888374112,4.199233231215738,1.7888004907503545,5063.342501176863,38.768505371932896,1.0
5140.0,29573.33828347866,48798.19403675276,-36.85341275417755,252.3583287902922,219.6079793283031,620.7687683567386,4.42003484504864,3.705176648121203,NaN,16.6289866468574,2.0
5154.0,28406.371289490027,50426.451634533136,-293.88888510607205,378.19454920821494,182.167617344505,243.6731980948608,4.754935096610434,1.9067871677200503,5226.09600939753,28.727664234134213,1.0
5155.0,29573.14185883063,48758.506841411756,-112.79456941686709,283.13764679098773,203.3748294728645,699.4502171392837,4.333419541307198,5.874129600375923,NaN,19.213093612002755,3.0
5157.0,29567.942663912974,48789.5246799999,-44.52535878952831,254.89222996003284,217.5028728147665,236.98934185753532,4.895559388032932,2.565728158796167,7924.197733471596,28.067555245872214,1.0
5159.0,29610.100373689067,48761.86234821422,-93.1253316202115,274.69883246957716,207.2020890751401,871.9722328820519,4.199845329169668,5.12160007768327,NaN,15.146214595241712,3.0
5160.0,29618.21198927195,48719.29391777136,-3.09683051383549,240.0874104359265,227.96390779566696,248.04617605825266,3.9954270402832397,1.6659426856506145,4331.556009832641,23.817232924528618,1.0
5163.0,29670.226311469058,48819.99621838622,-78.98787463404939,268.44096083263446,209.79748725381143,909.8812270558487,4.555305488879389,5.00716443542917,NaN,14.457827510462316,2.0
5164.0,32451.551634434458,49686.34621555399,190.45124201529683,192.36516743042327,294.1662066054481,122.10253492383461,3.7806116340325326,1.373208263606009,3528.0540466981497,35.98531885388048,1.0
5165.0,29611.450410617163,48830.45880506402,-170.92803268267173,310.06591275910887,193.6688933668498,138.70455770391206,4.177762413151246,1.5353099672401962,4284.935590813743,35.541224446506305,1.0
5186.0,27622.25496029022,51108.70826795044,-364.899672546175,424.03388682788886,180.77415529548463,227.77269414072668,3.842347363900795,1.736849871508981,4848.491709322265,31.26394902281367,1.0
5186.0,27624.81211974598,51108.41132082902,-377.7745271742411,432.8541785555461,180.9330484329641,225.70004539473146,3.9555964102484373,1.763510543065665,5111.692249783733,32.04135258978273,1.0
5187.0,28710.17787222512,50123.451267453784,-303.1330223735535,383.8926638833705,181.76864585357225,292.6099505970297,4.836728857425911,1.5438869170981224,3567.835894503044,24.531261059919725,1.0
5188.0,29580.196067743396,48802.04013911448,-61.41377133259257,261.39769704854143,213.61845363565453,692.04229015952,4.168133655016241,3.9650844971459964,NaN,15.9019978538215,2.0
5190.0,29631.964189996204,48779.15291866484,-78.05819680205137,268.0606687395789,209.99339500466166,385.4705960087376,4.193868305031569,1.8813457755575917,4345.465370647757,19.0593936860172,1.0
5221.0,29608.551926633023,48799.73512308513,-85.74637989532683,271.47173766230077,208.58838703393096,1828.8124800131363,4.171803577061403,11.13984585929202,NaN,12.865331286223109,6.0
5224.0,31022.505538022524,46824.67032807824,-170.01989704297876,309.61578371636756,193.79670103436735,123.84540870854914,4.5097684091107935,1.5713728583435929,4482.676905218387,38.559630966672,1.0
5230.0,29611.65482373466,48824.43217435162,-16.167929714080195,244.58370387580723,224.52210969180086,310.60345761135414,4.140505900292231,1.6944238400675542,4121.359373719957,20.942273572739968,1.0
5249.0,28192.545557199515,50847.2789737258,-492.3410522554336,518.2255155703497,187.91047666969658,219.23374106052844,3.76789199848096,1.5089920808944004,3939.9096727116043,35.85558766534301,1.0
5250.0,29634.44645535457,48742.39337777023,8.851519497030145,236.11828096433302,231.22398220500415,123.64944393106236,3.6073522795667015,1.4704264717745905,4807.918341358705,35.56814517931725,1.0
5251.0,29565.284032509222,48798.65224581278,-75.90235942751023,267.18217102253374,210.45040622999238,266.9949555964042,3.862280761881634,1.4717927847725447,3911.2120871578163,22.647244180236388,1.0
5253.0,27400.053395628565,51031.743431150266,-253.80694339141692,354.6930869877945,184.87149484542374,1066.61574949475,4.038158092797218,6.658670114830418,NaN,16.40941246930646,3.0
5256.0,27972.189107518996,50581.17569743088,-112.16664448654036,282.54297990908833,203.23414757676048,417.4202300240229,5.411252446638888,6.856056074830527,21143.121688997384,32.33462305606161,1.0
5256.0,27471.14454988599,51012.933080709496,-308.48380908469255,387.2451739006581,181.58156653691188,898.1437050980937,4.807619806335042,10.551899047163412,NaN,27.310851283937097,2.0
5257.0,28049.17446648571,50447.12082207629,-218.79596889353923,334.8931431910748,187.82181480649623,226.9830980969087,5.124779705839994,5.495639137863795,16053.549477605018,50.58059439291803,1.0
5258.0,27395.906489453017,51028.03072278874,-276.9720864188637,367.97565155140654,183.0663734414075,274.3911511044182,3.7285763591058685,1.579681047232654,3653.108157825355,25.083033384854257,1.0
5262.0,29678.627555378545,48827.76242107273,-18.930518172151253,245.55462407551866,223.81135045867896,158.01953965328093,3.914289195094684,1.3192874227117497,3139.3007099936885,29.865651317047366,1.0
5263.0,29650.269542272123,48827.65416693631,-54.68135112480126,258.8911469611236,215.23709042773896,1305.3729482256037,4.073929142625045,7.028118091327264,NaN,12.829772216862532,4.0
5266.0,29606.05607145503,48824.93638734014,-152.04462693254143,300.8661563761381,196.4558157356714,354.39593866525865,4.192629157980618,2.0541092398087453,5826.154943395098,21.00755535867272,1.0
5267.0,27432.79542001155,51047.14889379754,-285.6986707199854,373.308892377858,182.6526832010174,777.060616164305,3.8763087671098204,3.4550640516264304,NaN,16.051009546017113,2.0
5268.0,27478.12159380352,51039.147984277995,-338.75572807477977,406.60420640775857,180.8402144459779,364.8987417892941,4.0607224968197455,1.9327459139383882,3676.948162421757,23.239373975162998,1.0
5270.0,27400.8698816177,51049.408469850445,-270.33029747225856,364.2763739214005,183.67204159393577,3690.0090264885594,4.098872171735432,18.212735469162343,NaN,11.430536697730373,10.0
5275.0,27458.62308321798,51052.89414359883,-329.3958011380694,400.5208053142668,180.99049263212171,382.2948938339223,4.024733393427962,2.119100040952305,4639.2669698362015,22.89953535973476,1.0
5279.0,27433.160229669313,51041.28686724857,-256.55693893438024,356.0028650285554,184.44140204332444,457.0093365006658,4.128613960950327,2.1312857349478387,5133.798605202515,19.32045640126259,1.0
5284.0,27952.71460859775,50641.021890024786,-107.60162994236781,280.54110274048566,204.08740261836826,293.83509829678945,4.1852833324695515,2.110388746498089,4828.132776194474,23.309707802357217,1.0
5285.0,27568.021739592128,51000.84715898875,-298.9191466447447,381.28522345552364,181.94243716377804,295.0187845787826,4.308686036002724,3.3679960881835713,9484.521235365313,31.900404197382727,1.0
5285.0,27865.125071386192,50770.97280756162,-21.829020980462797,246.58104857836477,223.0718756841197,223.76309442496296,4.770612749759521,3.7472995398904874,10650.854898661137,35.09766290146561,1.0
5286.0,27412.820004384652,51043.120661624846,-329.069191773041,400.31002017665924,180.99694203662594,203.56248136557934,3.481515508317187,1.5189671693474704,3919.4386576750244,31.22621898838304,1.0
5292.0,29272.06754239176,49164.68146087278,-339.8165249361553,407.2988740233376,180.82739506231007,194.17195274553907,4.282920863745682,1.4410649796172372,3641.4205598170615,32.061886132945865,1.0
5293.0,29329.942848041897,48853.927114761536,-199.09738630364836,324.41462047192596,190.0165577660075,203.02870099276672,4.629139654788609,2.0263384081147824,5847.060488368023,30.73418133330081,1.0
5297.0,28251.99468037863,50210.09480370699,-336.3224409833517,405.02201281192146,180.8787160743121,583.649819188975,3.8946309396590086,3.3876378057239815,NaN,20.26380873654001,2.0
5299.0,28105.645820742066,50342.03395349646,-298.85056091460746,381.2429228175157,181.94537773984578,450.2036004891883,3.9489066039593816,1.7909257918368537,4096.24020113277,19.46812382568403,1.0
5300.0,28087.55200623236,50448.35917439539,-161.13089645225324,305.2508987864123,195.0808906409325,361.30860417362214,3.857845779898387,1.7690374806267812,4465.384695341419,20.23453805385902,1.0
5306.0,27961.600393557455,50860.03000729963,-112.15957404195935,282.53986414086415,203.23545684624506,395.4185785186014,4.442521150525325,1.944933659709735,4396.707233952605,19.109276066663224,1.0
5307.0,27971.088309941933,50951.62049802734,-127.32246780574457,289.3301273362278,200.51523574758662,332.10964110065675,3.979662507729709,1.7487305070031591,3968.618605836715,20.902569176133483,1.0
5308.0,28121.997701716824,50955.25678320547,-243.71893917982547,348.67510431770995,185.4687559519368,303.72768538160426,3.955879130107406,1.63666878908989,3865.980776546766,23.19969436946239,1.0
5309.0,28156.81763693359,50856.706287278765,-178.37197533870122,313.7849127524932,192.64495104611328,421.90759694460854,3.5421517162374068,1.900502866067456,4541.370715403775,18.86941155490316,1.0
5310.0,28094.904322245056,50786.70849229129,-77.3106876648354,267.7555644792486,210.15145667764838,430.11287785401396,3.932707273366929,1.8185404709709723,4391.027243688375,17.775337353484474,1.0
5310.0,28094.804060738898,50786.71638010111,-75.94337411707336,267.198843496312,210.4416785643325,426.4033483956738,4.033656970211166,1.7973254848563351,4220.57910262184,17.825187252380044,1.0
5311.0,28032.083837749273,50754.01459597375,-110.42833388798728,281.77836883599423,203.55718596312332,337.7635815894374,4.0702946914570015,2.0195260009427365,4646.867722086266,21.164561199167043,1.0
5312.0,28093.11512734677,50747.43777589783,-84.25910699769416,270.611955500716,208.6986234676093,373.53909413289665,3.920165718266826,1.6343157099039762,3696.7148055712696,19.010181147916477,1.0
5313.0,28059.17573454061,50734.05617441893,-69.9297675841932,264.7712470556822,211.73502196454336,415.6354568804704,3.8568861012053737,1.7477419064500421,4846.200490762085,17.983024761878124,1.0
5314.0,28023.06583033953,50850.1961770137,-121.75549366159473,286.81193112446863,201.49359439424174,370.0347425437005,3.9186990350854156,1.9287466850799915,4975.1983432429,19.923021192044725,1.0
5315.0,28118.66864129757,50925.53273483975,-230.3897416342064,341.231429736999,186.66832315847336,243.64088093735026,3.9406031483225146,1.398863375254264,3391.8878191498716,25.45261899371443,1.0
5320.0,31104.898227558795,46586.224732571834,-103.42236290763702,278.72561687208486,204.88248224453346,139.54937737311573,4.972064109456341,1.7689185121816426,4913.022517253736,35.864569437452005,1.0
5321.0,30717.402655133104,47266.21407460524,-364.21934652177987,423.5721579945579,180.76927316951011,194.77606632245863,4.685307218961002,1.491430562782023,3492.278736155279,33.078489989961824,1.0
5322.0,29657.573628858274,48833.42416424156,-144.53912352782058,297.30295741796317,197.6389928734452,301.47350178520537,4.269703907838079,1.8903604864132273,4118.794336606177,22.68410848243521,1.0
5323.0,29656.471857349028,48784.072747218284,-230.72292433600106,341.4154535809786,186.63668826618596,174.46840267043544,4.592040081260353,1.8269014712152587,4796.1940809542275,33.57192644564914,1.0
5342.0,27991.344704342773,50488.10952814564,-275.0821042758782,366.8507331350109,183.18032867250753,412.70784734715755,4.000270401425566,1.487979421764954,3357.0698570887216,19.545107921386546,1.0
5342.0,30901.33164808994,46629.901079403855,-242.0954320546064,347.7594980678357,185.60762264340931,117.9068717320594,4.060310274916158,1.3387190925415178,3451.7161176239856,39.71371030446042,1.0
5343.0,27972.363721491056,50527.94297804607,-275.0337896727406,366.82202041207836,183.18327745430494,236.20034561410245,3.6140273161695933,1.5547079733957692,3116.600385383821,27.33910198826287,1.0
5344.0,27891.694423625293,50485.160430222,-299.15793347095354,381.4325311915965,181.932227275533,183.52496209335592,3.685150463002276,1.4394219593232005,3615.85306345386,32.00217986855478,1.0
5346.0,28238.609735408445,50658.92678905677,-267.97303633081367,362.6495764620871,183.63334285218522,201.71815876784711,4.494571287365847,1.922900541233885,5386.769284741871,31.91754975642253,1.0
5347.0,29682.527777783733,48821.171455200354,13.6149070368775,234.8446880578099,232.7731851220143,739.7750100324005,4.101414934478851,4.289060998379682,NaN,15.408478051042485,2.0
5349.0,28829.182182303422,50044.38319584915,-382.44698834154354,436.0938416237858,181.021954871228,190.51462561013548,4.408634333763192,3.670533229656062,10181.090377280945,53.195614166495766,1.0
5349.0,29698.650150407273,48830.083995323184,10.831885887604756,235.6552182357452,231.92174543932455,2318.5253133069136,4.1618578074307395,14.734094038013044,NaN,12.32392736737771,7.0
5350.0,28832.677922593703,49886.975893802046,-287.27278292608526,374.1658399239882,182.49314907156048,194.49741756704506,4.81408662947372,5.4102040240986735,13774.520996751731,61.769224186418015,1.0
5352.0,29730.05143575639,48845.14394675612,5.410723055839485,237.24747890575637,230.2740159914255,400.00263878326206,4.2680102083851565,2.267930919155256,6032.750405160907,19.01882301636374,1.0
5361.0,27446.648492072683,51064.12223194535,-425.93562402366376,467.7492036650833,183.063621481772,506.82296039016546,3.975636203856926,3.022102762147637,NaN,23.807108118861937,2.0
5363.0,27393.148881662026,51119.93497729862,-482.1394404740963,510.12159101466017,186.88346947982333,263.1628602984946,4.194525389202656,1.7184778998420904,4528.08630506582,32.6631217095031,1.0
5364.0,27397.960063072915,51182.29843152934,-614.7151857940405,623.0863290527602,206.412101887533,325.51231757959744,4.335029845731907,1.7944653360340248,4644.567329835246,35.06804420944264,1.0
5365.0,27447.246819692667,51148.188459321194,-376.76149410828,432.97698047267806,181.58065522178305,431.42413107424886,4.374766507356463,3.104326138217476,NaN,25.400511394736164,2.0
5374.0,28107.88740825982,50734.345281938426,-510.8399701526577,533.1709641125328,189.97509279370803,438.9452283519467,4.687249438166682,2.1039787607822222,5608.3111719681865,25.877820137303157,1.0
5374.0,29667.08468258224,48829.199657765676,-40.62576534362467,253.42967502015762,218.4317856678036,237.88910477216982,4.222544594419711,1.6666126173188107,4460.191880657427,24.595136367071774,1.0
5375.0,28184.70718423257,50666.26080989169,-574.6614014991013,587.2100914002424,199.09999664875318,550.395735468518,4.910970646826597,2.5796873292820344,6683.993573632069,26.217279679457647,1.0
5376.0,28081.753416828342,50878.39653572691,-412.35886763890403,457.32108496415833,181.98530001818298,336.93653721885755,4.965145648393039,1.8974282822439015,5251.926655433786,26.268692249085635,1.0
5378.0,30568.048059959823,47696.00961544276,-142.167007047618,296.1878551583399,198.0218646674508,171.3682003254943,4.535436175568972,1.8550970149937651,5413.688298151934,32.32974425292086,1.0
5379.0,30535.75634104362,47566.196979030006,-169.7087485662161,309.46173787400375,193.84063548782083,218.61064349298772,4.79421506619365,1.8834922550436712,5367.2336317321615,28.098454191619812,1.0
5395.0,29669.395685075877,48813.495527092855,-93.55332379090564,274.5038483803616,206.8128356922157,189.16266125191967,3.89462316545856,1.4774838689759766,4152.9641477472705,27.96624341471724,1.0
5405.0,29669.4660477907,48880.627761658165,-52.96168679862595,258.1053711664328,215.53293103902075,138.562097643541,4.617280699134692,1.7968908979610394,4847.856289717176,35.607240910785706,1.0
5406.0,28636.898377238766,50265.75383345158,-161.8019568378895,305.5778183214821,194.98184148453794,157.75898126358743,5.2102152020702475,1.9966597150888363,5997.304411138796,35.49037593633563,1.0
5407.0,28808.68358035922,50361.59943327162,-506.86951230870085,529.9359955130677,189.50997960418496,157.63018262580135,4.538896672552524,1.8824558926984056,5303.403921766447,50.25932455794186,1.0
5407.0,30066.888231477984,48388.39277324558,-247.06572897363253,350.5704303191689,185.18882685334776,239.06797296571767,4.25388460530443,1.8352061689983667,5274.095068571747,27.6910645379921,1.0
5408.0,28545.492872905976,50392.814493426544,-624.2925438821339,631.8889069471959,208.34164355421996,244.44950569004718,4.5556273722239204,1.961998710884667,5148.504489092542,45.24041062215113,1.0
5414.0,28410.049759631987,50379.44057802632,-428.3220663129046,468.99480697650716,182.77846012278894,264.97362628303904,4.058694205276918,1.7391198898356188,4767.342696130874,30.467925422776677,1.0
5415.0,28197.872626563083,50544.116803827295,-345.32206130109995,410.92124486028786,180.77463785176877,266.1986713475083,4.249915286994303,1.7247972094832411,4149.723338989128,27.6835595961093,1.0
5416.0,28519.077894704114,50410.182536392334,-302.8527877527406,383.71874198034715,181.7797834186167,240.50367496982668,4.338316057491678,1.697114845191319,4899.30977122053,28.25622151447089,1.0
5417.0,28319.312639153068,50289.08632338649,-370.1424976913409,427.606769370547,180.8236117636334,185.34520281407765,4.300907917320704,1.7274346429532386,4719.44878680057,35.970260834919436,1.0
5418.0,28116.300860261486,50636.85879147344,-58.317909917309514,261.0851056452009,215.04164840379303,1277.1205616133016,5.058752922676344,9.804120767691193,NaN,15.79545332308695,3.0
5420.0,29074.72213179614,49600.97346689085,-193.85080841592193,321.6854492950482,190.6509825385049,266.0984304216162,6.125915717025597,4.274209298129844,13669.171372169145,36.11380496519107,1.0
5421.0,28083.131975084492,50676.32167962916,-0.32620145960059693,239.15504405776764,228.71017695151355,147.13773772524624,3.820964884442618,1.4692977888832557,4527.96101634024,31.88200557454927,1.0
5426.0,29622.267527251646,48771.3997671117,-41.75133051940002,253.85034961856948,218.16247770172095,227.16758437071684,3.9177484215725302,1.6155927025730892,4045.482321800758,25.13232333896554,1.0
5431.0,30742.569369702174,47131.2564050707,27.32975201401113,230.24508024423238,236.4799544486424,288.73262806703855,4.075235460565577,1.594104705164558,3359.582204114046,21.523581863712472,1.0
5432.0,30742.692020930543,47071.21094395719,105.57763337905342,208.94308079989554,261.6209004238175,111.30824332199634,4.0343616130181434,1.439726943156786,4076.34921383802,37.865392426504414,1.0
5435.0,28635.02864004655,49875.01226042005,-388.55294129737536,440.3584508927689,181.16321526676055,255.53850649492261,4.154991059846196,1.6697255704300609,3605.0548962662933,29.452777669133052,1.0
5435.0,30736.20847902581,47588.31623997038,-215.67795901184888,333.2101636482889,188.14951223914096,167.8308789863585,4.189645974656994,1.3221302929840757,3190.83528777913,31.16521195789781,1.0
5447.0,28217.182753303354,50563.19249663941,-251.04387451624265,352.83703993695497,184.8671941389354,164.52559126102628,4.490335138630139,1.510486685772427,3524.421884891669,33.40611258480965,1.0
5447.0,29641.580621436467,48821.26240157608,-120.2296174973637,286.1268107836201,201.76588100132858,372.51308194988195,4.832844464451752,2.0212904124184004,5290.6372864999885,20.02083389453384,1.0
5448.0,28012.453783844143,50639.69115082055,-380.24302144180746,434.5631502417958,180.9779452397162,252.63193968040326,4.69987724880453,1.6766904384997507,4040.8473081475663,29.435233169275804,1.0
5450.0,27816.95717235578,51041.263784709074,-292.2007557547056,377.16268275011714,182.24750831045264,226.39803170848862,4.089786575314428,1.691971873782463,4580.7072715728245,29.06542691418125,1.0
5450.0,29623.208117749695,48549.46024512973,-236.65951204772787,344.7119062983766,186.08720667748383,213.21440827845802,4.317235835269495,1.4981037560804866,4033.096525754377,28.066655496101095,1.0
5452.0,27861.935187094787,50990.363179448235,-171.99728854340472,310.59690002151643,193.5192159000742,192.12307800139763,5.188084247990118,3.1548514950693143,10038.678349450835,38.41492097200843,1.0
5453.0,28084.60639482022,50689.83291816373,-97.02612083629865,275.97896483032906,206.12510315918684,435.8029958497086,5.742713273108463,3.065807496007939,9756.42584646378,20.107298592916734,1.0
5455.0,30776.865603130234,47187.43831923944,89.32598816521083,212.89232531444182,256.01534410497766,420.8377360860599,4.3296432801765965,2.023642700490947,4596.1730913330075,17.995940660746488,1.0
5456.0,27743.646812100065,50984.17476744527,-376.355151152119,431.87412743264,180.9093356834339,292.85551421275716,4.424836843553692,1.915111671286263,5187.420202699969,27.681493337692167,1.0
5457.0,30799.375877018578,47161.545440432135,-21.47172124065441,246.4540926566046,223.1626850887409,213.05977059691025,3.8733189623649475,1.5694086075603526,4166.002149623126,25.860918059226922,1.0
5465.0,29644.70341569792,48812.21601279924,124.19972143954729,204.72401078161323,268.29153751027746,306.19923015674163,4.222065602551758,1.882460406060086,4670.245223462081,21.55736181635078,1.0
5466.0,28097.272564536863,50673.34059074188,136.11873783097855,202.19524398746324,272.69977016492095,195.21837744565056,4.3236276431784635,1.3968737616628026,3469.9189744794394,26.667699440977252,1.0
5466.0,29674.3945354887,48799.2066430886,138.47763350958778,201.71065543918778,273.5850384464509,161.39858459531195,3.9862089602075783,1.5200739961420175,3935.9993185150515,30.514101123835733,1.0
5467.0,28116.594377809222,50655.85381979056,-37.615035384383425,253.68243184968162,220.2657872202517,2330.20375159716,4.031510383114349,11.364145382661894,NaN,10.622272227114745,6.0
5472.0,28110.044248155937,50622.82718769158,-73.65729793029305,266.2719733348809,210.93009676190562,316.7254726700441,4.248641501614896,1.6677758126999294,3580.983778452076,20.917208142781394,1.0
5474.0,28148.81128239905,50669.990863691695,-33.63556122093115,250.84386860308572,220.12591174802733,297.8990856730931,4.13016197500254,1.9799635570325245,5092.88391484145,22.240833041286617,1.0
5475.0,28089.055589455835,50672.575177397455,22.93295829442186,231.6133836220431,235.20573278407025,323.7999926583878,4.118155609957158,1.7804473708040178,4419.534396668218,20.52148117524264,1.0
5492.0,29322.97879915675,49206.13877258378,-537.142001221455,554.9762219878971,193.35960626657422,291.49269893771293,4.4518085124988565,1.5789525161693099,3798.170280998316,32.172162046427765,1.0
5495.0,28087.682868821095,50619.035324087505,31.536461070496046,228.95299706050542,237.71287935999348,315.90495996354844,4.772413994439094,1.7552310728727947,4051.9045598213665,20.757549781255836,1.0
5496.0,28103.262476609947,50663.4556480644,-42.912550841438566,254.29588933470984,217.89396416717437,795.6622052153907,4.118374549278345,3.6644799773738463,NaN,14.082446182547535,2.0
5498.0,28080.967014419166,50642.448558262215,39.01094522418494,226.69839015135972,239.93681115841883,308.4226283925736,3.959614499465334,1.9373773920566077,4862.885112113741,21.46997687271773,1.0
5503.0,28745.341927597477,50304.08515164091,-479.00251411032565,507.6494179707075,186.58361562728643,409.61260879485224,5.037669195181061,2.302102115556753,5497.76238900204,26.683342426967283,1.0
5504.0,28593.03734951382,50210.33359784367,-644.0560937131673,650.3270603817796,212.54435134014997,513.5824059422987,4.6195723548160075,2.181273344304932,5481.177859742073,28.969521727054193,1.0
5505.0,28533.443275552912,50331.3286424246,-485.8503498095219,513.0580947267702,187.2478725805777,282.1471796677039,4.567981818067193,1.6972074031701907,4374.811940587982,31.25148701185494,1.0
5506.0,28856.78619538267,49956.91527867507,-378.38736490801733,433.27791813359335,180.94376134826592,231.12281598583883,4.320226072228978,1.5442662925078576,3966.675007935794,30.410624715780898,1.0
5507.0,28651.358508208097,50407.059560886584,-514.2222733303781,535.938454054507,190.38078393430402,322.6162306128638,5.132660119299206,2.511641403612441,6496.547597380099,34.386301417410394,1.0
5508.0,27994.384026596148,50849.82435062995,-343.4700519793999,409.69952387654155,180.78980654668362,171.16636744457918,4.040823087316277,1.3525441799099345,2967.7553518740265,34.26574256534849,1.0
5509.0,28097.93187524588,50724.01413219679,-326.8031223686325,398.8503284651141,181.04392780346177,212.0538116046782,4.261212572068649,1.5871856910794455,4128.176157556474,30.71826244179349,1.0
5514.0,28127.04535256672,50696.45122185641,-18.055296781590435,246.5836269039379,225.11670967599244,858.6552300263136,4.079383722206818,4.703135765468891,NaN,14.546123340269357,3.0
5532.0,28133.058580349993,50740.76521459357,-51.44598589272808,257.52314080445797,215.88286077485557,195.9542461284601,3.79339218881329,1.5185945543357686,3924.1967108652602,27.192090082064528,1.0
5533.0,28113.828716893862,50702.50813011953,-84.59382009959285,272.83290483525934,210.31231237392964,1181.635122091241,4.0853958471507505,7.900801573432314,NaN,15.023256016913875,4.0
5534.0,31246.03918261204,46656.85431973325,-323.30100944887647,396.6039624303664,181.12423980627597,246.8312857888668,4.122239142114162,1.6791726406898548,3943.0002874971156,28.234495095401556,1.0
5535.0,28096.864943774162,50659.743659684915,95.67539107438881,211.31973827844075,258.1814374736413,349.5777603717335,4.6032775981864535,2.3601945193090184,6809.083958806726,20.87427390018108,1.0
5536.0,30751.10300853828,47453.38385171962,-120.76781024445421,286.3682093770398,201.66964006758536,233.78347542445997,4.963501815552651,2.0514888734571053,5306.1118575434575,26.93008026915388,1.0
5549.0,28108.18645539529,50667.27448635937,-62.68673471969561,261.89262408254825,213.32936521591398,120.16375474071116,3.821801274928945,1.3200667279877036,3213.2299900805087,35.692279264614626,1.0
5555.0,29799.56882117514,48455.622592401916,-577.0738690234026,589.3281256733495,199.50580734247805,266.2347722757678,4.000459125764189,1.5809337304271796,4282.643191391551,36.21255783910731,1.0
5556.0,27389.163756543414,51016.355845259015,-307.60793072598733,386.6799575876553,181.59890466044118,158.27623903093038,3.899468472851112,1.5471292817098827,3623.685583691134,36.16159857401349,1.0
5563.0,27836.000201520714,50839.64971894277,-356.9506530658584,418.66622902416253,180.7391285532795,198.90314059426842,4.232955706572415,1.9907600397883394,5042.535684128623,35.58247234551909,1.0
5565.0,29977.52341883855,48289.37227685346,-245.8567491712208,349.8845523515323,185.28896237528238,150.25239080269057,4.21123750939322,1.3750020929724982,3241.1537789430204,34.37566854275861,1.0
5572.0,28082.680059814207,50708.020372042665,1.1650180988171026,238.65621850934755,229.11425876298546,230.12310086912302,3.7733780335486258,1.5965505236315785,4298.909756335658,24.68807454568131,1.0
5578.0,28115.999525148713,50762.30321499361,-131.52017481231533,291.24826826167674,199.79313563428147,111.57835945414648,3.8896656019028484,1.4808536028216783,4115.744642078081,39.71759100146662,1.0
5579.0,28127.32963151755,50681.63556606784,-52.22664790200064,257.8227480935305,215.70241075214926,174.1550062088062,3.692572201774417,1.4769717958484994,3197.648503067818,29.049026025646388,1.0
5587.0,28167.887076272746,50736.43353890795,-41.12791255977261,253.64461995413888,218.3336778327361,556.0597741644705,3.9626023051266612,3.653196508851569,NaN,17.814053705418427,2.0
5588.0,30075.294282886123,48076.09091564851,-304.81870286406667,384.9404096307229,181.70291341012376,194.64583340365124,3.9490543300397563,1.5779723209418153,4090.4687908152396,31.742108834327496,1.0
5589.0,28147.979321216342,50711.76802392453,35.892622262672255,227.63259766148997,239.0038201342972,277.0983272622162,4.011876898593174,1.7112056870024017,4610.58874449793,22.326914144006174,1.0
5589.0,30167.1672245299,48232.61305770325,-747.067519261034,752.3935011986068,239.2688945439848,311.6793800285091,4.11578981828703,2.0531967341272703,5760.684630456556,48.70122779646929,1.0
5592.0,27447.319226576827,51025.616143820924,-353.14887626640314,416.120103823258,180.73939929440928,178.1145465664515,3.596256964383316,1.3311488067063217,3252.378547309392,33.611496785630465,1.0
5595.0,27456.380291569138,51046.17471054051,-377.52056122958095,432.6786805307897,180.9286927799441,174.63396110283404,3.5389563172947747,1.466147963615891,4408.607538994723,35.801878129570476,1.0
5603.0,28654.37581260869,50332.20734500454,-507.00664043753665,530.3458324963021,189.7669628821417,669.3713259580436,4.135852633729882,5.126591772999587,NaN,28.54829412002524,3.0
5620.0,28107.743051427195,50683.89862647429,-56.071423973516836,259.30670515564935,214.82046726840716,215.70785728959405,4.122405808490252,1.7375662769203648,5008.8265763053,26.47316944561435,1.0
5624.0,28651.90172417341,50357.08011303307,-475.9520684890236,505.25429864409443,186.29922035688006,202.07222555643872,4.366875692334675,1.5464705647546193,3647.171693916595,37.27890150122628,1.0
5628.0,29375.769733395136,49110.053583401736,-325.2835256648539,401.20835538648635,183.77215100139273,388.6055997852304,4.348008466619786,3.2452808421272312,NaN,26.67576259035336,2.0
5632.0,28109.241556205045,50670.19251052487,-48.450405291168344,256.38225420947623,216.58238146669913,592.8868526592114,4.012375459286163,3.227202955507213,NaN,16.429950440751295,2.0
5634.0,30286.579811941112,48217.64719465581,-352.9307722351672,415.9744486283998,180.73974891271533,224.96066318921123,4.1530926538346025,1.530623738031503,4061.1513501661343,30.069167166660602,1.0
5656.0,28801.872537493102,50387.85723088266,-365.33772767966565,424.3314204094205,180.77748552869807,143.81879628842864,3.850892970096548,1.3045729769595615,3375.6154919699707,38.72787597583402,1.0
5657.0,28729.634183215327,50364.78617228196,-297.7595462550503,380.5706298601163,181.99263648462775,145.23540985998275,4.152840719172608,1.846767641704966,6136.446424630949,40.46252211318164,1.0
5658.0,28068.434724191255,50665.92186481032,-13.928942556652618,243.80208509888055,225.10242386348358,365.57357595499013,4.159272667801228,1.921535762145166,4780.858848931795,19.453249540323775,1.0
5659.0,28678.19626934878,50407.91943110948,-282.5934882170997,371.34142209734074,182.74352435037505,208.66133203997188,4.197597184411628,1.9234129372369257,4995.210383284902,31.59781785330077,1.0
5660.0,28759.29429595418,50371.5712922211,-321.5730696860195,395.49986829101533,181.16730931377407,274.4282521887543,3.9483293268275816,2.036200504307772,4247.547704779953,27.82084127067604,1.0
5677.0,28592.40979568272,50417.70240810753,-450.73051468086686,485.787296973157,184.2195092252172,194.3613840284679,4.560304669580069,1.6715252809121057,4678.698219066862,37.98066608725986,1.0
5678.0,28703.155432745432,50376.25365585758,-605.4861061486152,614.685692273922,204.61886487774285,241.38379429964857,4.179189158800738,1.73441153580991,4515.482639137302,41.88335890864292,1.0
5692.0,28701.33137609508,50413.35982268795,-301.6543495319317,382.97579129046335,181.82808906374015,146.35056208803715,3.7752213192990354,1.4512247418938085,3451.225358785835,37.12275924829426,1.0
5693.0,28802.333375157705,50379.47519839078,-342.98938237644234,409.82221022906447,181.14914688769144,687.666628769402,4.02201914989723,4.472649231511392,NaN,20.49031811752316,3.0
5696.0,28849.24645224247,50377.56405662385,-338.48749021151076,406.4287177220514,180.84359185620218,271.0153234344869,3.8675661314430605,1.7224456287130117,4282.9783934758325,27.18363516144305,1.0
5697.0,28750.87125436716,50388.83594494475,-309.70101142835506,387.99016023329693,181.52474882160354,263.36140722347335,3.856540056138295,1.8848870688301536,4446.503420228151,27.613269604461692,1.0
5713.0,27335.02597639501,51054.15301183328,-353.0404540149323,416.04769119057784,180.7395685626352,393.09089477410134,3.969529485414085,1.6372123508919876,4520.365160745553,21.750767388616314,1.0
5714.0,27368.376122031135,51069.508593512684,-384.95058725559215,437.9768090797453,181.18846483306692,733.7660059985825,4.0315114660276725,3.558267284307023,NaN,18.62534290590154,2.0
5722.0,29287.404512378274,49540.840069301354,-465.2446786995462,496.91663182555504,185.35709522015804,215.82642054454845,4.2711575474924555,1.5760322882643525,4249.632069337885,35.40683548201767,1.0
5725.0,28779.694531405996,50259.04918801779,-195.0659523461247,322.50153540398884,190.65273872469584,660.020837251479,4.173997003095487,5.6825627973167405,NaN,20.757405519310204,3.0
5726.0,28762.887429039623,50286.83935808983,-230.56640039211007,341.3289890627787,186.65153929983646,295.9986736117706,4.498357059576098,2.3431459009837505,5993.416737662677,25.63820427016888,1.0
5730.0,28820.01322872463,50240.51371201713,-114.14298008196187,283.41574985704835,202.86967332577424,275.3172695324819,4.5325343250594194,3.181486551059637,10164.901585698419,28.38921361099809,1.0
5730.0,29327.443641983722,49530.443253206955,-413.8849874537397,458.4267320481842,182.052732455083,220.87938613022692,4.77897852734526,4.391401778296018,13361.934196629725,55.973771182454335,1.0
5731.0,28748.954444286584,50221.027044896786,-223.2047737596077,337.28848984184685,187.37110191019295,265.5289909762146,4.798988228765411,2.260031039835039,6883.8430417192685,27.090313519291513,1.0
5733.0,31046.16222919916,46779.19833595369,26.28364809123344,230.5689801155533,236.17545054926728,409.62522686130995,4.740217973058661,1.8476184973703114,4125.359498988186,17.99102983492116,1.0
5740.0,28718.517343212166,50397.457596687775,-388.7028733847262,440.80410387869756,181.44221254259378,681.5329019771438,4.406434790885528,6.092470462446027,NaN,26.031737158752062,3.0
5741.0,28783.055291850476,50406.78769185647,-449.6996040334223,485.0043597972085,184.1448154200033,199.4377350196109,4.490125207404374,1.8224804014343663,5196.4570318191,38.475158279704885,1.0
5742.0,27420.20494465852,51013.95628323256,-367.5877394438132,425.8625137162955,180.7968954853748,373.8144721200498,4.445449116010462,2.46729150228376,6069.023581058031,25.306725162027014,1.0
5742.0,31024.443371472535,46825.776596916054,-1.0280629814592288,239.39054842984035,228.52057721513526,165.55399781473596,3.943975206551983,1.359343635610439,3589.7702369218896,29.137874122871256,1.0
5743.0,27387.21037808573,51022.4368857064,-352.9190578314113,415.96662673306366,180.73976871662924,400.3496539259538,4.599381543256916,2.076838242063195,5428.690752221177,22.63633801096351,1.0
5743.0,31083.875066329547,46832.04241377519,-200.92267226597366,325.3701861876069,189.80075986015493,313.0169404422981,4.530627076204855,1.9316918188503913,4705.362378465764,22.960902075826063,1.0
5743.0,28679.39322394578,50429.57333799237,-408.080441699148,457.1577394164889,184.1692412641059,481.2369364796388,4.463655091680836,5.625359427444743,NaN,34.46005732143172,2.0
5744.0,31051.331081577555,46795.2456958784,48.833722259041544,224.5154352914879,243.48980066098414,659.8354764955064,4.48670847967723,3.809271321883922,NaN,15.968733732186577,2.0
5746.0,28743.947109498808,50386.033015668094,-350.02237379788244,414.03643662669043,180.74787597133272,184.33299338212805,4.012412731324281,1.3740897930072802,3293.1197373549962,33.05554832015008,1.0
5747.0,28792.518192965053,50392.10603534233,-391.77162923936544,442.62064550619806,181.24911566299778,214.64650545180461,4.597194686607334,2.105033789577214,6050.200236330036,35.92886383584717,1.0
5748.0,28740.34290579634,50315.89940257859,-171.8445236288607,310.5209716932148,193.5405470160309,239.33772963735134,5.4507358826071295,3.1273934424190015,9743.290298022108,32.28678032037643,1.0
5748.0,28805.73170945124,50056.169331165955,382.20926101484986,179.92172537054012,387.910285064244,264.31872762700755,5.4958749182100135,2.943306923974597,8506.541366520412,32.503380329786935,1.0
5749.0,28647.473684147666,50416.143198797334,-402.37117487090035,450.1393978816299,181.58780771442738,356.3917494515687,4.630944702190116,2.178478524102493,6362.741193921579,26.078989698104344,1.0
5752.0,29306.77548833562,49535.3631158215,-478.6574789552473,507.37806647953823,186.551092052789,252.32912197670117,4.3495039530905695,1.4701099397697404,3344.601078552911,31.957197850167642,1.0
5755.0,29155.57750347749,49683.99457649796,-452.5271445371228,487.1541638468934,184.35161835148125,180.89016723186785,4.31146520879515,1.3092586127955743,2979.2652361437827,37.0078506046176,1.0
5756.0,28754.415656515954,49956.33667767597,-340.8138371149001,407.95293620924224,180.81612500422497,200.6857926979044,4.2951567851381505,1.6457571418304888,4377.709086275946,32.58497105654,1.0
5757.0,29057.585089379434,49603.755967939804,-245.39664053967172,349.623885793725,185.32736417791915,258.3294228614416,4.489976884153802,1.8871071370338677,5294.127522971286,26.526245277133423,1.0
5760.0,28703.085635666714,50408.75839668126,-399.2900858803961,447.9429152314247,181.48052926222772,217.91823188897075,3.7924073991250316,1.4942926756928507,4033.4375244504904,32.00540338366216,1.0
5761.0,28746.44965604878,50421.02418272504,-381.4908668215854,435.42923690077674,181.00240805351095,230.18642636483108,3.8985551611324163,1.4169422632140571,3745.9829919264234,29.96110898238607,1.0
5762.0,28756.47625777462,50384.53041423079,-326.07713303913164,398.383705649401,181.05980853062798,221.72568447857813,3.9805638613063055,1.513311984527851,3666.3458127875956,29.494743163373297,1.0
5763.0,28850.58357920822,50393.79209238766,-436.44660468453617,475.02847227018907,183.25671444711287,212.0538959055831,4.170500003530709,1.6892483403634626,4512.776765240898,35.296788624523465,1.0
5765.0,28656.565830654567,50371.4317875224,-302.7989076046367,383.68531085323406,181.78193167560934,227.42282937939183,3.8672488322852883,1.5329133407941045,4107.877709116474,28.531483054310087,1.0
5766.0,28801.365427673158,50370.808070627725,-385.71121683072624,438.3693182851258,181.09393772424045,262.96903097711237,4.243502559586616,1.4695412402335173,3824.4388602525173,27.967668173215376,1.0
5767.0,28703.522251431055,50428.89684156363,-455.3680412081999,489.32171557146114,184.56553434963908,298.92904787253593,4.335979853109576,1.6594431331755783,3926.8954152279975,28.782359619745158,1.0
5768.0,30934.289103223142,46628.37987403705,-284.45197959968976,372.4607338858798,182.64208432029702,191.7458867530389,3.9349620887260888,1.7047509537044643,4263.00868170361,32.197207946733485,1.0
5768.0,28755.847151595022,50404.072355094766,-327.7607147408351,399.5424156156192,181.08488850645185,719.1669335879758,4.172655139097116,4.783213618061855,NaN,20.09044797430648,3.0
5771.0,28811.426839368596,50405.41668503039,-391.02926310954666,442.0980205718216,181.2286028857058,264.7300941353744,4.060550743349657,1.4511584833949698,3557.119671898846,27.933808224014125,1.0
5771.0,31016.404026739634,46635.18890777904,-404.8950339609814,451.9453059458855,181.68107470458344,251.1014627070739,4.234964478100383,1.3667196258593108,2969.67263757113,28.90283681322499,1.0
5772.0,30977.960029020207,46616.65285755931,-334.60614950725045,403.8987168293426,180.89996218891554,852.1364962954849,4.22132273688341,3.9673163218446548,NaN,16.54708379538611,2.0
5788.0,31000.772917602702,46704.66407545319,-149.74942381161043,299.77088196273974,196.81307762752073,178.4016655051465,4.00261550387023,1.3055922708190684,3172.7661717119204,28.90168502074408,1.0
5789.0,31062.003849271765,46756.90288718866,123.76246746214974,204.8193270861368,268.13187844358885,336.3967032881122,4.3928675138820354,1.685198365946683,4044.030608973458,19.970232908680167,1.0
5796.0,29232.95689955128,49019.20316814533,90.23009312905795,212.66608002820485,256.32190278593635,105.41211858723459,3.6198359285135635,1.2645429234430388,3314.2254855579454,37.74783151254399,1.0
5813.0,28725.657461249582,50419.733790817074,-346.6141214911414,411.7754977975218,180.76560331203765,263.01209301039444,4.438254834950372,1.6783728126131454,4173.2589815790925,27.73453774987488,1.0
5816.0,28808.587445024074,50336.43612735663,-185.30019416126544,317.29320613049396,191.72989092336226,170.2467502834332,3.926036822102745,1.391853702886587,3485.8546020580193,30.685244045656642,1.0
5817.0,28765.75325340437,50330.628948431644,-162.02967639163307,305.68885263600805,194.94830784939936,317.44959907495644,3.8330834051648255,1.363746604234338,3500.531589468792,20.963324964903478,1.0
5834.0,28723.569631305614,50396.66105584245,-360.9871123876505,421.3844435885793,180.75089702452553,164.14811557941184,3.7219044327684885,1.4373684635171375,3380.248786449826,36.4029982686798,1.0
5835.0,28794.77009034756,50408.37532330981,-261.03694670708666,358.5965759631981,184.11245553934654,294.35675660747046,4.1836109201198965,1.5920800622625129,3583.7133972613806,23.80048640479692,1.0
5848.0,31100.326359358576,46748.14962101338,-20.549251110698762,246.24319218630572,223.49158599161797,724.4217497913559,3.988684249103592,5.197637443690885,NaN,17.009051777990166,3.0
5857.0,28656.802553395664,50399.899304695384,-358.130095548403,419.45889513258635,180.74128325048443,151.47808810455464,3.687299780783219,1.5145193166077007,4437.001149923312,38.87049847421524,1.0
5858.0,28716.34883045036,50364.73708303187,-257.95825434842476,356.8121256733418,184.33686592247193,176.65703330268653,3.785284034730148,1.4946689649001448,4021.0675934936007,32.009746172000995,1.0
5859.0,28783.274418963145,50384.21914499265,-278.0900085780197,368.6426249243691,183.00025037839256,264.35489611965664,3.7354004804262444,1.474036268374796,3202.7560255956278,25.32241458044694,1.0
5860.0,28751.07852417145,50391.340006676364,-289.3549299209397,375.42925986898854,182.3871040558915,220.33250959320824,3.777171669930013,1.5517983495094287,3392.5212808889,28.853121669903015,1.0
5878.0,28676.499806497748,50426.046643648384,-442.065590165395,479.2378076952071,183.6169047939416,248.87380975904748,4.229387358701249,1.6861584922154045,4570.048140716724,31.97573431381685,1.0
5883.0,28675.727000901486,50348.962220012734,-299.30713977372255,381.52460394505385,181.9258696710651,213.26741552471995,3.588058951607345,1.288904588104028,3085.8857626645236,28.523336862746984,1.0
5887.0,28763.426204722848,50379.498856347054,-319.72291182141754,394.32080237177064,181.21594771684425,385.8767014667364,4.1594912802058746,1.7950241815040102,3640.8499716020256,21.717438133598172,1.0
5888.0,28716.283646935077,50380.74997527981,-263.3034273542978,359.91596990247103,183.95186476892223,268.3609878238397,4.0064910451630675,1.9580334933347212,4823.178496120321,26.51539745114772,1.0
5889.0,28665.305953405095,50429.551872067794,-241.4163509854537,347.37725526546853,185.6663036727323,178.3996412175037,4.183570072320521,1.4324927307787554,3656.457996777816,31.100403854240707,1.0
5890.0,28768.72903957221,50389.54145390969,-361.5060165824168,426.0615862812898,184.24986744720576,622.6786211387621,4.135070641308814,3.50118208703942,NaN,20.579467458691276,2.0
5896.0,31110.86539718537,46720.83307455544,2.5467842802788097,238.2218450063517,229.51117975776003,419.80659257490294,4.148809765774889,3.229730387627912,NaN,20.45367150554991,2.0
5922.0,28744.22702926423,50352.61616306928,-290.6480321208944,376.21595551368284,182.32290868007388,149.6611055674127,3.564168514894924,1.5706354315528785,4546.808556536956,37.125599404920266,1.0
5923.0,28814.296225481205,50359.05400392525,-297.929960972108,380.99739547902925,182.2452824051785,462.7943090903616,3.7544991338298264,2.924760423011425,NaN,21.698798089117084,2.0
5925.0,28786.69551959852,50374.35213978724,-267.86452052212877,362.92342410483286,183.91339485528323,442.84002494527226,3.721697033814113,3.5419523980210337,NaN,23.492773771220662,2.0
5928.0,28820.58858567191,50354.9571398255,-305.67906796016575,385.4762080365773,181.67019851409637,184.9038781655639,3.585949494548006,1.281223333889489,3342.139955085692,31.19340053965533,1.0
5929.0,28742.208871949195,50352.52111900421,-248.94183617352104,351.6375118036651,185.0356410262165,306.09768405718546,4.054301161711444,1.7185960402553204,3842.893145928565,23.404976370385153,1.0
5946.0,28766.041542842868,50380.01233827211,-385.7371012087855,438.38740230471933,181.0945409783847,165.23113002158303,3.8456647740703125,1.4501138746896072,3186.6544106439314,37.32221674911871,1.0
5960.0,28761.025854108844,50415.81203065804,-259.80855242500047,357.8835109152532,184.20112890673522,305.518787294388,4.217089332922185,1.8682974385074453,4337.443253613618,24.066573397179543,1.0
5961.0,28760.305644708955,50365.64447419372,-238.30847103483882,345.633433593223,185.93934779206202,295.996584162907,4.364856306219526,2.0523213860088556,4510.220432312862,24.761578334427174,1.0
5964.0,31110.52752338333,46882.20916653441,-305.5191980357146,385.3765951153638,181.67623480449174,192.47029035394334,4.268314980924507,1.5222267026405853,4021.2167520599314,31.68166695066475,1.0
5968.0,28774.86513059771,50400.61257960734,-336.19873188744225,405.1791928726939,181.07270680855436,333.98889113053445,4.234205767605455,3.0776818226479654,NaN,28.97390772793782,2.0
5972.0,28775.934800662628,50450.54376801429,-286.1142301971075,373.4646153463795,182.55358552755268,143.47839999646277,4.11823712548273,1.5023347618576743,4163.081462397059,37.48795085484876,1.0
5977.0,30929.445633732084,46947.87733230731,-155.90164116345858,302.7179178658024,195.86449074110624,202.83198206526495,4.693257228722495,1.8131804983993212,4356.494609886331,28.950159605825913,1.0
5978.0,28716.029306477474,50384.10422170441,-190.88881223447942,320.15613864380106,191.0184167102601,209.2343856852423,3.9648767224398935,1.6386520429226688,3822.4706909656343,28.16695488761845,1.0
5979.0,28768.491954292338,50364.8455446314,-247.8540905200999,351.4729348669145,185.4914436436714,1012.1191816942842,4.091943882967525,6.842914883181199,NaN,17.269327274360297,4.0
5980.0,31107.232930561364,46707.413509929735,-427.8800073569122,468.6682987148227,182.75388115156113,192.32240164338347,4.628951060479541,1.893618874720396,5176.06516152535,38.918478708627326,1.0
5981.0,28728.688587695862,50347.267055196964,-188.33528522717543,318.8443657444531,191.34054719974077,264.7996375734802,4.229359785849479,1.6621653078035534,4543.738592239712,24.41381502404547,1.0
5981.0,31234.2787335908,46721.41500157877,-249.23100248355306,351.80227737868825,185.0122689233649,212.9294762342056,4.3950547590071265,1.4986473998063443,4007.1824810299095,28.340299376811526,1.0
5982.0,31118.78096455407,46581.83121513621,-369.69608900700365,427.30154103504805,180.8185848248888,164.59765910207275,3.905908137424172,1.5290762005147152,4298.830161980558,37.36888731218523,1.0
5984.0,28761.404674055077,50387.00566759545,-267.3528694813337,362.2853443630993,183.67468853920053,357.0252969935114,4.216325472375435,2.0109065566179214,4488.730983100582,22.367874051741072,1.0
5985.0,28697.506428662386,50362.97369010434,-188.4272727525091,318.8915139121315,191.3288565818416,264.96756290408257,4.277049145204669,1.6963572663107611,4592.5011107965765,24.512689755514838,1.0
5986.0,28737.879050584972,50360.97783285679,-264.41246633013316,360.56334358073224,183.87471065366344,248.35768797017604,3.9090146871982143,1.6641020294181565,4640.269837935077,26.70804595486259,1.0
5987.0,28772.125807486424,50371.47600202461,-260.4550627880202,358.25862341795056,184.1543162991026,346.5322668243466,4.015348373264723,1.844319334793593,4144.281608530458,22.221055985139333,1.0
5988.0,28746.800623388885,50326.85768882183,-266.8806528118776,362.0082485614014,183.70636714868047,199.14730271145038,4.081184363666316,1.4163845193973692,3377.209890642064,29.536436632524378,1.0
5988.0,31558.184292570826,50196.202635821675,174.80362875675632,194.91078806745213,287.7532719937212,144.31673755702624,3.976703656748732,1.482293943364193,3943.131437726789,32.85392400274928,1.0
6015.0,29101.290331825636,49997.645662983494,-445.4061681503629,481.7544380800207,183.84244865925257,183.00932877744452,3.9544042126607555,1.6996258628715295,4846.483693789075,39.531146554220534,1.0
6016.0,29157.059301269583,50127.12131638155,-785.2138166442581,792.7287495740567,251.2171126668701,402.10898699109134,3.6468310558217643,1.9741044806030994,5553.621816313109,42.63975974300186,1.0
6016.0,28928.292353231358,50123.333442493706,-650.103750623978,656.0427460279985,213.8898630275607,302.8248150636754,4.2835800423104775,1.8599625279766603,4550.417261420912,39.66395944264108,1.0
6017.0,28790.593772802968,50327.31734820011,-250.5456194331233,352.83469649406436,185.1350101588261,806.9944730330149,5.15969983197297,6.396079153425198,NaN,19.882003846821263,2.0
6019.0,28776.838252456768,50235.163592872195,-152.2279686867815,300.95386160146666,196.42745066805037,268.7668773828747,4.5710678415087065,2.8706612840837873,8880.941262539063,28.13591106220299,1.0
6020.0,28946.6696157393,50124.304419671076,-407.07259568407346,453.5082534234159,181.7654456278274,318.333506385153,4.584767243270908,2.5235144439235326,7019.904591262578,29.875923297553822,1.0
6020.0,28816.978436835147,50144.52408801161,-702.0127521147589,706.520841693394,226.58520385126639,458.22071392901785,4.259867657977091,2.335798632163992,5972.504439744824,35.72714055829999,1.0
6021.0,29000.449089630787,49985.37231863338,-411.83448430634115,456.94168540763036,181.9625395780132,219.10971509046445,3.9611207501509624,1.310054381591954,3078.031560015748,31.344604556485237,1.0
6023.0,30280.037629729915,47848.990425351614,-356.57269968706487,418.412496012952,180.7386623732952,205.19064622138362,4.421239531744469,1.696677120139462,5089.437493625029,32.9402221962989,1.0
6024.0,30441.5884080019,47522.00201135337,-213.92287827060315,332.266872473684,188.3372271734934,212.61332107426034,4.132377018895345,1.5678028768708965,3910.7355891802767,27.984593417602888,1.0
6028.0,31103.367985745994,46564.488382607204,-389.5696970827482,441.0720030583842,181.189497357278,325.52388770658376,3.8696062164370977,1.5878384014149516,3964.92048007955,25.081981124810735,1.0
6032.0,30925.407330719594,47022.06619303136,39.62765051303752,226.51471963410089,240.1222048789806,214.66756172699223,4.535961787042592,1.9730482350552612,5070.981660764911,27.072241116663815,1.0
6033.0,28786.532243334696,50368.31543666547,-292.6582816149354,377.4420792522444,182.22564128935645,269.09940800017773,3.8968876262152152,1.587587579309057,3910.066955619744,25.7246720904728,1.0
6036.0,30771.266231145975,47268.4053428454,26.706004642674504,230.4380837756318,236.29829131175387,202.4625516905649,4.660413574928529,1.9377880575275936,5136.699852388544,27.989057411889366,1.0
6037.0,30591.119312098606,47637.4163876626,-187.99701763861876,318.6710554568161,191.38359280402767,158.6143114850074,4.552780397798418,1.763474022532912,4957.4170733694045,34.344703119132916,1.0
6040.0,28945.21541965231,49978.22086187436,-340.2005386150996,407.55060871931875,180.82296579906355,199.2573253569418,4.589767845808418,2.006625864377995,5042.397629797606,35.00449016810622,1.0
6041.0,29037.03587742365,49957.35117235521,-452.7048926138891,487.51618283262553,184.54796932200338,498.4036304265113,4.131724953947203,3.283885840122737,NaN,25.8448787927101,2.0
6042.0,29015.169082281238,49957.41604871285,-446.3361980399873,482.45695047888074,183.9067543981315,229.3497135359973,4.280263537412258,1.4551179484886425,3543.454117467947,32.50727079696956,1.0
6043.0,28959.9072438297,49954.367367274564,-551.1106667540986,566.9776056254384,195.49722630411802,606.249702620968,3.961146715344242,3.2714621841448173,NaN,26.02274116933714,2.0
6046.0,29028.60865694261,49935.48194677872,-443.45395966432056,480.50035609233066,183.88570333030492,476.7896836062673,4.004433887018385,3.223301347993869,NaN,26.123167877557975,2.0
6048.0,28973.177145818627,49926.726787579486,-437.6503248089742,475.92770594664034,183.3318505913687,286.76647455259666,4.196880928879971,1.6342541555234018,4547.497233522727,28.801726567863664,1.0
6048.0,28960.408083755796,49930.48761469897,-455.3615319736066,489.316740446478,184.56503718209228,291.0653481763512,4.243284736331176,1.668085858164658,4802.573314257109,29.311531653828663,1.0
6049.0,28949.127375185446,49977.87282984016,-386.87276272337135,439.1814497582822,181.12151104243807,194.26856545479586,4.555079482441761,1.7025886170092506,4369.591124132202,35.3438513114817,1.0
6050.0,29043.55534295968,50006.50886655271,-425.3793111633795,466.8247343912102,182.61764377334168,199.96736958653963,4.53213587183364,1.6934202575258042,4787.752596454217,36.23261523955393,1.0
6051.0,28897.678535856114,50085.10681869793,-329.04004995516493,400.2912176981823,180.997521437096,384.2842235606553,5.427257706139934,3.177379887057905,8328.523806418436,26.303230539996893,1.0
6051.0,28913.589126959894,50085.61505814416,-308.60054678432175,389.9300513393969,183.6881734334454,703.4325269939197,5.279329967110055,5.5532568312553465,NaN,21.95269585885373,2.0
6053.0,28937.999417514853,50025.459938710526,-347.61574232408424,412.43880833942956,180.75947504962022,335.1297337149142,4.770864868024456,2.1377237133093567,5306.41526145518,25.427626477340212,1.0
6053.0,30752.125306333986,47328.34972409802,-224.99072117121207,338.2640289779933,187.19273993643043,174.04150435256435,4.915850313296519,1.9594838725880106,5773.070128683511,34.32903459392228,1.0
6054.0,28835.094051535918,50183.944429494426,-118.94144158983093,285.550127365408,201.99713223431124,333.56055823825443,5.184989364101135,2.9000826859824063,7774.048956129276,23.86023393649454,1.0
6055.0,28943.9741019161,49969.36478861581,-441.4915650552482,478.8064243651986,183.57900492301312,315.92965866763933,4.055090792087044,1.5786443822955694,3585.1278030281487,27.017861275385613,1.0
6056.0,29015.39703505497,49960.85939146716,-486.0512801161065,513.2174647963554,187.26790300068768,267.15556590199054,4.1077344014079955,1.8645222433541244,4777.687667319599,33.39654629751844,1.0
6057.0,28959.330786102335,49930.07516032947,-547.2549668550956,563.5338449128423,194.8012571617205,262.33772150460277,4.174964463191806,1.7683197775002808,5192.316880128713,36.28806862139548,1.0
6062.0,28789.990714344647,50348.61277001021,-254.8061042692094,355.2695802525243,184.79653633211495,2421.612914866836,4.07421021772248,15.392092701832844,NaN,14.314304075884346,9.0
6071.0,31245.69629169097,46565.47358258212,-682.1694684713797,686.9245374042978,221.48969088292114,295.59081916774574,4.028128931699462,1.9458646002418543,5339.261096001864,43.58785389779079,1.0
6073.0,30567.90737851605,47554.03712722507,-58.16647878594289,260.1211949238637,214.34462981602437,193.16126072310223,4.420483044281779,1.5816577445509143,4215.353748814298,27.731889445462762,1.0
6098.0,30627.395882591773,47592.4388963928,-513.2493344104095,535.1412644038245,190.2631913063869,233.39123651111737,4.513047783528652,1.8087636473806674,4255.970515328206,37.657844534683456,1.0
6099.0,30306.337353158106,47861.59338566989,-185.48042323886665,317.38507412957347,191.70657494299837,172.24248878802564,4.199364130796007,1.60303976597986,4220.414494923104,31.56364657816064,1.0
6106.0,28176.77927171234,50691.91320558529,29.972759514727585,230.05999355195476,237.7610589987669,909.3570936948565,4.117739297713387,5.109808084754052,NaN,14.289228681395059,3.0
6109.0,28203.72085884709,50709.97463943427,-15.09917308962946,244.39157854534815,224.94536999827528,1430.816408390374,4.022583481840369,8.022588207985452,NaN,12.657481585238585,4.0
6113.0,28201.388016264547,50762.4058135955,-15.237599315395482,244.25835632007716,224.76277440416115,320.8779008572925,4.15892342111627,1.7108611400117903,3959.9564782240423,20.577335219143308,1.0
6114.0,28158.92065340184,50705.20258615477,6.6952645399773445,236.82461308961362,230.62760839576384,309.22814055643653,3.911625331133426,1.6577896050194827,4259.18247893833,20.852541728534252,1.0
6116.0,30973.698263565526,46708.795844064996,-273.1986069586953,365.73302563975255,183.2966011544557,232.69340903324414,4.337226971139973,2.018671920179412,5452.289511215479,29.620303948547086,1.0
6119.0,29332.900206380833,49253.7781259587,-294.7657694515304,378.731603929503,182.12697573064264,245.26735574243284,4.180233655187206,1.6514525960757287,4401.249948796654,27.528199810362764,1.0
6123.0,28163.932887487725,50678.60322053175,68.32815729516193,218.36371250828302,249.07076322774364,152.2332357151131,3.7525737114823787,1.3519007310930309,3361.1610158364256,30.513060304529912,1.0
6124.0,28150.34163555198,50704.71458789421,22.906641580131463,231.95722312516085,235.46936304518601,602.0869588843767,4.347769945267711,3.5627630450851533,NaN,16.59097678850421,2.0
6125.0,30580.09537100737,47925.67624792381,212.00887947053985,189.23625322380653,303.30689780081497,105.01175084974291,3.6885024768008776,1.469338957253698,4083.628258980179,40.87429952419621,1.0
6126.0,28133.35335328507,50670.4139253124,44.94386515509067,224.9462873297583,241.7323819640743,336.1365433486488,4.60839495279348,1.9027266574376245,4780.8755595556,20.303237969214223,1.0
6127.0,28178.67637005099,50682.95848773374,-84.9366135067418,270.89290435699445,208.5589335178981,256.9438420439226,3.9626512610111178,1.703175487643839,3679.9191125228863,23.87026070347156,1.0
6139.0,28178.995718213715,50712.76813850374,-41.170636084874225,253.67577490903952,218.33572925377047,657.8210207561877,3.812888725051743,3.7346282426490482,NaN,16.033762467585873,2.0
6151.0,29477.57836435093,49473.84435735307,-250.2942714317618,352.44239970398485,184.9540303094609,524.9184840025662,3.9439523121779336,3.0903730599800783,NaN,19.483175287972966,2.0
6158.0,28688.37332707225,50430.18859975899,-349.7568022340191,413.8598703905372,180.7489392619436,210.16003891012227,4.506700852345691,1.8888575669301857,5046.120347254038,33.34651083932026,1.0
6160.0,28820.059841085767,50396.89559796982,-505.26829197465463,528.6355924215018,189.32580663493133,367.7023233874593,4.121219077941893,1.799490523317179,4937.054832876739,27.517321855451442,1.0
6161.0,28793.28914945179,50365.02688733305,-266.36062051978274,361.7033379450663,183.74145008678434,152.03111035885152,4.5521477908121195,1.9272888968208963,5926.678440335227,38.73517516204914,1.0
6176.0,28685.55228596614,50405.30202457905,-439.202098191457,477.08896734693,183.43034153189592,268.03772510570417,4.112588443310262,1.6016261563384553,4513.324380235143,29.951727451273324,1.0
6181.0,29356.270946932,49538.321783314546,-275.7032523714642,367.22006921545625,183.1425766381751,323.6044373483612,4.509326789520996,2.419754431192392,7948.691508723781,25.309087605900444,1.0
6181.0,30898.385930450102,46660.143706243885,-139.95668882373255,295.1535879424427,198.38248090594266,107.94368542402643,3.890549626189423,1.312605446920982,3103.1229519346166,39.28354925717623,1.0
6182.0,29440.79361651089,49519.496647863256,-394.26700804688284,444.38119890860247,181.32114566985277,176.54367281649314,4.549510111681384,2.380674496942939,6976.2172974719815,44.06073628227297,1.0
6184.0,28797.154962795958,50443.92019253331,-477.7409607699625,506.6578196608416,186.4651401426402,250.12753629605382,3.645951412112638,1.3958631261643273,3542.821892613989,31.68689412112645,1.0
6185.0,28989.989254948505,49390.777341467605,-85.0585964519635,270.94353431015986,208.53381993731344,218.58283947038458,4.401209320896153,2.406684552855517,6023.516524504666,29.338624357615668,1.0
6186.0,29020.815091660403,49405.87293024378,-159.46692579295177,304.4420965618157,195.32797484512636,352.9417852101166,4.567420867355506,2.3910325612445176,6370.135501140434,21.985684711224962,1.0
6187.0,29093.698606582253,49429.21874813791,-215.04741615583393,332.8709357862254,188.21668185797444,425.8008271160246,4.868377673642757,2.7697812976603915,7597.351124642194,21.041774481982923,1.0
6188.0,29266.24728214592,49455.93226305206,-332.034094937665,402.22717934549723,180.94137614076945,447.13936536262435,5.504685583656033,2.5943938416646057,6641.03123785627,22.00572507880026,1.0
6189.0,28703.03059887745,50313.230973126665,-391.362040105473,442.3322309418515,181.2377461147506,193.89852400505555,4.361140287933062,1.7992881279926323,5276.306601002825,36.26464326187902,1.0
6190.0,28794.917928534043,50422.04892105535,-309.7520354310869,388.02215123624694,181.52298277733965,191.3088804142111,3.6722691903098705,1.4399387769890366,3731.4718073158183,31.474662115049203,1.0
6191.0,28751.54953469962,50416.54048308922,-334.417701152001,403.77447265900304,180.9015623612291,238.5426258163567,4.091388651256958,1.4789843356342647,3967.6455735328454,28.264997858657743,1.0
6195.0,28710.038936649533,50416.157296015175,-359.1462838092584,420.1428952364248,180.74398989043482,245.16574726948,3.996226330792497,1.6955627431833786,4250.038559260906,29.43628951445638,1.0
6196.0,28783.63141785288,50428.44470628081,-420.0045568388305,462.8823138694634,182.34095764539228,176.04157296843974,4.167121742617161,1.5390235809255104,3908.096336665364,37.95659246585246,1.0
6197.0,28659.935773767364,50334.63472814032,-351.481575328864,415.00777884086267,180.7429926693612,220.85187017499305,4.159445347712142,1.642037397657468,4171.273876504224,30.9457511869915,1.0
6201.0,29399.584572093612,49291.65840321812,-72.86409910670643,265.9515292544671,211.10049370889865,159.1947646792679,4.9294265617142665,1.7142511024393696,4048.733663448334,32.167951622337306,1.0
6202.0,29009.5532830685,49403.72413725979,-215.89679294804932,333.32798249013837,188.1262714194151,170.46033653802633,4.071543400953439,2.3017265759815047,6058.582418810956,36.963258054059224,1.0
6202.0,30055.718430201043,48313.52076348863,-136.39201037061497,293.4952856432938,198.97190703536484,138.44792628674705,4.37211751151418,2.264924283713527,5500.7164502354235,40.56667286041962,1.0
6203.0,29041.730990404707,49377.65337590242,-164.83950786942046,307.06292929879925,194.5377886011811,130.61621902598952,3.9928705968481224,2.245040371872928,6656.489276769839,42.88823922562586,1.0
6206.0,29527.51025105785,48876.28842594243,-169.86520892960112,309.53918809330304,193.81853391704428,236.5370296409848,4.698864958636719,2.1530153926226347,6466.070981678603,27.81878523349309,1.0
6209.0,28722.808727280026,50419.92117080319,-347.78305869493755,412.549703676851,180.7585258768264,177.6527474520835,3.68585351032849,1.3363192294875377,3490.3588740177393,33.521374435804354,1.0
6210.0,30274.53142667709,47559.03622703764,-47.312848550784814,255.94647581723763,216.8459743611481,109.3101974115325,3.8820110826218386,1.265660494187805,3482.662571620585,37.319084141483,1.0
6211.0,28688.117327965716,50454.40839995963,-408.35460849433395,454.4305108498557,181.81680801495978,236.61354530519495,4.423230148042004,2.4596549783956303,7110.275802534309,36.6431884938793,1.0
6211.0,29050.82003325056,49414.46664183492,-105.44207702860295,279.6009300593131,204.49658214619555,186.33504223741937,4.625684372797409,2.6014808458650056,7523.125253614102,34.27084773131231,1.0
6212.0,28711.42194515024,50409.76995416729,-398.42903583877654,447.33068030486055,181.45184234274356,199.51319538469124,4.643102940559259,1.9710913762154287,5834.917700692551,37.12943099007699,1.0
6214.0,28109.272104891956,50679.43981549075,-19.97090636253967,245.9221372463911,223.5451868568694,101.62213629815103,3.7486064926625984,1.3352654737986847,3700.2471728462533,39.425763574112416,1.0
6226.0,28987.11205673448,49410.85247465542,-197.95469277474913,323.8180016651961,190.15294720925678,337.085042214006,4.414757285485125,1.7481108131012566,3972.3475779047226,21.45248555325298,1.0
6236.0,29442.200380139908,49484.90142197911,-245.78579561196096,349.84434182509295,185.29487381303906,121.92039873927907,4.056009604810244,1.607341435254728,4116.351935409085,41.36576007260157,1.0
6237.0,29453.736682430783,49532.71308435794,-291.64517118416035,376.8236703056327,182.27427643688804,261.23390605837693,3.8825326712299755,1.693598200277738,4532.459601966427,26.563257650044708,1.0
6239.0,29419.67843427885,49523.34859263868,-209.7305416556063,330.0254024662358,188.795120121271,145.48263892521928,4.061874274444409,1.5232115732895164,3579.8751244228506,35.20070353901801,1.0
6241.0,29386.750442220753,49506.69540116666,-343.2367963446816,409.54588071718166,180.79190234584962,212.96867557777745,3.8127736569710238,1.4058944195253351,3701.6438345886386,30.20140421649536,1.0
6242.0,29362.869122888373,49549.132253185366,-196.56329200951828,323.0931912810105,190.3203653722578,140.26816087576307,3.8306607442982212,1.4773945890040547,4235.780145181566,35.42138567112982,1.0
6244.0,29407.971547958812,49489.2761517885,-253.31831375986192,354.13964202159616,184.68872488281292,139.05929278895945,3.657589134654913,1.497350642004107,3982.2807710009847,37.20911950492781,1.0
6262.0,29868.056174176007,48568.73004242886,-101.79172295551557,278.021729070263,205.19631139325566,165.90358883664678,3.6638889876384733,1.503906666591835,4015.435059749962,30.533436805567977,1.0
6262.0,29868.024846083066,48568.82410155821,-100.4840739710749,277.45907633278824,205.4494425446934,164.79195352505283,3.6954860171745296,1.4943607355141786,3983.8087001344034,30.598679614237195,1.0
6263.0,29842.993905140625,51756.415778682465,157.181651955033,198.0540389464087,280.7545749969384,101.20852007484345,3.5720288238767233,1.2702708083854735,3724.4403191173733,39.26214075910019,1.0
6263.0,29839.51820710977,48586.22853459002,-77.29953703673833,268.07223585778104,210.41341227773168,824.9239479925052,3.95713963041983,5.121925075537719,NaN,15.656680949006429,3.0
6266.0,29878.065697264417,48604.685798319835,-42.66102971181044,254.88230554944045,218.50403017740547,399.42537262700864,4.113856815878147,3.00453749800462,NaN,20.876061395776254,2.0
6273.0,29454.023462829507,49446.489278848116,-251.9891314523842,353.37780894721175,184.7925435591496,135.49476529382443,4.077166738699467,1.3706013948539135,3157.2752317803406,36.83636582315854,1.0
6280.0,28683.807917184517,50350.884576124576,-217.09416860418904,333.973441708342,187.99975269625153,198.61533409470826,4.842753603252878,2.2912780373857666,7413.267573522525,33.09761949400662,1.0
6281.0,29044.40772229584,49556.45338655249,-174.41581818469,311.80190738042427,193.18387753755883,193.49221625408492,4.3251052201734295,1.6905788483478377,4215.211126344872,29.551074376819205,1.0
6282.0,28963.832019006113,49518.12359918486,-379.64389970224516,434.1478421491626,180.96662168535067,214.74028445404284,4.3961944966989375,1.4863958505987305,3800.0602758660048,31.579618659872988,1.0
6283.0,29020.701830079295,49457.287506819186,-359.6501759714164,420.4824280806111,180.74562388590883,229.13859184922885,4.644989969497207,1.5747905421414137,3616.107081954274,30.141060433564515,1.0
6284.0,29855.42792394256,51874.414073642605,167.52639298532318,196.25931554222302,284.90385955442116,580.5484642974765,4.014395056576154,3.9134727050857885,NaN,17.858779423334713,2.0
6285.0,28253.66470379859,50419.79661014117,-270.57599202903265,364.1822821395838,183.46300417991665,205.66890830624354,4.416785012424611,1.686381277535489,4542.232413747936,30.323819544147785,1.0
6286.0,28048.994272307616,50742.13745783577,-153.69244790788795,301.65556260581326,196.2017985213971,274.5964899465165,4.394263636140607,1.91379659182931,5075.807051872767,24.21134845125592,1.0
6286.0,30641.750296060243,47085.6642728645,-390.91445593539095,442.0172428488762,181.2254680766948,337.52243770507914,4.08962466387443,1.565936113700537,3692.5443536195708,24.50710984223335,1.0
6293.0,30993.675173416,46662.30908766794,-380.11647375468823,434.47539984177195,180.97553066803624,154.35936825090172,3.738743257662698,1.7403641671309624,4605.474480713657,41.3531188421539,1.0
6305.0,30640.949363235573,47095.568060130674,-254.13626352461947,354.60928553807605,184.62550635370488,329.8012604160965,4.28983354493858,1.649521080000443,3464.2139233776425,22.28396310356945,1.0
6306.0,30666.66853547272,47063.77561833818,-318.96648721419876,394.09573594225884,181.4435184132287,1654.383185549541,4.219489368816619,9.322693339361768,NaN,15.082178060781679,5.0
6308.0,30708.547116945105,47023.95790160338,-400.64874609103884,448.9103893515916,181.52694384585618,362.1914200412488,4.351576920207717,1.8511240660476749,3759.8808903433624,24.61291453774271,1.0
6312.0,30621.766127438088,47035.7902410134,-265.7659133024029,361.3549557495157,183.78182343378256,307.66466351358497,4.638195011632957,1.5858020108252031,3191.0594472547627,23.245104687184465,1.0
6313.0,30644.15047487676,47013.620910534555,-345.10382644306696,410.78042171335284,180.77896333312287,925.0408370344985,4.041442783856778,4.902903706622156,NaN,17.214595837635752,3.0
6320.0,28945.12992775817,49799.83768880289,-152.24086249593347,300.9600308080998,196.42545681235345,214.16309237982048,4.3508650831903735,1.9398452511960746,6024.834183931797,28.458428164643603,1.0
6322.0,28781.608738205712,50422.91391141816,-404.9149654971566,451.9595915522832,181.68183057680125,296.7680487259635,4.304427984116234,1.7409737513239478,4143.061009278577,27.5868655835703,1.0
6324.0,30647.01715370277,47127.71285967771,-299.14275344608114,381.4231650247051,181.93287503951828,374.0606118216107,4.3377067901910555,1.9156699041913618,4223.066680097979,22.04755957426187,1.0
6329.0,28584.99521673558,50510.36912888352,-642.3205832734196,648.6931855099014,212.1633737926341,260.61303397105127,3.955181388864784,1.8356854971947463,4685.89810209814,43.28144589722227,1.0
6330.0,28462.543601060097,50565.38805697325,-154.64828871411305,302.11464177742937,196.05540071953794,225.5449015195419,4.360177634049048,2.096836459401892,5988.865739654817,28.225059092733225,1.0
6331.0,28535.35166300313,50454.17823235349,-388.16393468415004,440.08570659002504,181.15336822356656,220.2787585568522,4.267870161562694,1.942407479229705,4988.675055120936,34.05387274406751,1.0
6331.0,28545.16915099778,50452.961939261695,-400.4739895581375,448.78585125021453,181.52089497162902,228.66314800393505,4.131613497683694,1.9320358796715134,4886.4934695684715,33.62126605007356,1.0
6332.0,28645.435545230146,50524.70186182697,-678.2573573192503,683.1049371014896,220.5205208782507,325.05673131599946,4.211632199175774,2.107864299736394,5453.468902256545,41.88652210294894,1.0
6332.0,28610.392040182975,50529.04109869314,-587.2838434333103,598.3527734822886,201.2723751836936,273.0229654895793,4.5845476513090295,2.085825139189915,5298.29172044464,40.23341799723151,1.0
6333.0,28470.797263780194,50662.91683280131,-384.95346541889063,437.8401982024981,181.07650404749532,232.64031914322982,4.484321803454756,1.9650838916079465,5382.709949691248,32.825870907792506,1.0
6336.0,28323.709325295946,50649.652771934496,-156.62989529727292,303.06912883708065,195.75411335664066,156.20500644620867,3.8348353231837815,1.380313965356769,3557.8235299549665,31.80291652122775,1.0
6337.0,28511.96666670334,50626.91090900543,-364.2114909926784,423.5668290933775,180.76921885697064,241.8372117739272,4.381483241290049,1.9855243190953287,5577.278256356704,31.3521011159632,1.0
6338.0,28390.202592423728,50705.993676793,-198.04893405838502,323.86715997811893,190.14166112166285,224.80396392127173,4.474578851054699,1.9340902882233293,4684.508768896798,28.28353179480347,1.0
6339.0,28543.546299990743,50575.28629809577,-437.59888785223393,475.88925225457194,183.32861731455301,288.2760502763834,4.4490912934760045,1.9224730388763138,4834.474795721716,30.078030905808138,1.0
6341.0,28759.840995555416,50433.18767612707,-311.98271068611734,389.42313869438306,181.4477140207541,214.6653099322875,4.189084521592754,1.670200703815748,4278.404477921518,30.48703280417591,1.0
6342.0,28606.95380237017,50495.976604816016,-401.98636146377265,449.86457839572,181.5740137813025,235.54409678140402,4.308782589456182,1.8609261270789914,4950.888569087049,32.58647319744707,1.0
6344.0,28511.16222176405,50570.779582382514,-341.2517480237241,408.24042543979226,180.81141591161773,253.38322285251832,4.127095283645838,2.330103629131262,5880.467826445103,31.436866889967042,1.0
6344.0,28532.975146356832,50563.82384704387,-407.9445827180613,454.13537695038076,181.80024455851427,260.19251828006946,4.291549043540288,2.332661348157694,5991.421775491618,33.38979871910291,1.0
6345.0,28743.40622642846,50454.52631734513,-376.1933098563884,431.76249987411165,180.90672940121277,256.8112057434998,4.33216444032205,1.8956237718301672,4697.456014569151,30.05817780366235,1.0
6345.0,28738.326039612923,50455.64276602688,-382.59274090790456,436.19523066644507,181.02499581373334,256.8913161809754,4.358407080813635,1.8963523583622377,4563.6311573961,30.269894415557193,1.0
6346.0,28452.045726982986,50585.30322809554,-408.5133756958203,454.54483303333274,181.8232560071481,230.6947952200986,4.204099282061681,2.1182615163054015,5834.2956929493175,34.9577101964779,1.0
6347.0,28498.479995416237,50633.47946247915,-569.30952051338,582.5309817097999,198.21556969254453,279.10890683456597,4.05423855360062,2.109744976394413,5974.679938264672,38.61182728883864,1.0
6348.0,28537.52713908616,50571.65014699607,-668.8826905327637,674.0106861422357,218.24554347066217,384.5938618663174,4.081420241324369,2.240353773371312,5793.307611316655,37.44864700079095,1.0
6348.0,28416.270306319933,50592.64272068296,-656.2974927506093,661.9322474813489,215.29676766803763,363.7856704295042,4.4651406599723975,2.2018981531965016,5669.368616924455,37.81150981122693,1.0
6348.0,28356.427585600217,50598.57000266023,-685.7432796476644,690.4264519264026,222.38524619733852,394.9175849900339,4.344257883349737,2.197324384458648,5930.321636066881,37.56388794748415,1.0
6348.0,29799.731377816253,48699.12222155273,-108.85381401016848,281.08826196761675,203.85177395398233,135.7136367360375,4.024740749636843,1.5194935841445227,4512.273043690455,34.87332117596102,1.0
6349.0,28415.626665709482,50672.487969182046,-305.1025678739304,385.11711139814213,181.69205724562235,236.45637261515773,4.517349303057609,2.0176796270478112,5132.034118908573,30.1423817759886,1.0
6350.0,28650.34669038492,50536.55411260536,-280.4370687488746,370.04675966730963,182.86452493195662,196.77867315178773,4.643558721003462,2.133750259402969,6539.389576763493,34.101315747970894,1.0
6352.0,28510.42462640746,50719.95047467208,-169.75230284129756,309.483295572752,193.8344811427053,194.3887400974163,4.760661631757667,2.1833861360632385,6886.672435015796,31.93667709668329,1.0
6353.0,28507.693051685226,50624.414221886145,-177.56813440092,313.3807964448673,192.75348850624604,207.1116881230499,3.832140689880993,1.7298343483655936,4552.158807929061,28.52806846517375,1.0
6354.0,28533.897095762135,50654.9516608102,-198.80022854252107,324.2593511206318,190.0519301359984,245.2275450744084,4.2536041265703135,1.9372107293791772,5339.148599977779,26.762677270534255,1.0
6355.0,28499.23814613201,50717.522163264315,-246.15142236601724,350.0515992039879,185.26445297351984,205.12982574989528,4.006565180954409,1.5228692760287244,3601.9038910402933,29.041630161851984,1.0
6356.0,28392.27690025104,50630.41887608957,-196.1529263204029,322.8797716498098,190.3700237361165,194.9641349384952,3.589629438601173,1.5643936247568038,4409.983741524415,29.191090176240404,1.0
6357.0,28417.600358048057,50694.77661750843,-213.46541114546517,332.0214780071283,188.386541327472,190.37573285509373,3.8459069777543156,1.424562147685232,3702.652499056817,29.294893651411357,1.0
6358.0,29829.849725066895,48708.620166170454,-88.48112548304555,272.3698010524103,207.83381977299888,120.05695004667277,3.8170910940328895,1.4553893747921816,3869.1433759926313,36.98723125218308,1.0
6361.0,28813.60249129727,50420.59935007992,-313.9495041407624,390.6622863234782,181.3844950954408,161.09148717193344,4.065463394227139,1.3699508768298592,3390.893436348156,34.74178805974514,1.0
6377.0,30563.608371305665,47193.32343117104,-249.23154442858743,351.8587920851664,185.05764822569893,488.6329171155539,3.9280701120253116,3.3774852817312553,NaN,21.109501287907953,2.0
6378.0,30607.0333157003,47191.17676256322,-241.33249802065333,347.33008606910533,185.67357398658436,338.7690522739321,3.7090417533911437,1.931948709712218,4194.350952092846,22.453968060621406,1.0
6380.0,30895.340585636193,46696.78153743353,-386.5155800851896,438.9315787772094,181.11292259703998,248.0655708351859,4.997888424877336,4.757726428664212,13807.524804740395,51.46650081982949,1.0
6380.0,30632.91595781049,47151.47252676784,-242.65073632679182,348.7795348291436,186.13137968505464,959.7801767782628,4.675237270009803,8.467962493811493,NaN,20.48871671267806,3.0
6381.0,30814.872733315147,46718.39098957729,-284.05217910155625,372.2196714555242,182.66368397695877,201.31796251978545,5.003055867175782,4.326943278284796,12222.140207921871,50.22983421974033,1.0
6383.0,30612.098700595387,47203.40428605761,-182.819895488853,316.03203722843335,192.0532781579005,357.0348782645222,4.154514199080977,1.8071710849988234,4399.742711045079,20.686715152945087,1.0
6384.0,30568.052594679622,47224.34335719499,-275.27244457110174,366.9672378299968,183.17144967798717,1077.0005193765173,4.240356793509783,5.736801320384673,NaN,15.403656307244546,3.0
6387.0,30536.37778363822,47195.46943055945,-345.8411573756779,411.264258991827,180.77085525587688,165.9993836272918,3.623102552216508,1.3135636460459152,3246.713816808115,34.754358671549774,1.0
6391.0,28737.451992412298,50399.824388466215,-314.7684160172951,391.17930463642136,181.3590419615822,215.06414613835142,4.25897334504992,1.4739785022422383,3398.3248333254937,29.56817493507879,1.0
6395.0,28763.70646487622,50393.39930101144,-393.4377348973753,443.7954740892607,181.29668192224509,244.32309489601366,4.066812428510375,1.7537639908138976,4276.268278557136,30.90767480105135,1.0
6396.0,28818.113948174123,50379.39645875185,-427.27746016698296,468.2235493439113,182.72061869745852,229.3273728527589,4.1077905886063695,1.671550226717814,4355.808500776667,33.03020932389013,1.0
6397.0,28745.18886758571,50407.90675769768,-398.0847876083004,447.325396910333,181.63391715279784,451.033340420096,4.224312209945175,2.776889556975576,NaN,24.098928005249103,2.0
6399.0,28715.90633652899,50434.478048767945,-361.0346150216407,421.41652407360937,180.75110944374478,210.44844431344302,3.6424723168987696,1.4408589196696744,3921.5365997634635,31.13267455601047,1.0
6402.0,29778.73122433442,48616.140992709574,-168.91969793836523,309.071497784724,193.9523809622939,124.1881098775296,4.604221452988066,1.6319098685220297,4393.527782048865,38.96581190737492,1.0
6403.0,29192.57673722373,49919.40288063221,-325.07943896221144,397.74325801401824,181.0822879853168,240.43481369105342,4.482129792377087,1.9495449913563807,5203.484783255951,30.039853928193477,1.0
6409.0,29126.78493991136,49935.7336917046,-413.767599276327,458.7577578234329,182.3837959631525,671.5611511920977,4.013572750866101,4.852426933468732,NaN,23.810852527568066,3.0
6412.0,29041.253045774156,49992.27288932337,-486.721464441786,513.7493040902751,187.33493506122417,210.78042103398678,3.641458991817661,1.3602127508230064,3263.2043532644593,35.44449791847651,1.0
6412.0,29059.576745103866,49986.08193106623,-426.92662544764573,467.96475053734196,182.70137899754107,195.0842248969346,3.784636712470809,1.3650972640451975,3377.9955838219776,34.59264482284955,1.0
6413.0,29216.250910286646,49708.44690466991,-86.29374521371484,271.45698260386325,208.2801689638909,160.5380377454899,4.664369890422164,1.9463117270961179,6163.923740097843,33.51706411951875,1.0
6414.0,29120.147625859114,49941.733164629484,-371.63858832426575,428.6310795358084,180.84156639699174,207.59873447001874,4.133972847446654,1.514288196137627,3674.395598149342,32.14474466767192,1.0
6415.0,29181.730315747558,49952.12999526914,-303.4708421633212,384.102423293374,181.75529919970697,295.671856990279,4.618984610354274,1.970490245512318,4533.8559718773995,25.817210565960785,1.0
6415.0,29177.16197112634,49950.012526542094,-271.08842835356063,365.0991729752253,183.92660809009,570.4963563590139,4.479004734289976,4.159193865036775,NaN,21.111305607612657,2.0
6417.0,28908.444009610565,50172.76950407529,-991.7460136424055,1034.9394478162296,335.16327655777616,486.38597830373016,3.807272477484606,2.4069044025827435,6624.40011748414,62.95887985930641,1.0
6417.0,30955.471012007,46630.03247073516,-299.84204990615694,382.41669276789116,182.35726443098196,1215.8384750024202,4.338025227648013,10.203877063806107,NaN,20.276172735246572,5.0
6418.0,28806.396420441622,50326.99249629273,-281.1187009140733,370.45552125290584,182.82589426811452,201.38815772149778,4.4590739822117955,1.715258943997004,4628.826753151488,31.156596392930098,1.0
6419.0,28876.285796513206,50369.33273888045,-444.71654302687114,481.23404577364124,183.79519101875002,350.3089476251767,4.249509329629862,1.901501707990523,5083.310424757599,26.646693935310605,1.0
6419.0,29713.652559705333,48736.57927936066,-64.21713963863286,262.4967358695877,212.9891596582686,145.60303088482817,4.007059913108104,1.6348217699314433,4836.058053869963,33.51710146338746,1.0
6420.0,29043.64583715783,49958.819935510095,-374.91339303032163,430.8805669018768,180.8868208623922,258.21559280409855,4.552662652120805,2.6048880447879528,7649.042775471031,33.83020555664014,1.0
6421.0,29162.401983571086,49907.22229948559,-336.8068173778737,405.33071912285396,180.86600149996795,211.5695944476655,3.9771494413177826,1.5906565762240212,4085.910854007579,31.074835889262097,1.0
6421.0,30968.27640107777,46619.97240465228,-367.27449894567945,425.6490730333525,180.7939621107712,392.01643774937736,3.8434609444000407,1.672326974869924,3556.838035102572,22.168810006314644,1.0
6438.0,30986.420416590023,46579.032212197926,-320.37328154786866,394.7965065078727,181.24833966759235,827.2430574842512,4.110177825481816,4.11927814964883,NaN,16.883967868454548,2.0
6449.0,29666.319631672835,48710.49666528522,-115.70506618974078,284.10818916947795,202.58370082179212,203.2951652617851,4.256967579638444,1.6266023632133535,3966.080003960105,27.57701009824918,1.0
6454.0,29176.778219495165,49488.86981762666,-87.10587476183659,271.79536680495085,208.11402305255007,92.7665855298053,4.349823702357709,1.7125434736429421,4957.041496365853,46.722289680615724,1.0
6460.0,29096.421341848018,49981.65336240066,-371.1974792405148,428.3288513272964,180.83609530620424,183.7801356152844,4.007230644815264,1.4054451141584696,3646.022883144654,34.026079590283366,1.0
6461.0,30987.67573478161,46587.932210241364,-293.09798374163046,377.71077738184005,182.20477646603425,406.92998898480937,4.180927779779563,1.880300831475333,4343.018371913785,20.764101299827903,1.0
6462.0,30539.48684173062,47219.0784129339,-314.4459957816547,390.97566981198275,181.36900231706616,231.8338825772544,4.641718989582382,3.348255769572672,10319.699536610455,39.03499123457139,1.0
6462.0,30918.070550389355,46657.13536604429,-205.2545968363078,327.6505926374611,189.29877341082798,181.67674063827684,5.042889395531279,3.519317066752995,10973.033745635847,44.010831384802806,1.0
6463.0,29161.38072339385,49952.1007116913,-331.9639411919755,402.7813884473387,181.4272380307185,837.5058868069744,4.1020665604038875,6.20531328436453,NaN,20.72157489693604,4.0
6464.0,29105.877796388806,49956.160057967754,-337.2849974852341,405.64284734578285,180.85940646716003,201.55855885647725,3.8175642410706345,1.4138535443893059,3667.6753732387187,31.10766625609588,1.0
6468.0,29175.819474095766,49987.905663566125,-274.7066486061975,366.6276627619786,183.20329063533984,258.42139340180717,4.225890158124625,1.6763984339133289,3922.148945301853,26.314179188915272,1.0
6469.0,28952.239001791997,50075.32195071316,-326.8838397503948,398.90223950552985,181.04218695506142,177.58250603472527,4.75079078939044,2.0579770195440363,5616.43184864098,37.803477836196144,1.0
6470.0,29106.87255577062,49965.86713280791,-336.4176457462916,405.0768496233791,180.87149755577357,237.31504606353462,4.410537654175097,1.740829424491122,4508.747152288234,29.597350088005708,1.0
6471.0,30592.78281430788,47218.26617994238,-325.4922969851694,398.0081692389883,181.0728937056981,296.8432885132038,4.321604381592076,1.6061080668610175,3844.3204288454526,24.989240456930666,1.0
6472.0,29087.357547559503,49943.082038259854,-286.6919671794633,373.81413769235206,182.52331973760528,181.8425723276102,4.34498582286873,1.5942280089620626,4634.724702721654,32.73179208275318,1.0
6472.0,30624.775314748927,47187.348797018094,-359.52256005818435,420.3964152271989,180.7451917620543,482.8049218043518,4.684108518938643,2.0350030695325967,5196.228479161603,20.198347950717338,1.0
6473.0,29020.190841100808,49994.894850024466,-328.9300279238561,400.2202380323968,180.99971474015723,173.43103534804982,4.313111669743235,1.5938586749459074,4226.7035285022475,35.07641196959791,1.0
6473.0,30583.206521363107,47167.40808745601,-379.4840858301039,434.03711718733837,180.96364737914766,343.44146356433924,4.52071086046725,1.924130254555807,4729.578633798183,25.118329676213182,1.0
6474.0,30691.31865625744,47120.96271301291,-312.8918392507617,389.9954676303235,181.41812537073056,293.4256854233442,3.862484976247679,1.6540720410751637,4198.946885755025,25.04549981462707,1.0
6475.0,30641.866904161703,47227.17464075673,-272.96035137082305,365.5918780455915,183.31150183028527,269.2871161872077,4.320838293644119,1.5528530250984627,3351.7584549221583,25.20223520646905,1.0
6476.0,30649.01152276634,47136.5900043487,-336.435761466059,405.08866393583924,180.87123915608322,396.04348575330096,4.8224212115799,2.218032835829037,5575.069466746186,22.82279173122305,1.0
6477.0,30590.715743865803,47192.04491861606,-307.0029430118947,386.3020239565969,181.6209607807992,439.6539908165745,5.1362227332341135,1.9654127531455514,5019.086763619409,20.230077499841894,1.0
6482.0,29161.62169572613,49908.87212042926,-375.06649928876095,430.985984175912,180.88913662300706,191.82151663621744,4.1548181306088985,1.3903526769653225,3243.970304973586,33.16615116607215,1.0
6483.0,29152.918486329723,49931.74213598359,-322.92186697741266,396.4875322513901,181.23537931010458,436.3673896739981,3.9410759894596206,3.1524356683806625,NaN,23.802330310798787,2.0
6487.0,29198.094223424854,49867.131198370196,-233.38630358979879,342.8902572775815,186.38684799335863,207.08962060163347,4.7022155137607875,1.7868519220223251,4754.426772297694,29.838825400452418,1.0
6487.0,30538.07657741071,47168.31585814338,-290.79395453251817,376.30483058877803,182.31574445409123,171.6539067794254,3.861478658477707,1.3129522269377973,3293.0233903701164,32.407317332221886,1.0
6488.0,29169.93402717322,49906.32150608064,-311.6147262970895,389.1917009523848,181.4598695793186,282.44118245290804,4.2414472645577925,1.9564711039549654,4907.64954327904,26.72847873097318,1.0
6488.0,30660.9130779853,47104.40553206447,-366.5563051783022,426.2280593825104,181.65063766406104,601.7758042946398,4.301460973839205,3.1683597302596915,NaN,20.10460045176842,2.0
6490.0,29820.85702980061,48684.04267599364,-64.18041285662204,262.48221247982707,212.99730303535523,142.95232597478844,3.997561466221714,1.2717034144090822,3106.502039235081,31.80954789899273,1.0
6498.0,29152.08753471841,49913.107279804964,-331.1424769089535,401.64977164022787,180.95738174816648,201.05812188766743,4.167000787809994,1.5918293104062495,4112.709637255446,31.932994466383064,1.0
6503.0,30581.202996449167,47138.66804399888,-331.2149586417386,401.7924604761952,181.03346148990533,935.0305019223392,4.386601250420914,5.47613936260769,NaN,17.72481630845802,3.0
6504.0,30622.343946696015,47132.332453749055,-396.10493250747,445.6816567023076,181.37723280853126,286.6643766254327,4.089699391374237,1.6458727410138336,3863.556901812649,27.524964649471723,1.0
6508.0,30600.995759923015,47128.12256572895,-300.3345724694018,382.159185760906,181.88255194547853,183.93461381375,4.227105841675259,1.5064760060113445,3854.886256278433,32.36660798818956,1.0
6510.0,30646.20156232037,47114.769474918365,-299.1188034496936,381.8143744890268,182.2619974031844,368.5094573339672,4.060522728354592,3.074423101718821,NaN,25.961794418533927,2.0
6511.0,30567.356795119587,47104.017862840825,-353.75802177434844,416.5356583945263,180.7454960872699,534.1499893372275,4.040033378310124,3.394365375861997,NaN,21.981572744409522,2.0
6516.0,30644.650205368474,47181.062290024995,-412.9724686091604,457.7653641166519,182.01219895364795,266.9013397328889,4.214883457840424,1.7882290635830949,4445.240068590804,30.02189730079509,1.0
6517.0,30685.464808032175,47188.98609796128,-352.78747798827817,415.8787776507738,180.7399983449311,303.7275221837049,4.444330472861449,1.603956899360047,3750.7381863282603,25.266709806029706,1.0
6518.0,30586.083369196902,47116.47339063595,-339.2701868549732,406.9409695381232,180.83389027857785,244.94954929260842,4.407065737891392,1.5563823331755697,3775.120264228976,28.261382163334297,1.0
6519.0,30513.07661812017,47153.777825794576,-417.7929104251729,461.2700500904616,182.23518183426995,602.8756806529793,4.223485238339208,3.460909988599986,NaN,21.978409200328652,2.0
6521.0,29870.64535047635,51704.69954141128,188.10153109447947,192.73269568294353,293.1913072111673,147.1856021853919,3.615116282191486,1.4394442188129348,3811.642553369675,32.355687613081116,1.0
6521.0,30566.41860915027,47113.117618968536,-395.11095270299694,444.9779521901694,181.3465803117674,398.430645274953,4.278491431781101,1.6577838735620765,3742.9033401579622,22.54050889275196,1.0
6522.0,30616.475674788635,47184.787937386995,-387.984680538678,439.9600741157787,181.1488695235444,433.10384982906527,4.874522036281117,1.97007201521661,4133.595141746262,22.059454751655423,1.0
6523.0,29920.243063322407,48584.69628538736,-88.8197412637133,272.51151253401406,207.76504894532462,110.4831440341468,3.9702379703262842,1.3451566070181262,3618.104470386097,38.14979716971843,1.0
6523.0,30648.783596429344,47135.230739448314,-317.6920069258207,393.03026668602183,181.27234119996496,250.53181239694814,4.129250580313614,1.8471569695314343,5197.049346190677,28.559451420585603,1.0
6524.0,30608.56895975627,47150.61510488112,-368.9664030241153,426.80302876914897,180.81069495370596,250.23548403086164,4.472364830909842,1.7735318267149962,4330.664906329321,29.726056278999355,1.0
6525.0,30561.275395986264,47164.60667090447,-445.60552163542167,481.90495412399343,183.85617719870595,229.20699987975453,4.087335818395148,1.5556258970672192,4169.309853183446,33.08386805616661,1.0
6530.0,30651.861985214215,47052.20966365751,-364.4773188862623,423.7471892650392,180.7710829020645,338.82143554895686,3.856683922749267,1.6428160728675678,3843.5773206887457,24.039954388302924,1.0
6531.0,29880.74675336605,48672.26249814722,-39.665631366148524,253.07177375414452,218.66227486622188,77.31472515015307,4.16606244774821,1.7861203408608461,5128.257188984661,53.550772201484406,1.0
6531.0,30673.846425468295,47077.620912114224,-262.74402959451,359.58987555993866,183.99113684154852,264.56462841271303,4.209295230747131,1.6402870422836227,4387.0629254721525,25.573119596922876,1.0
6533.0,30984.75956020331,46680.709421944644,-264.83943388986756,360.81420675246,183.84632574764476,984.5069921820156,4.342208100141699,4.90139784107798,NaN,15.19776557948772,2.0
6535.0,30953.577222086264,46677.4815544866,-294.4494049472393,378.5377603866361,182.14157094167052,440.7256565229607,4.110492613468892,2.2828261340312257,5619.083509451375,20.68891873345227,1.0
6536.0,31005.633168711793,46644.62131554195,-245.6531613891304,350.0743165319112,185.55252517958263,1563.5185547999101,4.184996923325795,8.243455509815677,NaN,13.618444228156251,4.0
6557.0,28277.428995122944,50977.5602153281,-278.76116839958206,369.0436176541695,182.96101004451802,130.74704708962193,3.712694510580314,1.2154402995788676,2757.650311876762,37.28416320227741,1.0
6562.0,30951.81209482656,46601.87884841461,-340.78745275204017,407.93562060771626,180.81641339744453,269.1005818842841,4.2041882291760295,1.696240209316974,4653.284407228658,27.25922229120005,1.0
6570.0,29798.40771292787,48708.390605989334,-44.23982890102843,254.78465450864272,217.57049499442178,150.71198687078416,4.250078479258199,1.4540828304713986,3807.6995531109505,31.585523776719576,1.0
6588.0,29873.556942953608,48649.91897733092,-236.06259480887942,344.37894882431664,186.14124189974171,121.31508372610163,3.511699949330232,1.3036981379325043,3691.5019307989087,38.53269046155161,1.0
6617.0,30372.50282924465,47721.1841292937,-272.38744283171263,365.25269416212745,183.3475090248856,191.95077165997225,4.05490942606126,1.3295855174453712,3398.0833911336617,29.923259414408427,1.0
6618.0,30388.08564446054,47568.31898757432,-312.59112315187633,389.8060698280564,181.42784281044996,216.5263559603933,4.339266858690979,1.492941605793557,4097.21613529318,29.47646784235526,1.0
6621.0,31009.029296251418,46760.44255186404,-263.7710086159799,360.188767312819,183.919221578757,175.40593091863914,3.8284127157320493,1.383813094488264,3685.0820427435046,31.685885929304227,1.0
6622.0,31268.563084229303,46555.78601025614,-137.11165642714116,293.8291024233878,198.85213207077607,191.15546105014604,4.092937901596809,1.5367857093245278,4413.643123666323,28.525712842501925,1.0
6623.0,28508.63509017328,50673.25445850907,-218.11360964891523,334.52404877488624,187.89289627974904,165.50531713057896,3.708655202405665,1.6790503098724114,4615.687528505394,33.52246147039118,1.0
6625.0,30313.497094819362,47791.69725486973,-279.58106305001326,369.53405026465236,182.9135395489705,213.08425650385837,4.215153478112763,1.5385091646592985,3754.942784925144,29.16456409697614,1.0
6630.0,28462.53494779216,50685.14203935333,-305.18564149949026,385.1688378734241,181.68889178430396,196.9125596229894,3.8857676832863195,1.5166152539965492,3736.763384095697,31.19057121367421,1.0
6653.0,30845.168875025774,47317.98157960008,-32.395106857922144,252.26739631306523,221.9478121962743,590.2764833046017,4.043647607048485,4.5279823514475055,NaN,18.771998795024718,3.0
6661.0,30869.075993836675,47247.69197569912,249.65492955385665,184.8231223230331,320.118542543115,119.70393007695888,3.911583689961397,1.4414740948798273,3947.518675726554,38.01548925085827,1.0
6678.0,30809.907651814705,47266.808001048885,1.4856140356155172,238.54925033732206,229.20135328096342,211.32329167776982,3.9919540781651843,1.7836736640063906,3383.101469015162,26.68415384577446,1.0
6679.0,30804.99653853338,47322.21042061679,-46.56893124769838,256.0009994949755,217.2927269820415,1068.5120956616097,4.5762230357669855,6.2071359841814715,NaN,14.005479614063654,3.0
6682.0,30834.362522591837,47293.388129099265,-56.293522661391,259.39285382783487,214.76986479289326,426.51171975019616,4.793315179230263,2.3761918016864776,5662.364848834919,18.70144385824167,1.0
6683.0,30869.682734856768,47215.01096267366,-94.39994285178994,274.8624126851418,206.64432896101678,209.6751046401394,4.491422533577647,1.9765669374561894,5374.463097774435,28.280880810432908,1.0
6684.0,31122.209236036222,47045.21787289672,-427.05889241055434,468.06230573377206,182.7086214732227,242.7679166996029,3.8326207863618658,1.7086987796431576,4955.361803523621,32.03080625961955,1.0
6686.0,30805.915888636373,47302.15027571237,-24.833904220052986,248.887555624671,223.30932178719726,904.0235211982729,4.053214527179385,5.429078528902905,NaN,14.879826300814534,3.0
6688.0,28745.540734394075,49479.79643111282,-466.28323739388003,497.7206055609345,185.444649877804,204.18196316674602,4.772189355727992,1.9795743796589258,5513.472738301853,40.05361624793248,1.0
6689.0,28934.708455797172,49424.391066131626,-501.90634791734476,525.9131158351128,188.94547270609527,183.19124504876882,4.380505053218508,1.6278574234476069,4096.37424060454,42.051357992360536,1.0
6689.0,28507.78253164988,50690.785748465656,-268.51129328098386,365.84488006863336,185.9242812827104,544.3530834298772,4.180847230035133,3.5555383937107568,NaN,20.592215761520848,2.0
6691.0,28462.281950200264,50702.27823216719,-239.53797526990635,346.3222156269436,185.83044914962167,184.10703906738019,3.845928869366809,1.5698677179051974,3733.066751115064,31.164103698978373,1.0
6692.0,28536.628524001186,50707.55400691408,-272.37511201208935,365.2453972454014,183.34828676443203,252.84031016793728,3.878020029783611,1.6976996918327578,4116.520644442796,26.70461114344418,1.0
6693.0,28554.059044709553,50641.64260360516,-236.28079390842447,344.5006202360788,186.12145819767312,138.181103815108,3.756747013527735,1.4875061447194764,4153.973113244155,36.812557974750064,1.0
6694.0,28463.568198797802,50715.464318797094,-289.32243950073155,375.4095137014706,182.38873343709702,287.37464676102684,3.7654387986492424,1.7607210054495133,4503.532410840648,25.224360880339447,1.0
6695.0,28519.025538273865,50662.403988633065,-277.1024052066776,368.0533415054255,183.05861627972118,283.96838989428863,4.1670686699690505,1.685866053277539,4041.6304131510797,24.912343063938035,1.0
6697.0,28993.177364102496,49480.663715200746,-335.29507154728327,404.345357590951,180.88799770978258,273.91364722938835,3.824519821155528,1.5853324035753626,3942.254304282909,26.40009145272523,1.0
6703.0,29023.574459298936,49703.13592166987,-440.9820362972708,478.4237707516418,183.5455737865921,219.96525777912447,4.702570264521053,1.4654244187840586,3320.189976306857,33.22133839203923,1.0
6706.0,30764.974580378308,47327.43129068548,-17.500394649429207,245.05110427447917,224.17856676002762,153.31951835810008,4.028183395459909,1.5011424755494154,4020.1870300261558,31.323465741669423,1.0
6707.0,30807.921098307117,47310.86259665035,-29.95561729572361,249.5011028753595,221.03273466351817,329.79531902745344,4.147796552333758,1.6320722424106613,4175.27447647727,20.145543074770735,1.0
6716.0,28923.333998315542,49460.19688084059,-20.032225456430265,245.94382983594627,223.52952527084972,100.2711290780824,4.0730489554001466,1.4002868941651079,3746.832750774224,40.341667323714354,1.0
6739.0,30845.674703198718,47321.62848800774,-76.53868863220944,267.4410174964152,210.31514376110323,173.2475861167488,3.8386118054104,1.3227837757647531,3153.247909642123,28.66898092024488,1.0
6740.0,30833.124507089822,47346.35716849365,-34.26925135377976,251.61046187384042,220.40241611867884,546.4122733580094,4.414103368365501,3.853143584342211,NaN,18.408695670488605,2.0
6742.0,30729.759191887126,47439.57548888648,-310.0685580389744,388.2206592713451,181.51207161775312,198.22926084815623,4.765968490305024,1.9550789877709265,5346.74884305836,33.74030843076907,1.0
6743.0,30851.2171206516,47303.29547311878,-275.9206419047813,367.349415480333,183.12943363501842,222.88822533202512,4.206455591829746,1.5450180347666818,4145.027833795735,28.310396768988923,1.0
6744.0,30820.3654808637,47340.35451669161,-230.96940574891946,341.5516578387548,186.61333989475486,254.94552130602253,4.600709576375062,1.9357378219880241,4887.741067684618,26.662174190639544,1.0
6748.0,30823.4994800239,47389.503379546564,22.676541488208464,231.69374434904907,235.1318760485827,159.2433381380018,4.18407091177276,2.344033728313871,8035.782249038769,35.38699171191675,1.0
6750.0,29457.28240970442,49166.8467431258,-1.6338748666840857,239.59419759498218,228.35722604138303,162.8989736852146,4.697950083754425,2.2362115684565502,7074.60668178145,34.228113153654284,1.0
6751.0,30077.44656762347,48366.85020457948,-107.28830337735224,280.4044216253568,204.14654948735605,152.2617396376744,4.991828085502093,2.8625200538104796,7734.246482627647,41.99236089896826,1.0
6751.0,30825.676479448455,47355.8110968478,-3.839306186333303,242.371131071565,229.40760017638533,471.79524834849343,4.244013129164296,4.546876351403528,NaN,22.083190495750003,2.0
6753.0,30890.13154337005,47333.2483128458,-191.17637671798803,320.30424867407453,190.98245142280715,141.0366387773207,3.883383904929918,1.6282270892853652,4484.207273175685,36.24113416679349,1.0
6758.0,30863.579677657857,47348.15678640833,0.9553818575908266,238.72621692656725,229.0573504052927,110.21075752357203,3.9308193291413294,1.339097432858953,3508.6363691804695,37.33416912649929,1.0
6764.0,26345.796383229306,46461.600240244334,-13.593731087481041,243.68547138017342,225.18963479839147,150.60059326549978,4.086338541182326,1.5045623362483858,3571.236922053573,31.67431800350564,1.0
6768.0,30863.016802649036,47291.76070045952,-88.58649158510848,272.41388542001647,207.81241118672583,116.00164211467435,4.273454766396754,1.4282866545544137,3839.2764221405187,37.61163727706541,1.0
6770.0,30801.002722151716,47318.14535634415,-37.07770053488203,252.1114214416806,219.2870308748674,225.3931823874392,4.639169849913987,1.6030155178093441,3943.9488224521115,25.18435643419757,1.0
6771.0,30837.951767621027,47332.5547785313,-1.3553202719643205,239.50051595710042,228.43230079240368,279.12493968123505,4.504215821887315,1.7753189411585015,4163.986270758636,22.467969070842337,1.0
6772.0,30802.860427849693,47373.48215262386,-47.76410216470193,258.1873614190414,218.41269045789025,760.941389572921,5.0822282400190515,5.3252620760274745,NaN,16.890167072698375,2.0
6774.0,30867.079970601782,47369.23893183858,-56.6493146623618,259.5309570299253,214.68888027480224,175.70948617809492,4.029908759072511,1.61293292388588,4229.563009571462,29.545317175866703,1.0
6775.0,30823.20753600924,47348.11763717949,-31.80121421611825,250.17294195080996,220.57664705617438,196.66818536645295,3.8913626185893606,1.6126470082601274,4225.722929605303,27.37772094777762,1.0
6778.0,30859.977348344994,47334.52644463817,-97.57748270706557,276.21420923431464,206.01676012118722,281.09547505465065,4.25321855179021,1.6395864602956947,4100.7543168086695,22.544125765369074,1.0
6781.0,29162.56946367176,49802.65844497718,-177.1814536724473,313.1866168498084,192.8058749293099,305.1302631973943,3.849508109979239,1.7002250493315116,4443.223939724788,22.384913663695166,1.0
6782.0,30828.824034197252,47320.81032050802,58.26831485010753,221.132312189674,245.8627401121275,163.48170258847625,4.084436399419264,1.7833187114114022,5044.205763712001,31.342421173335612,1.0
6785.0,30442.495006371515,47234.93553634514,-436.8237377664065,475.31006084985023,183.28013628754607,192.05411006934997,3.9916977542010788,1.6721901867889382,4575.007634242598,37.60808291185665,1.0
6794.0,27688.837091193986,51000.80234590984,-339.3891163206754,407.018855917279,180.83245699976368,193.47680744963657,4.0941141886972146,1.6741713674114849,4715.618001441077,33.49727695976408,1.0
6806.0,30328.65891203115,48441.03815725773,-130.36494314806689,290.71872827752225,199.9905221899923,109.58274126730186,3.9735921221067088,1.227457127637952,3121.138846889047,38.05137365705838,1.0
6808.0,28241.10182894546,50957.988826000794,-302.371908861317,383.4204668748227,181.79903479796312,144.54568019710504,3.6909745139355747,1.2812472602009468,3215.5639804594052,36.18643352506043,1.0
6813.0,30808.48705600141,47348.9709097396,58.61216075943383,221.03610610817856,245.97111748694434,127.42390912990571,3.854917315643173,1.27933052755228,3157.725369918627,33.594188711800754,1.0
6817.0,29024.218296754214,49583.07673886339,-265.24689664384033,361.05118597755927,183.81727857994727,173.66269765345274,4.758539829478247,1.534788362921091,3475.8213602807773,32.77271538340155,1.0
6828.0,30909.11487925749,46733.94322832574,-327.3405044777029,399.1960458745176,181.03243148372613,163.81594429737834,4.389494313845673,1.4371825457285456,3371.667104768936,35.25155811117944,1.0
6829.0,30263.722968375227,48497.96807375351,-263.64364390039134,360.1144394459416,183.92809676369177,194.85341528361474,5.018551273100703,2.220515127266096,6111.465800234348,34.38075103245378,1.0
6830.0,29396.989117390334,49173.930761561736,-341.06967649212004,408.12087321716217,180.81335607546933,189.25852575942545,4.881467536898831,1.6979170681752327,4239.985773145464,34.19656902969801,1.0
6832.0,28289.169577202207,50699.7655229339,-306.17738222108375,385.78685597465085,181.65150838567678,148.5599010329736,4.004654493865579,1.4033374997020027,3772.6473555672333,36.558128714300345,1.0
6838.0,30806.01137028245,46846.01967190289,-546.2369645458131,562.6680426722494,194.65260811411838,237.66260981159115,4.052519898252522,1.6311416624214783,4309.599151881482,37.651004889102644,1.0
6856.0,30448.53850724214,47471.37787755446,1045.2908570105021,404.1561683663712,928.0584840008688,855.8079282561955,3.5456198761361755,2.4367654943693724,7016.701576421148,43.124574325662245,1.0
6856.0,30413.04418386898,47943.474153947696,726.1202632608451,244.46677620814052,626.2347816823869,385.81679223787074,4.709711993727371,2.303386677922526,7174.448943156626,38.960723351750566,1.0
6867.0,28112.351619157682,50541.55478995313,-135.71118878218184,293.1799276416387,199.08558353221287,169.82669235480756,4.3815280103253,1.7767614955711075,5053.646204436779,31.972499526401677,1.0
6867.0,30806.748714211855,46875.35254667549,-451.76302224136134,486.57245148352513,184.29513055792276,208.64962688890336,4.301044535796148,1.7639886635774318,4964.338463548657,36.94906788203167,1.0
6868.0,28071.72060364807,50836.19365038982,-410.3666792850715,455.8810842289462,181.89994491636656,167.2534037341373,4.3173098958658995,1.6190639600751762,4116.086979760323,39.49718489635218,1.0
6869.0,28147.798161450457,50777.80221507256,-315.6482323046632,391.7354795200694,181.3322653229811,232.9590680878703,4.230330067219048,2.1480712840097693,6322.8433307314735,31.449081652747115,1.0
6870.0,30722.074252409733,46843.933431014324,-627.6757654379453,635.0191106121362,209.03996660168647,218.85582770731256,4.633826131242748,1.7977855536893224,4307.1953511296615,47.39391342143141,1.0
6873.0,28930.132563788116,49827.644971628695,-507.2263109868485,530.2260927222159,189.55128493168016,257.67379853274923,4.575565825346263,1.7778172559887189,4655.297131599907,34.68203947059704,1.0
6873.0,30773.091034235822,46902.45167545328,-408.0714895414098,454.2267067192363,181.80535741261966,230.295148344569,4.343672523847692,1.6334959695076923,4146.071476736908,31.978957505246996,1.0
6885.0,31121.032871370862,46851.343619981235,-289.77628093201196,375.68542759699704,182.3660463428656,192.41203695115814,4.316522034177683,1.6646186808800516,4759.014447200865,32.04317950111115,1.0
6885.0,31123.66649178277,46850.55948742081,-304.7197065312269,384.87880374962253,181.70671387920598,192.8616241754046,4.350150371612552,1.607340014656726,4274.322454657611,32.09136903794921,1.0
6886.0,30829.41327324818,47238.34455320181,-538.7416817449708,556.3234553997559,193.58245892243585,279.1999132352974,4.862924959084387,1.501961624262492,3400.136373113975,32.690396254082316,1.0
6891.0,30859.26567159633,47359.65714676545,-72.80821780153912,265.9289761598509,211.1125163499985,361.01572694977733,3.859433017497533,2.0600606145711757,4531.973910826852,20.14883697183973,1.0
6892.0,30803.193825735918,47338.30417363329,17.557416141460788,233.3110471658232,233.6678801088909,165.07263818515585,4.04348537863856,1.5170623541939448,3716.260169822832,29.850421057293403,1.0
6899.0,30907.637784990962,46809.65801332664,-374.7862799115042,430.79306331303206,180.88491182566725,158.21032416186816,4.418867556263045,1.5277100201218181,3855.781438469174,38.56297985144366,1.0
6911.0,30556.46740747933,47528.82283605533,-149.10233703513526,299.46298887803755,196.9145259846386,204.23925227324162,4.488124269984008,1.6463777527938843,4248.504512856598,27.992616438527286,1.0
6912.0,30808.9639010522,47053.57294374714,-79.30038772930403,268.568848302427,209.73167409174437,241.36811370365112,4.965833418962398,2.273738751386344,6004.6792829301885,26.810930215490593,1.0
6913.0,30850.98240287104,47367.22776460984,10.80460222109855,235.48228693686266,231.76722119610005,307.792137078922,4.44161219586593,1.9948695322343653,5084.333634939537,21.681692477817446,1.0
6914.0,30712.877479108567,47529.1970813921,-19.85550238106049,245.88132089716922,223.57467010261738,153.72998787471977,4.479951018486394,1.4148722805390883,3570.130736567339,30.839215912140123,1.0
6917.0,28753.700340389973,49721.279841683274,-401.9320997263462,449.8258379057463,181.57207780601055,259.91246366517566,4.196402902982455,1.7212741782796308,4021.856639098053,29.821620210293254,1.0
6918.0,29086.638365188588,49713.116372230346,-78.6141703854628,268.28793731071283,209.8761098938655,256.48301149046216,4.305301827905567,1.6199625062850525,3774.8649499618805,23.60682568941182,1.0
6919.0,29183.823367888686,49571.66933263686,-467.4188236355932,498.6008548120831,185.54132513099228,239.61716621516598,4.569756413471256,1.5521821441842991,4043.586212314443,33.03013046167681,1.0
6928.0,29754.533776202894,48784.361031662345,-96.59642453993031,275.7958291036293,206.20969945103505,93.37668759622615,3.737738510014205,1.3205545857510068,3467.892743615485,42.428926443540504,1.0
6928.0,31196.79481093865,46454.6810359637,-245.70407079980748,349.9549026951571,185.42846253490603,517.3056213849883,4.08112379210911,3.4170036321525794,NaN,20.334887586213696,2.0
6929.0,27610.050190661797,51213.48702413742,-169.45893625911552,309.33812490074644,193.87596261560378,424.48244595209354,4.134894870239278,2.077780238493153,3898.1788340639882,19.03632203054423,1.0
6929.0,31221.1261968376,46443.86415604263,-280.7362483874872,370.22611794180114,182.84752569377042,328.6428771262315,3.688372644484175,1.6806163012547788,4013.55327906194,22.855716908085913,1.0
6930.0,27624.98386438782,51184.20610381929,-57.40756048034302,259.82567383826506,214.51661206668103,346.9197176962353,4.112862158043608,1.8061586186606882,4168.747089574363,20.01807654158811,1.0
6931.0,27614.88050617722,51149.630907879626,-46.50539010487638,255.640336202375,217.03565039815246,410.2871891717834,4.164373044535996,2.0040870568368567,4519.050423819236,18.42626767388513,1.0
6932.0,27584.525404917375,51179.52940463979,-203.37509094540314,326.65901211127294,189.5148154823128,373.0356543218264,3.87010897172534,1.681568472900436,4254.586991072751,20.133921074932225,1.0
6933.0,27625.89441929966,51262.20845467893,-243.54496848369013,348.5768714897111,185.48354044453387,370.4366341436331,4.004781672700444,1.8256823748830016,4272.618509104512,21.045823922564637,1.0
6934.0,27620.182610209868,51186.450254947995,-160.58119843407334,304.98341958659785,195.1622822983351,365.72590368096536,4.194352207960404,1.8087786298579582,4668.123914165357,20.16534942744312,1.0
6935.0,27594.97544195565,51145.354255444545,-219.70595351691233,335.3860454919378,187.72757370482265,400.2221708831999,4.15654006758143,2.1521675140986987,4920.685019458593,20.475452082366935,1.0
6942.0,29851.61021702713,48795.926252285564,-91.20866347312786,273.51435423461663,207.28235609083626,126.70625597429544,3.5922470713553634,1.32740911245461,3523.8905535977137,34.890443019103174,1.0
6961.0,27640.572606045316,51054.88634956253,-229.9896171808871,341.01057089602625,186.706425813644,272.3881772984527,4.518643471622254,2.386929564698036,6603.110522705116,27.276031290944037,1.0
6962.0,28415.83049906089,50488.65206883075,-374.8714329547207,430.85168025834844,180.88618932734116,203.17434850024736,5.076170793939173,2.5325689869316217,7330.945828972188,39.87873938755075,1.0
6963.0,28957.090617665366,49719.267196731285,-268.0635622546607,362.70277385556653,183.627332126255,213.32071208547796,4.821026068220804,2.479197278276716,8242.174738108926,33.92378045096644,1.0
6964.0,29153.97500755218,49660.78655233151,-172.26452673105237,310.7297776103301,193.4819432375006,180.20416267744244,5.670479650572523,2.751158482723935,9124.501365672257,37.481562446865084,1.0
6966.0,27585.496007149017,51235.46181840553,-103.38301722054901,278.7086032525844,204.89003076564578,325.59907826100226,3.986630799541653,2.1176942308451663,5000.834160244169,21.8360623150812,1.0
6967.0,29356.09896168634,49105.446262607154,-559.2239536106038,573.7866569190708,196.6082035116059,228.75386080882367,4.348582230759206,1.809254290854218,4963.379525970477,41.00258190285833,1.0
7004.0,29020.764174331496,49861.946393265614,-120.9123874712996,286.4331039503715,201.64382403140837,229.98791370123877,4.3265766734492495,1.768572818331057,4673.900170144991,26.122999944188404,1.0
7008.0,28962.679937723333,49644.05364711439,-333.2241491554165,402.9990210063197,180.9209572232125,207.9186713084198,4.619723737646689,1.6973528387846217,4691.263042632502,31.89926823317295,1.0
7009.0,29102.600296995835,49588.79254321998,-575.4145818678649,587.870759470194,199.22621588033184,166.59424345877468,4.264094807189056,1.609912737358601,3999.648404124256,50.216265817470116,1.0
7021.0,28207.78448504786,50713.848610705456,-280.43728864466254,370.04689146389734,182.86451241253715,200.68627307162345,4.134224182505628,1.5163951967116864,3866.5772341844486,30.18635185494345,1.0
7022.0,28338.145032693454,50561.61608610533,-132.49527812476944,291.69621970569585,199.62731793482888,173.07600530783228,4.371569809943199,1.8549341919989029,5376.767049220382,31.964479899449902,1.0
7023.0,27985.931233044772,50658.113892903624,-95.6524891331002,275.39413703039844,206.39603044500313,200.17200519862942,4.233505780639504,1.5267583328995975,3772.2160883050174,27.232929755794302,1.0
7024.0,28470.421138181457,50291.38026428792,-534.1741541764334,552.4831253185347,192.9513187428751,226.70156395755154,4.2274567980290305,1.6273966832525584,3943.485517394608,38.13856359620011,1.0
7069.0,30873.0125620352,47332.2448242714,-77.88510567384527,267.98997276891873,210.02995743773232,125.60690538605373,3.8430212978627454,1.3742755999236305,3549.29202669071,35.236144091984386,1.0
7072.0,27900.034260009255,50854.44392611293,-278.13392032594203,368.6688475539008,182.99767251880047,186.70093154466483,4.110936009252769,1.5583158784067805,4115.0893770619905,31.753797897673493,1.0
7073.0,27645.986850925972,51037.588015591646,-106.96885772741757,280.2651665162273,204.20692848415766,233.73000908003294,4.154371402317219,1.9089187314827278,5623.631123212826,26.228683221558473,1.0
7074.0,27744.655202038088,50964.41482928658,-475.973277954426,505.270921393055,186.301173248947,225.07785432046109,4.43488995034777,1.5712309482955817,3702.3481651726242,34.90579203265548,1.0
7075.0,28348.694938441065,50407.70505851544,-218.89710005883964,334.94788333209084,187.81131014918066,292.24230967533043,4.426725470623867,1.6846622077380604,4247.165029355737,23.49209403781472,1.0
7076.0,28465.839334391327,50491.34388303376,-326.98454877313907,398.9670162043843,181.04002190508592,261.01760637854164,4.190715298498091,1.7312007560526999,4576.461789321308,27.568664556143673,1.0
7098.0,27705.327873341725,51158.75861845713,-101.24749412859741,277.7873634187107,205.30150341997015,143.59036946136314,4.099390317961107,1.4926268223580859,3929.069169605114,33.367441879374155,1.0
7117.0,29005.421069718443,49804.29117101723,-305.55454792655456,385.39861910830575,181.67489840331442,224.82552666279017,4.686116447513554,1.6787954237440106,4340.13212245917,29.472695458471748,1.0
7118.0,28989.60773762946,49647.33314851771,-299.95308351528956,381.9234473712383,181.89854205324056,223.24449247549776,4.437560135576298,1.7281663709197403,4444.2961446661475,29.69638307970209,1.0
7123.0,30281.403994429504,48428.361965207965,-236.67668551011067,344.72149054300996,186.08565608882552,144.26741248512363,4.0069854903791216,1.8343464356077255,4878.204240770261,38.44436852832223,1.0
7126.0,28305.332994224373,50936.60296563027,-230.53221617118368,341.3101086219409,186.65478519200175,297.1961180522313,3.9037300827226105,1.675466600690353,3599.1817102445875,23.40490005146312,1.0
7127.0,28260.944314007735,50938.56031296855,-340.6584161628221,407.85094557950015,180.81783146865314,204.88534604441494,3.835002539214974,1.396688916989926,3217.16195481797,30.80586834286867,1.0
7137.0,28229.744934827027,50952.342190245596,-402.84963477055544,450.48129097623547,181.60511586764233,167.51771438669496,4.101138484042136,1.3768430936323939,3045.1158135515457,37.14669549077045,1.0
7178.0,28272.23996625149,50889.603108796626,-234.21747404906822,343.3518741550325,186.30998621410077,216.56449117857426,4.897357258641211,2.3328817638120745,7811.165501186636,31.783048656695573,1.0
7223.0,28193.735175950955,50900.71724020644,-618.7509055186565,626.7850258975967,207.2166527025454,310.3229009855278,3.8864314888747074,1.5128694590220264,3712.194342205777,34.489319434108,1.0
7226.0,28185.056877203468,50994.18638347594,-308.71280297035077,387.3710580292607,181.55934405121388,191.81958761037262,3.908201107895695,1.5517120851389556,4190.962194808258,32.0033915233348,1.0
7233.0,27922.918860458372,51017.486431263846,-420.3609433252964,463.1428826144113,182.35862250978954,184.22939821295267,3.853339891271622,1.5537242985370203,4389.156669734627,36.961879142979235,1.0
7234.0,27961.978344301453,50940.92987381964,-238.059534204131,345.49414992658217,185.9615366621456,283.9304139597806,4.613987943455206,2.4702695661532603,7252.8209868105905,27.013097955972373,1.0
7235.0,27852.542310966535,50736.87042097151,-492.4328375946691,518.2988731922868,187.92007680740812,280.06753731331764,4.406332595716137,1.644014715124124,3971.3869974876593,31.387825875551595,1.0
7237.0,30599.313023759543,47576.95027166205,8.94012268163111,236.08935068639383,231.24856373423916,193.62582433966716,3.863055636510942,1.460857455373471,3756.4649730815318,26.876405070783395,1.0
7238.0,28166.20067318432,50668.9556510266,-442.7603677030648,479.7603528511742,183.6631132239497,183.20075233362834,4.449399436910213,1.5895285369640169,3991.89363739819,38.43971648846973,1.0
7239.0,28156.910513236722,50942.39808067341,-248.57217643475923,351.426996290584,185.0656118774969,286.6424401527601,4.271788031295899,1.6321495032278444,3936.664148413705,24.08646041211774,1.0
7246.0,28808.990967817397,49662.185963617914,-603.5005953512741,612.8889085441989,204.2415590723333,182.11114292551068,4.461202633604637,1.6585298975649139,4294.921005886562,50.05164961708434,1.0
7247.0,28929.998113725575,49643.18253477832,-311.7709309866423,389.28992773033093,181.45469709392182,129.11018057976963,4.55459168872785,1.5576289394669791,3989.8764208747907,41.68127630975554,1.0
7249.0,28001.098182298316,51007.223963933764,-199.7305158009963,324.74571776709064,189.94141721425225,179.8303841203222,4.686317864282115,1.7509190857542494,4903.379889512347,31.77377190656428,1.0
7249.0,28649.462940244848,49741.09239627776,-714.2322042105491,718.7729351273024,229.87230106316255,243.87286419007887,4.500716782722682,1.8824541188835144,5162.806879249981,52.56491746710689,1.0
7250.0,27776.66921526998,51166.56831214196,-353.23332156756584,416.17651050268324,180.7392736649314,208.26408084486366,4.034639476604721,1.6118762491687029,4535.334680579193,32.02106133100729,1.0
7254.0,29113.70126821648,49821.88407237909,-144.82676367761457,297.4385341778779,197.59285779776138,229.6087343313025,4.4238559471909635,1.6510496215223331,4342.6503684844,26.000941475764694,1.0
7255.0,29141.279898450026,49660.90456135341,-197.39678494245612,323.5271563005045,190.21989942070917,147.67886900884986,4.105618493228927,1.6471394879842998,4594.159154411525,35.42458731731655,1.0
7256.0,30612.74889148913,47568.86408623951,7.094608050598524,236.7899007655777,230.81572362191454,537.9717110447189,3.969374406461349,3.384431905376637,NaN,17.587863043116478,2.0
7257.0,30645.33651470193,47542.19962636075,4.124369077028675,238.9590558735086,230.96092126995416,420.74679902885094,3.940751517615424,2.853055074851148,NaN,19.71076839322929,2.0
7260.0,30681.164386238794,47474.12469295473,-68.04961584752832,264.01925780722587,212.14504060919882,267.5988693018981,4.153597011517435,1.7661274957320032,4488.409775341558,23.34892631610701,1.0
7261.0,30649.911776629266,47493.264286502876,47.316647208492476,224.25485242194608,242.45800307260438,218.7753806883036,3.8112567944041054,1.35296911032794,3477.547270956691,24.60448786763686,1.0
7261.0,29577.142978161166,49399.52307735506,-282.1594877291102,371.2029137147454,182.8665163658027,960.7946129733848,3.8563476273011936,4.889503078263255,NaN,15.697260181783335,3.0
7262.0,29606.35452715025,49383.56659320658,-338.38663392326197,406.362752279514,180.84487593274025,172.04504889624332,3.727510113967676,1.4249975418555343,3913.2349559916966,34.45143757594505,1.0
7266.0,28791.329888084463,49712.70650746855,-705.1378050582593,709.64084205461,227.41502999881354,281.41918099244253,4.164917172525004,1.580392555853003,3967.8223397563243,43.14568859147607,1.0
7272.0,27819.25979319531,51000.751296996874,-829.7614219919307,841.5695717376369,266.57407103942063,350.86325219581687,3.72472612361503,1.626776637827656,4322.4989083421,47.070724414695306,1.0
7273.0,28104.595107781446,50700.481248075215,-818.1423898090338,828.65037348884,262.4228368950381,422.1476279731883,4.071208536017927,1.7971584178086262,4630.9827841578335,42.10252547552408,1.0
7273.0,29643.70475232749,49314.684860014306,-270.7355140759967,364.27642173347834,183.45273289996877,241.54092015146546,4.23130979214491,1.6969600109609253,4115.887077876776,27.438887168538134,1.0
7274.0,28433.74404114188,50870.74065709877,-1080.6773662315113,1151.6229853092066,381.3223726277756,796.0704600727431,3.541933065596474,2.0979083549146815,5631.480852734828,47.512684409021404,1.0
7274.0,29623.190081238485,49338.89103477221,-326.74093684883627,398.81033984367065,181.04527235757226,337.6018816190906,4.3315064780439005,2.150314544050747,5271.171791519577,24.834209585982453,1.0
7275.0,29651.35611685079,49382.342523435254,-247.8246037251287,351.0016589834702,185.1265409836761,222.48499163528214,4.152209531736051,1.6791768697091989,4211.261410393194,28.31616285118547,1.0
7278.0,28902.63559701395,49699.11317328956,-579.8094893332578,591.7365133739077,199.9713432472974,232.69652371926117,4.395591966592161,1.6463471436499986,4235.817397829473,40.37242268578711,1.0
7289.0,29127.09492500842,49418.10712301311,-127.86970823675705,289.66279105234014,200.48785361896861,620.1795999696576,4.3497120422845095,3.7918273548631545,NaN,17.30810529395912,2.0
7291.0,29124.970779554587,49362.168803363886,-161.89198979450637,305.62171185829783,194.9685786446621,111.27300093907633,4.178694758981498,1.5764862716964803,3878.0993286384078,41.29714450427488,1.0
7292.0,29129.969522055435,49408.56779608997,-125.07173222915483,288.61293361632437,201.15397489656124,1660.2207523565844,4.2565816726291255,9.467943457364903,NaN,12.869309197183885,5.0
7296.0,29060.218648661357,49418.5953393694,-111.01300256058688,282.03522241969836,203.44827723258356,178.07164004036645,4.0824164346604235,1.3120483902380538,3170.3988958319,28.49154048937904,1.0
7298.0,29117.711253771253,49440.11200746529,-123.34610393314864,287.52845446913364,201.21164514730762,266.2143792852195,3.9364744467563497,1.6316036306809343,3647.9075006544003,23.491706449401693,1.0
7302.0,29141.894188638948,49420.12576352144,-138.05808288784536,294.2688575935024,198.69521354240496,172.2692554920536,3.6738855406399074,1.5894433097897194,4107.222997393395,30.710019822164643,1.0
7309.0,29065.47381197258,49481.064754993444,-99.49190149310523,277.03324212170423,205.64237409445303,137.653501511341,4.329362302549051,1.6000170221135332,4906.878084782478,34.96164160713807,1.0
7310.0,27878.905251593485,50778.441465760974,-454.87513128944903,488.94508870627556,184.52797783737174,294.07832911325625,4.30637010859952,1.8924543106409097,4816.557002895924,30.193332542798206,1.0
7310.0,27866.41287699806,50780.626144635135,-464.0107326430027,495.962726116444,185.25413714514795,282.22197658466837,4.683716714514686,1.8900323814479145,4778.976612829746,31.387296787195194,1.0
7310.0,29095.62823373922,49405.1579559756,-86.11228906653042,271.38146157966645,208.3173600629663,112.98051712806125,4.190202290477714,1.389000428974871,3624.652841454992,37.91480001471587,1.0
7312.0,27816.448286104154,51020.667414729054,-249.91515456932382,352.19241792668834,184.95722551319867,299.48760945961726,4.642637932561241,1.7992960400194582,4846.555385228825,23.97483271865448,1.0
7313.0,27803.92514381377,51050.23661538346,-243.55488997874687,348.5824729101166,185.48269666928678,204.87818768252336,4.582772362643023,1.6163221904201375,4057.0437229914223,29.439583068861673,1.0
7314.0,28938.92885363711,49736.02734277645,-350.96641901980934,414.66462701065757,180.74453135339803,144.41583774970843,4.88121509407633,1.63223929051493,3990.0213254867936,40.88491679461177,1.0
7325.0,31297.94546539261,46340.4111930588,132.21704104923813,203.00828799838587,271.24481303025595,166.0945144130167,3.79306829229012,1.3498616180456584,3275.1908625113965,29.152360925514742,1.0
7326.0,31297.72952252011,46299.601999403356,185.1668992698584,193.19902581427166,291.9796322216411,177.81140464575608,3.852202061289966,1.4878106211327982,4331.413790282506,28.977325276809186,1.0
7331.0,30418.753242881066,47275.7750603165,164.70265904185902,196.67668883452134,283.7126498383319,121.4993084981761,3.4615681732904653,1.3681277890506225,4270.83487664683,35.747719091716796,1.0
7333.0,30409.73763026618,47228.32359273605,273.48231001419265,182.72054972830304,331.31730917015165,135.46412970639346,3.730642603887436,1.4199925118751258,3908.196252837285,35.466993543442165,1.0
7334.0,30383.487646867612,47214.11591668936,209.25681639637884,189.6112902437105,302.1202698758062,135.98395113367505,4.204624340098224,1.3522142943259625,3596.5055917099385,33.754307708252924,1.0
7335.0,30412.567250254426,47187.5272773481,173.62559324904385,195.27332946135914,287.40858071282224,246.36638350718556,3.663144470817222,2.8450232701641376,NaN,28.749387877691298,2.0
7337.0,30408.52781572334,47165.25142641869,189.43349764865613,192.52371797049105,293.74342603932524,133.17546044142924,3.7299838537422336,1.416246394719391,3892.6227995283434,34.328757233917145,1.0
7337.0,30401.634700137114,47162.69191719581,154.090620140865,198.96580024275764,279.8182168847975,364.8707466758734,3.7515934343163813,4.302568218069263,NaN,26.12096003216454,3.0
7339.0,30434.358351268602,47202.64324672812,153.09796209576956,198.82424495738533,279.16648364034535,167.26630540732305,3.599649676509039,1.5302487773941391,4191.903337412053,29.997778910080243,1.0
7341.0,30428.662662649716,47220.77490831504,149.98859505208398,200.44641904886873,278.79432440206625,478.1877768863168,3.7674566209315397,4.510306849833072,NaN,21.854555165563507,3.0
7345.0,30380.66142131244,47150.664977839275,87.11799601202988,213.44809824547738,255.26928927641637,132.22529882503693,3.9159134104376463,1.2823009377960832,3062.8377609355966,32.90230483868411,1.0
7346.0,30410.60134731329,47193.00967933307,77.71210496565111,216.10669257531617,252.32635442744856,474.36851382961083,3.7947032460434293,4.6915008219239915,NaN,22.023116387332017,3.0
7348.0,30412.227590928745,47221.120921766626,232.20683895051795,186.7023424252536,312.1924384588564,174.80392139504843,3.602725701727669,1.2950891165210032,3565.568287163344,29.001870087464148,1.0
7350.0,30400.24133814197,47145.70441956608,40.22308005310891,226.33772588065477,240.30147771079484,147.15298312474386,3.953183721499719,1.4127502265890588,3603.884279834503,31.466354358858684,1.0
7353.0,30393.08597888033,47211.53830438224,134.65750899588346,202.49805658395027,272.1535136830571,129.3572305307444,3.7667748752733594,1.2536432027967441,3065.5686137970974,33.407848036925515,1.0
7355.0,28884.860986554544,49718.373459153474,-340.593788872399,407.8085424426593,180.81854647129416,162.62086392570717,4.381968661139402,1.6879856318187858,4127.401466392808,37.754571766509436,1.0
7356.0,30398.00025762614,47159.98705472046,94.02560767634563,211.94368808112154,257.79264348714787,234.2805675200563,3.7456064543681613,2.6711689979736564,NaN,28.467143877766453,2.0
7359.0,30411.704889373374,47230.70528151477,179.10262317833093,195.25558536556753,290.3590054965101,476.8366185116526,3.8804696278542257,5.3224014369086525,NaN,24.23005684605898,4.0
7360.0,30444.193749838447,47204.515817230684,191.71336040583893,192.16990352345837,294.69159888968426,107.93144982914531,3.8498078309587696,1.492152762112744,4191.486200912746,39.98511446083242,1.0
7366.0,30438.994839701747,47229.92828119508,-38.0353160270193,252.46604576529174,219.05525667634072,102.79129681089658,3.972648839042753,1.450430858272278,3916.105439406717,40.28847058139856,1.0
7369.0,30453.780460197395,47156.17979554625,0.2680841090143618,238.9559991823265,228.87100980940377,104.0039708402618,4.25832548397513,1.3306809807097533,3445.425826172027,38.67761884946276,1.0
7369.0,29083.912312878954,49464.864976888566,-106.81418656032307,280.2017072535208,204.23936841346756,536.9594418144263,4.727595335909552,3.8088090992356127,NaN,18.955931566687035,2.0
7370.0,29107.536180442818,49411.84972500502,-121.9566926111107,286.9024335504372,201.4578236414329,243.11085623999796,4.062829807496002,1.5033443660601369,3675.8695938478786,24.39904961533434,1.0
7371.0,30385.050811699537,47187.89700818382,185.14964646108706,193.20179139929377,291.9725281458862,130.59675060503014,4.036536785484512,1.4014653939339934,3772.543449977417,34.60480069564427,1.0
7372.0,29068.90570974573,49423.05851668257,-131.83219138298057,291.3915075970704,199.73999793757338,371.6757576615708,4.488393862716094,2.083411456753247,4973.481688725748,20.278847560183433,1.0
7372.0,29069.251088138724,49423.07142342019,-134.40128877947322,292.57440870574305,199.30529063248744,373.4263711571457,4.444278339536072,2.123041609331265,5437.30255725555,20.32965776552148,1.0
7372.0,30480.1165799461,47845.464338269005,839.2637113264302,290.0843146461118,724.3463887851766,365.20181168478666,3.8980296520346003,1.8487522270814258,5676.92029436741,46.1504722165033,1.0
7373.0,29117.97717806058,49405.88372430554,-67.6314343108735,263.85245425719114,212.2366027955432,197.35361336623086,3.9578352922394764,1.4978931290670425,3501.172927222317,27.11301807149213,1.0
7373.0,30418.940416837155,47221.54482225573,268.95240883856525,183.07905970425844,329.15496532904,119.77521488000156,3.7022954201323683,1.4133285683238814,3919.2849943131428,38.225306460218626,1.0
7374.0,29092.38340373012,49444.23619046293,-78.42480164996192,268.2104952123567,209.91603162067327,318.4596282423536,4.739378123722124,1.9379015430517945,5080.035962800358,21.4971748999113,1.0
7375.0,29044.634896188996,49510.41649931341,-117.08573064949498,284.72212385514484,202.33248952783106,278.13536005423816,4.9805648263837154,1.9530845016360978,5278.017286110956,23.74158507545608,1.0
7376.0,29062.047103296885,49455.25733387556,-175.40767783440646,312.29768611140145,193.04764136193998,261.8715320359417,4.726698426548346,1.8133589291597134,4255.34818382508,24.890658456833066,1.0
7377.0,29110.5118560631,49407.76714752958,-127.78991669471232,289.74084992375333,200.5941291807616,1424.673719275705,4.018718905410675,8.48714422648712,NaN,13.65060717812087,5.0
7379.0,30432.56692813024,47176.664991036,106.47090939428611,208.78642865220695,261.97783936578867,249.96793174561628,3.9041774765745316,2.6700880041511623,NaN,27.217388690087667,2.0
7380.0,29163.365502058314,49428.57243216984,-169.99212243134048,309.6020291315074,193.80061983619726,269.15695625975604,4.174645745116533,1.4554920099063686,3309.507111105652,23.35341856578505,1.0
7385.0,30717.557182986257,47214.35698105763,-233.82002328253873,343.1310559864091,186.3466744485279,180.0071073530328,4.455304648207127,2.124233869786955,6456.246149285487,34.832987498447686,1.0
7386.0,29504.020543947976,49556.33642854081,-356.9018396691183,418.63907938821046,180.7436105535623,519.332996191159,4.031909455674427,3.2437272792603387,NaN,22.09225083204076,2.0
7388.0,29461.74641797303,49534.6671801095,-338.05248902701067,406.14427206221046,180.84918556721266,257.0901349771822,4.208270131114847,1.624636920408576,4557.342604002729,27.67770213717039,1.0
7388.0,30479.1141477537,47405.29756022575,-24.31083822312899,247.4662114266257,222.44379513282718,141.39817774832673,4.414266432690033,1.656671299071805,4760.75719101004,33.961323696486275,1.0
7398.0,29604.879867117834,48904.186363982066,-32.522154304817015,250.43625290571237,220.39919196120437,137.8012211534562,4.222513179056805,1.4638362413231467,4180.108476317698,33.38063775937813,1.0
7402.0,30419.741186303105,47273.73456095666,189.2519460425398,192.55210387039514,293.66809076496276,139.47892577985508,3.9126762758205116,1.4480876739536876,4270.306261517535,33.53393622249178,1.0
7403.0,28858.222668268947,49623.23883893366,-466.7125355005272,498.0532328636514,185.4810815454113,199.78125487931234,6.436994065275963,3.1300971437434555,8991.843950540213,52.321606618726534,1.0
7403.0,29700.785683121572,49002.125408679036,-177.1867113166773,313.18925613727754,192.80516187422975,170.77239887185507,6.0951407862102736,3.2745056840875977,9995.750320273044,43.28664045339596,1.0
7404.0,28847.135378433537,49665.492723150164,-483.6737938023072,511.3341754464785,187.03286703201573,214.6127461663909,5.313809183565369,1.9443643221994007,4945.439297590767,39.34289503921323,1.0
7406.0,27649.196336915524,51027.51996696001,113.76390557432572,207.0480961843199,264.5207600659701,193.97125395710341,3.7731645296166105,1.5055647266113277,3851.1494837903497,27.06644234242519,1.0
7408.0,27643.478552625234,50992.57637465807,10.135556317918462,235.69974730151276,231.58080248351206,235.8940565723207,3.982575532873014,1.7378019248509333,4435.5410992008465,24.74035596014022,1.0
7408.0,30470.979122850484,47242.49129832055,111.25311590449881,207.622582925435,263.62592192764936,134.66633088111442,3.960385554182269,1.4727130509752804,3831.7503611715388,33.74827539634647,1.0
7413.0,30827.34215358467,47370.44939645476,-191.5292632229578,320.4861093618784,190.9384025212727,311.0183274281338,4.502563105629738,1.6538807186008417,4044.8676823352844,22.188878684244866,1.0
7416.0,29275.31214130695,49846.258567899466,-52.66040884331395,257.9894679220874,215.60234763623424,167.1240125760368,3.827286475278453,1.5656389731652034,4467.160580104855,30.22601137250167,1.0
7417.0,29280.897694994976,49726.53876568434,-226.82695952347132,339.27017464086623,187.01188985953664,218.50281509828798,4.187921297815224,1.7892490112934643,4690.9349304877105,28.703819814461887,1.0
7418.0,29220.46608284926,49715.7373699072,-155.9286085355808,302.73091434964,195.86039624177832,231.78469577452773,4.921707509002159,2.098234240290007,5682.796780559362,27.744520034473013,1.0
7419.0,29134.13780107612,49664.80352761425,-369.016988890717,429.1419663601749,182.67353728670952,766.3411245414022,4.8542377126268415,4.733350766442256,NaN,20.2306340666535,2.0
7420.0,29046.62334359099,49672.788083657724,-432.6412554182062,472.19469079473635,183.02644804106077,226.60056197519944,4.7606384395402035,1.780344594871169,4605.175475019157,34.20267718317813,1.0
7422.0,28210.934736690553,50911.15261838804,-250.02221898186608,352.2535117911831,184.94864393221994,143.98211291861242,4.964395737843733,2.718373529610123,8346.90678381708,47.140593129809986,1.0
7422.0,29153.807221967494,49693.43904098751,-315.04734786387013,391.3555520647143,181.35048898543266,244.06600170791395,4.517570931250585,2.166180844521469,6449.372943782714,30.538611183383765,1.0
7423.0,29305.47253691447,49661.10071867037,-46.95555742127411,255.81093670086585,216.9298425503568,177.83483331825758,4.350661437831352,1.86478049702136,5105.528049414604,30.476782086088484,1.0
7424.0,29345.21001971094,49690.956761446134,-152.70119739841832,301.1803865991285,196.3543551657194,162.3304346507883,4.015736301615954,1.5789869078157983,4476.140403272897,32.06292191231016,1.0
7425.0,29290.240693617696,49719.58820059242,-70.40051126088355,266.3665737586475,212.7694760447547,397.36904395155364,4.246848480126852,3.247966783850057,NaN,21.81339535069938,2.0
7426.0,27771.403736871416,51070.53671714844,-59.44166325003969,260.6189719108727,214.05664231239672,114.03880465776659,4.1719828860029,1.6491152633869448,4637.479019855986,39.48603239313167,1.0
7427.0,29241.43820745235,49625.13109966088,-36.17026014053088,251.77617595705863,219.50730596120272,200.42004381670088,4.0956704085129525,1.5296461862429065,3511.527581787558,26.769210567836332,1.0
7428.0,27681.081720403046,51023.814585836815,11.462175192352476,235.26896694292827,231.95077557182134,197.28532716717638,4.122115231940972,1.3939375635203262,3325.59255804069,26.331529172149047,1.0
7428.0,29174.95308636608,49580.82402931729,50.67992443536547,223.28388088944826,243.49387896718676,149.2501821139478,4.080251749620904,1.4743801934575425,4162.137935070682,31.508853041261023,1.0
7429.0,29141.26057892359,49610.23966360321,72.0049881305714,217.3756152962644,250.26252825600736,126.08563466334193,4.244604395857692,1.3203935395756499,3313.00060254233,34.076438575423666,1.0
7430.0,29083.627351949497,49810.70727717424,-27.513245614892796,248.61696226128336,221.640289107135,237.24892078110008,5.139609589119854,1.640029935494182,3639.7345845267996,24.484726044644415,1.0
7431.0,27619.388309937967,50973.744512333964,73.44977509644458,216.99083784293987,250.73364427159893,123.72882680080181,4.361273790773641,1.6814629383201967,4914.758509218151,37.000403677008016,1.0
7431.0,29042.653574161886,49665.63364147402,-188.9882824720222,319.43581195293183,191.4650544256868,604.0922281806786,4.871180309879093,4.105798774331614,NaN,18.8425381870995,2.0
7433.0,29144.81649516328,49632.28122973004,-176.28503899093673,312.73700629821224,192.92775695982817,291.9133273587418,4.9278132662403555,1.9453855564691844,5232.86442863457,23.678916208997073,1.0
7434.0,29264.649500332845,49579.46259904275,-280.3102761992837,369.9707729655009,182.87174980206115,318.35322568331657,4.736716392859273,1.9134462551002716,4647.45342217053,23.975621103556456,1.0
7435.0,29365.434268684672,49609.880228144895,-366.68708702404894,425.2490626131068,180.78866282400332,208.92980301607577,3.9528994727916027,1.4935207826650425,4203.651076466291,31.736450299369203,1.0
7436.0,28252.585004068223,50913.60622222231,-206.53776034799023,328.32947124165753,189.15282501761982,107.98351522162908,3.772182151674108,1.3805678932796006,3777.2890001012706,41.408840289118125,1.0
7439.0,29263.484349414848,49487.58131089322,-435.2952544748859,474.16963979404,183.18588045040937,203.4197006433204,4.1918344311429045,1.6256011152026835,4515.027968563226,35.77880169304957,1.0
7440.0,29056.964148296323,49567.17251540711,-584.9067473369464,596.2428670702473,200.8539861973525,260.5839121689551,4.631222818460482,1.84913274757373,4775.39172435844,39.36014035933006,1.0
7441.0,28982.24265142162,49572.45719380196,-528.1256489950845,547.4278804328319,192.14000496091157,237.34772029340348,4.203355639658945,1.746006919766761,4805.193390747064,37.56556635314547,1.0
7442.0,28899.700229137063,49555.722595951614,-691.4087471495906,696.0026244580044,223.82489212500596,394.38236786562004,4.203369542245861,1.9056147701264834,4433.761853374438,35.82148343894384,1.0
7443.0,28833.604831187135,49572.165140248806,-448.6051338003248,484.17424834900146,184.0664028408115,212.40785622265182,4.450578796076437,1.614229804783807,4345.37294178524,35.28286621666984,1.0
7443.0,28824.398173143767,49566.32482319946,-654.7563369928533,660.4634134402722,214.94396284038834,276.55655798389756,4.121720505717439,1.6649231679126284,4636.504604023018,40.78293740512813,1.0
7445.0,29181.71032947447,49459.513920759586,-218.8994698614668,334.94916617131616,187.81106408742073,154.34026178812158,4.189110149508886,1.4523896103853782,3924.738805529873,33.64763842722196,1.0
7448.0,29506.08658019753,49660.5757127394,-306.7434011256525,387.8214799610078,182.98940958847624,379.53793242703335,4.414193559754008,3.6338254316915863,NaN,27.87822241776635,2.0
7449.0,28320.93743860671,50933.51265783803,-304.1276389203164,384.51055022482643,181.72959926296855,158.1259766257718,3.77336158804397,1.4555168812191248,4105.825031264226,35.42328226638286,1.0
7450.0,29384.463665968848,49761.1486937302,-178.87998735193383,314.04062071570513,192.57661140433777,170.1076330178639,4.593301696598568,1.8024671099269074,5270.5188065081775,32.83774484494756,1.0
7451.0,28266.119283867873,50965.257942029944,-120.20538334754706,286.1159473318817,201.7702198045219,109.71506850092597,3.940854110992383,1.2921675002043018,3224.064027610433,38.36529495538417,1.0
7453.0,29385.928560675307,49817.89035117139,-278.0659081006963,368.86937152540895,183.1965426570964,307.68989281301816,4.354977225287511,3.565966189040342,NaN,31.21441933533125,2.0
7454.0,28183.41849871182,50907.003868423424,-398.59808165370646,447.4508222875887,181.45742973237245,228.23947031269122,4.721180290983158,2.074184250506918,5203.516894091336,34.49785987241913,1.0
7455.0,29332.239830866052,49731.03020677677,-277.39802498611266,368.2296355339875,183.04106763809156,162.54503262928415,4.6873875557232445,2.2746177700481383,6567.191662001661,40.111650658459695,1.0
7456.0,29232.75518238301,49513.48053744245,-239.60390834049167,346.35919234334557,185.82464192595452,361.28651835690454,4.505040248367664,2.2272215367658568,5848.657149396552,22.32372710660626,1.0
7458.0,29482.10113406412,49656.4343176747,-316.4595670429318,392.2490108167158,181.30809571026856,132.97278842279368,3.774105003566891,1.4259738212918542,3768.289259172965,39.84858418640406,1.0
7459.0,29251.926439080373,49515.20085099408,-249.04150495907223,351.6942936937932,185.02757801845362,250.1420411759246,4.08254349498334,1.5340897524980674,3734.095862847133,25.82486035060851,1.0
7463.0,28180.24807263543,50956.76738615403,-137.4234534465584,293.9738849880813,198.800360388105,147.74217887280568,3.9292051299601067,1.520576847808915,4012.791104430147,33.445353618995604,1.0
7469.0,29104.435118216996,49396.48691556797,-176.33175025015427,312.76041633332204,192.92139068678912,311.57547700802166,3.7797959357444735,1.6927254387834645,4567.431238616768,22.079169876135207,1.0
7470.0,29077.315226228282,49419.49616936492,-109.59110348612067,281.4111224612653,203.71359406889724,141.0870747887469,3.735360935153858,1.5116617102248213,4236.068202059965,33.97338390046639,1.0
7491.0,30598.66787835094,47563.663364558786,-64.50475684798747,262.61051638731493,212.92542225087465,145.44375915516784,4.200320314688465,1.5353025488508134,4389.311861230497,32.941044486349384,1.0
7492.0,30662.974965006142,47675.26695506281,2.4472456735312567,238.22897930956805,229.46306425432442,203.09588623875618,4.514314487947382,1.5830166955226899,4021.841911543705,26.57726491245665,1.0
7501.0,28285.333887057193,50957.61327235387,-323.36834435927295,396.64704412237796,181.12260752296896,152.06266266461296,4.178071033171841,1.3853496182855374,3247.1301796616026,36.45701311971248,1.0
7510.0,30708.446670888385,47510.333356574774,-110.93844060111846,282.002448316086,203.46215171414312,144.3512420456322,4.177791545876953,1.598521617333772,4147.065525779351,34.041617719907826,1.0
7510.0,30708.82990671498,47510.2371314785,-113.07897448345193,282.945416435238,203.0655265044759,145.12640652698073,4.15505143949353,1.6401409636251036,4359.618497851966,34.22000437195285,1.0
7516.0,29060.07166568683,49501.264060147354,-49.636565866233006,256.83092013997873,216.30289401932055,260.6357308555623,4.534305642154359,1.7878710650298009,4375.540406640534,23.673954208419282,1.0
7532.0,28668.732095911608,50558.20202656644,-159.01131239456825,304.2210929888096,195.3959971913417,167.85073719648202,4.30863975237188,2.0713246335158826,6099.365040929536,34.428241265378205,1.0
7533.0,28317.325375191274,50906.750702648555,-249.06321401218685,351.70666271075294,185.0258228030282,265.57474023725524,4.47249975730556,2.4728540739737057,7116.484913649553,28.54494872985009,1.0
7534.0,28739.03845289885,50474.52299205807,-199.1711755082605,324.4531893351626,190.00778464943969,328.3402530966857,4.757990975875446,2.2846105501456515,6877.735112973861,23.2613129975207,1.0
7568.0,28704.17753113535,50518.00688928603,-148.44705983761207,299.151601061839,197.01758360322083,94.35674889341131,3.8142336883966292,1.521673211497895,4587.405615078002,45.294355006415145,1.0
7573.0,29163.346978412494,49395.587917418554,-168.43801828320812,309.0456885658773,194.19226056413723,437.8558948389608,3.893115086407238,3.3090534680401547,NaN,21.36588948087633,2.0
7576.0,28751.860302124045,50456.42001329923,-231.97584667409998,342.10840606071275,186.51848356556405,198.32236643366286,4.0679927713178285,1.9304243582204728,4930.807486814791,31.422196150255342,1.0
7577.0,28735.56239191421,50477.76551209451,-232.03579905879803,342.33770152267016,186.67133716180098,498.1659499513406,4.205894784411858,3.0105826636091626,NaN,19.739412327870205,2.0
7579.0,28726.02170365916,50509.97439433652,-328.9473569374767,400.36398002086696,181.1065002476735,574.6870420317182,4.303982716673493,3.305949907078721,NaN,20.15242801181488,2.0
7583.0,28729.01282119149,50491.11996225643,-251.99068834830769,353.3787003218513,184.79242116678574,163.48128319854442,3.976715261515061,1.6905233750994553,5231.157529139708,34.72347127318426,1.0
7584.0,28699.24948770954,50518.603911426624,-276.0704424780129,367.43857240702675,183.12039790571285,303.3541290819732,4.233443679680842,1.6855612636267192,4104.235979512146,23.91193775094212,1.0
7586.0,29527.696261244084,49505.41820349272,-308.6781385502308,387.34935785299854,181.56057109520415,167.03391209081596,3.9882308885009676,1.5521485755778308,4013.411129627107,34.981929064837416,1.0
7594.0,28269.291423354818,50937.675900887705,-364.1775547307181,423.54380865376504,180.76898476462515,276.19651585369303,3.9306136506408893,1.6320770653076169,4334.172016853073,27.187592985530895,1.0
7595.0,28202.539761747325,50934.586908338955,-341.362208880444,408.31297173436286,180.81025114790074,145.7476692542824,3.8629091164173186,1.5095948689272947,3926.202769037384,39.14552679075745,1.0
7601.0,30690.951771156153,47572.715117800304,-39.62316511534925,253.3566323305357,218.915472203986,594.4227134145931,4.17871444866054,3.844405265930927,NaN,17.35820407253758,2.0
7602.0,30665.844121891307,47577.35152500701,2.7546852509578965,238.2796177883638,229.6704077754421,572.523266212172,4.133542739591537,3.606954341306474,NaN,17.25111239941965,2.0
7619.0,30647.365177043786,47542.85944433238,24.50427622711156,231.14085015122916,235.67442063734933,562.932057567608,4.010711870837602,3.26696146878215,NaN,16.845386675005283,2.0
7620.0,28673.68884366752,50535.988668258266,-301.9304749482546,383.14685030401415,181.81686218802787,134.67866318983857,3.996915058533301,1.3164168048420923,3238.9554321420346,38.093308316263915,1.0
7633.0,29578.399216879836,49570.00277404338,-220.0383101259861,335.56626446845604,187.6933110598687,196.1674777608836,3.9978070224019384,1.6234877922783513,4267.002060834705,29.800906250851117,1.0
7634.0,29527.819026391913,49518.68300553389,-293.01916597666406,377.66259912245494,182.20850570198505,331.21649776746733,4.494466933526843,1.7940931067190014,4384.968235774136,23.287137282359115,1.0
7635.0,29414.08372219943,49497.63267293962,-287.33451949227214,374.20324206380025,182.48995726106276,373.9643917917979,4.927585781443802,1.9646307242461858,4896.895623111791,21.962494269775924,1.0
7636.0,29451.92009962894,49507.29360357335,-235.90321381680118,344.290103732816,186.1557156058278,319.4683440931857,4.337593424936222,1.8052680685559062,4790.888892787589,22.8387006518415,1.0
7637.0,29570.132349689793,49508.005873207905,-286.1825355132813,373.62958650042,182.64993357495905,717.2647875102616,4.614111374431421,10.841651634465434,NaN,33.289965104443766,3.0
7638.0,28700.466409828077,50535.121793813334,-263.11228186075266,360.2784908615376,184.34830676599637,1173.9081576659487,4.147429726825527,10.173915444688573,NaN,20.000285064605094,4.0
7644.0,28711.87955834552,50564.01618501913,-368.5285173658234,426.50411187016715,180.80615504667975,209.68098031053378,3.776772783997589,1.481246434639497,4182.1376766047315,31.65804351694553,1.0
7650.0,30617.035516072472,47552.44500439065,-127.92590584882947,289.6048455073153,200.410604352442,300.51350003978905,4.111807318804355,2.2181396941051057,6068.577197773468,23.497300814700534,1.0
7651.0,30628.162777764894,47609.9635277106,-74.44295306978985,266.58995471713956,210.7617930351967,308.6531222568709,4.39893915794509,1.9447318584110243,4673.430313835782,21.901904662345114,1.0
7656.0,30614.113438732373,47549.63803562249,-13.405441616613608,243.62001551703614,225.23865904973243,195.56662232544213,3.8894629761787254,1.4655687809152342,3862.745573789635,26.813518486287137,1.0
7657.0,30563.91108494925,47615.664626940365,111.4829766857012,210.13881156518363,265.7838512211365,648.2831499563579,4.267497239675253,3.9323110090561526,NaN,16.574426186798437,2.0
7659.0,30563.20689559076,47593.843663081934,4.264311738851204,237.62618685980132,229.95950825676996,346.94618357558335,4.393334764334505,2.187970217053247,4940.275637239123,20.593578318084557,1.0
7675.0,28232.70391014044,50972.99414445023,-330.13520859480707,400.9983711887741,180.9761922453682,204.9764292466081,3.8911582112738015,1.5334376390913793,3891.932647957,31.198053684808052,1.0
7682.0,28788.724145885277,50373.48443487544,-385.46591687894676,438.1979717975264,181.0882461795183,228.9420482697236,4.1115266416737795,1.5771127756996837,3880.69696855235,30.99487750139033,1.0
7683.0,28700.024407777455,50381.27486793378,-283.664679804862,371.98616996427927,182.6847352977601,246.2047509175469,4.057008496507997,1.5800523869953744,4252.614262379669,26.933322740820635,1.0
7711.0,28166.412808775774,51031.8413862647,-328.308490786488,399.8194736563749,181.01227842126931,256.1330872618414,4.32863300130615,1.569386664250294,3856.032638466551,27.26978018266829,1.0
7713.0,28659.610733437556,50514.343736300674,-200.47020649161036,326.63052884920774,191.06423624340763,919.4451070571172,4.194548737050096,5.286446529374511,NaN,15.781691332942902,3.0
7714.0,28631.088843461705,50536.83016226267,-233.9381331783458,343.1966606605055,186.33575928459038,340.45998439899154,4.312527841021472,1.9755140625770222,5241.986804098671,22.386838327344986,1.0
7717.0,28669.732404819268,50478.51667932677,-212.0000441992833,332.2417136187282,189.35774200930285,641.5353438623481,4.048997127389012,3.6084483886525485,NaN,17.537293192946784,2.0
7718.0,28602.800223316415,50511.10773167309,-189.8449305901227,319.61914294202364,191.14950313678554,174.8515437241054,3.968548510300662,1.519027519496042,3259.174690895697,30.901291253936055,1.0
7721.0,28642.882143672945,50517.34430437046,-183.45000393265647,316.3916138628162,192.00278865930727,558.3860734628552,4.255490163838784,3.902892864847408,NaN,19.414102493416607,2.0
7722.0,28661.49143369907,50488.43276867321,-190.34534140636336,319.8764370537994,191.08655994464445,305.2481773371967,4.177451873520537,1.6784863829983143,4095.829191128425,22.484812478878336,1.0
7737.0,28975.304706824732,49782.97655622662,-35.14797107722024,251.39943084930863,219.75621150624715,125.4454747904834,4.483094340484954,1.9631428375207107,5996.939098964272,39.27722470475207,1.0
7744.0,28941.851169261277,49681.180379873396,-464.8846462686365,496.63815931913683,185.32693491726752,211.6028568967878,4.696250194968857,1.5959769404453275,3838.888497101082,35.995221990142554,1.0
7750.0,28646.468741694505,50472.13388835808,-141.9957571299432,296.10755808083616,198.04967125117636,262.03486545061384,4.437168948853035,1.9540914005605774,5531.967421376231,24.9257005004958,1.0
7751.0,28720.21649924298,50526.690099562176,-310.9325519511366,388.7629963760351,181.4826766958756,296.5452862091991,3.995399476871885,1.9351735921033302,4602.143224295047,25.81189494515086,1.0
7752.0,28724.385214130987,50490.801870652875,-183.07651853940897,316.16225447124873,192.0196015901413,163.7879256475764,4.165221365053399,1.6824716022055075,4803.345579638562,33.0220945900624,1.0
7753.0,28695.353762806735,50516.40920607172,-242.5119724072297,348.0170394028334,185.59027907020055,502.9312641516632,3.9089092757689694,3.183075196249658,NaN,20.132572635474933,2.0
7766.0,28631.679976667816,50427.873302913285,-122.8267715659448,287.2942481251392,201.30348924531248,206.04728650804302,4.248977804593341,2.067256112274777,6138.811237153525,29.36936458113794,1.0
7767.0,28636.319952705893,50484.90430425528,-268.6753067172251,363.06246693294526,183.58687731724706,208.00796894684922,4.225404130320754,1.6368676102752133,4184.154015263786,29.816956749763,1.0
7772.0,29095.929979842855,49441.81005241429,-139.85638640776625,295.106763026677,198.39893368548388,260.3652649268311,4.236223020318894,1.7436865107074035,5187.67441756271,24.315621411133346,1.0
7773.0,29140.68048751641,49389.02856462849,-52.75168304926273,258.02457256058955,215.5813101019828,316.20509646328867,4.687250646742833,2.2110482106986753,5241.506335997441,22.126199786635215,1.0
7774.0,29088.318147034795,49407.25101742983,-73.84015168014646,266.34592850117036,210.89088367170385,106.06879190213778,3.8882950246079715,1.356847028996658,3455.989473521032,39.06212403781424,1.0
7775.0,28151.343925602036,51020.83022944942,-459.8676101215386,492.77037692499,184.91693197583314,155.46059981554188,3.4223100119819168,1.497728577431951,4614.586860146723,43.015651094209595,1.0
7785.0,28682.915368668142,49760.873574355355,-585.7404566344749,596.9822593076096,201.00023576363955,237.16736093550838,4.325824731347411,1.6887775578272053,4320.8602331254115,40.61578622556126,1.0
7787.0,28655.3016421584,50417.039529167036,-92.81781306840436,274.1928899086959,206.95967140497032,167.4200903394949,4.57885480337592,2.062486653169918,5833.839110619996,33.354166019011096,1.0
7794.0,30873.857160128493,47274.028435375105,-60.93312440810409,261.203120101932,213.72138367039383,503.3196855214177,4.332444120164678,3.10328984664576,NaN,18.12437539775749,2.0
7796.0,28764.201917229904,49707.57562375591,-521.12620240679,541.6209156355075,191.23593771511517,202.14269512593225,4.226270220042054,1.689379539347759,4921.711387689532,40.99870506031162,1.0
7796.0,30854.17884672702,47324.924549742194,-77.72678640697701,267.92533483966525,210.06341957006637,117.90147608371142,3.7867333883628156,1.367714797751703,3287.1306852074235,36.630079979176784,1.0
7797.0,29024.501278187174,49564.461475417804,-72.5140101956375,265.81028569432624,211.17585319682027,138.4078804208303,5.086559779131822,2.0400982254909277,6103.088537648205,37.64450742479561,1.0
7798.0,28722.56237108665,49705.733913231146,-489.9054350711779,516.9326462390776,188.18405854805766,584.6676401086921,4.309992117276214,5.140079578689576,NaN,31.07368580508414,3.0
7801.0,28689.05653120463,49698.96577953983,-579.4265416790868,591.3989487941451,199.90583158276573,259.80730535045495,4.4012420397290075,1.8071286285778005,4822.789409482048,38.73864200043885,1.0
7805.0,28693.48649186702,49738.33150156826,-516.2642978759977,537.6610216521564,190.66752018400987,481.58028388658227,4.442116394037905,3.518157657151474,NaN,30.21379467437978,2.0
7810.0,30205.856840338703,48652.98692289819,-411.886882866911,457.14615425746115,182.09941836686858,492.08979722255333,3.8001104126966023,3.2121550500831737,NaN,24.43524894046466,2.0
7811.0,28890.085846376216,50096.67765962483,-68.59460730389509,264.23689058853853,212.02591300593335,148.4197865970069,4.012767293706012,1.4918385369002707,4115.518400378156,32.31003888846406,1.0
7811.0,30235.944927589626,48639.94388564352,-348.6954139075063,413.15486651496684,180.75372550718944,368.39600778810166,3.735884598647478,1.7346689531908646,4387.732366059655,22.766725583790127,1.0
7814.0,28559.780856104062,50352.899436836924,116.2177597538498,206.49238081458543,265.399948703611,106.9377754155322,4.214608156937385,1.431836376946533,3668.519356684151,38.865496556376364,1.0
7817.0,29219.114790913238,49148.07795433153,-215.9667269880956,333.52431236684174,188.24708054343398,1088.2598945415166,4.1743641644075735,6.200168998542792,NaN,15.086480355981836,3.0
7819.0,29195.288964445368,49154.58608117718,-199.41255072155752,324.5793895614445,189.97911549755088,397.9600983084436,4.3718103418875165,1.913007644257283,4879.511109036638,19.787342294759483,1.0
7827.0,28719.957675721504,50470.21969613308,-125.84249622772904,288.6578167467702,200.77302606494834,157.42770158525678,3.5769297670341054,1.3265297417493989,3443.064575396187,30.93092731795898,1.0
7828.0,28695.88651192822,50505.664697602,-223.90212588430668,337.6754467807383,187.30634035143166,466.23985686127446,4.00855204250449,3.7143238470030004,NaN,22.243189509404804,2.0
7829.0,29178.97565296205,49374.926481710696,-15.762276081954736,244.4417416437924,224.6269660564339,139.64227322055942,3.9788850423882853,1.9706682827569793,5369.7372555656475,36.330983892952595,1.0
7830.0,28906.973907478354,49718.50466994642,-420.38334435920706,463.15926492787264,182.35973608604496,186.64868975778603,4.75928349231161,1.7798839816081544,4562.510970399437,38.414302352115136,1.0
7833.0,28826.02405092108,49745.81748750419,-454.23408637859393,488.45561632260757,184.47941139859302,213.45515466575023,5.665208774547676,4.498326506599613,13131.207179001356,62.88997046989398,1.0
7833.0,28732.817697668805,50477.71880269432,-138.73177784111567,294.7139188710747,198.69021515162595,647.6989391945735,5.182096485939374,6.3967752736072905,NaN,21.726415710044716,2.0
7835.0,28694.020001261073,50477.01731446627,-104.88610596640498,279.6069422103777,204.80239295421273,539.9311871769108,4.917737089452685,5.816112784737719,NaN,23.316748904958498,2.0
7842.0,28698.08495314381,50475.90379348875,-264.690099355874,360.7255864171663,183.85554285499325,366.83117479512106,4.325160649842186,1.731181643724995,3883.4531160682836,21.270465914921562,1.0
7843.0,28625.371208715012,50568.091303242305,-188.92588387568028,319.1472156834956,191.26560072107438,392.59624026973574,5.129076551096445,2.7528743978573504,7548.277132418495,21.78616418229679,1.0
7844.0,28638.661607488502,50537.19394898085,-128.2345909927477,289.7455087112876,200.35718807214187,307.3777097084594,4.77307531814465,2.6381772729563275,7277.735899652656,24.47520835584824,1.0
7845.0,28737.106523212206,50482.5136738697,-185.50127100506822,317.39570281848404,191.70387949439007,263.0303937269266,5.0924931004759495,2.463758785309483,7638.699729396488,27.406301095205162,1.0
7846.0,29204.707104768884,48912.44600422625,-276.3533248522725,367.60699344693234,183.10338153637886,237.18410950816974,4.945417559459684,2.922456580400877,9126.819021770125,34.191346809299226,1.0
7847.0,29345.23453648385,48936.602289362534,-207.79871877015015,328.99811448548576,189.0106246747082,396.01603526468915,4.8236901626464705,2.260554604397633,6777.628149138292,20.700180839741794,1.0
7857.0,28616.873882523952,50082.17704035868,-338.7080966564031,406.5730396519257,180.84081017401903,185.60998697195123,4.521806143243035,1.6780840221935114,4251.366642009537,34.42629750029087,1.0
7858.0,28247.44617300928,50944.92902626094,-231.66374899513195,341.935656067918,186.54781597147115,151.42206414632122,4.577103917922072,2.6695440504922474,8952.256425633548,44.10851057098425,1.0
7859.0,31003.11981058844,47228.43843335499,-14.164431624331957,243.8840706509859,225.0412086091487,196.45382623486492,4.191963009994477,1.6233590033975525,4017.132588732159,27.34841783989624,1.0
7861.0,28471.41233016998,50553.888602870546,-56.829102886305186,259.6007885127431,214.64799400407495,343.335115375895,4.817665951059214,1.9588506269435144,5175.700086977875,20.45889329899772,1.0
7862.0,28233.23952922832,50760.53849447409,-709.1686096703859,713.678729706745,228.49636027079978,499.325010932369,4.585958712650338,2.489853614703135,6495.332136501211,35.019616255497844,1.0
7865.0,28228.852010819166,50959.51735629807,-226.80294249507443,339.25699426479923,187.01423869820934,226.18252845883276,4.015315454633007,1.6027214949402797,4104.856575301817,27.30401866996117,1.0
7866.0,28264.402527874063,50945.5732221704,-276.6327521898469,367.7734315301914,183.08663287196973,134.85529296470003,3.8683658267035743,1.3408253798248002,3527.6525430073502,37.44229276252142,1.0
7875.0,30920.023660959592,47253.77068063633,-56.98119390646752,259.65988593371804,214.61342568543324,128.66326789234552,4.021135060574966,1.2517961754125728,3286.9136222531342,33.73177453658207,1.0
7876.0,30949.443681710236,47242.33205547787,8.779747703698176,236.14172096603662,231.20407466073954,120.0110731257531,3.626912862893592,1.3335637158327576,3475.3068216741767,35.3060906009565,1.0
7877.0,28190.470320454682,50996.92204138611,-361.60177591193144,421.7997155531588,180.75377847620666,148.10396588170445,4.0214263734854265,1.6772833462518153,4636.624773751669,41.07083768489493,1.0
7877.0,31137.83698192542,46855.53086527762,45.78380080532918,224.70092082064536,241.98875230928792,352.46169928544856,4.752730129339049,3.4013134002891756,9045.707810328717,23.497106554418703,1.0
7877.0,31138.40311734511,46855.378103210336,42.27301687637594,225.730931059588,240.92074217754927,352.04769581009054,4.7643555931877115,3.4303550031824277,9314.98513426888,23.6056969172897,1.0
7878.0,28263.37594245812,50938.12812219172,-240.61664530096,346.92767258616965,185.73585879248856,166.97391744525382,4.4379155235076135,1.4848294083652886,3668.8473861724874,32.68981449325929,1.0
7878.0,31236.907930956375,46774.69070718176,-83.51344464822964,270.31898908439086,208.86549472152387,706.4853122734185,4.280456223523059,4.0489691547348645,NaN,15.914714499479649,2.0
7879.0,29089.07279805916,49368.21290667807,-49.07408300265945,256.6163629781415,216.43397545440766,110.23230835021872,4.180601423156009,1.4981277006348361,4201.785186193084,38.98107012317233,1.0
7880.0,31277.50334379016,46763.96543360905,-44.403451981219206,254.84629128295788,217.53173646160286,130.04819896528159,4.750054954189778,1.5948282963335163,3878.1333348886897,35.61677844543935,1.0
7887.0,29042.993645749582,50085.15129828246,-295.1638083561789,378.97562526496176,182.10872089509087,149.5142134537264,4.155097458590685,1.7436067770297003,4850.438252364398,38.68124977351653,1.0
7889.0,28957.153559766706,49847.59856453844,-474.8654941972966,504.40327227518674,186.19963112984482,270.57747728691453,4.984519953059189,2.0519199080671475,5029.058070012304,33.75254944509359,1.0
7891.0,29136.680719269058,50006.58808750972,-172.91220271463771,311.05209789653003,193.39183535732937,263.19545060689103,3.8958680459729815,1.9731895559087358,5294.8534077236745,25.32158221392941,1.0
7892.0,29082.18373107236,49737.039369895945,-422.64164736099553,464.81323450358946,182.4739610355598,248.42530500420014,4.193384371138148,1.661239351146001,4483.598717355825,31.130854747379484,1.0
7893.0,28338.00308462675,50437.46697923879,-326.6652864940599,398.7616975283659,181.04691201708664,406.0216952075489,4.70144374361092,1.8717571150880667,4567.521127506575,21.37347120741761,1.0
7897.0,29184.816142969135,49569.16873852584,-303.4743456841886,384.1045992669828,181.75516123755455,407.98488519325116,5.223535430775752,2.2718101235766035,5972.201290241856,21.86540619230605,1.0
7905.0,28832.463374976018,50020.94851948391,-184.15787991411253,316.7116476898954,191.87824617339675,251.20131814746648,3.966510759455936,1.5454205876456897,4415.389734620834,24.772424583257962,1.0
7907.0,30965.08058532149,46684.53120167991,-514.5844327184394,536.2354218520586,190.42473996480874,212.12699234494391,4.115648517029025,1.566415871105412,4053.954444230606,38.248129141152425,1.0
7913.0,27984.151336961575,50751.32690271061,-198.55006408761022,324.12870102980105,190.08176080034374,299.5806568411576,4.888531090270661,2.1528825663864093,6210.933053706302,24.247463440873993,1.0
7914.0,27865.58152120576,51129.76096973879,-297.12027177615175,380.17722477462723,182.02074899563831,244.5549691026231,4.092375185134633,1.3921139774612221,3311.8706538650176,26.631957301902847,1.0
7914.0,31273.97686868624,46716.28519947518,-34.51963149406588,251.1683573221681,219.90959397757936,271.755468836594,4.132509638802568,1.6170414681620404,3816.704127845698,22.545741375118837,1.0
7915.0,31295.338477894635,46676.74676242403,-147.2216905512951,299.32153775832467,197.8182220909383,1726.3799656475576,4.135168744572378,8.557693291777694,NaN,12.00218809270952,5.0
7918.0,28046.782636238968,50808.09890045139,-128.8986621907503,290.04842060850325,200.24252032406832,175.09500560251416,4.376977421734268,1.9805200929708595,6236.82801053718,32.37708495980543,1.0
7919.0,28826.593867692845,49711.668423751726,-436.5618960802601,478.6377105443735,186.11113138842748,320.77181817449105,4.453169472711827,3.493341343655434,NaN,37.039269599194114,2.0
7921.0,28732.58508296615,49776.20305450434,-851.9399637995956,866.5833169623941,274.7836219331622,343.8953605937134,3.9775834626680444,1.9760768987792703,5268.304381881882,54.78251483008308,1.0
7922.0,28581.723929969077,49763.3224636046,-744.2189051688229,749.4364867261256,238.42114751665258,269.48059735560037,4.397570949155843,1.8274064211503267,4766.605646196019,50.96127999296173,1.0
7924.0,28483.02974519401,49809.186823599826,1268.1303663405233,572.5976327243469,1184.8103517518048,1060.7759313033162,2.6412255798644813,2.532320162171567,7827.288257001605,59.46272112936229,1.0
7924.0,28491.466252944083,50596.16765290005,135.83706497531685,202.25345880963218,272.5943447750533,143.32376305847768,5.257805563953625,2.6813286730060986,8353.361223093892,41.240203151099514,1.0
7924.0,28704.7294632335,49697.2334886173,-425.10480723337247,466.62272368030943,182.60297914458525,142.72926673617178,4.91500786937544,2.80875066012655,9025.08632483018,60.229420604803266,1.0
7925.0,28971.414652761217,49707.72361556752,-480.9040030075577,509.14685031168335,186.76448080663576,249.35636762199456,4.68594095587456,1.9313004441000783,5183.497482847769,35.19473772656037,1.0
7930.0,30893.22298117875,47260.11345459103,74.37264433730175,216.74608842127464,251.03540600584995,107.20346605499203,3.8305085583265193,1.446488738339609,3909.609169612411,38.74396922900503,1.0
7933.0,31294.95437529857,46656.385151858005,-54.01421338982307,258.51095564332076,215.29096434279222,383.6844626736617,4.0721136885626725,2.0832944232208184,5451.120630869753,19.363592167747207,1.0
7939.0,30918.09106636829,47312.84517221307,3.0387267064401575,238.03241993323954,229.62438766160528,112.39315033608409,3.792419955641351,1.2526412648227339,3128.397453315298,36.23890397168949,1.0
7945.0,30939.90319719187,46647.424458097994,-475.411783251633,504.83099744768117,186.24958841369363,218.78318878006965,4.122623495800019,1.5550666794239867,4226.6288889704365,35.419555125042464,1.0
7954.0,31291.381343608104,46675.185264877844,-151.55266631637238,300.71648158942196,196.60115789225057,730.4166567368866,4.3247182895774126,4.111156116330917,NaN,16.136733840462835,2.0
7956.0,31267.845799738938,46668.76015932739,-156.03424551866752,303.23384077441625,196.2096566851328,1021.838997959016,3.963455570766565,5.223722328922555,NaN,14.083658901008004,3.0
7959.0,31220.867551945914,46701.562777824016,-57.662878135689496,259.9250333351622,214.4587042686755,329.80029203612685,4.06480494350863,1.96220799660325,4203.756736640492,20.9754956081932,1.0
7960.0,28913.597804183162,49750.131902776666,-555.3795894860484,570.4787904463184,196.01592187014597,260.9564226498703,4.24762907316971,1.8223031352342722,4661.046114511738,37.28889991202058,1.0
7976.0,28975.877044086817,49717.80492208583,-146.48720751678783,298.2226955559547,197.32776906075162,122.28549717325038,4.571078114871974,1.7275732413017242,4888.579906826959,39.704495621126384,1.0
7976.0,31218.67228375396,46724.97254185598,-23.963011781606667,247.3418059618989,222.53153772273012,344.2515578914827,4.1531093766095015,1.7905131060651418,4702.10667192945,19.932234889903754,1.0
7977.0,31222.630884805083,46697.36737059354,5.242235928416083,237.63380569681846,230.49502447852635,361.3295219163043,3.994717099988698,3.2116511000983383,NaN,22.663681754796222,2.0
7979.0,31222.558026837025,46746.291074261906,52.546418950815955,222.74963011292556,244.07247134652786,260.2165683028569,4.258877946616474,1.8835295460953785,4737.543631150554,23.67127591558787,1.0
7981.0,31260.43113265943,46733.25221909368,-44.34817326486433,254.82546498010697,217.54482843203667,208.39217787617764,4.2013438139523345,1.6251676407556044,4205.935241832866,26.54000732017361,1.0
7982.0,31288.257680653995,46701.23400464843,-46.509460464934584,256.1738592254811,217.4646165577689,323.0448098731439,3.8117456983246036,2.64272519014673,NaN,23.042467644816842,2.0
7992.0,31255.914981299626,46698.86297523546,-99.07159900251155,276.85313084329056,205.7243296601462,113.25215690188143,3.90767969193191,1.4646907690639859,4292.729417469171,38.64825263026628,1.0
7994.0,28810.01255826043,50486.784385962885,-343.22489093928124,409.5380401216293,180.7920104279643,190.76787008135372,3.6547267122657936,1.6919059263810556,4540.093809905182,34.053545216327514,1.0
8002.0,28265.12477047503,50566.39894169529,-131.91927720450911,291.4315029999165,199.72518011020762,188.60110534921697,4.354857432303714,1.813088387162549,5892.97676670269,29.987918253863803,1.0
8009.0,28239.298830355783,50868.81577166452,-370.4916109986071,427.84560372708376,180.8276489021821,213.18849750252593,4.526692234232291,1.6095020938278304,4164.228078393794,32.10079512984893,1.0
8023.0,30840.52678914656,47263.6407600003,-79.23696643949332,268.54286744150403,209.7450080256024,104.40053474684659,3.856197599106564,1.3345681383612231,3580.938889752722,39.344080540606136,1.0
8042.0,29185.48151248575,49427.14032297274,-211.8418830061542,331.1521782225121,188.5628422113547,256.80619480990936,3.912141226051044,1.4367433343852773,3327.548610906351,24.508977346844013,1.0
8043.0,30902.13799747598,47385.623400028446,75.52051346829501,216.44278867059964,251.41164441055838,116.87195764659668,3.9701438907477473,1.4000703230772733,3726.9868092452894,36.29470293749753,1.0
8044.0,28117.07372889845,50949.10575754653,-331.71477295225486,402.0203017408186,180.94703871580984,168.41769411996995,4.01250102667746,1.3485638989495867,3476.0936171995813,34.204432142697904,1.0
8048.0,28238.8247336752,50938.126835741874,-72.88021564647977,265.9580342639469,211.0970267414615,131.22365026829658,3.8346880836461743,1.413083114871082,4086.6404543303947,34.47334757398155,1.0
8049.0,28238.613673994318,50736.2087454758,-355.86209378351015,417.93580672777074,180.73808064477956,245.3165067792667,4.488363277457282,1.9403350007560323,5265.523317867327,30.538057135066502,1.0
8049.0,28234.345144921368,50738.193298906954,-328.6276471206825,400.02521873473955,181.00579025750645,228.5771143225386,4.824707039573593,2.465585414709629,6697.952351756326,34.18343848236294,1.0
8049.0,29117.676850546606,49440.926195535576,-152.08105579466002,300.8835803335047,196.45017773446622,364.6941762856601,4.660480535015294,2.3859973076101415,5902.536965329785,21.43301650583028,1.0
8050.0,29152.83928760795,49508.595105101616,-118.19633462075429,285.217276363054,202.13146991461934,299.8008518973204,4.912209647528672,2.0226790327066038,5232.114002236981,22.863930623014756,1.0
8053.0,27881.197416121173,51282.36378050891,-166.35087640543102,307.80510503223485,194.3194647219795,287.75855966412087,4.276890728367994,1.7580488218082537,4607.737545160851,23.21537488630394,1.0
8055.0,29202.823206568257,49631.928959824414,-460.9480187819009,493.6012907058832,185.0036046182307,185.2023222660105,3.897360242374876,1.4109151448420036,3653.501098815795,37.62017768523051,1.0
8059.0,27659.680705585157,51148.38477857967,-208.28038860782172,329.2539233403883,188.95662582183695,163.90912771727312,3.8036138888884836,1.1705681514817396,2976.9752850675,30.719363425136365,1.0
8061.0,27647.581563602304,51075.2236609628,-232.4267833602653,342.35816742686745,186.47623352923392,298.34572040640205,3.7803095288853843,1.894542654359458,5337.424491594944,24.029159294727865,1.0
8068.0,28290.807306047052,50917.72583799475,-117.19735559084508,284.7718382247168,202.31224289263216,178.30431194837217,4.371720374062223,3.1134752093295512,9627.083575337205,39.112200694185006,1.0
8068.0,29005.50408911162,50100.65144293969,-372.58326924047446,429.27894989530813,180.85378214948608,197.06103519688807,5.209899474227967,3.006500480323288,8045.269267212712,44.79049576876102,1.0
8070.0,30832.027212912115,47329.83104153135,106.91684113818819,208.628753144153,262.0917998607849,102.02439864918838,3.935358149238509,1.3514067050558445,3376.9032758376693,39.32770453952235,1.0
8072.0,28172.821131990968,50938.53724838004,-184.7096350444665,316.99239561191285,191.80646417170817,102.6201898488765,3.6047699659276775,1.4399160365933807,3934.321371549401,42.828695606689784,1.0
8076.0,31240.803056603,46817.84526788011,-33.94684401901353,250.95803761958453,220.04967791538516,214.34863587963017,3.858751912306604,1.5719257739528556,4248.474909702049,25.83794861558111,1.0
8077.0,31254.765410076812,46775.63588795685,-25.359219430569826,247.84187122433906,222.17988858015906,152.35055437406155,4.242861102525149,1.4426809559487954,3964.2196317443663,31.18610495416088,1.0
8078.0,28962.570352791772,50138.4733523354,-377.71539594422177,432.87341249863493,180.98060070492016,434.77093760055095,4.510667867144319,3.566899330399284,NaN,26.85218721165606,2.0
8078.0,31193.346653908346,46808.7977374228,-49.13151414050425,258.17882121728536,217.66559644484926,265.7587141540311,4.162311812319342,3.8549962661935826,NaN,31.67368328767575,2.0
8080.0,29139.58924035674,49430.77705495633,-142.46112693638406,296.3258290610169,197.97415931544955,236.51268570168511,4.5953528656784615,2.747763053883289,8207.073688957704,30.09389792681917,1.0
8081.0,29040.779789088578,50150.96804458891,-460.31683437585923,493.1157297484649,184.9528616409572,252.5582839200471,4.462416174332794,1.7265982671604134,4385.347802191924,32.64998626996647,1.0
8082.0,31191.51812578769,46812.03187174027,-53.598610324610625,258.3506808150296,215.38640700108434,214.3361248133754,4.0564404594520145,1.5507313093214898,4346.298174724612,25.882682150600854,1.0
8083.0,29007.497698793617,50136.724166864245,-478.832352900395,510.7784998414546,189.20450962741126,541.1362710991327,4.3118513203984605,3.998888204859406,NaN,28.285217254658363,2.0
8085.0,28968.85060538605,50169.236166637325,-370.2124663343085,427.6546269011432,180.82441343704625,192.85162099757807,4.053973325361851,1.5963501713900525,4173.385187028888,34.15812703894682,1.0
8086.0,28899.8581600129,50155.967566628424,-403.33038969127796,450.8250414575316,181.62268276262114,246.22902751061696,3.8497265227989512,2.091689563844939,5692.788231679419,33.027298170721046,1.0
8087.0,31206.23118950663,46745.914333849316,-124.63954400614207,288.11287022111264,200.98379330182078,150.34333124538566,4.1059969780443,1.6455454765754753,4562.104564171127,33.642014539968045,1.0
8088.0,31234.12507639916,46836.599310233425,14.324179003752196,234.3452679425446,232.75351127999448,122.38781845791559,4.267414326867709,1.932431835010629,5741.88159066877,39.35426381039201,1.0
8094.0,29140.492937223025,49410.8826657709,-150.15843307327043,299.96569805056197,196.7491189568742,324.0074496752639,4.131299714708598,1.749332332348829,4084.0284038809536,21.42634013298479,1.0
8117.0,28636.13659475407,49751.79806136098,-865.8547673902805,882.5137305127661,280.12566443192344,363.6911650032756,4.443911069790759,2.0562263201259423,5193.764638943248,55.18388683333188,1.0
8119.0,30882.915457084375,47286.64080631158,-37.14349447211762,252.13575859686694,219.27108423638884,176.410016222846,4.418880237589658,1.4490773836139752,3219.764757253616,28.598353700533636,1.0
8120.0,30945.258861078975,47303.2454900842,-226.08883137919833,338.86534364601,187.084278824717,116.79200019990948,3.824530007288964,1.4391878592777794,3786.1295889697753,40.38614732770324,1.0
8121.0,31469.7724653963,46611.04004729479,-260.2523967355817,358.1409919074582,184.16895669310807,220.5442183423897,4.059623569206862,1.6795099978430472,4191.192978118954,28.740962864904166,1.0
8122.0,28210.567011533018,50923.56415795303,-148.9148478438609,299.37385263455656,196.9439796116636,136.75436474790112,4.020567508403362,1.5042374205232805,3579.1852881253876,35.23627394196873,1.0
8122.0,31484.223239432224,46639.41710570435,-336.5378863835569,405.1552713126741,180.8697871419381,140.52827009869475,4.057692532881968,1.2973451916281664,2926.5726162800447,38.12664888696038,1.0
8123.0,28869.619193524835,49676.10827542915,-472.6610966686366,502.6801653371676,186.00035294197124,136.9821513336501,4.520254342025956,1.6186129100011097,4142.207120461613,49.31541936680797,1.0
8132.0,29136.871030825827,49410.09955614637,-82.72037431258848,269.9754807206309,209.01718259304494,304.75785573930955,4.13262490808122,1.7527560097276444,4576.678608475753,21.652932327492827,1.0
8132.0,30868.71655800924,47288.392125123326,-43.25507443223338,254.414230952341,217.80419152687048,123.34324725259934,4.091984671471706,1.511992213310958,4128.468949668598,36.26078989314321,1.0
8133.0,30891.904009497513,47307.670047314576,-50.16163255114115,257.3985231740007,216.47738220065582,992.3029317902033,4.044331269286797,6.803803430025835,NaN,15.499045227595348,4.0
8139.0,31544.8102817083,46634.09901421692,-358.70282272019244,420.8236223065031,181.53417252089213,496.94391924403294,4.409909062737933,3.5643483685322455,NaN,23.88329752217833,2.0
8140.0,31578.991372341512,46597.978016357214,-347.58633556614063,412.419320611201,180.75964407624554,276.49688262928197,4.221847901530908,1.863974057769503,5035.978280777823,27.66106723904888,1.0
8142.0,31480.50014802245,46630.884821610554,-409.52234145888787,455.2719061806385,181.86468195926753,152.68241808545721,4.069678208428115,1.6355952648360408,4927.055688349484,42.15106187716126,1.0
8144.0,28205.853931195852,50946.723392397515,-152.61340283711786,301.1383451658781,196.3679031297932,257.19826522900473,4.120917524918257,1.8922800370905024,4976.491743756048,25.139480840443696,1.0
8145.0,30902.94363025101,47234.66741271632,84.18539005607097,214.19337157279472,254.2841403416523,115.37486762042842,3.9934441709694406,1.3331357372001316,3139.5354933535386,36.13453226380518,1.0
8146.0,28235.640623997013,50954.96365969037,-124.59260911137913,288.09163601611135,200.99203903948637,133.4904799686854,3.71219656907185,1.4133560313158446,3850.8539294965512,34.76842122581201,1.0
8146.0,30980.98990504959,47283.11635495625,-92.86771823595336,274.21397263175226,206.94969541141708,322.12819636608674,4.534880745060282,2.2380659982579334,5534.55662432447,22.215111153241658,1.0
8147.0,30869.030299439633,47271.350811032724,38.14018153320367,227.13801418857446,239.82074358112007,191.77035948721158,3.628460275021685,2.665665595001041,NaN,32.76556932695293,2.0
8149.0,30902.749247000935,47310.1681205404,-65.06263310818025,262.9292856704823,212.88105399358273,438.64938742078266,3.9551108056759254,3.0593535199676154,NaN,19.79255868094863,2.0
8154.0,28369.262826308306,50601.1899965334,-101.46133749871292,277.8794192026433,205.2601434849321,135.3553271608412,3.8953140573253004,1.3915225579405266,3683.811822488268,34.00461667757606,1.0
8161.0,30890.91344325722,47021.24668172447,421.7588696923637,181.67708533321877,410.7374417662854,797.3622825240249,4.911294959847849,8.052135815252944,NaN,26.044250247347527,2.0
8161.0,31000.812386688092,46643.389237895375,-227.27787208056313,339.52271132317645,186.97189577106613,652.6907108454961,5.15765998118308,9.691281251474688,NaN,31.0143412102566,2.0
8162.0,29206.119309024616,49457.45974848611,-77.77935671601334,267.9467954047246,210.05230626687435,200.7753368422455,5.323924717889768,2.6754065599528944,8381.769899927373,32.499990704583574,1.0
8162.0,31010.2264884392,46691.34476241563,-218.90703255973435,334.9532601029411,187.8102788646377,321.9415769125609,5.019232694284792,5.5688966124315735,16904.546404427365,37.63131141317538,1.0
8163.0,29039.120073321614,50067.73339701558,-455.64872402800694,489.536284503052,184.58700328381138,204.94314750028846,4.609770954255759,1.7019987279320685,4359.813587192521,37.1179767125064,1.0
8163.0,30905.271734934428,46874.979146722246,656.7472788119824,222.46681959493355,570.9031888120235,522.6269189750626,4.808946997231333,4.119960729249998,12665.797568925651,36.773572918832805,1.0
8164.0,30957.661644782846,47278.0020821179,-31.62650717670797,250.10920699184248,220.6197097750693,370.2494483111006,4.704142567941467,2.1272764946892466,5207.667213373897,19.774570700936945,1.0
8165.0,28809.97764182983,50075.452517336686,-495.75566838135273,520.9599299482451,188.27194633165988,294.5676248936048,4.397322412938092,2.1621904577806843,6386.731906729138,33.46206226075096,1.0
8165.0,30894.272684159638,47288.07200666847,-51.95484929833949,258.1765637495977,216.13547575433785,495.6269808747291,4.011881132350293,3.3018753928379008,NaN,18.678082296324092,2.0
8166.0,30925.958284946268,47313.5758866543,-78.3330526929223,268.17298675676545,209.9353834842683,155.4530124322535,3.949092800645216,1.3328914460304395,3064.0799459014843,30.663955003245228,1.0
8167.0,28991.534987550967,50058.63428672011,-489.12853565344517,515.8707921142749,187.74645799397263,656.9275710769178,4.27811483011805,5.1197958282083755,NaN,28.076512663580324,3.0
8168.0,26513.06627114638,52218.39024701388,125.57441790821925,204.42551733227972,268.79444379827913,175.41176600615503,3.7427557869767027,1.515221169977692,4329.38462363554,28.879729227846227,1.0
8171.0,29013.11641759244,50104.12202427941,-472.5268596459702,502.575384576717,185.98833749890397,262.8619628768665,4.291235997891348,1.7846406370245191,4793.163728987542,32.659124694741074,1.0
8174.0,31158.844061832337,46580.39602262269,-366.3575633149541,425.0248090253354,180.78580518878437,366.3607805318505,4.212139864798615,1.6729753055779464,3432.3187980754255,23.06381495876667,1.0
8175.0,28779.807607323193,49971.78770474552,-927.9606634439888,955.8420265575955,305.7678475083466,565.9611396943365,4.404466998851131,2.191277201402595,5254.337008505493,46.235332949532534,1.0
8175.0,31024.516246191008,46635.64431381447,-299.91200645557353,381.8980722782205,181.90027041218295,219.32027795681023,4.188017340796477,2.2528030455700203,6317.3599219728685,32.89696258056093,1.0
8176.0,29049.618316121574,50088.51233891178,-431.8052366514077,471.573950836348,182.97733808409464,199.41803570247828,4.125515294067999,1.5295388159284342,3804.856210782281,35.41304911627619,1.0
8176.0,29005.963840866512,50090.30426410499,-486.4269472497076,513.515531423013,187.30543519360813,212.64079337474297,4.118803030302056,1.5403196374460821,3838.381931341366,36.51522754070067,1.0
8176.0,30902.874316214147,47090.774862240374,430.47618067257207,182.25213446231174,415.9209283693492,432.8723005102625,4.696921899040893,4.115251827523583,12224.678717605751,28.32352261627494,1.0
8176.0,31023.00338025317,46690.18721484139,-167.0471878426838,308.14776196863903,194.2194652128541,267.24729721194467,5.275837595829218,5.922473963740606,17689.170639221447,44.37265008422715,1.0
8177.0,30917.34448331343,47295.37252230164,-39.37611185072683,252.96402252980477,218.7319146143876,210.47483698714277,3.9484402438786925,1.3099722487896879,3331.931921902016,25.284105687089163,1.0
8178.0,30975.59138959119,47270.19474338198,-108.66648720887609,281.0063128647676,203.8869480039729,144.02909645383363,3.84462917030169,1.3891917103891898,3666.1219478742946,32.78677720681565,1.0
8180.0,29096.34748197941,49473.44566572069,-55.445195014425906,259.06405104002545,214.9633483258024,119.26945677515924,4.609162586408561,1.556825510108749,3769.1063762100453,37.52910546998314,1.0
8182.0,29025.24397028688,49836.44403790988,-238.75686625070313,345.88446446911183,185.89949943717065,292.21101710493855,4.690272802717469,1.854603053101323,4966.9385223140225,24.32231088087996,1.0
8186.0,29021.89839411341,50082.8999901109,-464.3201370696124,496.24239811665,185.31267221210985,651.3038246281723,4.298970393368388,4.936283248246022,NaN,26.52640066728384,3.0
8187.0,29146.975699408682,49482.5519665824,-125.77704740652689,288.62813282913106,200.78446487442187,391.83313177572575,5.406876603394739,3.1319847747176692,9439.118951560715,22.055486020518508,1.0
8188.0,31463.907308625417,46686.216908942304,-287.336752533241,374.20459498434366,182.48984186619035,216.10279968744533,3.769771953872429,1.4479110678524312,3247.865192982881,28.691592444913727,1.0
8189.0,30899.542904968886,47262.767698717485,67.00247826704218,218.72309722568986,248.64360011770358,279.4453521267855,4.8386053497897725,3.9291229097898235,11422.94995736755,30.00849895364861,1.0
8189.0,31428.58985313586,46773.019667235494,-321.581323528135,395.5051355199821,181.16709817522528,259.3818253691128,5.069200780706688,4.709785992400555,13368.931288119044,44.90861268667322,1.0
8190.0,30924.681039977237,47211.589747602644,96.29469081069003,211.16838822966656,258.39435555084856,275.94621943446356,4.814135812202253,4.53104287947126,14314.719348602552,33.07954361747089,1.0
8190.0,31389.429274235656,46755.48973164553,-352.2649157405892,415.5300509350164,180.74104055554568,309.57074678924135,4.9782948376860565,4.577090396211166,13102.905059676794,39.40665004059196,1.0
8191.0,31311.32823210578,46847.634352339715,-161.58725291618657,305.4731751180283,195.01349465342975,334.3298320469743,4.7824761476402,4.448300752259783,12921.421989208953,30.06012176053264,1.0
8191.0,31325.96170194028,46842.254582050715,-190.75837665365088,320.0889835311923,191.03475088140826,324.8702061294555,5.231443804607613,4.36621947735585,12164.030391444487,31.055613480625507,1.0
8192.0,30966.022841848477,47283.25616437452,-85.31975383481505,271.0519768555358,208.48009155728639,406.7051780236692,4.6866546101871815,3.2916411512163033,10069.742971432668,21.53277734258985,1.0
8192.0,30966.034878289414,47281.98377898914,-86.01216340141363,271.33980313644366,208.3378924780966,400.3522844478474,4.880103257364144,3.2260559128104775,9177.159694895383,21.606445201144208,1.0
8193.0,29130.469778846935,49395.04383589904,-117.61575150980032,284.9582836609922,202.23643835455604,154.1257477502893,4.0559893317266615,1.4630669296423642,3874.253247524967,31.950724138702075,1.0
8193.0,30963.668910647462,47245.47427719519,-44.545716951402376,254.89990298103152,217.4980537544994,294.58625112109326,4.9095715487927425,3.7270456947260064,11228.565310922988,28.417092157638237,1.0
8193.0,30964.64110693979,47244.35932298236,-46.54103694263998,255.6538383641213,217.0272662935679,292.65307185889696,4.969122284882601,3.7690564304853797,11735.524298427896,28.74680650525008,1.0
8194.0,30941.556721755987,47335.629949587725,-33.82268511606279,250.9127612151845,220.08029586018142,614.0215368636209,4.639276448894378,3.9520705182522766,NaN,17.100057392906873,2.0
8196.0,30902.97087625217,47322.904249251194,-5.235250891823238,242.54428169345368,228.79189555409943,497.79879022974825,4.170685567207646,3.1579581909612227,NaN,18.285555328467858,2.0
8206.0,29183.76604633537,49380.07374264758,-73.85688480652507,266.35269778582193,210.88729651587278,102.82719062810105,4.0024832078877495,1.4127992277101862,3896.8074719543683,40.35027169827549,1.0
8210.0,27863.186647743525,50739.82037541766,-447.54804980978184,483.373565234777,183.99153542300922,309.041605745179,4.302324910567489,2.1165159840002405,5865.656084495994,30.038683308409155,1.0
8211.0,27759.542970341172,50761.64650783675,-357.75838078424925,419.20893579174015,180.74048976505347,240.71496939102727,4.262769327551981,1.4260141884203303,3791.5978051708826,28.509879344847615,1.0
8218.0,28819.60702029353,49981.21501388233,-86.83829409958038,271.6838071838131,208.16870932913113,208.8552274510573,4.752938838003679,2.076795854500415,5834.296990364649,28.72424413261376,1.0
8219.0,27772.665821855375,51150.43294149798,-104.85999575064713,279.3482703776647,204.6074796214703,287.09618507187975,4.085801406244309,1.7793678887792896,4131.776407179766,22.683004540036745,1.0
8221.0,29201.948209890244,49780.26278912414,-266.5236151814225,361.79887919151656,183.73043180278316,200.01406612969052,4.387106453394555,1.5332033576339044,3991.229259342144,30.00056757917983,1.0
8223.0,28862.542709517977,49899.752227180004,-347.0399292527771,412.05736791649116,180.7629046450651,173.98457774370132,4.65656957608858,1.6284732538888287,4125.064272929716,35.88846615220214,1.0
8223.0,30849.992378436065,47353.4368925374,-0.27951373165177734,239.13939481885902,228.72280241578164,134.4416517470665,4.328867206959821,1.579184310721236,4145.107020530309,34.44701770868245,1.0
8224.0,29165.183902173885,49529.462319564074,-451.4965389126506,486.36971208091563,184.27553541060917,219.97769118739535,4.230769386127896,1.7410257667292084,5240.982023878529,35.474289095349015,1.0
8224.0,30935.042095375156,47320.87638259398,-72.15715778484002,265.66643234501566,211.25276471193774,361.4872971070668,4.286110466101088,1.9863274660641532,4992.819273358682,19.974796613582065,1.0
8225.0,28409.811560241025,50358.294285920754,-297.2004259407809,380.22652996133377,182.0172070870591,285.0156912912404,4.057039892688891,1.6426177887192088,4116.756615166738,25.11833009708263,1.0
8225.0,30938.682319398144,47107.24749102177,414.65308508424334,181.2461155726186,406.54272716098666,413.05715168790954,4.820609002173543,3.5989346403358042,10728.613026499748,26.775679146658575,1.0
8225.0,30935.560245103054,47064.75330407886,401.26497629001256,180.5810417253745,398.75814241019356,786.3259045711134,4.702540309020863,7.333393077918487,NaN,23.955760457295813,2.0
8226.0,29162.801918443838,49696.04975893723,-211.67315923052152,331.06197956579416,188.58127935789557,242.95782255773224,4.952348324978215,1.9992740434887055,5500.243396797936,27.40104047768623,1.0
8226.0,31038.26688465469,46746.815196946605,-180.03840477832864,315.1639016890138,192.857335319905,1012.7557560426562,4.896946635522937,14.37465803157723,NaN,27.606909769173498,3.0
8227.0,30938.672555683246,47006.43719115536,453.2534838412107,184.92376274765002,430.409574813759,820.9964399052039,4.730007643555442,8.254953249912653,NaN,27.337597199518665,2.0
8228.0,28787.67543814643,50302.30559519805,-121.64358006014054,286.76160716309425,201.51350463883756,108.26628246762262,4.5667645173647955,2.2788613408084575,7199.836352611087,48.59612123351896,1.0
8229.0,30925.000767350637,47275.9852680075,0.04806433123974241,239.0715376611803,228.84528419560166,548.2640939479955,4.107713176394888,4.162445359173033,NaN,18.76989242232249,2.0
8234.0,28263.65170633548,50948.2734548129,-363.702482605215,423.22166062626656,180.76579986075475,172.1689939348953,4.284254695236819,1.702915006157801,4784.60380308896,37.34976943752875,1.0
8234.0,28264.073141096356,50948.60339750512,-351.6447014895207,415.1164913137817,180.74254760081806,159.6441037569816,4.573736655192913,1.647883403600523,4371.952566541425,38.35037883797516,1.0
8234.0,31211.337449590304,46712.04576277696,-259.2841539173437,357.5795385842509,184.2393335962659,198.81048870294302,4.194682613435408,1.4993974283556175,3845.3747798069603,29.78564249402658,1.0
8239.0,30883.45969542192,47330.137328232995,-55.092094616226206,258.92739309945114,215.04404385130994,180.9828360947202,4.100313877768828,1.494244907782156,3818.206595258769,28.467987593001418,1.0
8240.0,29010.20164375982,50090.896764448014,-374.2080439505969,430.3952029076159,180.87638305612882,187.3452554226424,4.006251763703918,1.4416131825409215,3781.1645077664452,33.94857847801628,1.0
8241.0,29041.46286753632,50131.61271228403,-374.86735892973917,430.8488756590899,180.8861280812419,287.89748035091907,4.140834285044782,1.731605164346627,4347.626624198014,27.17949181362696,1.0
8243.0,29086.001030260453,50107.67670436115,-367.07788990059635,425.51515176824125,180.79215914086865,219.3632422137615,4.570531425883611,1.6769886714790183,4935.54999343343,31.777079233085374,1.0
8243.0,30911.57116608792,47298.08341274071,-37.08951099606667,252.1157898266706,219.28416810138023,205.3454933446511,4.121885351382088,1.3808702760553104,3241.456780559881,25.86735090525481,1.0
8244.0,30926.43318410386,47268.58166460207,31.38134285099205,229.0003450152736,237.66717699767113,210.0901074077801,4.083581723475879,1.591750906572177,4027.2819419457105,25.99744900532815,1.0
8245.0,29063.00027832165,50066.953848144534,-435.1433311669261,474.05640823069854,183.17660918857976,203.59738956715242,3.9643301007354474,1.7087811591545505,4449.0665126133845,36.352757492049555,1.0
8246.0,29017.85271299767,50122.58588362253,-383.07781419353654,436.53280376266156,181.03523285281588,216.75566708441283,4.255516529665384,1.5272604547493593,3633.5875599649985,31.732117787063295,1.0
8250.0,31184.643154813803,46703.93404886551,-374.3133279638025,430.46762103278417,180.87791698283115,154.9470741350083,3.6774856936180806,1.3114265452086076,3301.3400649575265,37.336439435216626,1.0
8253.0,28260.20413169546,50885.86033976701,-37.500484798983734,252.2678803626118,219.18461712414685,170.61793152345643,3.9675911961154657,1.3688677064065609,3447.283110061495,28.83716404097758,1.0
8257.0,29150.087423502282,49569.51389064441,-413.2699477787138,457.98088236444016,182.02534307002077,201.30598408217125,4.541852690455332,1.7215435261685308,4677.127861143741,35.73771148327098,1.0
8265.0,28352.800598430124,50942.13255347462,-412.402045328293,457.35233625358984,181.98718344933533,241.57976401097218,4.301128054839305,1.6618918997192231,4745.322122402995,31.319909043719317,1.0
8266.0,28261.97407261336,50959.11602733892,-310.8277426103779,388.6971690495682,181.48621221395982,178.05159893993164,3.94630531002036,1.5011083329050197,3766.0714449148477,33.31797389940389,1.0
8275.0,28002.892170830783,50975.383544846394,-769.4457090984355,775.8894436446436,246.14375376777886,429.8212152483797,4.082044604039665,2.1257853679038323,5707.4071667847265,40.75696172921367,1.0
8276.0,27902.730188864298,50969.34513484019,-592.3399808433389,602.8583131663588,202.17661922662774,263.5062931601471,4.23067071685457,1.7377577596370493,4820.985580527392,38.59600042276331,1.0
8276.0,30169.006711102884,47904.5788096737,-363.6967363902117,423.2177654010036,180.76576239068007,291.1331916941843,4.128220821348469,1.6380745971975308,3863.0448555700864,26.32830364577445,1.0
8277.0,28164.238673855227,50848.14172413384,-250.6606373163145,352.61803505267727,184.89765385941044,266.86908361779587,4.741145435259556,2.2409027973666027,6040.400438494585,27.48382374188599,1.0
8277.0,30028.619338129327,47986.8213260205,-455.4308910071249,489.36975485769904,184.570336403123,200.1737638025045,4.330752720630063,1.6576701805127716,3681.702173754222,37.35626399796612,1.0
8278.0,30139.244545593396,47977.97922452866,-432.5256998354133,472.10885206957056,183.01962827628472,200.5791134072072,4.045283959253458,1.6099667718462602,4176.817251522498,35.87651072052784,1.0
8279.0,30053.0197057538,48033.15852342303,-387.33444457030475,439.50460254700323,181.13275622574506,233.75808675355225,3.939905277613434,1.577681691197152,4336.4897405925285,30.654060556097512,1.0
8280.0,30231.855382821785,48130.924913150746,-491.1573793605892,517.2802002006636,187.7872476160696,214.98749254883776,4.012299263850512,1.468098984771349,3532.1009288315736,35.961049881682804,1.0
8281.0,30443.027857776542,48263.278562363506,-222.29987913701532,337.6927686619649,188.18764946562288,564.2099087235913,4.118891239955644,3.333440348380261,NaN,18.728408867230158,2.0
8282.0,29219.090087608172,49147.53327859579,-58.21150415516116,260.1387447691155,214.33444018641865,215.0058905486855,4.35431211251162,2.7465228245857474,6612.146664240557,31.08065391170173,1.0
8282.0,30364.05512380146,48256.88305037195,-176.05062209129088,312.6195558912975,192.9597307282288,238.22895330137771,4.373145426962065,2.6649609896422155,7098.108779268769,30.13376576475079,1.0
8284.0,30360.45510464838,48163.2416353493,-169.57196294453294,309.3940458589782,193.85997309172143,269.85916432044564,3.9462347220879255,1.5952410499468608,3934.8543197430195,23.698137157022114,1.0
8287.0,30935.04673169831,47230.4547808813,-72.40262951653791,265.7653733340384,211.1998483801597,175.18686313664807,3.6488399945620524,1.6067746198569488,5059.934009820183,29.706875060386007,1.0
8288.0,30913.811355545848,47286.30313823112,-65.70650869386957,264.5922906561821,213.87648480509986,611.9911382091987,4.77215192625135,6.518227076213886,NaN,22.386718226267565,2.0
8289.0,31575.53512505645,48885.99175884163,150.00133695719228,199.41876902369,277.970720849864,193.78483211191588,4.504641100586698,1.6230430756997192,4114.688260444391,27.74790159632765,1.0
8289.0,30943.685782484896,47280.76230497699,-55.31508531940531,259.08609872305607,215.05159580795174,617.1598883705688,4.645828037111876,6.052783976561499,NaN,21.003673249197107,2.0
8290.0,30357.777479274067,48265.282769341036,40.12240055798517,226.3676297670642,240.27114599469186,292.3477273178295,5.524336931540014,4.327569078137088,13714.927639060968,30.619738813666594,1.0
8291.0,30296.378953229818,48377.66097095771,-154.02172664847743,301.81361405978976,196.15128715211637,344.2948228228725,5.69697959993001,3.3447536901778356,9371.349439452099,25.20464462157794,1.0
8292.0,30219.704019682744,48284.599892390106,-16.00971707772814,244.5283174450626,224.5629907520401,342.5977568254849,4.6509442147379,3.103607506868926,9311.066913652341,23.245753488945063,1.0
8292.0,30290.11157153372,48475.612415868534,764.8087894778972,258.70714458926886,658.6856530845446,599.6385958782638,4.427103016033143,3.642139630531279,10267.40664800743,38.64202756724492,1.0
8293.0,30372.36340517313,48333.81147780028,-128.89169947700447,290.0452424531929,200.24372085944145,240.59521475504002,4.190540954379193,2.4524213669272408,7382.193603460817,28.181000913836503,1.0
8293.0,30961.679915616347,47264.88578788011,-135.08315382414003,292.91625544385465,199.21245631743284,561.1866506956437,4.512158122047335,5.844614293059378,NaN,23.016204189524082,2.0
8294.0,30282.236019536092,48440.44899235461,-361.1985091446831,421.5272248606394,180.7518555370379,178.2477033769189,4.648093956657081,3.6632195358392687,9976.23202013441,54.552239442693875,1.0
8295.0,28253.398313605823,50870.85115324581,-84.5222956763084,270.7210433447997,208.6443170308083,173.71786564352448,4.121609926026861,1.6604112872566212,4344.4820654676905,30.246492419656633,1.0
8295.0,30163.962358247678,48441.852503721915,-395.070168200791,444.94909802305955,181.34533867442565,215.83492198390832,4.63637425210833,2.575433836060368,6558.707360242716,39.44319787252213,1.0
8295.0,30901.8025440724,47253.66230895501,-14.670120581844447,244.06030305570062,224.90989786078478,224.18909795344035,4.683751104614289,2.2114367143858127,6257.443025338102,27.432585128562184,1.0
8297.0,30225.310316325755,48369.749056063076,-315.9368997800326,391.9181193826396,181.32360844472365,223.46244362088237,4.077783540042717,1.4656333660615344,3583.9316590419894,28.872997330895107,1.0
8299.0,30412.316650672787,48227.72242955295,-464.55450121707923,496.3829110930595,185.29936513768226,259.8921945160412,4.03345276422963,1.5223940075917395,3628.723239987787,31.09210057522314,1.0
8299.0,30423.26964238667,48227.18503720946,-466.96735155552153,498.250750769372,185.50277251062957,258.9137487752225,4.067911154044692,1.5639965104901223,3745.791863047171,31.48477012818247,1.0
8303.0,29108.75885981315,50046.80823950897,-396.6209377954397,446.04743391202487,181.39351938602633,470.79115557906584,4.2076175894969685,3.481166664794019,NaN,25.62299968072511,2.0
8303.0,30578.58519226744,47576.6908451403,20.46897258115348,232.81608744090966,234.84392702933732,241.9364372332705,3.8851153493794275,3.0616225997561664,NaN,29.55535270962502,2.0
8304.0,29230.065452548308,49163.945713130495,-43.97895107659519,254.68643411181705,217.63233313096697,374.70593863744807,5.368565926595153,3.279487435777346,9327.804971342668,22.463829387567525,1.0
8305.0,30938.62670500002,47241.515953124836,7.229051805589765,236.70300611978053,230.818274844,556.0206887977834,4.345910914765039,3.9713788177168876,NaN,18.215165230956604,2.0
8306.0,28217.883662642802,50800.41582774084,160.11257239418626,197.51094529416574,281.90220413112115,161.48847718212312,4.287941992642694,2.5145668799934784,7486.8880536584265,36.75207446710176,1.0
8306.0,29053.64155160203,50059.87345428728,-443.2933315909338,480.1615057952246,183.6988090499453,176.16467651658203,4.236849459946886,2.397570866707511,6364.861447646497,47.474751785436446,1.0
8307.0,28975.94037495162,50073.65394322514,-359.43889208400145,420.34003152612917,180.7449151876399,184.80027289112192,4.6792649393613654,1.8224968657066627,4759.611024811437,36.30332380279295,1.0
8318.0,30542.11354397458,47598.3271609163,5.996700499674626,237.05438451443678,230.435160503384,260.1437836793131,4.011067438118465,1.8266692701973424,4806.1293663919405,23.57512555517205,1.0
8323.0,30432.74069034701,48287.90736361166,-274.32631624379985,366.40183052242867,183.226660377914,224.62727395527088,4.136639531720827,1.5281612426433107,3383.359797495666,28.069182655981997,1.0
8324.0,30395.718918753293,48378.790757572926,-400.3925914566904,448.72785372194954,181.5180854719456,258.90802632267344,3.642866082087819,1.4675841459861922,3571.5766014381998,28.667541010196608,1.0
8329.0,29053.20717187953,50109.0365473345,-542.4696142987018,559.4724439182827,194.10936793600737,235.4825879630804,4.063532876778922,1.6230534202195475,3736.2467565841134,37.606574401198955,1.0
8329.0,30919.066841585704,47253.302331728635,-55.7535129858363,259.1834733086392,214.89296482383767,305.33890587256565,3.964124155423751,1.9182115784716898,4661.570404878106,21.863860129265493,1.0
8333.0,29126.33803654951,49687.864380736784,-49.31827514076134,256.7094725855378,216.3770391157506,185.25950723157447,4.889089963285667,1.9998484454569545,5521.266936675566,30.361652410140746,1.0
8334.0,29210.45364128225,49610.519689782646,-382.6136254965209,436.2097601369425,181.02543287030588,287.62658182121885,4.9289436841619745,1.6508312976174606,4322.756059244171,27.09430194386813,1.0
8334.0,27794.397153591814,50734.13384776805,-428.8871034492649,469.57086192885214,182.93814240798437,714.0623915612776,4.434487496504301,6.308864610194634,NaN,27.186568819799785,3.0
8336.0,27852.82745966328,50753.66017387908,-408.05115875679206,454.21207444443303,181.8045374951927,402.78291559866597,5.110536544087695,2.2354797664632406,6032.685214484592,24.425934718582358,1.0
8337.0,27894.665686319368,50744.03423354833,-532.5526884412716,551.1245453195012,192.73108880981894,304.79261386179604,4.242443400407558,1.9858806339584365,5523.629912107643,33.41638196845114,1.0
8338.0,27937.686432361006,50756.231953443756,-446.264453139678,482.4027278294528,183.90177022374644,206.37943264221633,4.40027525044064,1.4673339589177499,3403.6918190675356,34.83507829152898,1.0
8340.0,27911.634071623685,50705.88628083209,-654.6693150077131,660.3805419365301,214.92409556254216,331.9471430907528,3.5972259117451033,1.8457534027953106,5091.331943948663,37.387298307338895,1.0
8344.0,31256.589170742776,47043.20747400256,-361.36446438443807,421.63934362042966,180.7526318718765,178.5788676738604,4.527189091814017,1.847903752707016,5885.594758054488,37.439956505704075,1.0
8348.0,28693.84755493433,50178.897345606754,-265.47894533631666,361.18696790526565,183.8014014595111,200.15554601755557,4.653379728250113,1.5905079449865405,4072.009283683364,30.244282790570857,1.0
8349.0,28967.515032879102,49887.77957562256,-287.3147730834496,374.19127861773967,182.49097784405345,252.24075793050366,4.380706572752661,1.7044541539674063,4306.759151563846,27.094327741216848,1.0
8350.0,28258.93726370961,50632.42363152751,-65.16690588965834,262.8727571142612,212.77892635948956,257.0231783223154,4.8786914789286815,2.6689386331436946,8116.026274945453,27.104933966578297,1.0
8350.0,30047.728544064652,48113.863937529604,-73.71378501842807,266.2948161618863,210.91798035390275,116.81302080349822,3.8778580663201048,1.5413513538676504,4082.81235678082,38.13911128556712,1.0
8351.0,28680.415134952094,50265.50033199061,-178.48137451907203,313.8399582936156,192.6302176498002,238.13533991742452,5.1004218998454,2.0388837780217375,5644.28832897476,27.354093081573698,1.0
8352.0,28362.66955057754,50586.65740448872,-140.75196513808845,295.5251884645851,198.25230174650423,343.8128124954204,5.1676963979450585,2.744714097986751,7781.240373780881,23.15021147469542,1.0
8355.0,28207.000675454845,50802.1858569735,19.31043826855115,232.75442659176568,234.16697060885159,196.78176820486186,3.9972204159887563,1.5040911406328776,3923.894706995108,26.748792090288262,1.0
8355.0,29244.24869080932,49095.91212650815,-181.90500794978286,315.5683047399088,192.1737469909138,240.94904820695777,4.061136774864583,1.798734312918493,4624.678356751706,26.261156056290865,1.0
8356.0,29243.132969289472,49129.493524288286,-143.38121788472574,296.75797756234624,197.82534906295706,354.5088509325351,4.169165328606131,1.880631850986928,4365.501086374312,20.52884703699791,1.0
8357.0,29243.609139776912,49176.60474295069,-198.82160116200768,324.2705158531231,190.04938378614582,122.69460989650841,3.9123610194368794,1.5044585168097901,3665.1086670344343,38.92591250377658,1.0
8358.0,27870.453964766915,50766.914899912816,-531.6359895808919,550.3575664972255,192.60746798233404,300.32255774366587,4.11770033031134,1.6449510494917927,4476.67289157268,31.682563972809636,1.0
8359.0,27749.26286120883,50767.014201684666,-643.7574317736845,650.0456864489125,212.47862584386831,276.97777412562294,3.7790670740621626,1.745273259734183,4263.83295428623,40.70838664268526,1.0
8361.0,30587.77771277899,47660.08995902543,46.074264935951916,224.61622369461918,242.07753467874284,284.60310018851436,3.99295988620275,1.6803257295580494,3886.211721574846,21.89182518134411,1.0
8362.0,30563.849175434825,47636.338594109606,-91.23603414702973,273.5258753077983,207.27685091968186,199.59214594429565,3.7761681929080875,1.48822483111913,3621.694202938181,27.091046401558557,1.0
8364.0,30138.615725670694,48368.05208178751,-185.3074851752156,317.29692197769396,191.72894721475654,214.01202388842523,3.876885317631499,1.5271344376390377,4885.763314222244,27.23738108626681,1.0
8365.0,27716.59959120052,50754.28983507365,-492.61195978120577,518.4420559467917,187.93883029072535,229.2840254229123,4.3104070689174305,1.5781642664357796,3789.7609721399263,35.31453484918848,1.0
8365.0,29998.60498193144,48277.297442728595,-269.4314405692989,363.50754565939343,183.53726812240788,203.9633765597923,5.237522599453345,2.590540533221174,7453.3221030818295,35.82341152457907,1.0
8366.0,27872.380730775672,50728.465124885595,-503.51966196407386,527.2182350527971,189.12691060416992,306.90936473113453,4.171371242828884,1.920130071089727,5123.243420665847,31.49920913258629,1.0
8366.0,30274.43579211773,48388.2869719149,-223.12019950500655,337.2423673867581,187.37960859415043,315.9806928556339,4.608581411748311,1.9801592429017072,5500.62022900897,23.291137056641137,1.0
8367.0,27797.494273446988,50711.38289601309,-453.3203914627018,487.75863074729887,184.41072992585765,319.4819021202249,4.644797248481378,2.0468813977392277,5335.119743537061,29.26018817179193,1.0
8367.0,30357.559051009455,48033.3418624263,-602.677693952136,612.1453153623196,204.08606407924805,296.4023785690851,4.468263360970957,1.8794509039695557,5152.731498272853,37.29025407954389,1.0
8368.0,27940.95701482218,50737.21576484949,-597.134511862818,607.1530034785357,203.05207407745786,515.6230882200051,4.702471763924112,2.130676218195383,5479.14650072641,26.570332887721204,1.0
8368.0,30206.455279130674,47897.267685041574,-421.9598326458626,464.31337008266365,182.439065272197,356.5202489962372,5.427138995059038,3.8337527599569747,10816.192340162677,34.57152908064801,1.0
8368.0,30901.133283432686,47349.46760602503,31.77430873753423,228.88044101520947,237.78299185133997,222.98925096240234,5.486226861235192,4.417226848732973,13851.036925967328,38.7045315306701,1.0
8369.0,27903.74970623418,50731.165940865074,-488.0197493891057,514.7807912383834,187.4657637797065,456.009722934047,4.720706111924561,2.001305237212904,4927.506811067792,24.140671920647684,1.0
8369.0,30278.684528342113,47840.69827478324,-149.77117629073908,299.78123896134946,196.8096728818306,353.03756151055546,4.2426498336095895,2.0474600800418723,4956.689279666672,21.018467610958915,1.0
8370.0,30388.164729149463,47706.58161590374,-459.7688713442265,492.69449443403283,184.90905530929868,250.93879397270987,3.970117642543424,1.4775896645873372,3562.5737736127453,31.355249153208657,1.0
8371.0,30329.346739074714,47695.65081622773,-527.711577913757,547.0830681102857,192.08548338087277,237.92036814091853,4.207447845977049,1.4472137001018017,3488.0087768041913,35.28188892363134,1.0
8372.0,30874.548960011278,47398.89953120386,37.21152323452652,227.2363537102019,239.3975262357124,314.73472052982333,4.959371896972228,2.7876473356473004,8056.290747382238,23.51528371954672,1.0
8373.0,29139.454030838046,49699.53441842285,-75.94752789560658,267.2005320959998,210.440794738113,199.600663634902,5.02961714057991,1.7733497288602174,4487.262471007799,28.109460021111488,1.0
8373.0,30897.550720352738,47343.32147377348,-72.03222067000662,265.6160964249942,211.27971503513226,271.9305094561412,5.011457056550014,2.3475049181140912,6782.8417478668425,24.968733005324893,1.0
8375.0,30215.439121031017,47943.683281818354,-500.8007977571212,525.0201785543834,188.8222847573005,198.03541331222587,4.00329385925333,1.4406978039674625,3775.4054483359555,38.21720460468523,1.0
8378.0,30622.014531828056,47983.08238663199,-367.14852198927474,425.5632589842811,180.79280346987238,222.32494906870468,4.40013378154566,1.6598952422540285,4023.002623720351,31.41178704600497,1.0
8379.0,30530.992699502138,47983.26430538784,-431.74342824415857,471.52808455329694,182.97372844021587,204.02585331139687,3.9469119975702482,1.4588829186575076,3602.287741357163,34.421131459231674,1.0
8380.0,28269.02437535352,50739.3475027747,38.74484150851245,226.7777533701435,239.85690467151812,103.52665740116232,3.761413724261123,1.4092471241853255,4176.737291465736,39.31388742088837,1.0
8380.0,30594.540681249153,47923.03424016709,-410.41911138465235,455.9189354326261,181.90215260934613,217.68713276963445,4.586219544116491,1.9642268651592338,5822.255598216024,35.41804268495675,1.0
8383.0,30534.475914605166,47832.8635992101,-398.94085148138186,447.6945137978347,181.46882598728,200.46964626590645,4.243744322197742,1.545474723995455,3979.690211643142,34.05645847983661,1.0
8384.0,27771.01185147605,50749.229152972635,-391.6415609757698,442.52904004153095,181.24549131943215,236.81018022648533,4.4975358025714485,1.7905339496968644,4457.913872609647,31.682544590753654,1.0
8385.0,27836.27124528298,50742.63184270832,-461.7531523135282,494.49442818538085,185.28957253831499,1056.5852465917942,4.170826516205148,6.877333417688275,NaN,21.94190840575605,4.0
8391.0,30760.9605503535,47378.97276893756,-385.2527514674104,438.0491179517711,181.08333747246536,173.76175256835566,3.6726309462373403,1.3713054469301844,3593.180688049486,35.55089917377908,1.0
8392.0,30797.963709969725,47593.77915786503,-122.55838563811632,287.1733122414359,201.35103394258775,128.17711300108877,4.670720588830428,1.510092790493685,4015.8708958331536,36.33331483650268,1.0
8393.0,30491.060482888028,47706.14876603722,-75.3382684223678,266.95302893614286,210.57057128164206,468.2117277574545,4.679668197785304,2.4713363329375815,6315.375087008914,17.916035826595987,1.0
8394.0,30077.41447951,48564.45265305916,-0.5638101401457407,239.23471985725237,228.6459476930565,170.71559584534285,5.252056124681176,5.952552979013053,19944.80146044083,61.496216441985055,1.0
8394.0,30457.762673045763,47724.33811994354,55.82236396268073,221.81989240792626,245.09439687827285,386.80527773535306,5.319109876588896,3.4742937418309348,11324.257855750211,22.18927658267009,1.0
8395.0,30443.66168088996,47763.392396057636,300.64350560973674,180.9767880734919,344.6106744104407,395.525571630609,5.0068608558729055,2.697434208342107,7069.627373210718,21.8405916589702,1.0
8396.0,30704.149889789565,47280.01834181217,-616.6633050532441,624.8698433453076,206.79892429688428,435.7357195740583,4.304275954844854,2.0556575014064986,5774.436976142609,30.30094399810123,1.0
8397.0,30419.92894140814,47864.22806316516,-365.880395334258,424.70025931419775,180.78181385641295,211.53966085700233,3.9095045990717834,1.7462639396490662,5034.144302201787,32.90420145200744,1.0
8398.0,30738.975203322654,47305.46335146137,-322.09453548701015,395.8327703805804,181.1540718632579,218.35139207362377,4.217005412852248,1.720609279939014,4522.7407469353775,30.698265464625308,1.0
8399.0,29003.480541600224,50046.15255457306,-524.1526425984941,544.1260778188863,191.62225905961094,203.32479930189828,4.431160429225268,1.7698315105658051,4946.774232281242,41.780170283157325,1.0
8400.0,28246.112871877493,50743.67647270158,12.023436712621534,235.08721342005833,232.10770631905837,195.143861272962,4.067807939706627,1.8792027188038978,5076.299688618894,28.44353120603306,1.0
8401.0,30975.509241769854,46725.81306071257,-361.11841122606984,421.4731202890975,180.75148835065482,162.58511267139454,3.965169105902574,1.3922425071359168,3489.7510207028795,36.30288593919304,1.0
8402.0,30726.802253610163,47292.90073397908,-156.7341734963471,303.1194594236738,195.73834157712832,169.51797620231306,4.213441876024908,1.3274039930302968,2976.391387169353,29.998480802401733,1.0
8406.0,30931.93017061443,47277.30579698754,-167.62936431508174,308.4346036923865,194.13614060792952,156.9018608397022,4.204338270392863,1.408519978133731,3754.3512013251866,32.04893194732272,1.0
8407.0,31288.079385403966,46653.18316618583,-265.00365327212177,360.90890806065823,183.83396571095096,354.92121253915843,4.317328541759445,1.9535673746862385,4842.784093737554,22.256759835470884,1.0
8408.0,31508.787628739137,46661.15002858353,-338.4494338465798,406.4038256835936,180.8440754694493,177.36434072017363,4.478769540886018,1.5723450365589124,3923.4593730788324,34.74708831059817,1.0
8416.0,29279.9501216144,49203.878463318106,-58.85080689350372,260.3881364380295,214.1899271663062,104.40772676208917,3.8222047458262294,1.4249386168924325,4104.794068361017,39.8708219395766,1.0
8418.0,30474.68321749977,47692.89455513234,-1.4413097455697432,239.80458624205986,228.63148995470368,695.9746137493389,4.175510680628231,3.7513658483652073,NaN,15.366151121988127,2.0
8420.0,27806.462752513384,50795.18682370381,-1083.9058618474862,1155.9992656094514,383.11147368585813,847.1725429356524,3.3785488707595963,2.57214911884105,8593.830553651927,51.0142599453147,1.0
8423.0,28317.25176644455,50789.58204902857,-67.09171403700628,265.43172506440794,213.80505429632578,362.83473981844026,4.502656351748225,3.26707169550735,NaN,23.323123852530944,2.0
8424.0,28300.356795722306,50832.06495725863,-106.51316911396884,280.06668591241487,204.2931936028391,200.8736710499511,4.102672149303196,1.5729551132340724,4012.54093361202,27.46506064622784,1.0
8427.0,31123.301616596982,46613.06406531747,-181.3286201560096,315.27655417456873,192.24997102631298,182.21837590647647,3.916360862152976,1.5183718768109735,3977.552477865497,29.964768028092756,1.0
8428.0,30891.769229049016,47241.42302160994,-110.43684855029863,282.08458143189864,203.80004424642306,669.9243387557465,4.133664931517087,3.621984683892634,NaN,16.071694406240994,2.0
8429.0,28851.48756791688,49907.25141944463,-259.1761552254967,357.51696837006165,184.24722779100702,260.9876381611399,4.458758662268664,1.6871090943763942,4563.079382880752,25.883717287256893,1.0
8430.0,29027.333620708352,49611.08189966127,-246.1335259463865,350.04145159356426,185.265939618261,309.9195357871585,4.3023104943116515,1.8155644839852907,5025.974424327379,23.46092455835218,1.0
8430.0,30991.826264734776,46938.77557589533,-83.2389453438692,270.1897307763033,208.90962283188622,348.20990830308915,4.598821849460309,2.333842116100761,5937.454105162228,21.312359078145317,1.0
8431.0,31018.004436713618,46877.63398496739,-358.06290125221796,419.454643709135,180.77422030706697,664.0523235150715,4.104434375377237,3.3701552613282653,NaN,18.956064519357643,2.0
8433.0,30895.687258466998,46879.45645346373,-432.57083344204784,472.1423773912098,183.0222907234012,187.4968863178956,4.2270137015064275,1.520915015242049,3681.316318840661,36.83813122030184,1.0
8434.0,30866.694512527905,46828.90098300287,-410.2209482037974,455.77589326867445,181.89381980376282,249.95148249505985,4.122083288100547,1.6694394438073996,4303.889021975558,30.604276218614856,1.0
8434.0,30856.78272441662,46829.30551279062,-450.57379230314757,485.6682077276874,184.20810182521026,260.27731443445595,4.088467988839178,1.6161424047397688,3877.248221261898,31.016911462950432,1.0
8435.0,30970.894320515574,46801.02605421148,-315.10511587616554,391.3920628533398,181.3487250380523,296.3769560965044,3.8473264529252105,1.7320160645654714,5412.681145941724,25.200755228178807,1.0
8436.0,30960.673806861018,46889.70507015931,-139.86179806141095,295.1092891466896,198.39804580686004,305.09148661707815,4.228315802643213,1.4422276348415122,3059.5369140805597,21.392551671068624,1.0
8437.0,31024.332710158247,46981.864758346215,-54.57346445754181,258.726884521072,215.1627408669455,381.329148370959,4.408086629723911,1.8902294008999387,4971.212787223358,19.073752614462535,1.0
8438.0,31224.884625790663,46925.700921489595,-147.42938554556818,298.6688048429097,197.1782853596495,418.50444647705234,4.651105299656198,2.5632823129704634,6004.97650982628,19.977058043657546,1.0
8439.0,31313.5488615539,47058.76179591257,-269.7303608116039,363.68364606676107,183.51777643501683,266.13347461221707,4.099700897802577,1.7692674083005064,4438.757860903654,26.075703546587906,1.0
8441.0,28271.792878378823,50745.87393884037,-66.26265780585139,263.3076322574596,212.53723282078752,292.30952447531604,3.9822419074890174,1.8403928811303034,4559.219613967227,22.314570966825077,1.0
8441.0,28276.29232443192,50747.78339205762,-18.480226442874475,246.17616683976547,224.5574004621726,458.87152452889467,4.016598912449804,3.299052681840233,NaN,19.54528243895587,2.0
8445.0,27777.809976787124,51042.6501097109,-101.75203449400594,278.0046282661758,205.20397500250616,181.8006930784892,4.561955955362229,2.3051030729372184,7349.3509978029915,33.02540839916397,1.0
8445.0,31196.61014581945,46876.65793224654,-513.7740600829826,535.5710940416499,190.32652177450905,184.79428074620944,4.216957979557585,1.6446316292228416,4074.3857800977707,42.70545602099236,1.0
8446.0,28749.27501940735,50246.06735931849,-62.536707404974884,261.83352119650897,213.36281201591643,171.53849063228571,4.538471806747247,1.7559113446596795,4599.755901400988,30.767258858519405,1.0
8447.0,28285.68911709334,50667.27786375751,-512.9985584922975,534.9359327192882,190.2329986322252,274.01021714685936,4.23697436090042,1.845567285450555,4803.3542907641395,33.991778119601534,1.0
8447.0,31464.783536842588,46570.906002880765,-332.9333795539038,402.81031127167,180.925846601404,159.66572871206716,4.1075398209760765,1.4051036454866226,3615.30547424951,35.80080480897618,1.0
8448.0,28569.884429675785,50443.06334760427,-398.1945962609376,447.1641071418706,181.44412956928412,250.40402277849643,4.4360862682677915,2.5746204643233774,8306.484808787358,35.43893187780564,1.0
8448.0,28578.78516799991,50437.155437878675,-452.2758464764831,486.96279445419367,184.33299201843363,250.2365795412179,4.7298632251475405,2.5283378161562555,7977.403911658675,37.87025821422907,1.0
8448.0,31385.354673806283,46612.51580297992,-404.2463805926222,451.4805986108205,181.65664079752122,217.99890049438736,4.452501478908915,1.8543217677181811,5146.216979954254,34.37891455985678,1.0
8449.0,28976.531994917197,49677.028997770096,-108.79803629903225,281.0638576568352,203.86224444848204,186.09881270649072,4.807941042021596,1.7411065589659158,4675.26557421084,29.595207496542326,1.0
8449.0,30916.57782596015,47116.605768649104,119.46778187448085,205.7651008459643,266.57145924623717,147.3114411391759,4.63690638655611,3.706311301244429,11141.376407610052,48.971051056852296,1.0
8449.0,31507.009788373955,46642.58644712273,-325.91732590264587,398.2810578596627,181.0633581881295,250.1216216358314,4.74636975970293,2.633029793246577,7431.328065326628,32.88932146461289,1.0
8450.0,29216.191835324084,49851.49525769806,-297.5872158209878,380.4645409634598,182.00018416499162,244.37118477297835,4.470740931470163,1.7233836304951824,4853.927262126793,27.958094679361146,1.0
8450.0,30957.387082642286,47105.58097708809,-34.65161351591932,251.21686316787122,219.87735119953345,297.0537472794268,4.220477984955542,3.2059880517550705,9579.524629235671,26.183302642103264,1.0
8450.0,30635.647304485356,47010.882264111024,-946.4443376696614,978.3680109460593,313.96696571079536,748.0896780187036,3.8260462495525327,3.378964820881394,9309.2700889277,49.78989460900895,1.0
8451.0,29237.631271437,49680.572800905145,-409.6623065813577,455.3728425935133,181.87048990118834,281.33806091599587,4.783076793642695,1.859127041595873,4713.936999219429,29.237752607213547,1.0
8452.0,28879.80393368606,49838.91170266762,-693.7238859301216,698.2899853434568,224.4202299354561,282.98466922909813,4.079252538686767,1.6424222154836414,4347.84207061334,42.74568384688938,1.0
8452.0,31321.877153657813,46748.13855257035,-473.9304682078635,503.6718327818104,186.11465223802495,321.01530883528716,4.278279670127377,2.8112231686545526,7704.678058459233,34.21749218869234,1.0
8452.0,31305.515845973154,46756.834139549006,-513.2292320492091,535.1248026956248,190.26076927496948,321.52520305936963,4.539741329674352,2.7651997798940835,7164.076149678925,36.05390033732316,1.0
8453.0,30948.65257917939,47082.82738099431,115.28784505050858,206.70230700563428,265.0662306182988,186.09251443662856,4.560335615335555,3.0579763449402035,9267.98735899987,36.03689570646827,1.0
8453.0,31360.48936298842,46769.690968429815,-445.27065350848613,481.652143092387,183.8331336933524,243.9370635749872,4.529922039248409,2.837106541929388,8337.332058243539,40.58874876074133,1.0
8454.0,31289.645603413082,46700.06655848712,-421.48692050157075,463.9669176007149,182.4150693766686,215.41597360437754,4.34365788716365,1.5954451952259456,4366.162353736822,33.686871458829536,1.0
8455.0,31052.32991878182,46672.676641314705,-265.42438055896196,361.1550350804622,183.80513117339225,350.0387064238782,4.222249146223581,1.5809155390186018,4189.784485615536,21.529109721856685,1.0
8456.0,31057.862988500827,46793.86992839414,-318.8448328868201,393.7623510445078,181.23994419094652,392.53179387616774,4.243342954699732,1.6450346173945505,3763.387193885392,21.135419084847726,1.0
8457.0,31049.600100027492,46720.9047160682,-497.63170292259866,522.466932697463,188.47432455571374,219.60810309479595,3.7313823676818703,1.4016158811881736,3639.7166947604655,35.318308066684025,1.0
8470.0,28248.241828963033,50829.63752354719,96.22975387573202,211.18424112929452,258.3720162188291,145.04188252146827,3.8067615852670555,1.4283660175262136,3799.444438838681,31.896140966190192,1.0
8473.0,28245.008481841476,50798.24822931011,-52.425215156363045,257.89904714209797,215.6565860238861,110.84159190032705,3.9825222505003324,1.3306578693385331,3306.941176612738,37.5328263596221,1.0
8475.0,30282.42124306526,48171.82061370484,-246.3375078176367,350.1571310929066,185.24900943164866,133.41325111750706,3.93859035333568,1.248756147383679,3068.4174152495475,36.15961473651979,1.0
8477.0,28271.60908519259,50846.65238111804,-76.8200772030464,267.55560271088007,210.2554282908267,111.82832576062582,3.83203306683236,1.362628282409442,3859.8065967277435,37.83830448699452,1.0
8477.0,30859.417563432515,47410.90888117942,-133.2646671800852,292.05030119590987,199.4969936785467,178.39889385141524,4.088770350789159,1.39440223689976,3647.8913676526035,29.070373490437166,1.0
8481.0,31251.149909400414,46650.16935988645,-192.57458074111165,321.02550474050713,190.8084781552222,201.45776985285409,3.781518393145659,1.4991318210885765,3935.145353038317,28.26282676398302,1.0
8483.0,28039.711356934877,50799.948236552285,-59.945235664863375,260.81596719405866,213.94325689848532,185.50421243028674,4.632234731212876,1.8450591873188393,4980.936073129488,29.656053612580774,1.0
8484.0,28600.538468227915,50691.24876351393,-1168.3739241439928,1273.989854323565,432.7428887164133,720.1109786653616,3.4519117875931653,2.1613288073131955,5914.28829481247,62.35296018928388,1.0
8485.0,28725.229676815383,50317.49956211282,-327.1864952696611,399.09693832375854,181.03570373429764,193.4859353955698,4.7162702850384965,1.7628938697543746,4892.095050269951,33.64360700982327,1.0
8486.0,29199.03154127581,49429.74974635175,-333.30166130690054,403.0493399225566,180.91966471066513,356.8108975271624,4.304980133472914,1.697539093468509,4804.821706813995,22.78159639318887,1.0
8488.0,28765.497942850732,50177.15639222066,-263.9762372902904,360.30856743645603,183.9049465911534,271.3064113494373,4.266489588461782,1.8971793682187266,5247.073273130751,26.114885670058364,1.0
8490.0,31146.469843504565,46636.63012064372,-138.42018446255628,294.43733077781997,198.63535725960432,181.82382774782556,3.839200867145427,1.2075334547281402,2705.0161963228,28.042738014374766,1.0
8497.0,30942.943061308546,47007.87804732477,-23.610655437620235,247.21589663497562,222.62051703465542,140.49991320842454,3.968163223265038,1.4756805306907794,3726.464887061023,32.98410325284077,1.0
8498.0,30904.79961717925,47155.79612415348,-117.49829173302206,284.9642554125122,202.3048464740779,650.9388273653215,4.089221296709985,3.8193012750174677,NaN,16.709600546664223,2.0
8500.0,30890.320519692566,47196.48324662383,-67.30226584811939,263.8100801302777,212.3805397203423,730.8894304983911,4.3136882513776245,3.6713924409985683,NaN,14.990952124151413,2.0
8502.0,30883.80086088694,47232.15075013724,-8.085439510197817,241.78441779543746,226.63497516348258,197.15577761800643,4.587115313653905,1.7885872457933067,5087.443440631124,27.939847505030308,1.0
8505.0,30485.723165170577,47706.745639185676,57.80557701199934,221.26195952315723,245.71703121058928,252.23900626837568,3.8366399461470344,1.485167345431374,4191.093079947521,22.99605250207872,1.0
8506.0,30540.000290039174,47720.38089301664,-38.01810861273155,252.4596658829573,219.05941526597712,213.0880954756174,3.662998316828592,1.8261102311830144,5785.916199102267,26.899134713754048,1.0
8507.0,28230.00415548541,50749.92064162973,-54.94661458373967,258.87112319513534,215.07731865651337,127.73022258369362,3.9593754346579924,1.3543158737425702,3822.58700264768,34.50237597246375,1.0
8507.0,30530.344571750247,47768.03944799204,-98.06922263919003,276.4242571558947,205.92032829432554,102.31104429157322,3.9282243729825974,1.2444256910536458,2858.5370937921043,39.351285315723985,1.0
8510.0,29130.24776801746,49126.52576775957,-299.258416082338,381.49453504867114,181.9279438971316,309.9787250634,4.454195079064063,2.1500720315328254,5314.4159211722845,25.590072825556994,1.0
8512.0,29124.634863221003,49591.880394112275,-223.07358208249428,337.21694752223243,187.3842998181703,185.74940101268933,4.370702532183177,1.3628071951185334,3293.5449338681333,29.63481889872001,1.0
8527.0,28269.549994008354,50799.156367580006,-9.666320669522467,242.32709321502864,226.217796241643,113.53522014469792,3.959444297554821,1.4423603238080345,3833.248290031096,37.46988543198812,1.0
8528.0,28829.197674324478,50399.66099886673,-29.153523521914757,249.2101239114952,221.2317589171425,92.98918427420142,4.165962661351303,1.841160815611848,4836.37200868058,47.28869758428631,1.0
8529.0,28616.35953499741,50543.40457160681,-381.66810235395013,435.55236909254387,181.0059788300282,176.76566986669198,4.351691425951063,2.1989200276269365,5853.895176543447,41.622901693029895,1.0
8537.0,29162.216817164463,49132.27913936336,-241.92346245751693,347.66265828420376,185.62244971963187,269.2044283131946,4.0892993657173085,1.7063859820426002,4183.249197526989,25.145824847030035,1.0
8538.0,32345.81085326217,51891.20520971764,196.49215598355812,191.44418167138699,296.6919072336719,130.25075728879068,3.752803909460888,1.4591113933045738,3623.002335181506,35.19737834280477,1.0
8543.0,28902.240154496983,50367.09910974397,-246.7220152664834,350.37529456032536,185.2171821186632,126.03861755466806,3.69141467048718,1.5117301838850117,4556.1793028855955,39.621237341855284,1.0
8544.0,28290.608665482298,50900.99471361,-52.51556772915646,257.9337772360614,215.63574468764756,292.381066674556,4.297049147528196,1.8692038535991438,4235.903041327562,22.30397896653223,1.0
8555.0,28816.381521400606,50297.24326420878,-153.40674582718734,301.5185104828402,196.2456921805919,114.55578303291914,3.9659836308598733,1.3309132582737087,3474.436724791676,38.21696329452806,1.0
8556.0,28926.746365421823,50369.9364619974,-218.44707529258625,334.70436856385345,187.8581147766725,122.59903447279592,3.6878365908349564,1.2194500392830698,3072.507649818943,37.1725469469078,1.0
8560.0,28228.15849483406,50885.919760304074,-116.45182874973413,284.44002596878175,202.44764732185612,291.33785822470617,3.642609975865803,1.5745323969465483,4287.84502150975,22.06623956689162,1.0
8561.0,28257.179517123437,50872.889784811676,-96.62814975685899,275.80934437635267,206.20344875021883,361.89263547151717,4.077931607622575,1.7132374573514455,4130.149041265376,19.579264645440425,1.0
8562.0,28190.00379542422,50905.396382891886,-41.80728499638427,254.10329018618592,218.33660431924795,589.5299293320907,4.162796475839441,4.029743852626351,NaN,17.7753874136336,2.0
8570.0,29173.924453784173,49093.383360305335,-331.3082847423009,401.7570912817158,180.95435944230218,203.5523062157733,3.5920959811868016,1.373005698663647,3648.6612152735293,30.54446265561896,1.0
8572.0,30658.508491356904,47917.04978367737,-461.64204836595997,494.1374583789248,185.0612270321009,382.4891741909136,4.662768167821001,3.335474265054271,NaN,32.110873210394494,2.0
8573.0,29204.297310672497,49095.6205667189,-302.464265170828,383.4777358724053,181.79532375668416,209.99482296775528,4.6677545170836,1.8389239880573056,4597.814029092026,31.557914651056468,1.0
8574.0,30250.020543671777,48477.34111371486,-83.13256112594944,270.1457569617197,208.93167187729821,305.3399496210849,5.266928276946696,3.0270729214226897,9228.252803605177,25.432078511718064,1.0
8575.0,28221.52873993119,50864.037311,-98.4134837004628,276.5714448155311,205.8529272288363,241.53585355384655,4.26735388874082,1.8066116756070179,4076.1830503552496,25.24631989800849,1.0
8575.0,30214.2283113652,48411.51946493312,145.18356189691806,200.36171674495014,276.12486481376294,281.47456892126394,5.163361430670013,3.0627605605177117,9103.93618157371,26.70671273543289,1.0
8576.0,28198.225988523114,50815.013841594155,-0.580977206860545,239.24047844220922,228.64130883912327,106.34020178674066,3.818988351673087,1.3956645555136127,3987.60977983528,38.661126727961694,1.0
8591.0,29226.199000438188,49121.82253409142,-217.22730133413518,334.045291968427,187.98575294293505,175.47065293806983,4.0337471263706,1.488332737856557,4095.142716185968,31.200394281012194,1.0
8599.0,27904.38726544748,50789.76129100981,-455.272705291393,489.2488526097599,184.5582559333001,259.2363715467816,3.8136071625529984,1.3156006137232203,3260.522143753717,29.7741931823686,1.0
8605.0,29160.031244847385,49417.505822321385,-132.6243468347421,291.87084640785247,199.69857740224455,753.955952684584,4.152166827221942,3.9813215081518383,NaN,15.468297701587145,2.0
8607.0,29120.434183693156,49526.83778780709,-39.67158824438625,253.0739915707779,218.66084269567784,187.36240956482973,4.162849889974427,2.0083444886522024,5707.023172286269,30.1017332516841,1.0
8610.0,27783.73675055317,50925.78640341765,-239.6669371652697,346.3945441273565,185.8190935984505,135.52534137009644,4.369605647480663,1.5632181017925648,4445.76517753613,37.96887853323716,1.0
8611.0,27978.76045613377,51106.63803051953,-188.25823426210422,318.80487944565766,191.3503445056615,143.10951006894467,4.1493496061414,1.4786938355769286,3824.38390772254,34.80024621934798,1.0
8613.0,28232.995154849163,50797.621201316426,-300.3738346787074,382.18345535337835,181.8809125649518,135.46732610115873,4.1786671763840815,1.5118635247313,4103.1258055942735,39.51602220966108,1.0
8616.0,28109.79568049947,51022.41217375835,-230.7848814329715,341.44968533761113,186.63081491831875,160.02059138627183,4.0784045290775435,1.919842189766036,5935.031650737413,36.25031322828435,1.0
8626.0,30678.66194862766,47854.215181529216,-417.89006170651584,461.33878340438287,182.2381401808041,210.8852128570054,3.864909173998402,1.5843122451360614,4155.073290348418,33.937951091148335,1.0
8628.0,29157.045348798154,49410.05767192368,-86.10354939358757,272.4509749560347,209.1864238743921,750.7730240538814,4.313857096188198,5.331165850734495,NaN,17.20009649242923,3.0
8629.0,29194.884763635586,49453.83618179154,-108.7742826140317,281.053465645132,203.8667041686017,363.87333602556834,4.703913237097465,2.0579962292585137,5141.0149142538685,20.295068227928844,1.0
8630.0,28297.527866420758,50802.9913188268,-181.30417030383697,315.26418530440384,192.2532099791561,116.77650034971161,3.805097354506916,1.591609527735941,4808.072272115337,40.56450663449835,1.0
8638.0,29156.948727697316,49358.73600068715,-122.57291555681356,287.17985774778276,201.34845855493938,109.48235388312698,3.929754415737324,1.352776339776142,3510.6730789095486,38.952637294925914,1.0
8639.0,29161.66073394846,49293.91938073056,-39.93902878062634,253.17359733933216,218.59657170071904,558.8141511600269,4.474183375502251,2.209960034656302,4979.158679186954,15.607865351845854,1.0
8642.0,31135.50068493143,46608.163465510486,-147.3349766429726,298.7001784400115,197.2547444742077,422.30018918887015,4.456895207902376,3.761123689233394,NaN,22.83628802839038,2.0
8643.0,29202.32496503635,49412.519923955064,-124.73940196547866,288.158054700216,200.96625538293358,389.51524413690663,4.2227345939743195,2.1256418849953906,4846.52072899207,19.734220081474707,1.0
8644.0,29161.798657256582,49372.686687221474,-155.81347393423636,302.67543189829735,195.8778811808911,285.35027133928725,3.953481839326541,1.8751449599541983,4708.329109615094,23.548746027359215,1.0
8648.0,30665.525184405684,47823.17949541274,-558.3309449661879,573.8261961424328,197.12355082807926,423.39526383324255,3.894038687332469,3.1726248390226326,NaN,34.023056415314564,2.0
8652.0,30669.989812853524,47822.83899372132,-521.6479000326625,542.0521392565948,191.30203384673374,199.74402705944746,4.269263853097833,1.6753842691779488,4435.708256784093,41.23942097947137,1.0
8653.0,30598.445472187006,47844.62528980815,-522.2394906880697,542.5414454356214,191.37723599246118,143.8860414054143,4.799274312072575,1.708130402677436,4383.046536460316,52.59304425030748,1.0
8654.0,27860.099082260782,51013.318919837664,-77.82392310204679,267.9649906017662,210.0428866334251,130.5420808801974,3.900288340848607,1.4719270064199486,3967.3367551815677,35.030728347151936,1.0
8654.0,30576.556899099684,47877.4818891753,-428.11776603957185,468.8438862663322,182.76708229045133,169.27160162584886,4.475239545530496,1.6834594737436792,3935.258736367259,40.63325572553922,1.0
8659.0,30705.505207933482,47819.035370973215,-468.2278305679407,499.2286980009974,185.61079734668638,148.43958395904383,4.213006689583204,1.642695451348736,4279.266820075781,46.569202461091585,1.0
8660.0,30611.94544263675,47815.64799694543,-566.8124874747945,580.3570853549022,197.81038982021207,265.4738589638113,4.254945426062767,1.5792951643644348,3707.4374194370275,35.70626212180018,1.0
8662.0,28187.57044460503,50692.835791134734,-152.9746580134342,301.3113829325789,196.31219390157358,138.45450471835937,4.218831616081299,1.5880372222592813,4178.832948671373,35.604351089840755,1.0
8665.0,31179.440265648143,46783.873253934886,18.15654395478191,233.7183068089778,234.32132235265232,303.28516447845334,3.9697022316611266,3.380574886952215,NaN,26.257668964220983,2.0
8667.0,28202.502497510337,50595.23793411378,-377.4447212128087,432.6262846160356,180.9274016137261,171.7916525855712,4.25537721588207,1.7103449220316524,4791.341047048423,38.04497643821356,1.0
8667.0,31164.831640929355,46834.41774964222,65.72944910698801,219.44798385181818,248.54031916744333,532.4030808040491,4.270127823841305,3.8535665422918903,NaN,18.53152748623102,2.0
8669.0,30730.573745583493,47775.8530073563,-354.1356908425613,416.7796833150738,180.7382705217514,131.4742649842355,4.318697660557271,2.8219118637361995,8989.724943500732,58.40583805847123,1.0
8669.0,31174.46829151809,46874.80110584797,77.32731396219349,217.17276845538444,252.97961857020317,918.3863011574942,3.9881992161058686,6.765804264706489,NaN,16.220461479047373,4.0
8670.0,28658.47830816782,50134.06118967967,-96.82808903314454,275.8945424293315,206.1640731123061,121.82553370690347,4.082382095404757,1.5726947895537435,4692.015005984678,37.64579622152476,1.0
8673.0,31195.795524197474,46826.071354532185,93.77668168679492,213.65165127371472,259.03819722524275,623.9224949920896,4.05274805064552,4.54054699995844,NaN,17.909150865695732,3.0
8674.0,31190.224102126766,46860.31883376107,97.97604624748104,210.75930732745124,258.97388721118676,246.22600268770412,4.002033359681065,1.6149531657543348,4251.778479450313,23.735806333297436,1.0
8676.0,31223.033896985566,46798.45356359729,-26.808363777324065,248.3628404474879,221.8164779821411,169.49495355691874,4.32181675370162,1.3773407837981815,3330.763569555359,28.925666560404007,1.0
8679.0,28270.60165110036,50839.487172948466,-189.27349508476192,319.3256191593035,191.22161341954256,186.94746613190244,4.445341771451915,1.867157488629706,5141.414119259816,31.400069477914872,1.0
8679.0,29186.02187385069,49417.56387700036,-116.96042805939936,284.6663318727779,202.35522834008512,272.6456519642844,4.4766714160715235,1.8334669644249615,5145.955345129245,23.6741177776695,1.0
8680.0,28069.98206935423,50869.59072022315,-353.8760651103544,416.60606239611315,180.7384955548941,302.46193725041087,4.6424321896511955,2.1073720628282038,6228.351119272204,27.249012786079145,1.0
8680.0,29234.3448666519,49420.61967520826,-221.09983151464343,336.1425676410392,187.5844426261878,157.6978831959806,4.5791647948209455,1.814072447405665,5709.461261794582,35.600043019843085,1.0
8681.0,28235.033701249573,50934.70058886905,-202.6434772793878,326.27393168279264,189.59963962849912,248.6878621597603,4.210301124058,1.5804987926033356,3906.799302236259,25.301234863907982,1.0
8682.0,28068.988180927263,50827.18412819527,-296.94384991602925,380.0687238369253,182.02856209727787,162.45946363311933,3.849308136965167,1.5627061095713255,4324.947437918176,35.31770292308669,1.0
8685.0,29174.99347024993,49390.12982816124,-146.84021187043913,298.38974055363633,197.27168298755595,294.33893095361555,4.3451842171572705,1.8189217941545535,4625.355295686768,22.84693869098216,1.0
8689.0,29235.083201100628,49203.84479653146,-144.5268953629197,297.2971955044506,197.64095556612975,126.66828536323699,4.069425123219914,1.3521144282564628,3297.221071113168,35.84839676617777,1.0
8690.0,29226.168880690228,49237.920980070725,-170.24481865274416,309.72719653240546,193.76498783908355,268.60708071302446,4.209023485664822,1.9644212455665555,5430.434732353826,24.92992272712473,1.0
8696.0,30742.820827293588,47768.58903508323,-400.3097944703465,448.68044927394055,181.52459405543988,334.50764587409503,4.483415440360648,4.030967660999563,NaN,36.36192102751409,2.0
8704.0,28924.034761006766,49711.74492022834,-371.770465032011,428.72147118425295,180.84323086167015,191.45148317213526,4.190331500405458,1.3849911799800234,3333.7916462277553,33.061200761609165,1.0
8706.0,29124.270278211337,49304.6353219848,58.99882062350578,220.92805411182087,246.09309709496128,150.19990055019272,4.391238906708855,1.518674900835696,4255.150038957921,31.621459299558918,1.0
8714.0,29988.547797365423,48279.05693854306,-191.89512917899555,320.6747830232848,190.89283366903004,110.54942307927637,3.91522964283389,1.4091513770615016,3597.058464521516,40.654786885651156,1.0
8717.0,29163.190874690543,49401.078337515486,-96.99430499348169,275.96539901119013,206.13136206724263,281.82685123861125,4.812510681824992,1.846718908844031,4417.0072234911395,23.059836414962636,1.0
8721.0,28808.298362260153,50440.33917721987,-368.6478724296923,426.58557011260825,180.80737800820876,143.75018485484537,4.1153333786037445,1.5443628959134852,3810.9454478210982,40.99056443470298,1.0
8722.0,28859.253127169748,50497.47901828274,-182.39243432678043,315.81527014027404,192.10948518733147,270.46717813729185,3.9737965659946077,1.4467484271163606,3152.05359807294,23.413110215521453,1.0
8723.0,28795.043880160076,50388.187775705046,-246.22879358422892,350.0954736322144,185.25802860198394,303.494239660708,4.265169584493447,1.8727398538302578,4317.59951581096,23.939591571618983,1.0
8724.0,28814.0563415074,50449.99101371542,-251.2554669198945,352.9580159613314,184.8504247187886,215.95378931158066,4.4538400069231985,2.135635813802671,6588.118551125118,31.198563913244936,1.0
8725.0,30582.184751953126,47749.788274970444,-520.9285541108925,541.4576110001339,191.2109509732134,153.32300396162037,4.7511771609576545,2.103479334601423,6057.908539028063,55.68185293734854,1.0
8728.0,30680.765569976167,47720.260010541046,-227.4098499339899,339.5902275937433,186.95501862584564,203.51126517104802,4.923601769836196,1.5281327164276168,3448.7487726683075,28.831137519993266,1.0
8729.0,30678.075437112308,47686.41432416055,-404.80048690663983,451.87754597625576,181.67749328031692,253.55886668861984,4.560270626655418,2.233248735879823,5936.7845674957725,33.264604793611596,1.0
8730.0,30786.34914407421,47589.5895954083,-14.052164469309572,243.84497830244004,225.0703871233334,179.8456923818762,4.449726669515319,1.8023594720500784,5149.964413345697,29.73025868274415,1.0
8738.0,29162.485826161246,49383.7103458181,-93.84476915244595,275.1654802206278,207.1897750454404,1192.3843904919893,4.065928424017101,7.2514412232944805,NaN,14.177112378594932,4.0
8740.0,29198.27187139073,49365.66500282255,-173.18743109540227,311.1891869083688,193.3536410165305,411.62539296934534,4.570210179228276,1.8563287628457363,4040.6758317352123,19.01464631564392,1.0
8743.0,29153.025196556864,49388.259641696255,-98.52680096750935,276.83046396957235,206.00091530256745,999.8900328504087,4.062688332052042,5.719856940871852,NaN,14.42131769647377,3.0
8746.0,29149.549211142483,49392.18297586362,-117.54319118058794,284.9259375217121,202.24957519760622,389.1033205502038,4.046534119005246,2.0534497503260174,4603.403840945577,19.543656802171544,1.0
8749.0,31267.601015062093,46574.436926452094,-220.67318305792259,335.9108111878977,187.62809599562698,241.0456892814336,3.9829507188021847,1.638688214712703,4045.131362408481,26.283871984579793,1.0
8750.0,30775.456532395714,47699.709666329676,-262.7533024465853,359.5952786547006,183.99048390455897,163.72623163426266,4.442218243404992,1.6834070690306497,4792.69527827887,34.940453525929776,1.0
8751.0,30713.75097484576,47738.0039898782,-451.36973115652063,486.27326078518826,184.2662299412378,232.1602114634305,4.7381499128458255,1.7656262252503863,4900.845009627029,34.373621637818125,1.0
8751.0,29186.06076619944,49413.869656056435,-160.00295248424436,305.4531004933311,195.8548670822494,755.3766992438027,4.007957298618465,5.388290118720644,NaN,17.836648257118203,3.0
8753.0,30596.737163329606,47727.93923337469,-617.459357258622,625.5996636850235,206.95782240017553,265.4093469997112,4.066909377026917,1.7081004634017882,4639.267839800645,39.76915227182293,1.0
8754.0,29159.46933828307,49396.34653557015,-145.1504958033227,297.5912159071685,197.5410092885071,281.5225825604372,4.4180754359159415,1.883954771437585,4639.3380201340715,23.649692125880605,1.0
8758.0,28432.17103241065,50683.54295360124,-47.150134261451896,255.88473489270416,216.8841567878779,162.56908082176238,4.209848043060966,1.8191023206907895,4728.681796793076,32.0811854908686,1.0
8758.0,30599.585732728414,47591.006623580186,59.498871778028935,220.7885240154043,246.25101721721336,122.40785721274204,4.252493100414841,1.663418540222072,4959.807845547101,37.113615819770594,1.0
8759.0,28742.36318310097,50471.876588489984,-289.04951210223163,375.2436804152916,182.4024523969556,289.4052508912437,4.223038831978675,1.5408172324614062,4119.295464520262,24.40417204365055,1.0
8759.0,30647.147225980192,47646.60955655967,32.43235480872391,228.83462365322353,238.10217046715601,880.8554910284038,4.586893470669787,5.54425730185789,NaN,15.085255320731763,3.0
8760.0,28729.394178676957,50526.32458089952,-249.28875143887703,351.8351919022888,185.00760895089834,212.05697053043178,4.73427436891977,1.6365619711434947,4341.017385921543,29.022510082869864,1.0
8760.0,29291.104838108648,49198.19167551085,-183.6101829019509,316.43324857298353,191.94972967919048,194.97753216291437,4.526232223618979,1.8409408876846767,4650.764596293002,30.302109469307524,1.0
8761.0,29247.97611151274,49125.941209234756,-150.24904318975283,300.0088780968363,196.7349670840627,306.3171150880701,4.4308568517812255,2.2021159536585793,5132.489872368076,23.410829640583326,1.0
8762.0,30629.293858030516,47626.56956766528,55.4584321893615,222.2404410711638,245.23726603780304,1687.366994103596,4.578564116046074,20.73514407146718,NaN,21.250339400486578,6.0
8764.0,30609.237230230185,47632.370009694525,-16.54752897658387,244.71668868776976,224.42410163803314,333.129603742955,4.331776486786887,2.6452503007406545,7544.926945671779,22.371895751003475,1.0
8764.0,31192.240999987607,46633.87213620393,-196.10032732866227,322.85242787824905,190.3763980207443,106.97587057901336,4.5558765262457515,4.389467689425653,11853.351741126484,81.47820716357968,1.0
8765.0,31224.74642473438,46607.57487822548,-190.8167567979128,320.364797137534,191.2260494322199,1336.5962354035078,4.992941992178975,15.458894772005703,NaN,22.912852384762257,4.0
8767.0,28280.486081088937,50919.93380101456,-179.48686418885035,314.3464113312926,192.4952299216917,116.29798332790992,3.872511597839522,1.2713842886663933,3249.2536001924864,37.91658893464335,1.0
8768.0,30634.22718257584,47603.97431689837,73.17125704851729,217.06485995656206,250.64270135411664,185.1623768281031,4.4916003697713585,5.669615634287175,16445.624925766875,54.64512575471505,1.0
8770.0,30688.75857229779,47593.887853952925,-35.42775894185885,251.8813669543594,219.99423909724607,379.74465991196405,4.28602972608899,3.490628220462076,NaN,22.83085174697925,2.0
8772.0,30647.821031524214,47626.16343714581,-21.963919627460278,246.62901213940222,223.03761586082302,333.63489252615597,4.0781925203324905,1.9454525594234096,5170.87182239554,20.627136552189064,1.0
8773.0,30643.69955711267,47591.91095017182,44.45850618135113,225.25783639012107,241.7214328940442,419.1618528277039,4.393852795029342,4.981866581532368,NaN,25.01158476566024,2.0
8774.0,30600.673872153868,47683.435044449834,60.57201842018126,220.48987817163788,246.59056875719048,228.8852552153228,4.062549755664967,1.592666273105057,4197.87734719075,24.67310812014479,1.0
8775.0,31162.079605246232,46629.16672183365,-203.19215153346224,326.56267573120965,189.5359874446749,213.12812507019683,4.62579883291603,4.069871032913147,11701.666006277455,42.34367722797559,1.0
8776.0,30672.279734466883,47555.4580898666,108.17821135236747,208.33424154216735,262.53657959556074,125.42571327770638,4.28561359748842,1.5651799495461374,4184.088597398995,35.9442961032568,1.0
8778.0,29158.03321004284,49384.53223028499,-133.4040949343689,292.1145271619069,199.4734247588477,312.50886256368096,3.8373873730417865,1.832651111054267,4374.1726995360905,21.933275056413958,1.0
8779.0,29209.661031620984,49414.90474369925,-116.08922277702024,284.27883008289547,202.5136578273666,208.3252041561895,4.419747449690913,1.7118735511281378,4372.295790701534,27.509079142223612,1.0
8780.0,29175.64131290756,49387.73706454826,-125.62844574833213,288.95507276613046,201.12912252385112,2713.236898685524,4.234060295097935,15.032934146428959,NaN,11.526356987348613,8.0
8787.0,30548.78316481092,47731.215024756064,88.92234674347117,212.99358235273718,255.87868084785651,121.95862102789079,4.080314272201638,1.2921861257375207,3110.4170637443126,34.64582138506263,1.0
8787.0,29209.064175553794,49379.511290754206,-131.35960094607825,291.1907437635003,199.83356695853513,431.3800608795772,4.143788641622717,2.5773047398271833,NaN,19.476065985113745,2.0
8792.0,29296.670368244977,49135.32686459943,-62.47527561821247,261.80932642250247,213.37651244985238,235.50441302033266,3.951038920265384,1.5100217240415659,3710.6524348051803,24.39348645097573,1.0
8792.0,28776.78683610169,50467.79332946649,-247.81621489338738,351.2330839700526,185.3181092718576,1554.9256098995952,4.067547344813911,10.84280022995993,NaN,16.197378547379458,6.0
8793.0,29227.616954123678,49214.01656040042,-4.43461966313002,240.54019197013315,227.6056685063478,237.35201640376772,4.895925165978049,2.72905536989389,6705.352973774748,28.498757014928124,1.0
8793.0,31191.080526379672,46655.35400192485,-167.0566959140544,308.71005710346503,194.66874022702123,584.8029335553458,4.303816070028304,3.904987564747256,NaN,18.657473612126875,2.0
8795.0,31214.482729326246,46632.33898604235,-193.46500385705286,321.4857855979113,190.6984626768149,250.78294419216914,4.571174475324691,2.7215372592764435,7114.81262400486,29.64946243019974,1.0
8795.0,30584.14257125949,47672.04659210929,65.34029999987818,220.16317173014636,248.907652216855,1479.4635906563003,4.226313398947438,11.331180907705587,NaN,15.07111816240254,6.0
8796.0,30596.688014547708,47685.77921524411,20.503817795414207,232.3771619477101,234.50806906983482,279.92507209799834,5.01309165977672,2.849371858820601,8000.841624483211,25.739410377415027,1.0
8796.0,31155.825493509146,46595.0653203445,-190.0075228042127,319.702716394464,191.1290308645359,261.0767675069336,5.798844468345498,3.622252610831922,9341.359160876615,33.09353300536683,1.0
8798.0,28732.370009658076,50450.60596656603,-209.1427570657324,329.71246299491685,188.8603894156837,198.19733871939508,4.12025195258666,1.6788299926610828,4159.567525859347,29.661010132833475,1.0
8800.0,30612.27079503991,47646.34912410017,116.54208660959611,206.41935654400856,265.5164947463374,330.1525754069601,4.352275878186227,1.7392620298763741,3713.9242196268065,20.27431745710699,1.0
8803.0,30299.617691628962,48508.51725872994,-239.46146385201806,346.279311479432,185.8371922411774,216.3658116714246,4.910442377070866,4.617640333605703,12772.083446356153,47.19400461344792,1.0
8803.0,30586.841706163803,47704.59462737303,93.58209941785205,211.83399307551628,257.4639179371759,291.507683841763,4.77012603977535,3.488827358756292,11279.967276963092,27.363467575568574,1.0
8804.0,30206.56120592977,48335.956550957344,-137.46612345941688,293.99370588794824,198.79328109866108,341.3607308138574,4.616778160950601,4.556802244539338,13533.712527382915,29.54147821062207,1.0
8804.0,30379.603788926503,48551.03207707684,928.9932568206326,334.84490627485457,809.0912970833671,800.0540220627805,4.3347261877518655,4.557951654682086,14384.959192996117,52.228662403777484,1.0
8805.0,30267.867385748978,48325.59263903528,-175.43594008664084,312.31182652616684,193.0437704064393,170.88612830865628,4.581840124516731,3.6529561961149972,11569.43022527394,46.341016354265314,1.0
8805.0,30595.011049509423,47745.19953118958,276.45945034628113,182.49546782621786,332.7469604363089,219.86478964220086,4.8363984174220915,3.1158784593760673,9287.657708837096,34.64118896876817,1.0
8806.0,30367.710232397563,48482.42324432324,-369.6674428599924,427.2819608796752,180.81826743059514,236.4684447293006,3.6397203007761543,1.671916222101051,4288.060271523983,30.33531106801769,1.0
8807.0,30329.704266887788,48438.40468089426,-251.02895413601314,352.82851093934903,184.86837791780852,229.8818248834968,3.688147370817129,1.4326001924005964,4282.247307871263,26.834654149053573,1.0
8808.0,30267.151122889783,48375.08243315294,-107.04592875986306,280.2987550826642,204.19235403167468,253.65768406719528,4.043397049337139,1.5754177928483104,4230.853484126121,23.864020732690694,1.0
8811.0,29310.949983882856,49152.63203090092,-86.33418036311738,271.4738157152467,208.27188482858733,188.2148566909455,4.230003301472494,1.6163624165447805,4601.891939092817,28.572672047759323,1.0
8814.0,28786.358248488188,50465.45036635441,-213.0925219172009,331.821598799702,188.42685611724008,239.98612715975997,4.103658672955988,1.4718019198225571,3748.4076824429735,25.643620702658307,1.0
8820.0,31246.978464265463,46598.13385574742,-268.7118797307083,363.21663662748335,183.6916730837088,677.9534098353247,4.110538233472431,3.3592641726204224,NaN,17.156944285149617,2.0
8821.0,31227.799460924096,46631.45129047493,-187.73743537621812,319.55731280136615,192.24034058776735,554.2713697954451,4.222634215386529,4.084683625286167,NaN,20.055491717395913,2.0
8824.0,29642.42466179579,48524.32397955651,-326.83433976814786,398.87040430060256,181.04325394255446,323.93079497671954,3.8608308495898456,1.5225874029523196,3512.878084273041,23.50316238921968,1.0
8825.0,29800.34050608914,48481.685754363505,-271.0848917614753,364.4826856777956,183.43030497560474,249.62733314515853,4.167326298118208,1.6022287675875515,4108.430916842491,26.52717411880335,1.0
8826.0,30028.20236192376,48642.22876089035,-45.159723231711475,255.13150649966687,217.35285834229745,290.02753412934595,4.242521136235882,1.794370500645357,4390.05325579392,22.180486327060297,1.0
8834.0,31247.293503894834,46875.73411599432,8.183030491655929,236.3367913533435,231.03871352892352,149.11266797147528,3.6354945403065213,1.5288643519909104,3965.1105272507566,31.90780176169038,1.0
8836.0,29164.63239701962,49954.01626237895,-268.56260964687056,362.99617687102483,183.59430857103473,159.5779720485955,3.764510331552633,1.2200698529654366,3025.757969002681,32.76693214224895,1.0
8836.0,31211.340826523825,46614.40289320579,-227.74386562821425,340.06236875658834,187.15577637792833,1369.415426132495,4.168521487798478,6.300287566679892,NaN,12.977794816690105,3.0
8838.0,31197.525605565792,46649.38521222675,-172.73756648870577,310.9651500593616,193.416100132726,429.8653748626863,4.552004958093902,2.3515267159829434,4925.014856041745,19.456313754572726,1.0
8838.0,28764.590860195036,50534.00047448667,-220.4341248180818,336.13579426599114,187.93932161295132,908.3471760033794,3.916835085254707,4.923777375780306,NaN,15.574483810487322,3.0
8839.0,28783.98364579052,50549.20585465084,-259.657622652071,357.7959965316603,184.2121033118125,291.67409128519336,3.927473279431621,1.6993711800036504,3919.8167838524246,24.22903180404934,1.0
8840.0,31119.216210301114,46630.2808289978,-75.79227820707258,267.1374308422615,210.47383715305807,120.84452830027654,3.919259271784159,1.3092792466795053,3456.191706775123,35.63224787599492,1.0
8845.0,31198.634572074003,46608.706381530494,-34.22447249404515,251.05994034943822,219.98174840054668,124.09206637751598,3.8981097251908627,1.488994934617707,4439.113146136012,35.877883330813376,1.0
8846.0,31223.342013340593,46784.83997363045,134.8843967102402,202.45090626150645,272.23822522568366,172.1146482780179,4.112920475776582,1.68498730983985,4162.752268295212,30.080450383914926,1.0
8851.0,31216.0080032771,46885.110241784285,128.45598357064463,203.80561410396768,269.85328268579076,111.99568416473994,3.674880139575388,1.4009961607851975,3969.153345353391,37.55954887576956,1.0
8854.0,31225.421210364584,46609.89305344365,-235.72009830348165,344.18805767797295,186.1723685892466,244.46096357667832,4.329862226815286,1.5411843130442708,3943.8535586818302,25.97071153294052,1.0
8855.0,31234.9509746441,46660.578620341665,-178.87583729421598,314.0385307972578,192.5771688885474,395.6944851254464,4.302070419267815,1.941232863853907,4261.031654212419,19.684771639583747,1.0
8856.0,31256.34210845207,46713.77737007513,-75.07292493764153,266.84534627025164,210.62717973632397,292.54131679757995,4.327561015742799,1.8600529202533633,4520.748590143261,22.413148691888285,1.0
8857.0,31159.281581691925,46681.415978016266,-94.85941929830975,275.05729538919906,206.5531057928644,364.63409514765164,4.347698267774751,2.372785022623162,6419.689061628161,20.875421408902817,1.0
8858.0,31225.41194247997,46675.45313844776,-19.163995937510023,245.6370103784557,223.75154780901485,211.2086733521935,4.495829653067179,1.6656637622788577,4338.702306636853,26.33374241708655,1.0
8859.0,31253.769399523047,46844.77153188363,45.639364335670734,224.7430670118894,241.94462823970164,141.48710072225975,4.0408075425089,1.4310555733050019,3978.327018082834,32.33920255881951,1.0
8860.0,31233.784419494266,46883.85684455994,21.554146328176003,232.04623136743308,234.80917788297452,191.19588777600362,4.139529201425016,1.544386437044973,3722.192542926246,27.371297264930423,1.0
8861.0,31180.64341944385,46934.67441679255,103.65898719232025,209.39635662687957,260.9486375452083,123.6339810352731,4.005275232151413,1.3862596994369663,3743.839914814414,35.01813329454292,1.0
8867.0,31249.346774697402,46617.86046888867,-199.16226640096176,324.5755507720564,190.1114942770182,560.1833193285692,4.039688429760134,3.427566373987092,NaN,18.632628685482683,2.0
8869.0,31260.832775094706,46569.74815861748,-253.56033810798678,354.278539804035,184.66996594634372,274.75440474879963,4.103601965828325,1.5687098177851697,3759.3857998131616,24.597538362742572,1.0
8870.0,28859.03117574965,50447.993261562304,-269.61937803013825,363.6182538650466,183.52500533958076,118.30989915408045,3.7880166024493755,1.3402744728289995,3591.4972970626486,40.495934877085745,1.0
8870.0,31216.378269603523,46600.09902114769,-251.41283512162894,353.0480171703428,184.8379748764707,150.03950056523854,3.8560119598177174,1.335482733727618,3099.19668916461,34.29398366227363,1.0
8871.0,28818.717187874434,50470.21082282264,-259.81116194697853,357.9637080935886,184.2645281275308,616.6359496269038,4.20013789775514,3.3994979587358407,NaN,18.2082326042812,2.0
8873.0,28881.057991190184,50410.142808643184,-209.96035746373354,330.14784615281445,188.76967231006415,191.80506455807208,3.904748395467995,1.3650811949957775,3343.231848189665,28.83823220834175,1.0
8874.0,31296.092549492663,46611.21093297686,-172.9374456439165,311.0646682183637,193.3883299090727,135.26469907612716,3.9061310067141943,1.4264999564959475,3874.622444341504,35.403411002789205,1.0
8876.0,31261.036417625823,46575.120556378424,-102.9981002129832,278.5422368122824,204.96393982058683,91.30610822166147,3.8199970098830387,1.2558626257066867,3449.390292426534,42.51144338424239,1.0
8877.0,28416.013196950444,50834.69194429578,-296.1069238488237,379.55440710206517,182.0659497667249,92.39662838592038,3.739510594091411,1.5158488175743994,4423.792672385871,51.25333830974644,1.0
8877.0,31207.24370416582,46587.4520870302,-213.77222279697148,332.1860360862295,188.35344995619062,338.32422229039787,3.985808197546972,2.162458013286894,5347.441396424198,22.683430919008188,1.0
8878.0,31235.991851787163,46625.66850111542,-210.8865348930256,330.7289148549804,188.73791804750198,847.5680568647626,4.128523809502296,4.178736535311842,NaN,15.21757428964105,2.0
8879.0,28808.677167964623,50483.76510033337,-342.9315573758531,409.3449003549754,180.79470754739808,262.1137144500852,3.851934449443401,1.5173688103565888,3663.8368641363886,27.050965387484794,1.0
8880.0,31257.95676866329,46594.6469995473,-198.22159101424066,323.957243347066,190.12100173943293,310.2197987802103,4.035479956030161,1.6565066560173776,4720.016122650058,22.313729528284256,1.0
8883.0,29261.25739834057,49919.73574759208,-204.563730055288,327.28572132360796,189.37787301153378,119.09142598371803,4.076894936588814,1.7783816899412317,4949.697958053649,42.39863150211396,1.0
8884.0,31240.866364875706,46848.29570817123,119.75845237148697,205.70054075648525,266.6766271773118,109.72367787133925,3.91266403419326,1.3873370491451182,3447.3255596048893,37.88892047877432,1.0
8885.0,31218.331878771565,46716.909586990376,68.25630778296052,218.38314806231972,249.04757739779095,192.63880106071753,4.137060326273385,1.815818517793422,5348.367744298334,28.340885977019955,1.0
8887.0,31250.709551944805,46764.48979339406,83.18161539785403,214.45032734065285,253.94844841290458,173.58705568560032,3.835908217498748,1.30695746435337,3301.8736789118116,28.03569524725575,1.0
8888.0,31229.597769975302,46698.399859094774,-90.94731900118352,273.40438269973714,207.33495008280872,161.42390382670695,4.112050739558207,1.4910036520737764,3785.2220745956192,30.8715201065297,1.0
8889.0,31270.62528449784,46741.917814670574,-0.5497359028554889,239.22999894986543,228.6497509757244,106.21374442732338,3.9080041905623415,1.4491985187447272,4008.950021081924,39.13687172403221,1.0
8890.0,28752.641823465314,50502.961732433985,-240.41996925330838,346.8171966264247,185.75303954046046,168.15777034434353,4.1492861960857494,1.7673045153603815,4529.377675636988,34.27413293536433,1.0
8891.0,28802.953754545484,50488.922238998995,-202.65085638860833,326.27781311248117,189.59878204951676,241.65329329926243,4.1251471831839925,1.6283329428847995,4276.177665787915,25.911749433145317,1.0
8894.0,29268.88075356181,49150.1138229231,-214.1836164926538,332.40682593880535,188.30919140706055,329.12484211016846,4.161419415119391,2.0355869257491555,5006.353859778162,22.72881960919884,1.0
8895.0,29208.75472425808,49179.472795961454,-193.61647746175908,321.5641603148201,190.67980762032383,184.56372434983072,3.872274046829699,1.54216736602303,3686.526180802579,30.05420667236598,1.0
8898.0,28381.700091227845,50901.784565567126,-214.83044574172885,332.75429384969357,188.23986505901905,130.91877609691952,3.7235032410419975,1.417475440119713,3837.0451847189825,37.02462008522059,1.0
8901.0,27932.15372616556,51270.95264018193,-223.42570858774616,337.4577456138627,187.3882928889915,488.9083612858577,4.072457465946931,3.785894003599008,NaN,21.67379223500802,2.0
8902.0,31205.129171936416,46614.171163095045,-185.0008063988495,317.54326045077863,192.0940349034636,1084.7307268897378,3.922429918265782,6.294005668055107,NaN,14.912496730166717,4.0
8903.0,27944.41413433377,51263.35022195848,-287.4962939028289,374.69971309883977,182.803613060437,1175.77902529533,4.561212337405085,19.93865326617084,NaN,35.75230707304242,4.0
8903.0,28709.971416961343,50537.71628751183,-207.54673953315137,329.2225830338493,189.32842872218802,847.2420862305196,5.646718813744009,13.040615279733611,NaN,30.67784562262037,3.0
8904.0,28731.14922623595,50503.853733876225,-172.44984357720105,310.8219613786134,193.456128393567,291.9879429858545,6.232053809340459,4.511490034909989,13946.01460279386,34.08982135195765,1.0
8906.0,31260.366341766374,46620.40633069465,-253.94449851339263,354.5248746313526,184.66109332605524,925.7866566723756,4.030771775849305,5.246035430415686,NaN,16.197152059285305,3.0
8907.0,28669.137843976994,50584.0914606712,-255.18420579748593,355.21190617543823,184.54525701533493,206.48167669780753,4.851064177510079,4.772510388804236,14094.641153714208,51.18492079285807,1.0
8907.0,27952.07127947126,51297.49300872217,-301.54074345058507,383.16288569400825,182.040786382726,1308.1679792904658,4.176078243695737,11.383891290181705,NaN,20.61969790498187,4.0
8908.0,27977.40130547127,51298.60737053766,-330.1834375368042,401.0295390383707,180.9752739564344,259.5992355230099,4.17019605343015,1.767779178427275,4196.00089482686,27.90098985582709,1.0
8910.0,27996.62726881247,51255.17922737751,-247.28251659434576,350.69356392780486,185.17098887947722,322.50213073727883,4.097071884379291,3.219061906672678,8555.239338550009,27.773794286160484,1.0
8910.0,28001.851522853973,51252.93780207852,-228.4072979593058,340.1386487130886,186.8583006404689,311.8591751653212,4.318277744488468,3.2167521740660225,8810.441691212502,28.01470608001402,1.0
8912.0,27927.25530919412,51314.23240627782,-203.86368187530988,326.916460094925,189.4583948516228,266.0887210298787,4.468381070895075,2.9374150910558727,7910.282131530901,29.605912849158358,1.0
8912.0,28703.91830531536,50555.59013510819,-245.7578911060723,349.82852919222364,185.2971997052822,155.9320975449266,4.793117505616395,4.354039475988682,12011.844553085295,60.52183995777812,1.0
8913.0,28719.086821500357,50611.53791633277,-264.4266872600459,360.571652223525,183.87372741251698,263.13340836911783,4.700007814096855,4.2697477290268395,13118.15136540951,38.83239121165829,1.0
8914.0,27896.24774921596,51308.11449089176,-255.34331117750185,355.82620999248365,184.95558477687493,1223.6193252512548,3.98893827768433,7.702028468136128,NaN,16.032949210010084,4.0
8918.0,27864.043895154777,51285.9367683457,-186.59216918396388,317.9524405958643,191.5632972655205,120.21430850705052,3.535327923223411,1.4162793207098787,3499.8745563138546,38.420880873130365,1.0
8921.0,31248.10058296205,46622.521357992984,-287.38092000164846,374.23135545760675,182.48756024412174,154.8486093561569,3.708380380376174,1.674405343923558,4201.991945770402,36.966185876956686,1.0
8922.0,31261.692975659083,46691.16211160933,-56.15473191213751,259.33901357468204,214.80148216545416,160.1209179696959,3.9102396816504643,1.353452585677175,3375.6736594897698,30.026479357849006,1.0
8924.0,31163.516132362576,46789.269616911086,-8.399337325438857,241.89198323883903,226.55198908603202,106.02218400046267,3.924406817650514,1.2415756170481507,3202.374849423036,37.5596944397833,1.0
8925.0,29225.619759731086,49115.685676295514,-187.93858289343913,318.64112753717086,191.39103764055466,124.1487944127255,4.10749451714492,2.0676609459862423,6046.591577001805,43.45988013969371,1.0
8925.0,31292.75404531279,46722.263163888,-243.23472093749214,348.40176055646174,185.50996335055788,137.91516605757508,3.782464584556642,1.4574107786573471,3843.1640443947176,36.82232106374562,1.0
8926.0,31259.68564408751,46642.106017505575,-151.96177194370642,300.8546448700593,196.49136278921077,321.5038629731151,3.96467883657413,3.14176529987607,NaN,25.732292680087337,2.0
8928.0,31401.796016990844,46718.96244954512,-246.90981990111777,350.48190262935873,185.20167768852144,132.05795351547096,3.9977658451103175,1.4735631631838435,3755.529497742828,38.110360696993595,1.0
8930.0,31220.130100600756,46609.49317419654,-170.36348222035286,309.7859946447068,193.7482722084206,118.76882987829602,3.7173685039267705,1.229988994873601,3325.576397600991,36.92301913278333,1.0
8931.0,31258.481719056734,46656.637017398134,-177.3685445358278,313.2805507266384,192.78051415372178,138.60138515110336,3.6742316468450364,1.3238148106821566,3338.1594056082217,34.27915162103005,1.0
8942.0,31197.65246321077,47007.97899700291,174.65203140140068,194.9365798850711,287.6920547989166,128.61546951604618,3.8403437353437107,1.4353454101808116,4363.839351688675,35.038674754610966,1.0
8944.0,31268.652911532692,46656.89300246871,-108.64376276597469,280.9963739447027,203.89121675466416,128.72578508776903,3.8567193030828806,1.2053909612258453,3179.3291190125155,34.006827899403866,1.0
8948.0,31247.15737949127,46608.30629678174,-107.48949366736134,280.4921753725573,204.10856206258336,152.94567173380648,3.8567863681922927,1.5429654681954692,4566.1005271799995,32.423596636720546,1.0
8950.0,29074.082913664366,50116.31134079412,-417.5179509789739,461.06758782566203,182.2203988547636,187.4587955947131,4.575709744504111,1.9752629675965063,5157.167929679235,39.786635952221225,1.0
8951.0,28724.376925411885,50551.802510878486,-225.1597414277185,338.356508814216,187.1759858495732,341.72639766438544,4.1006268409152025,2.1261912764513204,4867.583254439281,22.61081695236901,1.0
8951.0,31245.860613967907,46585.70395626252,-183.57331407243296,316.41451799083706,191.9545498828458,173.63841626507914,3.7167411583380696,1.3752745529262214,3395.03021320904,30.207954039192597,1.0
8953.0,31270.82767523726,46661.2503936885,-175.21706390474156,312.20233617116435,193.0737648052771,158.00250524881722,3.556782854046979,1.393513027160268,3818.6029327948777,31.95844644735766,1.0
8955.0,31206.91765880007,46643.3860680808,-150.2086864100457,299.98964520841105,196.74126940451904,164.75142113336196,3.7564468767794446,1.4718595795519755,3886.7638898984414,31.14848540318851,1.0
8957.0,28726.341820305697,50562.29874173598,-275.1780125441425,367.222098120583,183.42853327531307,716.6943334362636,3.8813058217477976,5.320709532391926,NaN,20.15708007725496,3.0
8960.0,28771.24091624348,50588.80606037088,-285.29897960232194,372.97193622864535,182.5967266278444,323.94379320528253,3.818450193354165,1.465397690318813,3354.428013027002,22.573477201405254,1.0
8961.0,28670.590421660338,50544.383497025425,-156.56538124695365,303.03799582352536,195.76387507175656,223.07225389999132,4.1592283176643745,1.7630247406402597,4804.024093879866,27.05083901179893,1.0
8961.0,31221.584179281253,46849.860714418035,116.49342684648056,206.43030627686807,265.49900387106084,115.33949853275483,4.054592786521668,1.449955766626291,4263.58221589481,37.141618415366366,1.0
8961.0,29208.139526530278,49150.44900543769,-209.53852177622684,330.0522834741546,188.92078621141675,351.8935044630198,4.061451759257446,2.877493618736698,NaN,24.18188821545135,2.0
8963.0,31204.10944643184,46812.008353028534,54.52456855639952,222.18700598961212,244.6885735424486,147.0002270259682,3.6504519940114286,1.3788516096787027,3912.9467270299915,31.30135318335814,1.0
8973.0,31271.530996625155,46762.05892176188,19.42027395564271,232.71964797640638,234.1983191144495,137.90194274691692,3.7358619859018525,1.3192906503645891,3306.4251459089824,32.27698613739355,1.0
8974.0,28742.909845664974,50556.62483679584,-209.41545680238707,329.85760919254994,188.8300753100649,266.7840441493459,3.813479037820026,1.660392700732728,4503.803298062521,24.60174904677499,1.0
8975.0,27675.627331510124,51027.36162711528,-164.2369561422792,306.767639590107,194.6253152276408,338.7660281883145,4.424383431039469,2.308663773191249,5983.266477289585,22.40470606978655,1.0
8976.0,27760.632827295285,51132.01847470721,-168.4121883396781,308.8208094582291,194.02450528886067,631.4093479513657,4.2926423758229495,3.0574423794136414,7502.980260528448,16.309753475897384,1.0
8977.0,27685.484223417767,51059.3810603236,-183.05310782767376,316.1503726900014,192.0226716905809,435.0934184756422,3.943318338357832,1.875741123553483,4455.21805268707,18.534606693417828,1.0
8978.0,27660.572695999646,51007.041270874164,-194.38217152039388,321.9606730390076,190.5857745268735,226.86947926250843,3.6690208692201867,1.4758062978953983,3841.358165974842,26.241603283507793,1.0
8978.0,31206.70755112936,46992.030782631184,137.83126356380416,201.84291746271538,273.3420409357108,164.53109545968437,4.247331896941971,1.7736058432385702,5648.82535829979,31.456193520022264,1.0
8982.0,28334.59144987607,50906.16583641252,-232.19073726856757,342.2274041045255,186.49833028998134,147.89540239113364,3.598129127689907,1.4919617711197068,4192.593168174839,35.15534392965068,1.0
8983.0,31278.547038037268,46634.29085320867,-183.37798374296682,316.31530512253016,191.9801045091752,443.0638084939581,4.814317688030604,1.9587828314320548,4717.970632042788,18.48159348092664,1.0
8984.0,28309.738193753426,50938.68503230126,-249.11092596318423,351.7338487806172,185.0219664693339,148.26310796414393,3.8834557441377062,1.4197791836689135,3774.623409944042,35.04458054431988,1.0
8984.0,31243.580482993075,46571.668088531886,-159.18461208567592,304.3051320904302,195.37010518389985,215.48265880994168,3.9415930252495754,1.4660317489792953,3585.756615239546,26.527943182091,1.0
8985.0,28367.235979731737,50942.720370794275,-180.76287491379634,314.9904952223911,192.3250338619572,165.6509084057595,4.095161151580323,1.5320504384321,4293.317070447386,31.874027436586534,1.0
8986.0,27995.556708862485,51158.00314705388,-213.56804290823325,332.0765145553894,188.3754639265664,235.35156447397713,3.982894495243905,2.072716273602909,5355.07617935186,28.333873023437054,1.0
8987.0,27885.298088681095,51217.345644415705,-224.07511414331555,337.76352065876836,187.28387765105248,297.32143187468483,4.068332934542011,1.713217647981074,4205.156479049725,23.407424804536173,1.0
8988.0,27901.37395234308,51244.29178104579,-249.43184541505755,351.91676311987555,184.99607313058402,237.92180938560134,4.0544499043831115,1.888156109824865,4698.644099028619,28.052496837720323,1.0
8989.0,28728.731968640535,50511.85945466607,-275.6671538152392,367.5714037495425,183.44604998688283,966.1799521593758,4.4916752479162945,6.213070786911926,NaN,17.427070843695684,3.0
8990.0,31285.556205586294,46610.7792575097,-112.5248887467278,282.7009109082278,203.16785956917192,211.82429828804,3.9532370947490114,1.6396127863965033,4301.649839258336,26.901301277741833,1.0
8991.0,31347.678875416797,46585.59432495171,-216.48197435133514,333.65815697767715,188.0763398233775,689.7839907803884,4.156437359855242,4.032738882681636,NaN,17.354316552704248,2.0
8992.0,28691.267258927866,50548.02465466594,-335.85423601109113,404.7095719123681,180.8796587869314,339.1822896430974,4.864427191453555,2.328268262972722,6816.294083940672,25.609753655585706,1.0
8993.0,31288.26321218553,46597.3717647798,-150.02226027776288,299.9008197734223,196.77039876984801,314.3212288959892,4.066069704095446,1.5102557252427826,3660.015130708927,21.268240562430027,1.0
8997.0,29217.32528511015,49927.71249104728,-259.2936518472212,357.585041839191,184.2386397676533,256.6824044337798,3.906898663035719,1.6830190674558858,4171.407044329643,26.13812042216851,1.0
8999.0,27574.15033648636,50995.690107982664,-194.93893763932945,322.2493401300722,190.51767995149578,276.7557360292137,4.070995387624921,1.817871263061611,4802.962740594778,24.336231983726304,1.0
9000.0,27658.512130879422,50998.866921292894,-299.4791441361016,381.6307710563413,181.9185617057608,225.11128058282085,3.687277922447857,1.5297038094606414,3982.958946588033,28.617028211088897,1.0
9001.0,31298.235233814234,46577.48946480178,-196.7395082864639,323.4863611280828,190.5427202545979,1385.8480340871681,4.163953793876869,7.278040529568231,NaN,13.445216100920966,4.0
9002.0,28776.777453454164,50536.768546403524,-289.4746015996655,376.287389395596,183.01582667875869,815.6788573831982,4.447691779268468,7.692764001199892,NaN,23.11738313828023,3.0
9003.0,29215.45611124421,49929.87224102464,-227.3658361283861,340.4376079588876,187.66365865764408,526.6122124140512,4.881399534011499,7.71924225787202,NaN,31.639443473311,2.0
9004.0,28744.40340323656,50512.27557176286,-290.8396989537981,376.3326956855538,182.31350192087083,227.9581912231505,4.723045038496656,4.406897519444683,13307.713870312271,46.095132152124975,1.0
9005.0,31385.825655335415,46652.55797864334,-155.1549151925102,302.35831790586263,195.9780874884722,577.7821834677786,4.2624072010011345,2.1431865967590253,4967.961760774235,15.838412672989762,1.0
9005.0,31377.38542599009,46659.353103628615,-181.17545374673813,315.5027056416469,192.51564687545383,1175.4598071196642,4.335294903559861,4.891913710562571,NaN,12.66246927440898,2.0
9006.0,28760.49100041214,50562.77094319082,-311.0056823793247,388.8089333469733,181.48021475642,217.96654554393922,4.1858903999829655,1.5233259598778648,3983.398709875427,29.45585016471177,1.0
9007.0,31341.210803587375,46646.18105534296,-145.3797451361231,297.6993965054049,197.50434132436163,962.8708187850549,4.620046346691933,3.452787282107301,7523.555778050107,12.76196010336949,1.0
9008.0,31352.023487856397,46698.39177302328,-149.11037933518264,299.4668130954485,196.9132631781849,609.466511382554,4.311809708670755,2.5224977786862612,6120.072324241283,15.770440900017599,1.0
9009.0,31393.244909756562,46712.45451664842,-194.345615779569,321.9417301738374,190.59025369518884,241.06330150894414,3.907867938134948,1.8333509415108111,4872.706405954622,26.577170696272706,1.0
9021.0,31236.02888694691,46548.644355061675,-201.1818631351668,325.5061314004318,189.77032239900913,146.61340496007068,3.7227099933273835,1.3594449319437771,4658.45011835053,33.78210587491659,1.0
9022.0,31268.542328213494,46525.62007618119,-245.99405912143988,349.9623815984663,185.27753340583158,333.08993754466826,4.157240149900835,1.6119164598927433,3362.997926491762,21.937769368438648,1.0
9023.0,31327.33774778949,46547.87431590636,-204.28695631648606,327.228212523609,189.48121704167934,690.0887470269452,3.937946652408414,3.6522153016744143,NaN,16.606631620467724,2.0
9025.0,31288.307388646102,46528.288430352644,-220.3151686094106,335.71646934636294,187.6648339873106,211.91767877174007,3.848729821944568,1.4981418509499658,3650.9702578800257,27.867398395197824,1.0
9027.0,31319.71540647594,46792.67197868553,-108.0600642458889,280.74125040678564,204.00099847880864,155.8438976231992,3.6088888276975384,1.4698976920913136,4358.475325074725,31.645165385005413,1.0
9027.0,29232.335967951527,49947.42911707889,-290.5169339498571,376.3741022300226,182.52168039393337,701.3730021911585,3.94811745013838,5.280830408486375,NaN,20.71979025230479,3.0
9030.0,29220.207134250926,49985.47038593892,-306.55891005836406,386.0248578079196,181.63732644415072,249.91160924233233,4.921916988466456,4.721850649407726,14140.28146131191,45.60002870747086,1.0
9030.0,28734.014192255563,50572.605406601535,-206.51483149057478,329.74321635859746,190.30776228041128,432.30918593430806,4.662897435796541,5.915174250265185,NaN,30.489569060417686,2.0
9034.0,29193.326921356907,49898.26806090762,-22.466323467163885,246.8077940854568,222.9101438012556,122.25037757423178,3.9517540515614153,1.7295828055218379,5311.440853174745,37.95668574508628,1.0
9034.0,31184.413706644773,46639.33574858187,-61.93853612477162,261.5980841369344,213.49633770583864,174.44335036919182,3.7828832944294843,1.2645811599331083,3302.2967008101814,28.199016511327315,1.0
9035.0,31206.224144722146,46693.624803792,-26.77096191626721,248.3493695348558,221.82583735050395,268.48666576638743,4.133043512660552,1.6716522788712118,4707.120286584973,22.81609251475948,1.0
9036.0,31238.760429889888,46674.604966344894,-97.57464193453524,276.21299645380174,206.01731774144625,449.14810115819216,4.135882952873755,2.0433729550416624,5465.716481530872,17.788183477379068,1.0
9037.0,31294.378402591567,46676.91756823266,-127.84136483961977,289.56633710825855,200.42524638043616,365.8018909771674,4.218485962474299,1.772587986994337,4592.832647030524,19.797742033228616,1.0
9038.0,31365.968414979743,46759.098279318874,-79.35067710344299,268.5894523021337,209.72110324093126,381.26036943715457,4.1914520063297624,1.6048404387506576,3986.580873861017,18.71361466127455,1.0
9039.0,29138.107032015683,50078.72338940239,-399.3896778909448,448.01377353963727,181.48388374593313,321.0455433821682,4.486199233901962,1.4983593851368768,3504.068148444723,25.256141551098516,1.0
9039.0,31364.32353824367,46792.52791024538,-29.408699414507094,249.30262935004905,221.16838871270153,362.6426171766971,4.914714104952733,1.9265643257211587,4434.472503416658,19.610145098533476,1.0
9040.0,31339.271018480096,46734.75575220016,-122.46593489762819,287.13166925894865,201.36742434777355,296.5718792795623,4.1254844848951935,1.7750927801381722,4073.1141900376338,22.384559187480903,1.0
9040.0,29186.21011830105,50041.04235886475,-390.48417709054684,442.5982280639482,181.92790812869245,777.6156194628953,4.295506325569997,3.319862080572757,NaN,17.657948050661272,2.0
9041.0,29126.567227247215,49997.69370036722,-397.4303799892719,446.6214788016548,181.41927860783616,401.8771604769582,5.4654088509562895,2.0354648168044194,4849.985639913607,23.53837369533956,1.0
9041.0,31196.552805361054,46621.04908135272,-247.7128546626269,350.9381237631938,185.1356854124164,227.06029545990745,4.728067269134753,2.3420960840944045,6782.450123096142,31.12938281013023,1.0
9042.0,31242.918456862128,46572.915472278655,-212.35988238738284,331.71969474881547,188.74108607503868,2163.639711062004,3.9970107631422085,9.955559231605385,NaN,11.416310370521902,6.0
9043.0,29134.795179975194,50070.09099070664,-325.42384842264795,397.9642379584271,181.07444221923024,307.72113614153085,4.4283551785640185,1.5793232471688432,3717.901349781782,24.368773918364663,1.0
9044.0,29195.960353200968,50055.72728157831,-341.109747303799,408.1471819216357,180.81292691058007,358.2579349754658,4.481297259218476,1.7647951007132834,4740.070171656323,23.073252694999162,1.0
9045.0,29176.401578057168,50029.61480688474,-411.98630518612276,457.0515035230499,181.9691076889473,349.4300731824242,4.402234740744902,1.8781580727917981,4736.5258833499765,25.588269329525538,1.0
9046.0,31200.826368089554,46589.936145422784,-198.1386743909571,323.9139782814367,190.1309203474466,396.69175998480455,3.925052845010085,1.7162252697538827,3938.8280045961033,19.433438894167864,1.0
9046.0,29160.372853715664,50127.87662041734,-387.2174830317497,439.633550303202,181.30027835970336,449.25649951151127,4.391814919889068,3.45692798282818,NaN,26.14511406898649,2.0
9048.0,28996.14755393682,50128.574128570035,-578.8666210537064,590.9056332084823,199.81024594612816,283.44764118515957,4.192931556227994,1.8353879758716616,4947.93359470639,36.66150086577208,1.0
9049.0,29064.140488331173,50148.84057551029,-439.5896175964995,477.3793197861109,183.4552237235755,282.5639591424864,4.367375887956983,2.001389930022897,5614.496558868344,30.97137502941828,1.0
9049.0,31209.905517463638,46565.61923969287,-218.6333522259037,335.032329691569,188.02232496175327,582.959976937002,3.830060182665197,3.53762251568365,NaN,18.598251871756013,2.0
9050.0,28318.671995999684,50960.763946315696,-187.0902000318655,318.20698279574833,191.499418399005,156.5701824043395,4.54390350135361,3.1477211220169314,10430.359982699825,45.64991958534274,1.0
9050.0,28456.168390896008,50260.86822354793,-1053.6913139046128,1115.4273879851114,366.6784962074689,735.7972876632155,4.314039416869755,2.834380351079615,7344.355930575617,56.99632350529472,1.0
9051.0,28850.274226966874,50450.57623924343,-178.09197434731277,313.64407822440955,192.68270188431364,328.9193163808397,5.4135608999712135,3.6269123022528293,11724.579242480515,27.505635018926977,1.0
9051.0,31237.01829681872,46569.40089681711,-197.423429024451,323.5410395688882,190.21669658085685,398.67579567273276,4.172740784916606,2.275310920239607,5721.828706954288,20.51542815513338,1.0
9052.0,28797.04944343583,50082.65409116398,-1290.021350043204,1455.7372977070847,513.7742279414039,1516.6566000554194,3.3185386770021097,2.997769258240166,8515.378153082047,53.537347172715556,1.0
9052.0,31261.785809711502,46602.94049062625,-136.7000233869597,293.6381015330826,198.92059428821182,163.27729066366695,3.8744546183433326,1.493080343487551,4092.4875248059157,31.234867773233972,1.0
9053.0,29068.78403880182,50148.540473264664,-474.2868697443737,503.95053652362174,186.1469648503038,296.02891487792357,5.313209667689922,2.7810292578791884,8048.667053518414,36.18776941446668,1.0
9053.0,29018.409965892442,50152.82854083425,-501.6750057066843,525.7261686346905,188.91961791317033,295.27464355704683,5.477564851423451,2.740241131258795,7812.129806848483,37.5658005613806,1.0
9054.0,28994.75338808244,50206.592174313286,-335.08450124202517,404.20827808628815,180.89119974539565,226.46441629054567,4.8035986067466245,2.4109086836094464,7113.412225794743,34.31140838634671,1.0
9054.0,29011.46040388874,50201.72429489659,-426.15733095800147,467.3976745312327,182.65951940861794,242.63805007588434,4.794393106603767,2.4026013767303662,7279.760960556059,36.44202314517814,1.0
9055.0,28739.476434760774,50423.29042545835,-33.95913982425665,250.96254922110685,220.04666816206984,188.17225225684476,4.688501830909977,2.9589175097911635,9169.791966439954,35.32714082185896,1.0
9055.0,28474.42181997608,50301.72215786296,-973.5680965254173,1012.0069075784402,326.47008904490224,652.0306477890373,4.315605857391434,2.427496863877391,6285.896965534169,48.141177828158995,1.0
9056.0,29020.81851401731,50155.82120251858,-688.0499070026095,692.693070869243,222.9684286060416,324.0092643536395,4.258037107678359,1.8713211969106032,5214.609514971002,40.555993758148766,1.0
9057.0,29150.083476395415,50159.85306804856,-412.2665934185584,457.2543043199765,181.98127973585403,228.31805816230354,5.163533481052704,5.0525378033377475,13816.227926449345,60.44852644146419,1.0
9057.0,29304.610545674954,51034.53796641406,283.44563477845503,182.0001080342681,336.1283162310461,323.9821400281738,4.518064584810781,3.4338321150791233,10280.372991775606,27.322313519801217,1.0
9058.0,29026.00876518017,50169.58387158752,-327.5374932731564,399.3228441235979,181.02827238793157,181.81614479674167,4.74945526955023,2.020084879818185,5351.652256746324,36.91934556498616,1.0
9059.0,29075.55686650262,50145.19600090094,-416.5492620018642,460.36221636553523,182.1747090564149,240.6100128927337,5.369457196050321,2.054553952699815,5399.013212802099,33.88260470931104,1.0
9059.0,31363.342193193934,46748.27434115306,-262.9795653577972,359.7271423950248,183.97457217465595,138.3362663164747,3.787594290269473,1.3593983165698342,3964.332246063319,36.57793455705098,1.0
9060.0,29047.53352767355,50117.0607159625,-347.10182318266624,412.09835380583587,180.7625238785342,282.11374884074,5.300639125260509,2.0962571704664104,5725.751634995652,28.2855086752121,1.0
9060.0,31379.477485049032,46768.1784873204,-206.3402067408138,329.0321347182954,189.82762377614006,654.4635677088118,4.17158821868652,3.5393455779384464,NaN,17.107343502428623,2.0
9062.0,31305.950111435865,46774.31730156987,-85.08501237457857,270.95450028896136,208.52838297899066,149.0621506237275,4.166805383437969,1.4653568452578982,3876.6542674602065,32.24301672470009,1.0
9063.0,31340.733457154867,46808.22958476695,-206.52895098418614,328.3248052106809,189.15382272634255,214.39844866966138,3.8735179809612577,1.4480324997006306,3842.325957863762,27.238086686192563,1.0
9064.0,31396.957843610522,46826.80877332135,-247.00397131138524,350.53536057935645,185.19391502485053,296.07556932216426,4.088814492465573,1.6678888365826066,3884.2182584563598,23.700056419108407,1.0
9078.0,31401.650608222433,46753.439463848736,-252.9979437261048,354.41465348251137,185.08439599861026,938.8575359242755,4.05361757564389,5.131696300550946,NaN,15.90047581808926,3.0
9080.0,28967.760472670736,49883.36772449734,-96.23721362732842,275.64286772770646,206.28052694368327,357.9710457839419,3.909721226969476,2.1037863694863126,5310.356176284916,20.50516074893122,1.0
9081.0,31322.348403576754,46742.93606699051,-275.00841072556915,366.80693892479735,183.18482711847813,382.86890842095795,4.250134383427639,1.8114308816868163,4455.193803769129,21.076749076340512,1.0
9082.0,29260.770978047964,49937.53734202276,-341.5684560949003,408.4484574954018,180.80810124717144,136.4384141068651,3.581728624095796,1.4250776760065766,3703.2021980770483,40.14737990051676,1.0
9082.0,31368.70743508332,46770.91423628542,-237.4977592569601,345.1800436642726,186.01178375841894,269.63506425315467,4.065287437247869,1.7172897800606426,4108.904506707864,25.080365658473614,1.0
9083.0,31418.970738905657,46758.01157490909,-309.65841904780757,387.9634575645359,181.52622454969202,328.9934258888528,3.959723947842722,1.6722563925845675,4262.949984001833,23.35963557270888,1.0
9084.0,26654.064633136535,52321.21778549566,204.9063642307009,190.21871663975253,300.25622650656766,118.75122549026165,3.497870710633778,1.1122541601619782,2766.1965378155724,35.04852321689713,1.0
9084.0,29233.234085568765,49875.89682333267,-226.8772254021631,339.29776196169485,187.00697533529106,111.94038012779328,3.758431749571755,1.4585836928414833,4319.43750285418,41.74847313711547,1.0
9085.0,29151.150833050382,49903.40291218277,-245.55004631254616,349.7107729869234,185.3145426248923,225.7644656550806,3.9953307102713485,1.6347366600641966,3554.1360775134476,27.82381902206337,1.0
9086.0,28995.252071623825,49845.17852747274,-98.65731962137006,277.5354035948862,206.49996512463767,1079.8508182671944,3.991564526268784,5.999824827730222,NaN,13.984066906600107,3.0
9087.0,29075.36431257907,49869.32114463285,-211.99307527801776,331.23302745505475,188.5463392358509,382.37018321557065,4.157698619937674,1.7363521929609609,3954.1313945639695,20.053997737155676,1.0
9089.0,31426.201131062862,46720.52832222936,-190.59899069985957,320.1849804444785,191.1986083270235,787.2130023141174,3.9399485730862778,5.303980089956883,NaN,17.46022118856409,3.0
9090.0,29058.431334763485,49867.47743360168,-147.16788304302568,298.54490281404867,197.21970689184656,526.5594804510143,4.147789426128698,2.196716127505572,5053.210218730598,16.736865790114347,1.0
9091.0,29139.28162494454,49985.741490573775,-235.2839818908732,343.94514738697325,186.2121330133381,495.95599284555993,4.848840960248458,2.163899581770877,5439.76888756335,18.174317215088912,1.0
9092.0,29124.461416761318,50031.531539266325,-761.354541293839,767.3396303176485,243.61399718425093,510.01880638676465,4.297993063241359,2.3680168719353634,6227.98238042647,37.219688745649556,1.0
9093.0,29189.649576356525,49950.815119408115,-283.60101989940347,371.9478229647592,182.6882046354051,346.65777205025415,5.173372887181631,2.022075107173771,5366.946701055983,23.110383068710863,1.0
9094.0,29229.579894462644,49945.5218176879,-246.32367942699753,350.14928767917957,185.25015616516762,184.12202652798516,5.411991022825983,2.288039284213244,6060.652447942958,35.72501863554781,1.0
9103.0,29246.677430588123,49627.94685080928,-652.971540596059,658.7651709949013,214.53764521916622,186.29325215885802,3.8913700950994228,1.6070304177382477,4367.270282211442,52.98953658133396,1.0
9105.0,29190.77256227882,49640.73725134764,-563.342530080584,577.3459317028244,197.255228553571,183.63079737334368,4.222609531974608,1.7534378512657172,4362.807275929654,47.64491898704051,1.0
9112.0,29194.327906508923,49679.50426896344,-572.7178450818661,585.5077311179717,198.77628937964624,193.95511215058247,4.14025769756355,1.6714356837004358,4808.864849155333,45.57734599542991,1.0
9112.0,31295.88686473853,46588.91074778774,-111.20891832377687,282.1213632150053,203.41184144016458,228.21592333354516,4.051258860491228,1.6364744111340477,3607.1541226383883,25.673717283710662,1.0
9113.0,31302.782357740914,46562.70328650614,-154.4198524764336,302.20130169467893,196.24908995164867,897.9870350609581,4.023833778450193,5.265469251480968,NaN,15.451323300791733,3.0
9115.0,28947.36987542034,49834.88687691834,-45.73808992923018,255.34999191116444,217.21635348328263,241.8784634091741,4.245521278680775,1.6616077202531154,4311.8781924210125,24.36163424318573,1.0
9116.0,28920.75330393804,49856.756120173435,-55.93650427457036,259.25439458707905,214.85122542994804,152.83116300015953,3.8790304825333632,1.6133660683734343,4176.046683279294,32.28074246516707,1.0
9121.0,31265.5109999853,46583.836249970016,-160.52819642596322,304.9576442431506,195.1701422728496,307.6889467098162,3.983963161110796,1.9595346308477402,4133.448481670967,22.76589314123867,1.0
9122.0,29144.63374708367,50095.79663355625,-400.82882849851563,449.0387530015321,181.53320141455433,242.19588850690397,4.139796435778159,1.661709408186059,4128.224017312729,30.855207429347253,1.0
9124.0,29107.973347469313,50109.87087831414,-397.70648306145233,446.8174610066028,181.42820563748884,154.53981710936654,4.672884720968173,2.6229419956460864,7098.343979886035,51.88434987223537,1.0
9124.0,28251.670010760216,50933.96302928874,-255.3343957731281,356.4507578647059,185.46514246382014,402.53603009545577,4.253411394081654,5.573355454079966,NaN,32.47492981897066,2.0
9125.0,29145.546469260207,50120.82966947524,-370.51478207497956,427.8614595221916,180.82792013901806,175.54746768707793,5.1561983931276245,3.6581436084280865,10636.56582619916,55.94210841806186,1.0
9126.0,29199.712608178954,50120.523493324596,-383.1229105463969,436.5641985728684,181.03619368153343,190.03345537051902,4.1946441742693885,1.5268357685932405,3940.288731956616,34.513604135708775,1.0
9127.0,29110.705717753764,50097.082763707636,-382.82351921365716,437.42239317027315,181.89181140830226,862.6529872874917,4.114075994622713,6.476452495981798,NaN,22.22525527661244,4.0
9130.0,29127.986569898076,50103.45424800333,-488.84885868251104,515.4403500784847,187.54998558241658,236.34193368248162,4.226360942521108,1.5732665251828954,4228.301513081984,34.413614415121415,1.0
9135.0,31399.398456217423,46757.141407606876,-129.42094382891221,290.28694824011177,200.15257203126677,173.6743592995532,3.9798271295081835,1.4475164255048563,3415.2014227006657,29.74351052969945,1.0
9136.0,28257.22924201111,51000.27429960481,-420.0762882861434,462.93475003857986,182.34450534839527,178.92443750564053,3.857357884367014,1.3173452712839657,3195.3137311009723,35.90517666260738,1.0
9136.0,31464.165454663307,46710.75435378998,-229.20504033483584,340.5779420647194,186.781492902102,162.74910044881744,3.925429135724116,1.4746015616597572,3939.2510844029466,32.897525431406685,1.0
9139.0,30940.45437312257,46968.03022084754,-123.76626510729207,287.71812312376,201.13748992210733,202.7886669820477,4.163962862781076,1.6786507583347676,4283.66265942852,27.928658861277732,1.0
9140.0,30880.460703673172,46974.89702939361,-165.77789612414475,307.5234826418769,194.4020293794377,217.13532681155164,3.9872784988636014,1.6639803791444716,4167.395066195341,27.244778319144725,1.0
9141.0,30948.553229654357,46884.372282026015,-163.12651456904442,306.22434756620123,194.7873427263207,218.9965295182631,4.031698905098006,1.5361438384701147,3934.4907405748454,26.577013667292597,1.0
9143.0,28923.4444704529,49849.561465765946,-118.95096336297343,286.09468056018835,202.43206158795164,1488.860912747421,4.084107272215467,8.987666325136791,NaN,13.582626664827618,5.0
9145.0,31241.168694199034,46586.80004794102,-190.84882663911992,320.83396423969134,191.58784964356565,989.630340684537,4.065778415876635,5.745030593073647,NaN,15.36645522244678,3.0
9148.0,28986.17779024074,49825.134474243365,-144.53623123230398,297.44093621195515,197.75206679813704,570.4753528972674,4.219411166882985,3.695762987842391,NaN,18.310845464689198,2.0
9151.0,29087.127508266498,50102.67564375739,-406.66271415949615,453.26393798927336,181.789873300925,423.6594003170379,4.080312011952536,2.91995684676599,NaN,25.92194944833451,2.0
9153.0,29198.75623087937,50036.283456555495,-355.54940153439657,417.72619710580324,180.7379465905249,164.01266620229052,4.325803045588797,1.6818786597716973,4082.7180095959343,38.08794395818986,1.0
9154.0,28981.837642174713,50112.619556073616,-438.7287665068798,476.7345114001949,183.4001046944102,174.5271194322663,4.290580954849994,1.533812787913266,3711.676378144728,39.030570712537795,1.0
9155.0,29137.337374150393,50076.13791219477,-426.2146614921651,467.43991578639367,182.66262337916825,199.97559832213904,4.23333100247654,1.5276945105081448,3768.789449628639,35.09731144800513,1.0
9155.0,29144.368156077897,50075.4916356215,-412.60877448254786,457.5019877172913,181.99622075861686,195.87012408903442,4.273479978361013,1.554650394517357,3995.2058002425347,35.18560792770561,1.0
9157.0,31216.64448600353,46630.69267542622,-175.83945385825098,312.5137981797312,192.98856930187293,288.5534263100313,3.951309480579361,1.5924165880953483,4309.529581015687,22.84048935198155,1.0
9158.0,28943.21500659785,49830.4776768376,-198.78609347719222,324.2519674133887,190.05361438949174,260.983185083016,4.413737809196837,1.6922900217615655,4674.711756139534,24.876379759411407,1.0
9158.0,31204.664435686358,46601.51782747009,-162.5260199957457,305.9310354366775,194.87535398837116,413.3313051244923,3.963949462277246,1.9794718303486991,4806.8688383278195,19.090300043563502,1.0
9159.0,31269.768147363437,46604.165327277915,-136.3471286687539,293.47448288619745,198.97939003847253,330.25039808202564,3.990194488570931,1.7061360278561413,4330.554673529014,20.958206740025794,1.0
9161.0,29128.638638543536,49920.62060279332,-141.6409135237445,295.9412640975634,198.10735986435918,102.55180310548386,3.824141635753669,1.614718501206164,5180.153760907473,43.584153625862584,1.0
9163.0,29207.136874215455,49971.80009422542,-238.00359779088657,346.25600325055984,186.60751137171079,508.64200132606453,3.906811156163131,5.182392908964053,NaN,25.126963630161512,3.0
9168.0,29200.02824030042,50080.228326697725,-421.05848392321,463.6532297221068,182.39347735295573,162.98644946731852,3.754944293078037,1.3344521304293648,3377.1139299078222,38.27177013080267,1.0
9169.0,29149.895305090653,50108.33132156342,-409.98754756435903,455.60746278157217,181.88404363734878,217.65651206636383,3.9994478632206807,1.5262175469368904,3563.2640214999437,32.60148247046031,1.0
9172.0,27838.1369381741,51308.580836668756,-254.70042323603238,354.93357766347214,184.582200123116,128.17801282186497,3.562620726419043,1.2683430004795413,3308.0792724150583,37.44954647126813,1.0
9179.0,31199.795196911473,46588.717402963906,-180.14756434007435,314.6797170984529,192.4069499194501,172.67362644667503,4.096780267072802,1.4727080542260331,3731.038968851531,30.73420994154431,1.0
9183.0,31119.147531769006,46651.86239720678,-190.61347371514054,320.01439867206227,191.05291197195237,149.08305827279383,3.992406878231321,1.4616447940721646,4059.4080239921786,33.84354789917761,1.0
9184.0,31052.786375987303,46623.73801710105,-357.73318887282215,419.19200022250755,180.74043979888825,344.7031184945055,4.544056881189409,2.0257855750067404,5940.150065300929,24.840871379526252,1.0
9186.0,31122.328730207493,46659.915209678045,-476.1525513961164,505.411442466371,186.3176938046377,292.4987746431611,4.519234280383616,1.6201129608866984,3631.857074393521,29.766335654367236,1.0
9187.0,29149.01074013555,50079.31538240284,-383.12216734752315,436.563681163211,181.03617783428163,233.36771166642498,4.178427844022304,1.5847838434238104,3899.7245686279234,30.583722278043187,1.0
9188.0,29182.20102513843,50099.66662572559,-492.30859747980276,518.1995786322879,187.90708365188698,203.56793922070443,4.078306042294486,1.599810076594781,3965.5840552346253,38.366124967861,1.0
9189.0,29104.94515452984,50099.964048223694,-451.24552758195404,486.178804956886,184.25712745300137,215.27402863249011,3.9563360757881743,1.2432547148691233,2907.892113438783,32.766296919237575,1.0
9189.0,31189.32514710983,46600.38793065153,-138.6874475105414,294.56175822628023,198.59124211383764,143.5178737348194,4.081314050768509,1.589275241980427,4025.4542179169243,34.53750256847783,1.0
9190.0,29043.20858181084,50089.20850394654,-423.2399750321128,465.25225252947484,182.50487573543276,201.29827971136172,4.664619663248852,1.7008233881262134,4546.102957948359,36.029620445221134,1.0
9190.0,29037.251001003617,50088.262604300224,-434.0587657475855,473.2486916504327,183.11093357822307,203.93668355725464,4.6471237780179395,1.672944436578178,4145.980023106499,36.00178323768115,1.0
9192.0,29206.21049697669,50096.284157314956,-480.6210170065975,508.9237814163725,186.73738931371108,188.42954623813915,4.035255874046306,1.51501921316088,4094.57118845988,39.031599999657374,1.0
9192.0,31225.338357143035,46587.3084449387,-194.27085898166237,322.4250904607673,191.02135040974824,1952.0737846879015,4.300244457915763,10.640079921474499,NaN,12.697062293440123,6.0
9193.0,29105.251082089413,50115.72536498737,-336.54916395289456,405.16262731267346,180.86962728455504,272.642884201704,4.419433779153775,1.5969664787465836,3923.06369980167,26.54921265457309,1.0
9194.0,29127.569021370626,50104.995971856195,-445.6198242892656,483.24167866760234,184.92871612714433,740.3749669278654,4.382762403025198,5.174553696214778,NaN,24.083022000909054,3.0
9195.0,29096.928821667756,50062.975912509544,-539.1857872081189,556.6979041205433,193.64467343938188,345.0781318293047,4.555271784083058,1.7306593901664753,4405.587872991285,29.716917745059337,1.0
9195.0,29084.4420290407,50059.3536237216,-564.4197887856011,578.2795380751454,197.42659786108274,347.1054665631334,4.67385497377304,1.6633911582612537,3941.4751920062213,30.366501663176724,1.0
9197.0,29090.338596235684,50126.421515180176,-400.5167868896295,448.81634758115524,181.5223741701391,141.49435465982694,4.322288869769312,1.9656986379324692,5465.358660310669,47.642674336638194,1.0
9198.0,31263.927314122902,46607.74473789594,-246.14401048916463,350.04739649215514,185.26506864403012,231.2854335241732,3.873679576896911,1.4651946159227438,3670.673881004786,26.765643988286755,1.0
9199.0,31155.781810384404,46649.85111620578,-258.80192148236154,357.30023708105426,184.27465127880893,308.4770757264179,4.34760397722314,1.8661596307915822,5161.594919221529,23.898591958868973,1.0
9200.0,29086.069982320776,50116.276548973445,-421.8726429073288,464.2968787896775,182.47293432271422,409.77567927106975,4.403591443243801,3.956116379620366,NaN,31.535178411994544,2.0
9201.0,28288.26847901816,50975.92080270335,-174.09069228896198,311.6395958523743,193.2286981335432,147.4655723679856,4.328394464000561,2.974701203347794,9142.745488167564,45.841755712236754,1.0
9202.0,28277.145614949277,51062.55822996989,-284.72010143195337,372.62248420814177,182.6276669868655,172.72160139672664,3.7641049073579955,1.3015823852159867,3399.993610999522,32.06440828232226,1.0
9206.0,29007.744476534226,50084.17174968581,-453.47279554753754,487.8748330621208,184.42214176759026,264.23708143480667,4.694021650716073,1.9932442630566736,5196.254174444107,32.957148638880426,1.0
9207.0,29088.591057966467,50087.41874744903,-442.39590289464684,479.5911151360515,183.72363088641444,478.13041232563114,4.130216164955133,3.415865628678178,NaN,26.725526687685825,2.0
9209.0,29104.927984997852,50117.644462752745,-425.3103467674368,466.9157614816574,182.72853884063187,392.41550517662546,4.252541097435339,2.8736184107057925,NaN,27.866776687346725,2.0
9225.0,28991.313473901686,49799.82539693556,-53.834443955627144,258.80610961408195,215.6268053867531,2167.175541817363,4.340084163174964,14.159881083942345,NaN,12.918798525605183,7.0
9228.0,29020.69781485534,49865.71316203386,-110.7514149911603,281.920263287861,203.4969720622461,276.4416527879832,4.331277552924063,2.156062414202214,5466.391584884246,24.412192570914772,1.0
9231.0,27936.744337222175,50763.87246142357,-595.8802276879865,606.0273875582745,202.82135668133452,290.1382103735941,4.866692060019486,5.686835852702564,12751.232300317606,76.44886137321538,1.0
9233.0,27858.974182031256,50742.67449665406,-480.1954446146494,508.588458367458,186.6967623020747,219.7960316366514,4.213642592961772,1.6855721840294378,3668.913106794738,36.48037136360682,1.0
9239.0,29322.050578223945,49994.630296196454,-394.19617529617074,444.33114362106113,181.31903561659195,161.6706597164065,4.409070470686402,1.7687354670029232,5027.221402300052,40.98149213030371,1.0
9240.0,29159.16034088245,49977.74843891451,-228.88169066158684,340.39981054764115,186.81256700448628,204.07066086250262,4.271771660221261,1.3368407370056998,3512.77552035317,28.00571814121113,1.0
9240.0,31277.669510435346,46547.52279968662,-176.46174004320716,312.825573461625,192.90368314281773,162.346177811925,4.250293184351481,1.5161322715471635,3962.563472995494,32.11539733411433,1.0
9241.0,31298.931118134264,46550.699163005345,-244.02566035578062,348.9825336667687,185.55117573599574,617.3570512369553,4.210402331988581,3.190595751182223,NaN,17.60645323347033,2.0
9242.0,31350.409170133527,46576.30822293502,-282.15085923324455,371.07532062028486,182.76807200600203,292.57107572258826,4.586702302998785,2.097009479046174,5850.067248329106,25.98168126887337,1.0
9243.0,29143.404070354634,50004.229176270055,-371.10506823338613,428.2655586864722,180.83496791632007,314.9163270291144,4.070291954511415,1.5608293767299959,3731.4079866177135,25.024423661805102,1.0
9244.0,29226.459381988294,50002.63393334011,-220.79088875043072,335.97473205313355,187.6160388513855,123.61527059192527,3.9844575018202537,1.5720931108523857,4449.2210276310125,39.89870170683182,1.0
9247.0,29012.588542391124,49806.63398176089,-65.16552256456438,264.2447734102052,213.88847746533952,1237.6568725034413,4.076946662410486,7.359591850372607,NaN,13.797961198241044,4.0
9249.0,27770.013447771747,50746.432834832296,-377.4454931657522,432.6268179111237,180.92741473404104,117.40993447980148,4.648825822741251,4.2801502149047455,11825.914695239953,91.39138423572376,1.0
9251.0,31286.588655789634,46603.42246506215,-175.12442480728853,312.1931698328467,193.11650334325114,902.6658706550209,3.884632544662791,5.230602231758469,NaN,15.530052810545737,3.0
9261.0,27842.855283837467,50725.54909889163,-501.5708374433714,525.6420069381372,188.90798939122115,180.49450505238391,3.8771204012000378,1.3448306205467866,3190.0142592508937,39.80279480686128,1.0
9262.0,27785.548273525357,50713.13125337362,-467.242515478207,498.46410986468834,185.52625113700412,203.79951100700237,4.150187855833065,1.5170191685999217,3619.5232015314587,36.425069821792896,1.0
9263.0,27848.03432296666,50788.275505434096,-556.819025041002,571.7157143104336,196.23636929522104,263.2227123505608,4.603485175220419,1.6257341120014572,3756.1244262324326,35.69856682817481,1.0
9263.0,31280.773936842954,46636.85816404402,-124.47160814817443,288.0369025479889,201.01330478697926,158.41438200618956,3.9266591719622133,1.5063472653826715,3690.065830998689,31.731608000896667,1.0
9264.0,27907.380427650885,50698.77528421453,-354.6996982342133,417.15707405697805,180.73795867381395,154.12942131054072,4.07812186072981,1.4011923507119628,3444.046735517536,37.38932176027321,1.0
9269.0,27731.602405163303,50734.60345790035,-442.0458769747813,479.2229879613849,183.61559907140736,252.25206712210885,4.827512705997696,2.3240391535616545,6180.062653381864,35.66794211177822,1.0
9269.0,28995.650767747367,49821.09597256871,-33.62463669825424,250.8398634817387,220.12858852861405,162.05721191661468,4.645097139936085,2.4771346206920057,6906.117413757368,36.17700812093705,1.0
9270.0,28255.4724291143,50680.06444543112,-648.9947827302728,654.9920698378385,213.64104758574837,443.76438790752854,4.785784528607029,5.042420265803206,14405.769705973169,53.001588220590044,1.0
9270.0,28279.284502407354,50670.000864047266,-532.9900821450336,551.490780862032,192.790298937628,360.3309408667431,5.120524192846474,5.521390935978446,17164.1525443755,53.649134939426034,1.0
9270.0,29047.85976826043,49840.13967261326,14.455248939959011,234.63838988229463,233.06134865801133,969.3937789803372,4.672031463580544,9.555536174464834,NaN,19.107107921197112,3.0
9271.0,27961.38647687519,50709.101683254834,-522.9121150510666,543.0981757470801,191.46306304801215,262.1463086806839,4.656142730399242,5.2583874309968675,13085.129144008642,67.39385819457479,1.0
9271.0,31279.156493713366,46551.78113511238,-234.02311951539463,343.2471854763975,186.33058732816056,631.117779148231,3.9660557543018893,3.159627608438403,NaN,17.16572812194906,2.0
9273.0,31296.09757736452,46586.35162857345,-248.88938329078027,351.60763285179775,185.03988740124026,240.21173928003282,3.9359848555014376,1.761102957010783,4520.9733484561275,27.338673639938115,1.0
9274.0,31346.336251536326,46594.58819313361,-246.3306172969554,350.15322279167276,185.2495808169481,205.27580533399058,4.015108175422951,1.3807359970467572,3597.587315979299,28.41605518966555,1.0
9275.0,28491.31971183629,50512.111971847204,189.281636645469,192.5474595685923,293.6804092337596,98.44397572733327,3.833539469333398,1.5877616686240512,4584.612424198631,43.456993213524,1.0
9275.0,31241.232424756166,46564.56935423354,-162.82149771628727,306.222311741642,194.95080578545952,2439.0919180327887,4.1156550544470125,12.601306570765274,NaN,11.47655342787275,7.0
9276.0,31292.749593756365,46565.87982904119,-273.58992577459077,365.96496725414926,183.27222167130137,356.7027702026468,3.753593219810118,1.9948651873912018,4623.16270725058,22.446013454719377,1.0
9277.0,29108.04250748203,50107.08326640352,-410.2402569800475,455.78982949260893,181.89463042613494,293.4100916335428,4.721140962531794,1.8228533450654019,4530.3152369309255,28.3097475897228,1.0
9278.0,28983.22174374167,50446.14162577682,-1219.3363651402483,1348.4318394303907,465.31715639451414,1269.983860917592,3.5538610979792717,3.3045409808235764,10266.964071738208,57.28056522434385,1.0
9278.0,29032.91018052334,50050.98533397393,-600.6320637453713,610.2996022616261,203.70175890962298,435.8977256000891,5.005355851953074,2.7951701418053916,7523.448603081461,33.49953664588982,1.0
9279.0,27897.691556266378,50728.77331190347,-515.3864643923336,536.8935216541367,190.52243999320913,307.62262550087013,4.364997066577693,2.067451075429563,5595.72029343831,32.850694696656376,1.0
9279.0,28066.27027265364,50702.364916368184,-603.5872657369981,612.9672631263433,204.25796629973354,336.981729694567,4.895873407386094,2.5703890517160413,7391.527231975213,39.16920701598169,1.0
9279.0,28984.6742723805,50117.41608199019,-544.0923226922307,560.8472412524427,194.34203133311823,275.6838834370481,4.833487925825159,2.824711480318918,8476.08010484644,43.26169659436968,1.0
9280.0,28455.127210903953,50709.67719628474,-797.0341615308217,805.5058639064449,255.1445485871017,540.3228459583822,4.513595665183565,2.1674235016615024,5818.71939256697,36.73432733233347,1.0
9280.0,28313.17532755283,50679.5459165674,-564.2216542493319,578.1077426289017,197.39501243122928,350.9111361234239,4.974520960728762,2.2964423456328675,6647.783741982135,33.71485980585886,1.0
9281.0,28675.26403731142,50380.6827438333,18.527513935275596,233.0026630527962,233.9437803610049,185.13822267250615,4.763980520727028,3.0368067239577243,9773.463038281729,35.90455488896671,1.0
9281.0,28677.561152956823,50378.7284611993,17.91439136544138,233.19746521473027,233.76932209606943,178.3507063913064,5.0034999452884295,3.0234593790411934,9969.872063905446,36.865095872133445,1.0
9281.0,29068.801956734264,50155.347528780934,-501.0558136834375,525.2260490539604,188.85061772375317,264.22311592158945,4.580141967425414,2.798135398820016,8514.204746298585,41.33256203120721,1.0
9281.0,28497.991903138533,50245.10959939425,-1025.1685918725589,1077.9172172819267,351.8040531976825,750.1195585567216,3.7140949161909393,2.521110719146882,7614.427878554277,49.096986757770054,1.0
9281.0,31292.77497410478,46572.82800565204,-193.5999702039975,321.5556181613784,190.68183975808904,261.8805481790877,4.44445508781678,1.6875237719117402,3791.5436096118324,24.733487692045774,1.0
9282.0,29089.439136255678,50133.566511495985,-463.01953639909306,495.1975188101099,185.1722740707024,241.93335870767265,4.2451329758900735,2.1563069427158243,6543.977012472383,36.63610344647576,1.0
9283.0,28663.760272556614,50458.91262114077,68.25631155597267,218.38314704157838,249.04757861523825,184.7398983986241,4.375574737976132,2.5864888463689684,7224.76330132639,33.17171046369343,1.0
9283.0,28655.29660190684,50318.44732551732,-886.301365688558,906.253360423373,288.2430485758177,417.5374210609807,3.955244921506278,2.5764163192363276,7133.983032779576,59.07767045536273,1.0
9284.0,28566.423423189553,50530.49481103641,-108.47177970685354,280.92117002934634,203.92353626054273,115.34507298601135,3.6766535619383536,1.2148433089894188,3056.4524510940123,36.43243809323277,1.0
9284.0,31276.105644717125,46558.808590497945,-206.0253222329902,328.058171270424,189.21095978286576,366.6671035707008,3.8857440309456943,1.9861556473893818,5247.189494636191,21.033050501854692,1.0
9285.0,31273.73124295556,46599.24168487072,-118.93399107933108,285.5467965138286,201.99847341607844,136.07994828029666,3.971428917341855,1.218638260528021,3075.7891417095166,33.09038161985479,1.0
9288.0,29136.167713902483,49902.969742668305,-51.59155047485449,257.57896288953026,215.84917829466963,115.96950189965888,3.9348438696792156,1.439494193479975,3895.933439307141,37.27210967360161,1.0
9289.0,29091.545811839456,49806.544995600525,15.777414104506569,233.87919961530395,233.1635046916968,351.45924563937587,4.351568436210159,1.9288787951535218,4955.823559419831,19.855413087460317,1.0
9290.0,28626.665398106237,50577.200315755246,-102.62491132161495,278.3810728223641,205.0357047305149,180.32622080581984,4.44599613286175,5.9279377600109315,18232.92664667438,60.602083350780276,1.0
9290.0,29075.2430224122,49834.20141452928,-38.208807564117606,252.53038570637332,219.01334083913156,362.91238174972017,4.707146261435735,3.502203200059451,10330.133801674858,23.587281848420382,1.0
9291.0,29036.401460722307,49874.95055401386,-44.24489064832281,254.78656088918225,217.56929567743566,272.3056598276011,5.0270007541658615,2.239272951541149,5738.425547561509,24.38643612225039,1.0
9292.0,29045.60748752194,49804.3150768937,18.566851021942302,232.9901769201006,233.9549831392831,352.27876536467556,5.180359533815955,2.905407022366431,7263.932232655094,22.138087825050068,1.0
9293.0,29080.606649430294,49820.032652308124,-115.02692034842147,283.80729900412683,202.70762117225377,324.7808699319538,3.910833112126568,1.5300132001310658,3553.8012616310184,20.613176235153695,1.0
9294.0,29076.58641936175,49786.49362366268,-109.911603069051,281.55162970142356,203.6536564852189,343.9534580838276,4.07697568906176,1.8445862481753177,4257.815257337156,20.537018132595747,1.0
9295.0,29113.768197705336,49720.92701610302,-39.395174143752236,252.97111456167323,218.72732748992644,267.85687753819667,3.9790774091904115,1.6696957384066586,4706.7228434193685,22.90177431195093,1.0
9298.0,28559.562271263512,50547.55450169356,-130.9588205202925,290.990795114802,199.88892338100877,147.19042033429113,3.959088866944034,1.64739080100724,4601.436518035111,34.22233916686921,1.0
9300.0,29151.20091907629,50103.16311210501,-419.2762599392037,462.35019867739976,182.3051594668395,257.5465922620548,3.924168789891609,1.6239710904234688,4481.7009474983815,30.11319449640807,1.0
9301.0,27814.398514368215,50724.75100753887,-495.7105806352858,520.9237521828761,188.26711547324123,276.8493010158904,4.680943412727546,2.3444181753077,7148.9958619921645,36.19559935192879,1.0
9301.0,29094.992741518385,50147.22792784711,-431.79468303259586,471.56611903719124,182.97672154102048,203.70264120328696,4.272889262642235,2.2025497710685205,7058.344815331548,40.09082508111475,1.0
9302.0,27870.877692585153,50706.65258088522,-516.1639329231874,537.5320454066791,190.61761577928797,242.8024086348627,4.8607193449618515,2.566764309319766,7049.902066503469,43.15641241531937,1.0
9302.0,29045.08848307227,50114.484499337814,-463.6038535081538,495.6485017632331,185.22044233167384,275.82567874689977,4.900147864115315,2.1552652096183618,5179.57125036095,33.418420887582215,1.0
9303.0,27938.618075701328,50690.173534993606,-542.1236852572177,559.1796856659714,194.0600282417465,223.96389750648527,4.654554578640857,2.3588049606641635,6549.262355655285,45.85391169076424,1.0
9303.0,29165.215664533178,50101.99616171734,-419.60137771018316,462.5876775032036,182.321090122124,233.4990559502528,4.861594842468334,2.168963490759884,5727.788445871629,35.5015289296383,1.0
9311.0,29017.476719841263,49840.331027239656,-30.775703954342163,251.20884865247666,221.96893837150233,2294.2625189738997,4.151196788027361,14.376764567319025,NaN,12.434229869665561,8.0
9317.0,29035.707087115905,49824.27861055015,-93.50106429685962,275.0640078619885,207.2938200966099,875.7168440994662,3.898077312846213,5.587516818651141,NaN,15.708833192919572,3.0
9322.0,29074.51637871198,49797.60937148,-37.38487749957208,252.28336714721584,219.25971210609885,728.7274131572278,4.322553745975419,4.21857900854001,NaN,15.59782922550995,2.0
9324.0,29031.026335033337,49817.1882798831,-61.695940878651754,261.80345699363266,213.79362983077203,1020.9097550492863,4.183803303425445,6.299304505618382,NaN,14.647712572739078,3.0
9327.0,28975.92051826701,49846.416663964854,39.448189912077396,226.56813056639595,240.06822559783961,156.75260360596673,3.8094657899993147,1.4733609570876944,4061.1945235307967,30.564301037294406,1.0
9329.0,27819.525723472056,50681.866855294094,-472.6188020090954,502.6471497604715,185.99656570076922,237.6716986771985,3.8718744854084743,1.4864942039973448,4056.516210415091,33.027921374239575,1.0
9330.0,27982.317509107113,50702.16588692124,-628.9818744550798,636.2304287169069,209.31189143033527,266.8708276962051,4.339671522027046,1.557609324971574,3764.6779200447454,39.06916178263762,1.0
9336.0,27954.73617747387,50651.44881606054,-555.2762301182458,570.3900477160025,196.0001532989887,260.5942994987067,3.9781207597460697,1.5972597534187285,4026.387889330318,35.650233498040755,1.0
9337.0,27810.0015210626,50664.13841837878,-490.93696070438943,517.1043134192951,187.7644183431975,167.2893817460798,3.5910593772579267,1.409898505893688,3301.05113212979,41.84359633958597,1.0
9359.0,29094.104645903175,50106.40082666497,-418.05805185408695,461.4612579824732,182.24618411192048,226.87937917470373,3.9981323721592785,1.4697168966269651,3423.381250004147,31.73642321066419,1.0
9365.0,28209.29574445584,50932.31018081383,-73.26635873496905,266.1139638147856,211.0140193700863,170.13056714092315,3.954917347040822,1.5729007285015775,3910.8704958970893,30.101569227962273,1.0
9366.0,28993.07915559345,49818.22398957861,1.165221421987356,238.656150639008,229.11431397383933,164.377699629937,3.72461090208279,1.4861448348868782,3843.140062225549,29.835732637013876,1.0
9367.0,29022.02453357218,49798.981727258,21.488017679773915,232.06703605804404,234.79019528226027,153.7354307071893,3.6937140244466997,1.422627378059977,4139.031552609486,30.7115782201652,1.0
9368.0,31230.607353349234,46669.643808085806,-122.51295799018354,287.4924657002292,201.63354990326505,1603.8185846907113,4.052498938023058,8.985815707346546,NaN,12.82458988591545,5.0
9391.0,29179.911372612514,50101.98173768933,-427.75896671373147,469.9158591157093,183.82762412608292,462.9916300080746,4.224545785201896,3.4346214024691504,NaN,27.04390818443614,2.0
9393.0,29175.01982505561,50081.24394536315,-343.27335602247166,409.5699588215176,180.7915711173877,210.10792570793762,3.971108854129894,1.5031450824089883,4014.587252703589,30.945805023246,1.0
9394.0,29005.173398237897,50292.624237347656,-427.6117298142292,468.47023664106825,182.739037236452,349.9053468735996,4.859522076368438,2.460227285373097,6306.6724517527155,28.41984123293086,1.0
9395.0,28984.494117449245,50337.81028916182,-338.5416143161793,406.4641217555742,180.84290595821773,463.92947398228813,4.42298546226628,2.7023249977506993,7131.08912719679,21.902164383049108,1.0
9396.0,29155.016792475762,50077.397319847056,-479.5801386698347,508.47804294514066,186.94060004167673,528.64591592648,3.855410816540813,3.2761039488434713,NaN,25.738688376173407,2.0
9412.0,28912.71794788812,50393.98705313741,-241.0630687216799,347.94482800837744,186.31622543298158,776.0098687464621,4.183163225113638,5.058941312296562,NaN,17.992669983765275,3.0
9413.0,28940.831042064874,50417.843293571015,-324.524611339618,397.387504845422,181.0951172634969,271.5122989442342,3.607754548599781,1.361541460585761,3144.0851595773875,25.51501135931997,1.0
9416.0,28927.056851312198,50394.188024090974,-268.4647884867209,363.0782620328743,183.71359759278744,772.7119520778629,4.163896211754378,5.191933846825321,NaN,18.666638109196096,3.0
9418.0,28907.919503359888,50443.25619449938,-316.9215094722925,392.5416728849903,181.29455859937227,256.36122795224105,3.861550782594771,1.6796565384113533,4130.862286925531,27.41472682460512,1.0
9420.0,28978.481643779738,50426.54430147178,-357.0772173659246,418.7512260687539,180.73930899332117,338.79786640969536,3.8540665755741945,1.800054447847522,4274.369984635497,24.350721634522014,1.0
9420.0,28954.51297290036,50413.37682644133,-312.9841863188331,390.50583953821706,181.78059686965113,1936.452091839673,3.848396951463283,11.37821615519097,NaN,14.970161938256307,7.0
9422.0,28913.153574679367,50419.273997152384,-311.082080311136,388.9873880486882,181.5830790004572,397.74395714067964,3.8833319498392567,2.8979779263122953,NaN,24.26807102305968,2.0
9436.0,31270.27374579453,46623.85535069212,-147.38956133707586,298.64993164401756,197.18459007961212,353.12779371041694,4.2126740114118695,1.866254985205881,4519.732363790099,20.58353112096374,1.0
9437.0,31241.22754737529,46648.22819302163,-100.39253642260041,277.7266640307978,205.71524505750784,570.0121008069854,4.135378748838454,3.2134066902903626,NaN,17.143447138404188,2.0
9439.0,31243.420666949514,46617.98856366016,-128.64574500830474,290.9680151891879,201.12260190653646,692.5466039086716,3.8870349132209876,3.949232932787954,NaN,16.377891393793757,2.0
9441.0,31226.822334042135,46646.76020203584,-106.30877449464306,280.5893311310671,204.8262127448139,1033.7249891323481,4.105867848382573,5.985710907248254,NaN,14.44781608474046,3.0
9448.0,31260.216805876586,46678.225845230656,-116.2568582726978,284.3533367547724,202.48312821501054,216.05505814100263,4.1249302438521305,1.7281849335541937,4463.157225428225,26.954841581297313,1.0
9449.0,31263.294503435958,46623.00723869803,-159.21503852200397,304.48812482101937,195.50152163754484,694.9476703417545,4.192080666329932,4.248250186580453,NaN,16.989376125319687,2.0
9450.0,31242.06415086472,46619.80512752845,-175.5402767961465,312.4359862306484,193.0876323507754,609.4445962286018,3.884629341861435,3.2432140891112757,NaN,17.04579082472938,2.0
9455.0,28931.58710027331,50351.48318493134,-278.9528351591631,369.1582093036665,182.9498669851699,304.5829915587933,4.134730913128508,2.0984018298293914,5884.806119537752,25.249881009148925,1.0
9456.0,28895.991598242785,50433.9647721543,-190.15652040021791,319.779324015226,191.110288005274,192.53243443030058,3.842582633253002,1.4056064397061314,3549.275956908417,28.61093147881705,1.0
9457.0,28949.487472321773,50410.00993500257,-265.7334215135778,361.43404665873015,183.8633292674432,379.4789880183971,3.8596102741168283,2.9682547718660945,NaN,24.267144543090296,2.0
9472.0,29094.588895711324,50110.75448344683,-434.4404052282111,473.5327864095697,183.1339414474639,191.57395073661243,3.830184425502881,1.5021871795669566,4280.456175061866,36.26969983974873,1.0
9473.0,29109.382906881176,50143.76240342319,-431.29793859781824,471.1976057572706,182.94779772349156,266.0340462770525,3.9443394540345493,1.5312131876644837,4076.7206575771206,29.475855150403635,1.0
9474.0,29029.449737021172,50225.16178142313,-309.16059880254153,387.6514833060415,181.5435753901332,352.6002003677615,4.604204107597521,2.439615847553685,6218.551639272047,24.69566207916702,1.0
9475.0,29001.51515267404,50260.39681973923,-247.18944740751706,350.6406959561513,185.1786425201745,461.23658629350064,4.472024379905494,2.399959042922494,6099.433459457795,19.62003681896559,1.0
9476.0,28995.595996016968,50234.102288803224,-385.4477184032752,438.18526209154743,181.08782575865604,448.2689766578271,4.498050678037202,2.769103499145155,6848.18699658305,23.790234564425116,1.0
9477.0,28965.167745892853,50236.01441366634,-449.57499627125327,484.9097928619851,184.13584193044088,388.5066400847832,4.505717667549006,1.9145640266523447,4682.038722081718,25.146363294915577,1.0
9478.0,28965.250270964865,50344.313632726306,-203.3844771174991,326.6639557455828,189.51372988877415,311.09173249102855,3.977205399300123,1.7316422017582889,4411.993131953801,22.53656592086598,1.0
9479.0,29004.251466626643,50344.485333913966,-272.8671269313004,365.9230016262321,183.62956433514898,462.57128209161147,4.437964575901015,3.5199453087715153,NaN,22.81458269131413,2.0
9480.0,28935.68242582938,50381.64176441954,-261.6786593696698,359.50797944482775,184.50164638924284,815.592957979802,4.147120067911843,4.7772210081362205,NaN,17.186635247120897,3.0
9482.0,31015.925112597677,47238.051163655065,52.07581868921255,222.88402131144102,243.92634022544388,120.73044792321264,4.004619879087797,1.5336104213785011,4413.687571926634,36.47960631171036,1.0
9483.0,28294.349855664754,50952.87272046727,-107.74248773320197,280.6025787003814,204.0608371751065,147.43747612738747,5.006830837014967,4.685560716374576,13296.499653130542,60.32754288651193,1.0
9483.0,28906.681316933264,50404.00614093662,-274.7789137931195,366.6705875192007,183.19886272203073,305.4982867609121,4.389722543717476,3.4060457659038157,9740.35876771616,30.49313671871516,1.0
9483.0,30987.958984467554,47264.39770396778,21.758482317591866,231.98197141416483,234.86785473775873,139.41590210027928,3.939726747314158,1.592092840966744,4740.186028305449,33.64291838903036,1.0
9486.0,27727.93330089116,50940.77823293734,-39.70066160306352,253.0848164082854,218.65385317960693,136.91864263742613,3.6540464721407715,1.2618655227519147,3060.9052449012065,32.39893783747318,1.0
9487.0,27699.26468222769,50975.48115899283,-148.423268782746,299.14030316675394,197.0213314574845,437.7051935232344,3.791946214645842,2.183044206541551,4727.4105468497055,18.685085778826856,1.0
9488.0,28212.772767900467,50975.22951884588,-219.21267150388928,335.11875742177335,187.77858134183018,187.51664034195966,3.461794877878913,1.3673438272149,3750.9878891429485,29.413284606974358,1.0
9499.0,28340.202472570414,50887.915760859905,-121.35854782896511,286.6334906471072,201.56425706108183,147.8725512092393,3.9238244699410747,1.4351357033638286,3597.430862846808,32.682248629200416,1.0
9499.0,28340.09620870338,50887.7207124197,-118.98804810093154,285.57096462504126,201.98874346010803,146.92918287486498,3.9525851663849623,1.4463167814320734,3783.4971705377166,32.84594725659901,1.0
9500.0,28271.94346417036,50946.25598514245,-86.19404428727057,271.4154837977817,208.30060047582754,157.75644971166605,3.8187831037521303,1.5013778252999408,3932.2495934634803,31.321355736085447,1.0
9501.0,31203.68544697462,46604.294787706414,-131.90012249700249,291.4227053143822,199.72843882632256,213.5159136397833,3.925245195902121,1.4095013130986485,3698.9778796688147,26.144150044480515,1.0
9502.0,31202.332604226536,46672.69852795769,-99.695760085569,277.1206611792278,205.602671812698,138.62843292682052,4.04085667611991,2.120320190549913,6271.152009578177,38.63063216400136,1.0
9504.0,31181.93733759177,46640.316645002786,-25.85981531670677,248.021612188314,222.0541702173128,127.00788788576001,3.8458965178829483,1.4707293479915584,3906.983415826093,35.15713883004617,1.0
9505.0,31240.074748158935,46611.28848707829,-58.41582387224612,260.21840788016374,214.28822028424432,106.93060265432194,3.745743016962591,1.447912109410066,3778.700884597668,39.442936269181416,1.0
9511.0,31029.00035298189,47388.6225336384,-101.5920654827695,277.93571652377,205.23487625113367,211.39150891500256,4.259793347053914,1.6620165192492784,3745.674848830748,26.908829028185608,1.0
9515.0,27664.205117176014,50921.99145123213,-159.62436548031843,304.5185110574378,195.30450613198894,272.15611452600353,3.7664333581743623,1.4227729171525263,3236.478950388319,23.00212079822137,1.0
9516.0,27711.583454216594,50905.40459287999,-252.85366520790544,353.87313502122873,184.7248641996837,128.02732789336793,3.580488565235559,1.4938376985418254,4469.281076484487,39.24585381735602,1.0
9526.0,28877.34399300348,50441.87048898241,-290.1565349118266,375.9167533861928,182.34715867097336,168.27802090700172,4.332291476764482,1.8985316952950333,5156.4168741642225,36.65006915585308,1.0
9527.0,28901.237955131146,50400.35592909178,-260.6085196513037,359.54605191628866,185.11169096017525,429.14324236555524,3.6893955776312106,2.907739053764971,NaN,22.15074472254675,2.0
9529.0,31218.99736667035,46596.929148238065,-161.48544667802264,305.42357160463064,195.02851592671325,161.75346815049048,3.498222250428392,1.1815649080452197,2832.848248394336,30.237359326805127,1.0
9529.0,28930.236030899476,50398.848494906095,-284.0623772461218,372.26062389191156,182.69125956131734,495.1376412179202,3.817992536803601,3.119465396190913,NaN,20.91459209815634,2.0
9531.0,31177.199137358144,46590.85495353433,-176.19492442123337,312.6918498688532,192.94004336423387,133.049880349758,3.8213413969403396,1.2691188152163382,3164.1955336463443,34.782863379926376,1.0
9532.0,28657.093632443328,50501.91265942951,-222.10518406517184,336.6893563402518,187.48212660231104,150.13793908454673,3.578114166499069,1.261905661218657,3601.416769978192,33.151699124283596,1.0
9533.0,28591.36040698822,50515.45218852648,-130.58328428865005,290.818715962509,199.9531377802113,234.15386396373074,3.8424041178985786,1.9552530085094346,4996.664426221987,26.640985389516548,1.0
9534.0,28655.87689115517,50538.35103225693,-197.2395076528905,323.4452184269675,190.23881647910852,169.2812760913678,3.7768480077357247,1.63691451892315,4433.251025030766,32.33663291686233,1.0
9540.0,27689.21194769781,50931.51021248996,-168.91461020335998,309.4659495272966,194.27391328144347,748.0911096124819,3.99017322517842,3.709691319618765,NaN,15.504360048499542,2.0
9541.0,29804.36107075957,49157.03407802671,-171.9320100260599,310.5644521255451,193.52832879870664,367.3342569908145,4.0282490378693225,1.8940610746553064,4236.434521820621,20.40637682636155,1.0
9542.0,27744.759461952344,50925.42838040201,-169.51122223086725,309.3639923530213,193.8685646761477,242.13935730816118,3.4912938749826132,1.5572143237689853,4737.209716909835,25.16578983540981,1.0
9542.0,29773.06954241128,49169.142079103134,-254.47461046239275,354.80373920394635,184.5995049310652,123.90459373773291,4.020712448836846,1.3422519928110204,3726.9394975376526,38.85315901365615,1.0
9543.0,27687.08583382574,51006.80185921553,1.485392500765324,238.5493242198845,229.20129307077616,386.5285713959773,4.29590032517696,1.8178584831790772,4408.070756358414,18.60224294360431,1.0
9544.0,27676.460775585183,50930.60435232051,-165.9231063995216,307.59482485828784,194.38108136569025,211.6103899015784,3.857578726167962,1.45406787950464,3377.8670689695123,26.864413420047843,1.0
9545.0,27707.594803888664,50922.005684190306,-229.02401079463684,340.478201760858,186.79888013478546,234.86682164041505,3.7210885140598253,1.6472548735331716,3954.6582393374874,26.888455451863543,1.0
9545.0,31027.179192056396,47282.861913506225,-95.84021080118804,275.47395512417705,206.35892046375628,245.57230682316737,3.916005970306756,1.3577631234166903,3452.1865063842074,23.617823303184256,1.0
9546.0,30992.233706692896,47299.327534306,-27.70500120778166,248.68617446129016,221.59242431698033,293.0769467333226,4.171774838633403,2.0225607938880126,4615.917309449784,22.553954214816237,1.0
9551.0,30993.235031027038,47302.47854143331,-75.24885520606432,266.9167355198431,210.58964072860138,217.4803255917722,3.9788595383644223,1.5259922390856613,3870.3639573868495,25.72597666703789,1.0
9556.0,31018.623154293553,47271.210611956114,-43.56342145500952,257.6851918753023,220.28072510014314,1706.545281223387,4.148172581777392,8.432143363196975,NaN,11.643163035786937,4.0
9564.0,30996.776147588236,47205.6866905397,290.60572357580094,181.54017556415857,339.6324387770314,149.08801013965697,4.074129651515765,1.728270971311113,4409.856589073209,35.81273184339218,1.0
9565.0,30993.87636077595,47331.472000158916,-10.235323351970145,242.52299383704445,226.06810818857093,333.30481366712695,3.9881589726590754,1.7053947340339053,4400.1066887707775,20.098222651203436,1.0
9567.0,27714.12430971568,50953.90509784907,-145.30750996157622,297.72769171604443,197.5663097892355,608.7280742547855,4.403900300288845,4.263992578393154,NaN,18.525009516406495,2.0
9573.0,28282.88691712272,50924.95730561845,-30.489358968191315,249.6950667872539,220.9005685445575,116.5057867239428,3.8427400608104523,1.30734222969349,3391.073688906851,36.014544057660586,1.0
9576.0,27656.025802331136,51132.3855480381,30.83594701697461,229.16700061961475,237.50663302328334,110.35526147735628,3.8440240363077223,1.3043064299966554,3999.3173762325628,36.93509850391858,1.0
9577.0,31064.40253077375,47257.42708660656,52.27520901193126,222.82705512223922,243.9882344414766,81.46147185980064,3.690808698972011,1.4777866935742918,3980.0108553683854,46.91239959151981,1.0
9581.0,28267.973904022438,50958.2809272885,-154.8256120225249,302.1999028333181,196.0283182213127,131.78420176704054,3.872928346688967,1.5165686469823165,4847.10302416414,36.290360309969756,1.0
9581.0,29558.077631169333,49372.186554472966,-40.959123324061274,253.57671421860277,218.3701665567525,618.3849542065293,4.151815784032532,3.5561455759245835,NaN,16.437362599037403,2.0
9582.0,31135.32647395172,46897.54736199493,197.86502295690693,191.23967614299315,297.2697800401146,115.90589310066633,3.8002065666049876,1.2661636335539128,3476.550774487149,36.51685190954828,1.0
9583.0,29588.67388805122,49370.73560305696,-139.88639539075623,295.1207713466701,198.39401045607158,279.2147493775131,4.165363735123762,1.9949371166144256,5203.426947166176,24.052696598628412,1.0
9592.0,31036.04909348621,47222.086970409706,155.08956407029913,198.4466534673191,279.93940283374144,125.80149860721761,3.676371037409095,1.2319016370642486,3487.883825442755,34.01341542707361,1.0
9593.0,31024.949932054074,47324.856982122496,6.149407356524265,237.0041169288911,230.47719805855095,172.2580313735302,4.294737719477972,1.3824500168121652,3173.6330989545963,28.52256953827087,1.0
9594.0,31065.020505653025,47093.52112104243,204.01164139283762,190.34585395232048,299.8746518150135,159.38105708081113,3.6901575094189396,1.4310973134677876,3732.25640372061,30.94082979181027,1.0
9595.0,31062.9298611081,47132.975041115096,220.21326483843413,188.16058579386126,306.878697824471,155.98874748497678,3.8336127825249644,1.3380278783783848,3348.4970209708167,31.09368185809529,1.0
9604.0,27707.857372976105,51004.17792086612,-108.94424969264115,281.6578553605012,204.26314026233575,1507.362911811473,3.9971694932672803,7.6431990910804775,NaN,12.292146468118172,4.0
9606.0,31052.16782430679,47300.953933540804,-81.41261900837404,269.7756637170006,209.5635989331185,691.7638679173801,4.1908569958418305,3.659760096900193,NaN,15.616193585262433,2.0
9609.0,31044.129564822313,47273.90837991903,-37.95064990811178,252.43465734586073,219.0757204768954,203.0816107218267,4.0276800799986745,1.4087072310085451,3468.8371820322127,26.136446869184255,1.0
9610.0,31118.982215125303,46768.10835484998,850.0423928460207,295.05989605132766,734.2020271725725,349.1967400830794,3.8137135624216065,2.0501741566329152,5550.961620060788,51.36276512046553,1.0
9610.0,31213.87821103364,46608.276587482476,-217.38744854832072,334.1317437921615,187.96893034191004,159.15674612704285,4.242612564298498,2.4438543949097293,6909.67630319736,40.04915000219475,1.0
9611.0,31236.10694587148,46562.914792182055,-192.26871269997037,320.8675668125308,190.84640885236306,216.8891358769842,3.862881752794335,1.4809215146546748,3993.497221323157,26.947704314006337,1.0
9612.0,29558.730948208693,49456.90724096064,-156.2168281340675,303.0125810043266,195.9320108343527,652.3822356373744,3.8361196628803085,3.854153646527995,NaN,17.072879059945173,2.0
9612.0,31276.40150002278,46550.133931658944,-261.6966253924036,359.23313632955126,184.2698052901531,549.5472025478514,3.908752095484728,3.483992348411416,NaN,19.917810193462643,2.0
9622.0,31045.288373959775,47306.37702775578,-85.2217179145397,271.0112610473253,208.50025457056222,189.60603340770314,3.891810646152538,1.4494977466832593,3714.869510080366,27.73576374168712,1.0
9632.0,30978.867061395762,47282.728375781764,-45.762166347593016,255.907243212901,217.65366632164228,291.5062578900689,3.5788051910324423,2.9737229238714424,NaN,25.84565866534635,2.0
9644.0,31032.060253678606,47333.174856713886,-90.81503991393242,273.3487453333488,207.3615902884404,310.6861484672366,4.114849668288887,1.9482702942327095,4623.180140446494,21.93893407915919,1.0
9645.0,31006.401135565175,47316.2352453557,-136.88185062768824,293.72245106663513,198.8903371199203,298.90985034668887,3.9719623562984734,1.7661689381955712,4711.744148216267,22.392798467203374,1.0
9645.0,31006.06271813987,47316.2683248284,-136.8249392079334,293.6960465456443,198.89980482036094,295.92956427096266,4.057102462430046,1.7482969980125926,4238.31957600592,22.48110178539878,1.0
9646.0,31008.769163877343,47241.24237914596,-53.95573098193928,258.4883924061188,215.304386787026,162.13861428719719,4.2324946670088215,1.5606176498623276,3870.3714908007446,30.79219785301814,1.0
9647.0,30993.030731544335,47281.09373896101,34.423023467826035,228.51972245212764,238.92524794061396,741.6930539225597,4.031715143869872,5.163878465575815,NaN,16.574500923940967,3.0
9648.0,29929.998540143217,48635.51817383545,-498.0318116026794,522.7887660331902,188.5178335161414,217.70456390647962,4.026456176250492,1.6215351707861667,4513.68032891478,37.144924079733826,1.0
9649.0,29426.268471614098,49325.004889551565,-355.3706386357527,417.60640689396433,180.73790342982502,222.63973797038076,3.936742857646102,1.3863850251472234,3640.7555870465135,29.64507976762645,1.0
9649.0,30967.062774494927,47251.87728404243,35.78796393131772,227.66411093068774,238.9726352702306,243.61476058399455,3.8869405358220295,1.7422875005168816,4635.227087162368,24.223558318514062,1.0
9650.0,28654.745022114374,50573.784659224286,-45.548713438960014,255.27841778800234,217.2610216433192,111.92516153230748,4.006501579064067,1.2851914247052305,3184.109716084246,36.897439065475126,1.0
9650.0,29664.156498231816,48993.91494807522,-453.89263487187196,488.1950578489216,184.45367039826894,248.841844602264,4.614036454457177,1.8760276422050757,5278.038624852509,33.610605893435725,1.0
9651.0,29538.88331092543,49004.04037687588,215.5996644965213,188.75765840143103,304.8638425492461,181.83928082552004,4.774830691261113,1.9578285075457598,5124.004319585626,31.24535321893729,1.0
9653.0,28584.24215275067,50571.430515598,-115.04221694561494,283.8140812526203,202.70482209918126,176.6560729964041,3.8879266912341524,1.3412421338837759,3439.4876894048675,28.79418481230761,1.0
9654.0,31013.415342285163,47314.76216906385,44.19558472803124,225.16543937503502,241.50444004326388,179.8626058202534,3.881911167208998,1.4475460794536048,3517.8481113837893,27.979190379533232,1.0
9655.0,28550.032241003726,50565.751808940346,56.35872500452987,221.78494198601913,245.35648848654222,219.10791183165588,4.024320441673323,2.797851968806886,NaN,30.37798741904152,2.0
9658.0,28638.143935747386,50543.63340664621,55.14875187873003,222.01024202565048,244.88359675665484,127.62852539631744,4.309538917853716,1.8791687066267404,5564.517264796323,37.70659496883538,1.0
9659.0,28522.06536147401,50686.29747391855,-20.519448592766462,246.11631866474886,223.40518484402722,144.14486261348048,4.1959372348500805,1.4558471023807626,3614.9738867460046,32.324321920063156,1.0
9659.0,31033.189766015264,47308.96907790568,-19.970302178270003,245.92192352438627,223.54534118658128,188.97093366518766,3.9768620870227527,1.495348857659528,3807.7256707736465,27.520584144679987,1.0
9660.0,28566.561137084173,50575.24107715024,52.1860156774357,222.8525331908559,243.96054353747323,148.00227018863134,3.9610342784242736,1.536771539076233,4631.914793206859,32.01644392860494,1.0
9660.0,31082.04091660257,47281.58663488534,-123.07121660474716,287.4044552460275,201.26023345614232,444.85195832767437,4.200465501198028,2.020981383860328,5006.584010446923,18.02460319084123,1.0
9661.0,28611.295941893444,50583.93876222395,-85.56419066219998,271.1535346574395,208.4298502196817,199.36040629106435,3.6471030472068446,1.4309392987554048,3658.509607972898,26.844697522911332,1.0
9661.0,31003.20399271266,47285.3823999412,-12.33327555352535,243.5385878447055,225.75322581934546,655.0842991426617,3.9860091090214054,3.164088035955095,NaN,15.237657071226595,2.0
9663.0,28587.227291071256,50602.42548479929,-161.6562319166263,305.50678962268626,195.0033214515936,141.59370295794935,4.833931511950138,5.7280885297796695,15448.972679607463,76.49214713008217,1.0
9663.0,27703.12897238303,51050.03884399709,-62.804725672460336,262.11926678250273,213.4486581778609,882.8765011007903,4.347048031466713,5.9986864009302785,NaN,15.928251200790994,3.0
9663.0,31001.94353269045,47249.09421451525,113.61657635027134,207.1539493468864,264.5265552520666,544.6664357787977,4.537888394989164,4.982762282090341,NaN,20.535056436743886,2.0
9664.0,29726.053359431455,49317.76274327194,-235.24986861167284,343.9261543663239,186.2152495221432,174.82334486303324,4.4287719655886315,1.892430685328278,5220.847122940095,34.05447807437273,1.0
9665.0,31011.718786764388,47363.73899226315,98.73696721649146,210.864352335543,259.47067314996025,273.88651440054866,4.081301446938552,3.0800786631145387,NaN,27.089198859021316,2.0
9670.0,27748.40886547241,51076.67123408485,-32.400006251936304,250.39160594591533,220.4292301040816,161.53874076488086,4.013122560510854,1.260935694304128,2934.1025525946247,29.291105833774207,1.0
9670.0,31100.56280877818,47123.97111833513,338.2636883300998,179.7106545634661,363.95157967481975,105.75620740162924,4.06896528696734,1.527020393763607,4168.643132510652,45.01717772061159,1.0
9671.0,27712.495033861593,51067.89719087642,-38.64674785574419,252.692923644899,218.90763578713594,206.52829040341788,3.875215483876203,1.6946042605273186,4477.532638889328,26.917328146222257,1.0
9671.0,31199.101919618093,46724.58637276433,745.1000742367286,251.27643886390027,642.0119865815083,268.5192387817609,4.024987975258122,1.917956281521679,5109.040939421403,48.49589579591037,1.0
9671.0,31183.435547411085,46978.02178273787,649.3089292502548,220.37732220696404,565.1881058913666,206.85279511741294,4.096222646176089,1.9568799662903897,5605.200764836103,49.08591805361037,1.0
9672.0,31141.246389862867,47089.58616828858,519.5064142400379,192.31415940710664,472.24546088601585,152.13209950520042,4.004505247249909,2.110923295102971,6295.75533323501,50.74345692289829,1.0
9673.0,30176.695802636823,48447.56779628902,-199.00303279439345,324.3653103371553,190.0277819066847,174.35350802538545,4.884920444394674,2.1659390691494456,6146.659178873904,34.99957696947405,1.0
9673.0,31267.793577474087,46536.553549226555,-244.40040605426935,349.060170528582,185.41106521776422,148.666508298431,4.1562791865306785,2.1329023659969635,5852.429433585325,40.34957420612521,1.0
9674.0,31187.889726219415,46619.86848569271,723.1973217742188,243.4482560074114,623.8294450474207,265.4899977202411,3.8936637869081125,1.9799278280645702,5599.976267717058,47.49520909405633,1.0
9674.0,31185.9816064061,46878.181148135474,631.9477309676843,215.70341654249108,552.0130937900465,198.2942955178151,3.8732328472753785,2.0144673547881315,5593.464647341271,49.70808761679602,1.0
9675.0,29720.923761847393,48938.03187546594,-642.0420954201799,648.431271014694,212.10245413344828,288.244679562216,4.522984518588567,1.8250157717638338,4879.388368031537,40.18064315914753,1.0
9676.0,28783.68798007391,50444.17649622622,-450.5984708117945,487.6786635527262,185.8195037462038,325.50072689450656,4.273074721617151,3.0394999757720704,NaN,34.347469403944025,2.0
9677.0,28687.01355974809,50432.42756388579,-538.2007920900609,555.8676540319897,193.50688896868627,151.34299646144945,4.3540419017546315,1.7196069989482645,4453.219509830026,52.16724882085974,1.0
9677.0,31205.779054144372,46546.339241525406,-154.57743062165824,302.0805798962417,196.0662295407782,124.26916009525557,3.9340956018668543,1.3765666028109662,3575.6306591197585,36.64419063417823,1.0
9678.0,31253.43662600151,46592.2745382642,-203.03939358633016,326.48225716966135,189.55368598312197,171.54621045470427,4.10959801501573,1.69067399465451,4238.083444616742,32.48762551006429,1.0
9679.0,31126.05323446447,47115.81704485534,346.2391395929579,179.61369616185956,368.19040457160247,207.2515337880173,4.187840834853726,2.1327396379009915,6000.8083934227,32.37285473875402,1.0
9680.0,31121.53732007489,46892.26563795414,711.9661985494882,239.60964287422604,614.6477429446019,247.24151662247618,4.147552778570107,2.240393422575793,7060.578356501671,52.26845695368593,1.0
9681.0,31123.500344212203,47012.71711519296,527.7573404147201,193.62512159384957,477.77122133583987,200.94129877154464,3.902390400319276,1.6930514385957678,4575.924383597152,38.14511072752909,1.0
9682.0,31210.31260285275,46607.006372433956,-55.586109242631665,259.1186208967036,214.93117112827989,124.28668405421527,4.109257098476487,1.7996746926295808,4852.11525666546,38.40266978139225,1.0
9684.0,31103.836602069685,47311.60679964225,62.824775421211456,219.86649144253602,247.30621274189502,193.27439028959057,3.918867205177264,1.7255614434791213,4910.592862092426,27.88960183903506,1.0
9685.0,31113.218158139363,47248.088644504474,209.59226233371174,190.10921081822715,302.7042469026994,528.7353328393473,4.072144426795369,4.175124273095267,NaN,19.99418797153258,2.0
9687.0,31141.61278938218,47116.3384491527,675.095587044681,227.84410855009713,585.1809752290262,378.6479382914408,3.9835870650477196,2.1846324707456564,5521.531820404616,34.918379644840876,1.0
9687.0,31145.00044458533,47016.64187219048,575.3962273414535,202.48013432930148,510.7147982590556,676.8427164289155,4.230037740031882,5.130685335454306,NaN,28.93612609164868,2.0
9688.0,31155.947839149805,46907.973849781665,566.5743833616995,200.65409143211667,504.46372972100323,350.44383860321153,4.357868102444149,2.9269599751610063,7875.41089182717,34.62606260934541,1.0
9689.0,31115.626291321965,47272.37149297581,136.34178812209672,202.14919808290583,272.7832970176047,173.2207223309606,3.804509587547587,1.553281741725689,4428.268271462023,29.341008818046742,1.0
9690.0,31070.534142252818,47285.187512565026,94.6551531351374,211.56986191327658,257.83131240037494,311.9222935732545,4.287849032059841,1.8566220044369228,4242.158824653945,21.170388184096726,1.0
9692.0,31188.106199212012,46385.22475097943,894.265692801752,316.6208294244033,775.5650742885301,885.618726603384,3.8921075742084623,3.9423414597470225,10288.237671066054,39.80351209950982,1.0
9692.0,31259.547973576246,46587.3374450884,-103.96450330834594,278.96019452338066,204.77859203013284,253.68819567479116,4.971430309681351,4.986081671790648,13969.814330228082,39.28661778690491,1.0
9693.0,31116.384290064878,47359.5022009727,171.7580353584659,195.43310193274806,286.5267760761235,195.60329696184587,4.115162052507512,1.9781516254967326,4739.471530295559,29.336868317276974,1.0
9694.0,31120.306944995205,47106.11607302081,487.56202953560154,187.8440423859744,451.3411338020396,258.41484438074093,4.056740514448777,2.3003933335062365,5897.241908013434,33.98786589804181,1.0
9695.0,31146.18014679482,47321.14383963289,138.03069955333427,201.8020662860311,273.41698330505517,212.01128913113632,4.125611566145647,1.784500698910367,4954.479275250849,26.78387891679173,1.0
9696.0,31137.90959761658,47204.00169984474,446.8814091930661,183.5516399824745,425.8514260738602,367.91381945247747,4.08820382731221,3.6863226830460203,NaN,30.9634586651937,2.0
9697.0,29688.07748513445,49422.6064462134,-343.27116041518957,409.56851276495945,180.79159098070622,237.98666740904784,4.119153301661354,1.8477523915642446,4780.818264003706,30.275286638745644,1.0
9697.0,27161.816521880137,51371.380194632125,169.87127820357165,195.9088531824572,285.88993864560257,7987.011332442059,4.36516861604821,32.99531713786629,NaN,7.76813378106185,10.0
9698.0,29732.289779587634,49363.162162122964,-369.34695132942954,427.06295192857993,180.8147590783568,191.8522443686022,3.983511277181311,1.3270062031798155,2984.8634111955657,32.601887311721505,1.0
9699.0,31107.204024421742,47318.805461175456,109.85699399618062,207.94459750141164,263.13042658372467,222.31516181194786,4.176463938225057,2.2805864092663897,5873.085123893639,27.82082767498814,1.0
9700.0,31285.50648769095,46566.64793627715,-230.02852168516895,341.0320385978525,186.70271569911694,350.96485155396385,4.793898480884923,3.863095304794596,10371.996396124006,28.14153770490024,1.0
9701.0,31104.111045412454,47466.05657411543,821.1730735520824,281.9796884354634,708.0039694933653,873.5396477969848,4.533210239364597,3.723603104242859,10794.243704338134,32.89901906049025,1.0
9701.0,31069.053823639846,47311.88902563707,36.831978689057465,227.35021405309152,239.2840922589035,369.3927090853615,5.484028795387321,4.197064126934378,13430.862826570696,25.090317982435113,1.0
9702.0,31339.517216494474,46669.58874702998,-172.39946409271536,310.79689746876284,193.46314372169778,191.0730176363414,4.5947139760216595,2.7467288745202585,9128.962757896134,35.83661768171355,1.0
9702.0,31339.152667183567,46671.00661677937,-154.98553413718014,302.2768224315225,196.00391394966616,183.7451569996604,4.791148445322752,2.6297610532804194,8095.63242333446,35.72320566018747,1.0
9703.0,31181.807011621968,46459.39933911331,904.4196529272701,321.83170052601577,785.2726960820727,539.5465831535088,4.29598379308149,2.565740280765166,7144.462929542817,46.71969171765341,1.0
9703.0,31270.00896735777,46607.373261480396,-216.04770611228196,333.4092595170501,188.11026525164675,200.73598937927346,4.944308398830482,2.626324336365355,7369.915818185014,34.86752326403868,1.0
9704.0,31113.816743125673,47326.809570475074,228.56338337110327,187.130988640613,310.5666164401289,328.7917784474228,4.423439260545462,2.30811140090594,5722.408710465181,22.449682842688276,1.0
9705.0,31177.845643964505,47424.66541974705,141.34273202522297,201.1291346560299,274.66598249979387,174.3599497627292,4.6352875960597055,2.1788921200857074,6114.148988109547,32.5156780035175,1.0
9708.0,31278.40686223672,46564.45239924742,-283.66599354653823,373.2382080004632,183.69586538587603,583.287347963934,3.832712957832882,4.285836831373922,NaN,21.38695018914496,3.0
9710.0,31196.040669773593,46572.362572846236,-126.26945442543922,288.8515601871308,200.69848461060255,144.66336345253288,4.178582939973805,1.3187585522861665,3221.4873725623925,32.532570172086004,1.0
9712.0,31235.708460950707,46580.527488644526,-230.81688244491232,341.4673675522884,186.62778246362427,129.24479358198707,4.081705380055328,1.1909868830957846,2702.3538134325836,36.07503555587123,1.0
9714.0,28560.737840907783,50607.695268106094,124.56744613423058,204.6439906263066,268.42592142564723,216.60095849466217,4.1364467331453545,2.257937729585413,5641.561544803693,28.289625363981838,1.0
9714.0,28560.686982511044,50607.77484334209,126.78953109835332,204.16315863717736,269.24016874006804,218.29126006623798,4.081662942886738,2.2613465394307823,5860.677167758863,28.169066273306242,1.0
9714.0,30969.63211171666,47282.23460208315,70.64156976094038,217.74052784514913,249.8194038529763,123.79777872050491,3.7682669432636535,1.691988759248774,5329.026061592178,37.06113100407822,1.0
9715.0,31012.3148397814,47301.06233681284,90.54004243085897,212.58869503396903,256.42714198935573,269.3362147580873,4.510336532029155,4.003228337700754,12984.422167558756,31.274853995771423,1.0
9715.0,31267.60712051446,46589.25455236145,-185.9059008450922,317.60207394552987,191.6516297101134,225.48112621843813,4.82178395469488,4.7560552201793005,13804.655103107647,44.356773737165526,1.0
9717.0,28658.226338514884,50475.54009766757,-141.77756257654775,298.55645649297685,200.1468722291504,978.8891788667231,3.8132129623842834,7.641000459576773,NaN,17.651420307579418,5.0
9717.0,31255.31812157168,46607.30357128524,-202.20677260425646,326.87711577125606,190.32349817742784,580.0002401701668,3.7284889651985673,5.6653618195725395,NaN,23.15430797955524,4.0
9718.0,28584.963209958296,50460.17053200105,-135.34059486855367,293.00845147724226,199.14760991882747,197.6560920714427,4.015668330220207,1.354507156209069,3260.570182099578,27.206675215078594,1.0
9720.0,28681.44087936371,50448.10423262342,-157.9812747305189,303.72217600257903,195.55036326622442,144.6695568520409,3.683960212534326,1.3236568893603047,3483.195433750717,33.04151367138998,1.0
9725.0,31215.666537894744,46586.34201188484,-141.84447412612374,296.72676387212186,198.63197654832896,287.4167203198061,3.9207023491959125,2.938294329666495,NaN,27.030751999302602,2.0
9726.0,31085.760882129798,46984.556783116124,634.2688774452746,216.31184508352035,553.7612556953063,219.32108581113727,4.474862403573037,1.912608890860496,4978.649202542608,45.18087983228409,1.0
9726.0,31224.842004165406,46693.68227655084,-63.46575190920298,262.19985720743983,213.15596840866155,132.2629000307361,4.318773149725549,2.4265919819366792,7499.9783495339,42.038694340527755,1.0
9728.0,31192.166814871718,46550.09458176689,-210.95412461909837,330.6778892140107,188.6600944862854,145.54232647712553,3.5759871051299696,1.3292138667833817,3590.2095610374417,33.956514627565625,1.0
9729.0,28587.17190378159,50473.11636810908,-149.8836171057069,299.8347824730762,196.79207914871242,115.21832107298518,3.522944856738853,1.264488524670236,3868.961713007628,37.494056492885754,1.0
9729.0,31251.344349936164,46566.698522715466,-230.78152747455553,341.4478321579792,186.63113278866965,136.78775496977894,3.774243612176521,1.3966134409050772,3031.9740827891474,36.24081516444901,1.0
9736.0,31280.1280364382,46620.096652629574,-200.72547704798575,325.26680003277977,189.82395130334683,171.39031591158695,4.149572136963945,1.5975349567673651,3926.551750437633,31.928021759852214,1.0
9740.0,28249.16777687153,50911.94935934991,-66.4139439475052,263.36776270586716,212.50393503664407,106.43892441407901,3.52695045091826,1.172955710202002,3208.596230384373,37.43601006519303,1.0
9748.0,31043.953751266745,47374.033313700806,-55.692593012136854,259.1598697787335,214.9068660259122,124.63513710584104,3.786157345647276,1.132099558219435,2619.7671192818266,33.66389563703339,1.0
9761.0,30879.29315923146,47181.97176494583,-48.11355297678504,256.2506618547608,216.6583755409254,183.85517181547377,4.513193305306962,1.789268752792348,4862.013538407651,29.463716895739577,1.0
9762.0,30878.043201047014,47279.76240777682,-177.63910400544205,313.4164505898497,192.7438861190295,213.34126879102297,4.461284260226887,1.7249038433903172,4898.77146807461,27.978085001344,1.0
9766.0,30923.074110024885,47319.58165022286,-183.16444410629458,316.2068844859484,192.00807468751293,142.75257951541346,3.9049000900527493,1.3909874984883157,3848.0415792441368,34.18351874847396,1.0
9767.0,30919.9759357218,47371.529430126015,-311.95725758097046,389.40712627083207,181.44855148617535,241.07102276952793,4.107517956201207,1.9616270799807898,5122.251032262032,29.671968010066475,1.0
9768.0,30962.639439505485,47314.19167687467,-25.49569050594984,247.89084828191355,222.1455966501049,185.27449920874926,4.157313197155794,1.6660338677739166,4593.431955914413,28.60689636565799,1.0
9769.0,31012.127112681592,47309.878955738845,-125.71223503681513,288.59874155092444,200.7957956651924,261.2090050262789,3.8309086284395963,1.6064459156693693,4574.457117509519,23.710753351169096,1.0
9770.0,28204.249300296622,51452.39767411053,-19.759891002004437,245.84751435456184,223.59910445018605,126.1499389131496,3.475989792807498,1.2652865570763046,3699.685463880198,33.943032369337885,1.0
9774.0,27452.129785988014,51211.956977748116,180.40161089500376,193.97355860064025,290.0260822634264,113.77049465957622,3.796499675355724,1.2343564521374553,3345.517450074617,36.477202767251626,1.0
9775.0,27453.948508479327,51175.539033794426,173.2543374307185,195.17539573385318,287.12847098784067,190.0724637932028,4.597902207705109,1.613328464969601,4149.377610839232,28.23059469512644,1.0
9779.0,28225.574222765274,50919.99664458941,-83.95775954896493,270.4871316197661,208.76086842209304,122.12790723828097,3.6087387315151243,1.2757875105751972,3378.228806694111,35.26668110018643,1.0
9821.0,29518.098280734674,49074.564602751896,83.98839376524462,214.24372561632492,254.21819839541809,133.80609323277423,3.8123221805703382,1.473891790772743,4172.361589064411,33.78829607684699,1.0
9833.0,29529.615409644633,49205.16779649827,-444.8483501328069,481.3334729757284,183.80419529045372,207.09836646907806,4.15720976542755,1.453991815332015,3670.260685013196,34.60864891103199,1.0
9838.0,28313.6988102551,50965.5049231125,-62.67906051075918,261.889600332004,213.33107567296688,112.5454304773044,3.7277745335524166,1.2771379874092519,3496.2750439166834,36.877526148890915,1.0
9839.0,28260.55489932399,50972.15035963833,-78.39600979999548,268.1987237843616,209.92210376142802,113.95289987984839,3.6400095409925606,1.2168618882546651,3008.952629074854,36.33460074124978,1.0
9843.0,30982.902495450377,47325.31232766569,-27.544539933645325,248.64268047622642,221.6441335282653,574.0695048037039,4.421038269561851,3.6901928135645514,NaN,17.438693835098654,2.0
9844.0,30946.385200341625,47291.33510246345,-74.93418691131146,266.7890695289963,210.65679950862258,384.84970586626366,4.292015799080261,1.8893553375006764,4418.84410994963,19.074302309055764,1.0
9846.0,30987.601763020197,47364.53675966843,-146.73059748801361,298.3378574121915,197.2890885848407,101.0437797423723,3.6524256148049488,1.4336120906256253,3879.873933430959,42.29100115292333,1.0
9849.0,31028.92437709637,47356.3737619245,-57.14183785487836,259.7477638107113,214.59748667033622,1095.592069538664,4.3743938375444325,6.645127139609739,NaN,14.220559624841952,3.0
9851.0,31001.177984395308,47345.58676346941,-24.91993389591382,248.35447202245572,222.83193880114146,606.4243679853571,4.762198654863722,4.31093379399749,NaN,17.876263687072807,2.0
9854.0,28296.803133852285,50979.27810954888,-165.39605255885272,307.3359767165473,194.45719076511224,132.74757701411468,3.5474265987478226,1.3911905429701634,4198.587966789117,35.43913496963024,1.0
9860.0,29781.25209141275,48999.48191186244,-312.80120255743924,389.9383736124779,181.4210469793583,221.8919441288035,4.222227128530314,1.6235949277577006,4035.9232642380503,29.646468207657993,1.0
9860.0,31056.430440997825,47358.98084123498,-41.295428760596195,253.67981456681326,218.27144254506607,145.06017093469038,3.8687247424517426,1.4208928897297117,3606.1704599785735,32.141197187708684,1.0
9861.0,30016.657307041518,48581.42439777745,-147.01374145935833,298.471899476865,197.2441470581817,214.8530313262739,4.658969993104938,3.1012136747320778,9171.355241109426,34.351215036280884,1.0
9861.0,31019.49989310579,47391.45534516359,-84.38469278336474,270.6640008174004,208.67270347119606,341.5289329963718,4.855423122150491,2.6667013476154913,7589.711049020972,22.473193028866646,1.0
9862.0,29667.45698386175,49113.52004954265,92.66401635131186,212.06084028370728,257.1502792319737,132.3638307295646,4.586188117836222,1.5719734457818582,4030.269780204408,34.68233340283754,1.0
9867.0,31067.739814200017,47325.57789417909,-33.74948348312466,250.88564120579886,220.09800337140902,122.30938709472959,3.6804309878449626,1.3202132773405963,3630.296891652774,35.04598472197724,1.0
9868.0,30999.453606966097,47353.425960517656,-76.66971524770729,267.49436400897,210.28733016375045,166.31892525905226,3.6794137324699614,1.376461498659112,3613.0152948107475,29.619970260875814,1.0
9869.0,31027.850040609977,47323.80617949188,16.49843277743662,233.65026408134494,233.36878300509701,543.290751064848,3.6797730002194178,4.512355886834039,NaN,19.531884694063315,3.0
9890.0,30584.58763812271,47620.25990981267,-161.9890495002929,305.6690396902881,194.95428760727125,139.56229307822483,4.361840222761958,1.4119342454003956,3854.8323497587107,34.4069082912548,1.0
9920.0,31232.204361523924,46870.39646736925,-215.9422724830639,333.35247405924747,188.121445937067,183.67647325075706,4.0568779189502635,1.367605617126699,3367.054079378993,29.723655629040053,1.0
9921.0,30490.4567359071,47724.15307650463,-438.6793117754214,476.6974892567059,183.39695533514043,222.4544367097714,3.950662134399874,1.6662156798157826,4595.399506381443,34.13953217839501,1.0
9923.0,31374.10849053467,46636.08482999127,-241.13803656857087,347.22072260611907,185.69045502457595,223.2508734530228,4.254898492673965,1.630995612300766,4021.310205090986,27.91458809595991,1.0
9924.0,30981.358673531344,47079.878552271315,103.33534913998506,209.47315755170425,260.83551648117157,163.18022907334117,4.3073802543068105,1.607376890753961,4410.811335439277,30.55425941335122,1.0
9926.0,31183.14120083183,46956.83030304752,51.324620709795035,223.09897667586,243.6934274376668,148.92376723316772,4.710851358638263,1.643797121834594,4326.059046656352,32.496641106055804,1.0
9926.0,28850.5680511476,50413.3518318069,-380.32965608743643,434.92529390805305,181.22371747805045,421.8667840854814,4.341436532076493,3.5517797171463927,NaN,27.530484291086278,2.0
9927.0,30859.752079038994,47466.92272722447,-246.3318432827573,350.15391816717204,185.24947915140916,247.19751338869528,4.450637712685134,1.5832732391065034,3818.5586692042107,26.13470049870086,1.0
9929.0,28768.371817321626,50443.13963597285,-350.14527709732334,414.1181718517,180.74740208648922,206.7552366595855,4.221142007993252,1.5001653274566564,3872.8541241628873,31.453996566297498,1.0
9930.0,28841.864681689854,50448.781606786404,-425.0020376727807,466.8796043414411,182.86620869589956,398.6178943769537,4.234181215483856,3.422145155872718,NaN,29.937040575637926,2.0
9931.0,30949.58520370034,47239.71417816647,-195.22717233666216,322.3988963034221,190.4825205796222,172.50241109281,4.459720054334231,1.7866505469716893,4894.90562493318,32.76972709899063,1.0
9932.0,31058.97739917619,47211.51946541233,-361.3848857965906,421.65314204720954,180.75272885308175,256.5762127851215,4.337382917096081,1.7104828247868205,4807.21061986981,28.731111212862768,1.0
9932.0,28891.61544277599,50446.02176602723,-331.96608140363526,402.1992583626884,180.9556279771947,353.55796194760956,4.102708075771106,3.2189496915825586,NaN,28.21304879487641,2.0
9934.0,28849.995324867305,50430.32032239298,-318.36578187818156,393.45798489584854,181.2532836121142,263.91858821504053,4.530314913605219,1.7044717223877692,4302.36789088297,27.055460831787116,1.0
9934.0,30797.396104513657,47484.949593015015,407.2968571480561,180.85881041965524,402.24773315186144,197.1426082609111,5.099551372340306,2.566056946399954,9050.734083296362,39.00135842668519,1.0
9935.0,28788.37774519743,50471.08256389264,-469.77717844715005,500.7146963801098,185.97303915798332,419.84798623030383,3.7758676534193483,2.8196236962851398,NaN,28.027400002333334,2.0
9936.0,30637.59427640356,47749.93663539628,-543.1069973204025,560.044691527081,194.22681182821725,318.113295390084,4.146084608325938,3.183431750323976,NaN,41.35200268525599,2.0
9950.0,28998.978031046583,50220.67373774747,-510.3691513406479,532.786583073267,189.9193115926567,184.8275041880255,3.7222425388156215,1.7375688925642283,4304.776572736098,43.42658673297857,1.0
9955.0,28920.97772805639,50469.1750829676,-395.48140202022006,445.24010902591493,181.35791626548993,167.7060718279432,3.984464698730619,1.4810197934911058,4167.548103203927,37.61051046235855,1.0
9963.0,30649.912041991185,47798.44066433349,-463.32218395593327,495.43106563021786,185.19719038033938,171.7659224497671,4.266666393749405,1.7503870015987624,5228.620590537928,42.82451824231503,1.0
9964.0,30545.35728610754,47786.9464798475,-503.66315545218663,527.334435535347,189.1431443500022,162.7633120293527,4.283937930698269,1.4815047602515323,3612.941638407263,44.14748846150647,1.0
9965.0,30716.618143352625,47779.58598882797,-439.2023637308843,477.0891662562758,183.4303585427046,168.68877265903006,4.044158384794229,1.5438647171149704,4127.739779398447,40.04208497310743,1.0
9966.0,30427.885781800924,47741.38221875667,-651.2234306357437,657.1047478471537,214.14203277265125,233.73054521995792,4.166163884120404,1.8845095302351926,4561.329890229826,48.17497255703524,1.0
9968.0,30633.90524955221,47759.40847629166,-550.8638170896314,566.6110141312381,195.33458533738266,145.27471394320355,4.123938567118533,1.5260262847581134,4022.589573733556,51.98325793238148,1.0
9969.0,30595.821247079333,47749.641375000116,-574.3059047227208,586.8984457286621,199.04057208527038,177.43403648858344,4.14465961091764,1.5787223660290506,3672.275374855063,47.52886282372428,1.0
9979.0,28951.991860770446,50241.5680714322,-508.9777004555588,531.6518108826192,189.75544406181604,340.31210126609875,4.236136495326906,2.0922530964176205,5404.375393266337,30.50733036432578,1.0
9980.0,28798.37853193189,50398.77696366168,-497.08974337537234,522.0312402515192,188.41558487674826,247.7063856795386,4.160906570647013,1.4919077841548831,3625.8109689991,33.25101851184826,1.0
9980.0,28743.249407350577,50401.478234358496,-638.6708862745636,645.2664904863295,211.36968518513228,307.2728301768613,3.9505427211798603,1.4676626182039307,3440.202949028602,35.502689159896185,1.0
9984.0,31084.256065372956,47092.794996360135,77.44755559980577,215.93640309675806,252.04553116270688,153.133772276165,4.537950654419921,1.3753975575892052,3642.8067175714827,30.530738654851863,1.0
9987.0,31189.67470932343,46789.19873484688,-33.569909445371906,250.81980120642248,220.14199943992418,196.56164733527044,4.7882479997958365,2.0970550837795883,6236.340399117885,29.537740669463844,1.0
9988.0,28955.05802595073,50256.56543659657,-709.1973828166211,713.7076084890003,228.50412365428386,228.31739822146736,3.9577912875222077,1.6359226171185481,3884.042924951496,51.11619554594311,1.0
9988.0,30729.727485609223,47627.898412997296,-257.3281970755641,356.4480380298355,184.38368212565726,177.61944124143727,4.165917189933952,1.62521808578987,4110.90228533835,32.628166404115255,1.0
9989.0,28947.392085159885,50211.35462416991,-586.05429067868,597.2607592914494,201.05542586810924,214.18208753632678,4.219379668307765,1.5619327031131114,3806.26501846478,42.32978863652872,1.0
9990.0,28952.114182383735,50144.00629860946,-615.9202192899735,624.1891218845587,206.65103451111005,171.19429845686378,3.910854408174273,1.6280128593098038,4229.580813906749,53.051369488151025,1.0
9990.0,31289.74635732452,46851.34685858704,-89.9619781207223,272.9903388252642,207.53371205190467,207.1563403803289,4.216069733316582,1.778731391268486,4790.077045481439,27.606788578562288,1.0
9992.0,31325.91492016994,46657.66819623496,-303.37250475584284,384.041352425572,181.75917536051548,198.7517020973943,4.219501949203648,1.5143076083859561,3822.5908329309223,30.948097982752664,1.0
9993.0,31146.473555835124,47012.17476865571,-108.9825989112576,281.1446201758628,203.82760773444028,151.58993248021972,4.312298537850126,1.8312425984976486,5105.275045382783,34.409603029834024,1.0
9995.0,28898.862315778264,50235.49578096318,-558.5713132673958,573.2241131918835,196.5068607863153,177.26985517935552,4.087734819150941,1.830342596846504,4986.5769201602025,49.46968056399769,1.0
9997.0,30994.70816071502,47349.41588087754,119.30149579305615,205.80207005484587,266.51132398248956,119.60548119846227,3.62625399885169,1.3709578726149647,3613.671858676216,35.73869358302604,1.0
9998.0,31029.576929271774,47386.19793742141,-82.52809888931833,269.89610567156626,209.0571156112228,109.63015199207281,3.8810151361921856,1.3990945353009734,3596.190210055542,38.69411656949999,1.0
9999.0,30970.005251909053,47299.911764718905,97.5049482394388,210.87365864019955,258.8112913148024,107.24988708131032,4.154763092137934,1.3284285553581292,3365.6040782328423,37.85812351954353,1.0
10000.0,30969.84783387348,47345.06901102375,-44.01591258771149,254.700346203693,217.62356866928678,237.53550453700657,4.530885063909562,1.9250184647816175,4904.414063551129,25.5027518299128,1.0
10001.0,31013.92868865911,47355.14331224249,-11.22817657456659,243.1125950991508,226.0071573629501,700.7957018488514,4.012775391947804,5.0079380336335095,NaN,17.111197580309714,3.0
10002.0,31000.046019228736,47311.55456315469,-32.91637760536987,250.58044346371034,220.30232376975232,293.05523075836135,4.452532833325263,2.054196519010599,5518.879346863926,22.66617278853906,1.0
10004.0,31032.224033414674,47328.95584303207,-84.07882859837561,270.5372704461092,208.73585263463298,227.0597055755792,3.80863828510994,1.3305033468763139,3048.462220823104,24.540860996168025,1.0
10012.0,28872.767181414558,50233.61174638405,-559.9274126577532,574.3934536555487,196.71780092862025,225.31867339449482,4.197752940814428,1.7580658392980324,4406.718914439664,41.01051288394692,1.0
10013.0,28984.687232261873,50233.706862002764,-472.1635362493055,502.2918721810105,185.95588561144535,213.13952539546816,4.29452422254998,1.777046733140699,4684.461733685593,37.53860331968272,1.0
10014.0,29054.639341412952,50176.94809504399,-528.0162423319106,547.3367577366878,192.1255864621547,215.44235968966012,4.44438154117352,1.7211346609516087,4199.554687270063,39.92617716787486,1.0
10016.0,29049.60950010545,50135.49082789257,-447.8524375106973,483.6591748085352,184.0575845697732,344.89324156590783,4.19157174611316,3.09707484107539,NaN,32.749609124438905,2.0
10020.0,29087.571668084525,50104.302752505944,-374.0117865321502,430.2602379109246,180.87354625036363,167.08661626619153,4.229332182862769,1.4780346114694705,3723.079864497159,36.78910991805147,1.0
10021.0,28800.577714215906,50159.2385349357,-718.0102533095538,722.589573863303,230.91164663752875,222.64149313673775,4.072864444130433,1.6039146291355617,3951.1086440896047,52.456333395224895,1.0
10025.0,28958.867606005777,50152.549333250405,-487.50006628542815,514.367712326102,187.4132409127583,236.46852036027664,4.523738748845945,1.8860488340593793,5233.113158130687,36.520351155467594,1.0
10026.0,31058.671116387766,47085.635234673704,352.84198933337666,179.5788109550603,371.7363929015183,191.080972436438,4.4409770490292315,2.4159537746163586,7263.734765783138,36.38379164864846,1.0
10026.0,31156.553370409936,46919.72079965857,-55.33835471909979,259.022688993402,214.9877549641811,183.35900692155056,4.497095441150595,2.3837946487413784,7260.113511779244,32.72895462795663,1.0
10027.0,29365.6571579689,51041.87385298144,235.91966997065478,186.27841237441956,313.85962541114,131.72877675351265,3.926386043521212,1.5653893331999753,4856.328163912304,36.34616786090935,1.0
10027.0,31021.940930743487,47309.13221336618,-267.80307200258903,362.5497181111123,183.6446449873005,390.79611202625586,4.273215973721741,1.9763401274990746,5760.60471628449,21.08133998753262,1.0
10028.0,30949.131347290277,47396.349977467224,-177.97005054719418,313.5827762585342,192.69915880504254,465.660303325026,5.334367884831501,2.185172943281106,5591.367611468223,18.27229191317616,1.0
10029.0,30990.391710056334,47376.456048972155,-113.81998869641488,283.2728617767911,202.92903565561423,284.9449751197834,4.114706492587548,1.874486287151943,4394.834392864758,23.128735967692357,1.0
10032.0,30925.975207291587,47477.722961010164,-158.03691325617032,303.7490999456657,195.54200436836823,152.77860145297225,4.215360234034157,1.5392848156534178,3924.3009128835947,33.185699159284326,1.0
10034.0,31023.289148811236,47344.24451380072,-33.10543669270932,250.64964544384773,220.25591036267213,207.34099741207922,3.802069653017474,1.6475228785624612,4183.695798795637,26.63971575127423,1.0
10035.0,30994.4613554297,47346.63899012863,-101.40324135871683,278.507701564291,205.79934118687396,527.7737835206175,3.942308319061632,3.6790523513786484,NaN,18.948060276663615,2.0
10036.0,28787.16332585924,50434.720714209056,-473.488603398956,503.3264636150193,186.0747256320333,240.3294933588359,4.5951102571991465,1.6823522324364684,4649.916043344902,34.04374691069774,1.0
10037.0,30971.988002169495,47381.288810222395,-157.42641249505098,303.45383329377887,195.63385251074538,179.25580379154962,3.9002430555290015,1.307056141727639,3155.7623019011444,28.93101220059527,1.0
10039.0,31035.034888566388,47356.00532019975,-143.1695098406919,296.6584717738725,197.85953236611817,119.47410779512929,3.721141533728559,1.2109553427317454,3198.6135097024944,36.15518483097656,1.0
10045.0,30975.152486993844,47399.6497322649,-107.78600841448237,281.05534788183843,204.40318687816495,473.49698145039815,4.471361035826555,3.5457718876052136,NaN,20.171143268875237,2.0
10046.0,28998.64159348671,50138.45482446453,-537.8450243381926,555.56800313161,193.45730472506233,165.09247897727906,4.647222806962087,1.835500046039067,5582.4614532060095,50.43897675949228,1.0
10046.0,30181.750654696163,48610.22743409608,-476.83263704025075,505.94479400666705,186.3805883238618,135.1762387033501,5.255761830489447,2.7801107560513163,8135.880297444165,68.16169033168423,1.0
10047.0,30976.85174821003,47386.9573557398,-154.97216469880723,302.85715871482347,196.48015281283836,1280.736436509342,4.902403169378767,7.23790328526684,NaN,13.857361785998158,3.0
10051.0,31258.36518500347,46607.84828937221,-219.21094656105103,335.11782315286564,187.7787600342441,216.95292772906424,3.9115807868914634,1.653537310512352,4262.505378166348,28.0900514658695,1.0
10054.0,30944.72743547206,47490.4886064662,-217.19048390025284,334.02542033506734,187.9896231790438,138.4805132004641,3.5745969815914926,1.3197903814809815,3729.558449101316,35.104327352965484,1.0
10063.0,30788.452913496538,47760.03556237662,-235.74536809700604,344.2021380707392,186.170068971028,114.35975205094782,4.169359838022234,1.5191885587777623,3802.2874933573166,42.009723540734605,1.0
10067.0,30580.375563490234,47779.96611129849,-530.3505744056324,549.2834266893461,192.43520276747373,178.3324913459147,3.98263502420477,1.5925869470015102,4141.361299546434,44.32805701809588,1.0
10068.0,30635.904749913734,47791.77876768187,-450.93669992815666,485.9440070435427,184.23454540685557,155.49844710504425,4.599903576913102,2.0584809115465523,5902.5784897220765,48.72814111312377,1.0
10069.0,30214.62357482245,48781.80311903555,-254.686617092052,354.92563798813705,184.58325701998876,322.25810742425153,4.437724567605032,2.2163869674834213,5614.108363987726,24.262083011759298,1.0
10075.0,29043.893559438155,50087.791212385484,-422.42557623041586,464.6547770519639,182.46286401454645,175.20615318548514,4.521696024527531,1.5749428829542436,4233.277655180211,38.48276928578306,1.0
10077.0,28827.84111262401,50140.41435049843,-730.1519694638845,734.9464464167396,234.3255008077006,213.06084055221297,3.9680954157547306,1.6193603504116787,4099.856911849904,55.68311933303844,1.0
10078.0,28959.128592768895,50074.78423051438,-551.3248509472933,567.0050099731399,195.40343347493254,190.36748232697002,4.08288366354098,1.5512844294280372,4382.15424838763,43.3293223795958,1.0
10079.0,31007.031255995225,47356.30729412595,-42.6924665695395,255.3138953729786,218.8358047498321,811.8438717761838,3.7427821209917242,5.7637239589228235,NaN,16.609635952141662,4.0
10080.0,30960.234164655194,47345.46851558496,-68.90877106576917,264.36247364438765,211.95734399897754,267.06382218551647,4.5206316312779204,2.303253761130918,6170.282457189318,25.08932547238489,1.0
10089.0,30681.834801466423,47846.020444754606,-522.484165045128,542.7439127125226,191.40841660928294,260.98816662037274,5.100742483530122,2.1739374800046214,6088.735869600251,38.06607789581013,1.0
10090.0,30325.732435575115,48500.5102253057,-290.0340692655727,375.8422370785266,182.35322965689284,176.91977432503361,5.164353173181396,3.5627905617286304,11246.340488156644,49.25228449318519,1.0
10091.0,30278.16752786774,48505.53612269464,-262.34739305997635,359.3588397527254,184.0191268857753,213.68812076383327,5.150686124854598,3.00099194646246,9279.626686771582,37.03567447515472,1.0
10092.0,30276.574593821442,48563.86348602111,-310.8268655180251,388.6966182201924,181.4862418361093,160.65726876428963,4.767323856795244,3.031581481296381,9763.83146552571,49.156168137321934,1.0
10092.0,30616.879711843558,47818.87345564038,-562.0793713222495,576.2526089499548,197.05541294379083,215.87344412219124,4.970225265090497,2.872019260030765,8252.12166465926,54.999996252533904,1.0
10093.0,30621.524957713886,47735.47319628825,-484.2572590399459,511.79586494531804,187.0901489706481,193.53649153084777,4.213635421497194,1.6849549384014226,4114.015865465092,39.992378135846835,1.0
10094.0,30672.1002719378,47742.57771030832,-403.77094946633343,451.14024289533035,181.63893558362568,145.44511204249727,4.464949324420982,2.0279387792862518,5978.829272196095,47.59815360067163,1.0
10095.0,30316.608633617492,48444.102112667926,-385.75364788135136,438.39896290389555,181.09492687808384,178.77650228672007,5.176136490509411,4.9036548531648005,16609.940531561653,70.55245095024306,1.0
10095.0,31001.393653016046,47350.010805876984,243.2847990306091,185.47593433236187,317.1979080317093,361.1940457252642,5.749477116913672,3.718995297196712,10768.070902923504,25.45402873963468,1.0
10095.0,31005.67534596399,47368.60537100571,121.46400876645859,206.62401583043896,268.34617126196605,706.541837451302,6.396801102871334,6.847134177993522,NaN,20.213044786653665,2.0
10097.0,30937.377049972434,47618.58979247165,20.822169473663294,232.2767479294795,234.59924552520528,107.39033148797235,6.114723061469828,3.0361157960253666,10328.61389515855,55.47499826382714,1.0
10097.0,31511.19038632936,46833.52807364508,-242.83523682216176,348.17641611174736,185.54409432047984,141.35560223099517,5.038663821606981,2.85388277665675,8604.755200742697,48.922464940037216,1.0
10098.0,30919.604744422915,47665.11811278159,-44.07278016894712,254.72175333726386,217.6100860336819,135.55253604202346,5.52372082447086,2.594617566235113,7379.500864487895,42.46592958117668,1.0
10098.0,30184.512636650805,48492.07343160984,-401.5616096464721,450.8363757277417,182.5892989046548,316.97461674925665,5.116929956227255,5.277960015089465,NaN,46.28052929825621,2.0
10100.0,30966.64012636778,47648.02637446664,-197.76917686007593,323.7212569810326,190.17518388220853,222.3023216252583,4.882869880061096,2.2625297225820726,6203.565566385887,30.03792469758156,1.0
10101.0,30713.806750269185,47738.13692990296,-615.5318484797199,624.5501088651902,207.15299662458898,674.0731030672324,4.09336893272062,3.6152481945378714,NaN,28.307548446300654,2.0
10101.0,30673.755042224115,47732.2073865116,-651.7368217355177,659.0348360088044,215.423940686682,688.7951890769208,4.2183832913216825,3.7281792365679554,NaN,30.38593125080242,2.0
10103.0,30818.426978653933,47694.68586920454,-464.9177802970124,496.66378222534837,185.3297064630376,185.1209625123162,4.1231248082378915,1.7450169927767232,4451.306715945454,40.677758042153364,1.0
10106.0,30359.61163486705,48406.604135937494,-290.7037284550286,376.2498753897967,182.32017229062689,160.52918490634215,4.749544535240197,2.505812204679194,7300.349822892751,43.07356660299238,1.0
10107.0,30453.719027740684,48400.979558254105,-317.02846804488775,392.6094648185155,181.29144739076574,283.7814985677398,3.976424163656318,1.6881295518185564,4513.944387073826,25.774109289675796,1.0
10113.0,31556.3673356858,46394.326244379896,-121.98512750903447,286.91522708982507,201.45277074676054,122.11473658815657,4.295086826715706,1.547457004775832,4193.583216232299,37.78506044731426,1.0
10115.0,29194.051635959975,50033.44968548845,-187.7482291948641,318.5436583797189,191.4153075617856,88.4694806769525,3.801165713211179,1.3521382508697615,3696.6698231454693,46.39400742383012,1.0
10117.0,30837.93009812534,47714.22848104254,-507.245940406375,530.2420560181918,189.5535601761094,182.10232243711408,4.562424168358098,1.877145414769928,5389.9320285284375,45.16505335244934,1.0
10121.0,30642.71299133478,47779.927581358694,-581.2941463914028,593.0465312941199,200.22638322445775,185.4345800439595,3.8520369285799414,1.6491126758683055,4729.1777052939715,47.45877314100232,1.0
10125.0,31291.942795666328,46666.6133377379,-159.71006432603858,304.5601154391853,195.29173939179762,174.81390405725264,4.042421825185993,1.4935187221984743,4267.426751953255,30.27126905052887,1.0
10126.0,31226.85965830314,46671.68942989233,-102.81430856351058,278.9223027109898,205.3705801534937,1626.5180595402396,4.788298056195606,16.88415647484501,NaN,19.3864484881028,5.0
10128.0,30217.76913877937,48061.133785621125,-148.35061846077318,299.10580628866296,197.0327788833517,151.4544364709386,4.256176349361776,1.4574138280765039,3984.7003391628205,32.722304462281734,1.0
10128.0,31282.680832069374,46665.25584051629,-84.49874363588725,270.7112787086076,208.64917461580384,293.22613528479883,4.3041142493305244,1.9444554070194633,4844.17425750052,22.674864262426457,1.0
10129.0,28856.037665094944,50195.88169284197,-688.5029644678594,693.1388595818534,223.08345112056404,248.84899713620436,4.011975251938295,1.530135463766725,3817.928721881028,45.05017098763585,1.0
10129.0,30979.946391065878,47284.6633982381,2.939367522390683,238.0654156532977,229.5972693234525,243.15342574108774,4.462201034112165,5.135579834089881,16814.961177362195,40.06368450843354,1.0
10130.0,31124.65200102569,46742.985668891495,721.1347994686178,242.73440343942355,622.1360797045168,692.7762135264543,4.487259329947918,5.275904421676672,16517.278899164212,39.70261186037873,1.0
10131.0,31151.392154095272,46453.67041115385,915.9278358759707,327.8550824511697,796.370005636935,947.2363615993952,3.6891171266942524,3.3169930729380117,8584.873340017677,35.669679137623824,1.0
10132.0,31275.50140441271,46646.46504952699,-170.50317755853055,310.10120217469193,193.92739053502908,646.1853652377738,4.019465331337752,3.232430589127798,NaN,16.360996920529136,2.0
10133.0,31250.424549920077,46682.0950072614,-110.60636188924434,282.92049169992066,204.38383052500626,437.6852109896997,3.7486195383307406,3.176561532045456,NaN,20.52249109748096,2.0
10144.0,30997.18915307628,47299.32380388402,-11.711279362546136,243.1388906423665,225.76690043235303,517.9342452154724,4.024727686631121,3.2494598767942757,NaN,17.849759922950945,2.0
10146.0,30972.741362524546,47327.435877930366,26.091257757169796,230.62866131013772,236.11953963514495,283.7623716999184,4.1151802998011835,1.6884015175520248,4122.734864832123,21.96899948478238,1.0
10150.0,31244.75856687771,46673.79974749695,-168.88579467846662,309.05474343407246,193.9571929789114,383.965560338822,4.110503274596668,1.9452479774993428,4137.779407587597,19.946102953123894,1.0
10151.0,31225.304142474517,46644.77313808871,-172.46089350683073,310.8274590641704,193.45458995282743,350.5968016670605,4.050374088581937,2.1879179753334843,4048.124415400788,21.702544352625843,1.0
10152.0,31288.397292935177,46628.4596006379,-186.46532031604747,317.9356949781986,191.61842861988603,695.4410993582318,4.0894478282739986,4.638274939697623,NaN,17.905648589822064,2.0
10153.0,31309.704073771074,46638.211583883254,-179.85254683562442,314.58087067912686,192.48676224347795,673.1244009367531,4.525055960997151,4.345810147978505,NaN,17.74530252587891,2.0
10155.0,30876.786222517814,47669.91220144576,-178.56929143090278,313.88420294690565,192.61838400034753,108.08170596000551,4.693311349130957,3.1774968471400786,8257.394107718485,62.10325528069716,1.0
10158.0,30030.462087843433,48133.43064969328,-185.62650851659455,317.45956051803023,191.687694262172,173.4266810002776,4.122612929989967,1.5482662771363163,4052.7436921279414,31.136725116203586,1.0
10159.0,27860.927129464195,45976.96376397686,202.84285177486487,190.51307247845193,299.37711419692226,144.37204868582563,3.6616588498930476,1.43504356213033,3690.825686806011,32.91262151385691,1.0
10161.0,31173.545386217233,46809.10091958716,-687.8047604927117,692.4519381390716,222.90625587709482,322.2968581705724,4.018875894150663,1.3806415305840303,3075.9012387188736,36.62176907069032,1.0
10164.0,30994.631461625508,47202.32172073484,-254.3705756213875,354.743937140399,184.60749055399813,158.24949411465678,4.114284066545661,1.381603100927768,3451.447227227534,33.52651196420636,1.0
10166.0,30323.213873929886,47946.925468803114,-150.4664462720246,300.1125126178987,196.70103766360512,175.65653513076697,4.553399611636402,1.9717222441507978,6065.456543268597,32.60979185389427,1.0
10167.0,29528.30892171391,48931.29879829718,-483.4408084388555,511.1499064316349,187.01006608222173,198.34036335063792,5.409627914989487,2.0823202524702036,5590.288377863011,42.916726690416176,1.0
10167.0,31014.35315507711,47444.23267095174,-78.10748611409107,268.08080524430284,209.98298768774504,92.44714954982693,4.376798000111315,1.4903540004919456,3896.601900812813,44.18182692155165,1.0
10168.0,30238.294649924388,48510.21165439646,-8.102975219370034,241.7994819858268,226.63765713487152,660.955472425864,4.5056156937867184,4.154536010934761,NaN,16.47700824376948,2.0
10170.0,30143.368422466894,48546.48026898129,14.867943038854756,234.170643715909,232.9067320625085,139.58357817652097,3.9323985563928545,1.4791057553798623,3663.6912637391983,32.954600841945926,1.0
10171.0,30072.79988564411,48592.018815406984,79.2159862103241,215.47477862463472,252.62973401841072,331.9351024484674,3.9735594069078677,1.6697513439776435,4581.056265602779,19.994410707057487,1.0
10172.0,30057.490961631418,48560.021063688706,105.41474845792932,208.98142715005642,261.5637191823214,275.82144257351536,4.130056859335387,1.7068204623336831,4039.674583092719,22.43955848081142,1.0
10173.0,30179.34150429165,48511.3317118706,104.06142029241592,209.30099501560446,261.089411147974,220.83319453778512,4.261636693547564,1.6628836241669356,4262.375145085358,25.52406831368597,1.0
10174.0,30136.34395217775,48491.38282676099,87.37462754768178,213.38326549073486,255.35581126059407,143.88979108659868,4.284898120883933,1.941622911917472,5043.460351741995,35.19879762926441,1.0
10175.0,29124.006074564553,50079.723932886285,-488.3361600737844,515.032420363693,187.49784329800383,150.81576050409996,4.06017171404353,1.416959717699136,3592.7280775281847,44.769031343303865,1.0
10176.0,31476.410760195005,46817.86008045105,-343.2976328961273,409.5859482008412,180.79135173316618,310.38704019615545,4.019051856334579,1.6522635266895447,3853.5444242672042,24.870554641587272,1.0
10177.0,31522.595416230874,46807.15148285659,-407.2813014672876,453.6582870666596,181.7737218308002,204.38723605823714,3.7768443050253335,1.3495994760015233,3333.0126585679113,32.76727163911374,1.0
10179.0,31213.425121966637,46620.21301591713,-198.3826184487109,324.04128437511764,190.10175436996727,169.854462745244,3.7916901497094377,1.4124671048770456,3247.2002084598266,31.068029123924404,1.0
10180.0,31271.60479676057,46622.139634578256,-201.798899013016,325.83115932053244,189.69898846802403,486.30349188685454,3.9554939138899075,3.123088278226089,NaN,19.865650120801114,2.0
10184.0,30964.358226431894,47182.61951448665,-39.591908334625536,253.0443285622073,218.68000181710113,143.82426943318345,4.835633985840825,1.8194881687827842,5387.875297756528,34.75108731666271,1.0
10185.0,30998.98336554377,47240.05288571349,29.25398077001282,229.6519859549206,237.04224418407168,269.5058581572986,4.25874670142771,2.2018408005521874,5985.658090043201,24.146009305169716,1.0
10186.0,29020.555132103796,50070.49357308479,-663.9386267974099,669.2478888160379,217.07272881791812,203.21438933815284,3.975031089267609,1.6409732788398925,4565.298981436897,51.23092044575919,1.0
10186.0,30965.136914059163,47332.796282857285,-54.716244324323974,259.73105011617145,215.89697465209036,587.7962674183769,4.334859040194477,3.985130540958406,NaN,17.8653744491087,2.0
10188.0,30935.26411157038,47307.201123719395,-11.435956245309136,242.93735876808134,225.75306621126276,156.71954068086276,4.046200287207909,1.4815673683567683,4200.0291729628325,30.765133312731667,1.0
10200.0,30991.583983606346,47337.445080681595,-82.1512182300559,269.74062311629206,209.13547038954354,433.28022620358604,4.111439892637694,2.1718209668294635,5323.84171831948,18.29601335544026,1.0
10202.0,29971.875865962942,48861.69039867586,-86.19470701302238,271.4157596150981,208.3004646397512,190.18984039107644,4.055323543578359,1.6888524141130543,4644.022590342714,28.704677097731444,1.0
10203.0,30197.075578150012,48331.50038492713,147.9442436753638,199.8187111100411,277.18041338606247,170.3394228816987,4.584262888957362,1.7893532047281853,4767.4659364095105,30.911926163369568,1.0
10204.0,30430.751730185457,47870.030324103514,-346.1522216954422,411.4699293234667,180.76868696416997,144.7425828538003,3.973329144164595,1.2564677925632237,3369.7683739649824,37.455713366053445,1.0
10205.0,30373.278126488396,48047.89450029373,-431.5655130661313,471.39607880658826,182.9633543510762,264.240189947932,4.19274792773765,1.9181980110037848,5397.611002811635,31.606188832007053,1.0
10207.0,29147.843952718446,49879.59590859621,-318.4557648994079,393.5151393060079,181.2507646483477,204.1059353662918,4.383695610793769,1.5511697381189669,3899.5386893797586,31.03842714308456,1.0
10207.0,30645.99393221857,47877.78406941361,-105.1042017154366,279.4542321360869,204.56092233282075,187.15453479173826,4.314482634127393,1.8005350453595657,5008.125949443093,29.73005435741906,1.0
10208.0,28830.22757057664,50040.32238554957,-381.94874099576066,435.74739990150186,181.0116818399503,173.66930234338884,4.7568862298010615,1.8851965515026408,4889.537405602314,39.401187225360914,1.0
10208.0,30247.2256906111,48249.33783506613,-172.8080775619048,311.00025263172756,193.40630019621554,173.18986039055173,4.29349679485766,1.7080094496656315,4753.3716772586895,31.79813033337099,1.0
10211.0,30854.820264030517,47483.520662836614,-77.81233873648318,267.96026085225174,210.04533498068074,159.39686080441146,4.707524965243781,1.7588915354149341,4755.072343699062,32.45049804640771,1.0
10211.0,30854.651710205995,47483.87755143474,-70.26805344602164,264.9069023943603,211.66153542059533,156.6757136780886,4.798690140006233,1.7253867786434902,4557.478950143885,32.5425084857201,1.0
10212.0,28989.215936891338,50038.39828955077,-461.2959815572288,493.8691340388463,185.03170830918216,134.4392249428946,4.448653116006877,1.5712117485415127,4111.273449537902,48.558434365770374,1.0
10214.0,28970.04994040572,50084.6377303115,-477.4489043557425,506.42847323640467,186.43788532597966,185.52317973154348,4.830713303506613,1.8379844682764876,5111.188425998472,42.22585426414757,1.0
10215.0,29131.942844128564,50062.21048678189,-275.54889109111406,367.1282516708095,183.15193092599026,110.82951616757775,4.50396232426479,1.5923089779937434,4404.423784325373,45.13896241333618,1.0
10218.0,30386.97123661142,47802.423820184806,-19.639342500930788,245.80490275999,223.62992163279586,171.93444011174657,4.33618983142828,2.0106745172675855,6052.606084666012,31.761183418329722,1.0
10219.0,30566.351255764894,47828.26970419215,3.77211117107374,237.789161724087,229.82478474100688,178.01961494335697,4.287071361169292,1.9271817967743914,5747.92592773892,30.471352240878165,1.0
10220.0,31307.69593039306,46934.98047227787,-237.62640513490086,345.251947398857,186.00025599350158,220.9448350148485,4.983887271855109,2.570546108033369,7395.707156851178,32.74277673894737,1.0
10221.0,31421.53074270954,46865.414582823345,-263.1588334203382,359.8316522898615,183.96199301584562,287.189045350562,3.928360712508692,1.5686154245487736,3915.539499864806,24.121146639432073,1.0
10222.0,31454.12828860839,46874.61529109819,-277.24503289596237,368.1383878052356,183.05014127089473,305.76785906382025,4.02557852919819,1.6626163195193109,3969.3142190249787,23.751798257844186,1.0
10223.0,28979.83340546,50032.624149978845,-554.8312261530161,571.5890102374568,197.20998585073397,654.1943848198428,5.029634817063506,4.799233136739933,NaN,30.595842679529145,2.0
10224.0,29019.848880906855,50047.831332506685,-638.7828383288723,645.3714153583176,211.3938801432907,342.81458153514996,4.652729155781413,2.2558345853595947,5492.609196662096,38.67477967111897,1.0
10226.0,28949.65359999329,50063.09403661578,-466.1234180114889,497.59681924258547,185.43112294929065,192.23768110962052,4.309862456019994,1.3877566799922336,3116.625527757796,36.79642955059519,1.0
10228.0,29110.525466724615,49806.47410306289,-990.9997919677253,1033.9919108073016,334.8014558578429,649.5498158453423,3.9749265026011646,2.2138657259939762,5340.422264396315,47.60487738588738,1.0
10229.0,29116.916921854943,49902.7335723625,-151.90359874058134,300.79871426576693,196.47765184218895,300.57777529048843,4.733127969672433,2.3057492073967976,6756.177491542639,24.04184379581804,1.0
10230.0,28978.50998395782,50017.40383966062,-464.5923629443792,496.4121782774016,185.30252268102853,158.87481116917323,4.310888082903502,1.6615675937579688,4659.154450758271,44.37089477691314,1.0
10235.0,30327.36786462552,48153.14452381441,-180.33120902216564,314.77243409910045,192.38247116730255,172.97260245441265,4.429035966735077,1.4324674907369888,3867.26100954565,30.503140718603316,1.0
10262.0,30963.581639266853,47350.27153511246,-64.00534451571534,262.8460112693248,213.38607501292188,1332.0085061239365,4.187149615386091,7.264465960714069,NaN,12.902200521422463,4.0
10266.0,30880.22093369014,47293.595368385846,-25.542541273169146,247.90766624408954,222.13382744118945,164.12756544882544,4.2219919816800875,1.4144816787100447,3616.709377697677,29.65613731149566,1.0
10267.0,29089.708579004375,50044.21777612582,-230.60133151831272,341.34828316857454,186.64822340678126,93.46045557794463,4.448155993765531,1.5793669048484735,4438.15431721786,48.84464041387824,1.0
10271.0,28706.865653422632,50310.372573752225,-398.7748332785614,447.57646965911783,181.46329510826922,197.04629312115205,4.131468427067524,1.663817952567317,4443.181113513574,35.227316430679764,1.0
10272.0,27767.056302498426,51002.61900695231,-373.12135008736703,429.6483465920801,180.8610441393802,281.0674027030053,4.684660029226878,1.6116646018279526,3990.1587973016453,27.060187687666964,1.0
10273.0,27777.809206049824,50937.51247622526,-449.48919291741447,484.84468376016594,184.12966977669888,252.9753727620274,4.103428729823062,1.5590576677818866,3864.3629477190257,31.234649788614185,1.0
10274.0,27808.27057699293,51082.668576527874,-182.2540091945157,315.74511119369816,192.12771660890635,268.7498391266194,4.2638213100122355,1.4406445120718565,3280.313749518495,23.48203890234494,1.0
10275.0,28040.78843789432,50779.41067212044,-455.4862535439499,489.4120743358804,184.57456888440024,258.3523291433622,4.209926427126003,1.5521041692902924,4139.581465540032,31.01404684844419,1.0
10275.0,29843.849504791022,48433.9236264906,-419.2523063017225,462.3327059395947,182.3039889332706,170.95524379704202,3.8668379629740866,1.3458853549898342,3583.5213164136194,37.13146148248153,1.0
10276.0,28948.654942376685,50268.216009796306,-193.54685562437317,321.5281342440795,190.68837987547397,163.41242959977137,4.8817204143901325,1.690019955433631,4494.739462419166,33.329906778700135,1.0
10277.0,28338.09056207923,50685.547867303285,-269.46155313322544,363.52528180825954,183.535301488538,259.28660017450244,4.129914162532267,1.614935017416967,3986.653648528455,25.9318970741568,1.0
10278.0,28414.513092353747,50666.1094397717,-227.85700525506257,339.8359684142629,186.91156625046798,252.13805092976662,4.223294802013382,1.7494992428813645,4163.438418803474,26.085788940791485,1.0
10279.0,28447.344785446454,50584.137899595145,-174.61181245718547,311.8998011122805,193.15689744582193,207.2969442930698,4.1800579607059865,1.5567428737539395,4018.848280180255,27.72970805566315,1.0
10280.0,28111.135067554747,50777.58640806307,-413.0252477845821,457.80359557977306,182.01452608010254,197.22609273191955,4.348193901263177,1.6695518041651505,4204.157262391507,35.84681939037686,1.0
10281.0,27771.60353211183,51145.50837392309,-446.70160230677754,482.73318740925316,183.9322001859968,276.506331339991,3.903840317837912,1.5381205143153271,4043.5844526152196,29.337982295749107,1.0
10282.0,27875.98301979743,51195.867075248614,-475.58315500703293,504.965233511512,186.26530695810527,238.23056589181408,3.810777488392077,1.5689939090123084,4146.651956666652,33.61081132504472,1.0
10283.0,27684.58481585468,51190.51955278017,-273.91842161954605,366.1597840679153,183.25184621229312,186.4058349405661,4.174171847212674,1.4386969585247795,3437.7518376914422,31.040606206544254,1.0
10291.0,28977.88236240191,49907.35695817725,-930.0945295330847,958.4261111233197,306.7011086583315,413.4924577590589,4.185179499305918,1.922873044847207,5159.281843881186,55.07944886880564,1.0
10292.0,29268.878468457355,49805.89779435973,-971.087080927668,1008.9011236474399,325.30312886674665,587.922565225,3.7062155541606647,2.1070865390907096,5577.003795991257,48.06026343104439,1.0
10293.0,29135.182458718056,49821.04817763267,-694.6075508091055,699.1643804736644,224.64854141254364,369.1877561016381,4.455200266521724,2.0478452497322865,5337.691046548233,38.85709389352466,1.0
10294.0,28808.4252562902,50043.30058223955,-625.5311937125339,633.0336705128537,208.5962982312658,401.84877295208065,4.590325574370998,1.8412581857922643,4643.6927098716105,31.271585065496822,1.0
10299.0,27930.594658390564,50918.070522110436,-68.62760835498828,264.2500779732633,212.0187067003555,213.8165402386213,4.331225128098099,1.7115988305135135,4721.486108047123,26.61454413789522,1.0
10300.0,27941.507892903966,50989.46175470077,-329.2406289419871,400.42064869627603,180.99354660912334,300.2779934190281,4.428570180387379,1.764832302964436,4196.110215873202,25.431633232933216,1.0
10302.0,27968.45257125901,50840.0886250941,-186.84628827556458,318.0822909411855,191.5306796027323,154.93248748012198,4.293718671998044,1.4152222330367692,3926.319062376621,32.685510231992524,1.0
10310.0,28934.655341816208,50146.26917921174,-574.1411484207761,586.754052799258,199.013064212183,171.41090250294,4.211739822208503,1.6299953983324504,4498.352422105679,49.360720645083326,1.0
10311.0,29043.986230483122,50096.392740993986,-527.211520603091,546.6668674034728,192.0198140035604,189.19090418483734,4.282760369648282,1.8537555839925202,5215.08418342311,45.07577139241381,1.0
10328.0,28735.393432077155,50209.30245547293,-478.13063054773687,506.9639452834348,186.5016055009753,263.85204443870225,4.236894651758129,1.6491308671666007,4048.91441512942,32.03254737297497,1.0
10328.0,28730.327897734725,50207.46898075223,-488.5961492315382,515.2392502992907,187.52425958361496,264.24070264552336,4.2920299564991,1.6170105283975418,3896.4349000079337,32.264491799898586,1.0
10329.0,28919.190895809632,49752.305035246005,-1042.152108168632,1100.1597993167593,360.5861870368176,645.3726961442454,4.004531961520186,1.9645563750726731,4777.590976192056,49.86519191547861,1.0
10330.0,28913.99030236256,50016.65531639443,-645.2032169084754,651.4085644925069,212.79742672825913,444.91479402860784,5.127310560215845,2.0187023038387335,5260.079493209298,31.1223097949809,1.0
10331.0,29113.467396541993,49852.35508586272,-948.3586497068934,980.7193872385453,314.83100897769947,611.1117867990574,4.623620753859889,2.85037103790648,7486.513039348777,52.88738342947336,1.0
10332.0,28812.296047293454,49981.95329444941,-757.4683646478569,763.255113596421,242.41669498300195,464.03210325550606,5.620938882824244,2.9439994182888025,7273.423594849269,44.576925005894495,1.0
10333.0,29185.639864020744,50096.464760105555,-934.7145890352169,964.0356567818936,308.7336138584501,816.8125250630536,4.225655492249839,2.5158491063205157,7196.72669496349,38.13210538629561,1.0
10333.0,28475.976703125478,50112.83966430891,-1012.1460468448137,1061.0463925061117,345.21902488668604,997.0318047982936,4.020302860419768,2.3636361969561084,5859.894246739439,37.21991746225499,1.0
10334.0,29138.781882169715,49928.284741508825,-696.6976716610027,701.2355063876115,225.19093197156707,644.4319816306756,4.604777466082115,2.0928870949479905,5148.566195376564,26.83127541920418,1.0
10334.0,28866.3028274544,49939.6457291973,-642.4645874232508,648.8286483771811,212.19489811189035,522.4504998070396,4.862118266047422,2.2210794078708798,5551.68335005853,28.74307311043075,1.0
10334.0,31312.783786682972,46590.13975013076,-199.96340712339855,324.86760419976343,189.91385425223055,201.91580881212383,3.802802673774663,1.4196208662925636,3109.7638517483088,28.016211356895145,1.0
10335.0,29043.824770693314,49887.081961649914,-863.2004543433083,879.4608377919361,279.0952560106986,578.324281153798,4.422550080450362,2.477781170272601,6852.046701949549,42.46872782273555,1.0
10336.0,29035.515131895816,49964.044172319256,-748.183176934923,753.5536991645031,239.60259935677732,409.71124643070965,4.2160761995766665,1.873354656729681,4864.73616184124,38.38109552281263,1.0
10337.0,28760.799587154983,50028.3832247782,-802.2821006058567,811.2208191251274,256.92236431717595,419.8386358990084,4.321325581805728,1.8658315581674165,5037.383632603379,41.6662511121302,1.0
10338.0,28614.96354161193,50368.197910181894,-282.64058562086836,371.3697471796203,182.74092117550273,175.12905364756955,4.477257741344139,1.5450860541838074,3703.9061622785634,33.12185318882394,1.0
10340.0,29448.20534127877,49031.73693990746,-87.88434247737051,272.1203092030081,207.9552355241448,221.62743419825637,4.567191761282001,1.7661734413201577,4702.2134465939835,26.390456266029823,1.0
10342.0,29044.86505575532,49912.194346752265,-109.52942964313729,281.3840957190229,203.72513685974772,140.6903772072985,5.276388783385483,2.400060258999416,6431.68622405511,40.67175512843007,1.0
10342.0,29776.924642874867,48875.820568825344,-476.6280350794466,505.78429074114507,186.36162960432242,240.69058900002008,4.757841151096543,2.163357800500568,5820.543228235986,37.55371469813521,1.0
10345.0,28217.168764846003,50919.81053468082,-906.5152499014592,930.110329769985,296.58123140562935,382.0320834449275,3.5422327047852695,1.5750650863047089,3766.415908346082,50.61867184546674,1.0
10346.0,28122.883268394933,50720.93279968833,-24.460583470398458,247.51980524377808,222.4060488349784,139.8568615531113,4.104859000609165,1.6164459382330947,4462.720488314139,33.95002483192805,1.0
10347.0,28326.82350340949,50607.09733079499,-309.9223262817736,388.1289378761425,181.51710302643272,190.09788632038996,4.084366892477714,1.629982985380175,4535.709621062695,32.67549113015058,1.0
10347.0,31065.415519662965,46931.92627433514,-320.5405280140353,394.84145357688635,181.19413188937347,264.869933632365,3.990568288598106,1.86991158730656,5013.666242496961,27.724919451505077,1.0
10348.0,31287.20347111088,46814.52636564052,-212.95833593870734,331.74970338993654,188.4413895153605,251.00679600400065,4.222953884602843,1.5214057635930907,3906.7367098708096,25.124332621697008,1.0
10351.0,31117.277697281694,47064.78163832398,-251.90722912809548,353.33092036856704,184.79898475673892,221.48769657349337,4.128105255344287,1.5990026187234463,4696.1650600171615,28.135329102008562,1.0
10355.0,29406.560063971658,49090.90334006639,-346.879542450063,411.95117728764683,180.76390491667425,205.9117822428751,4.168607148694084,1.5959388546898805,4237.4516057087,31.959679083473088,1.0
10357.0,30505.328499408042,47671.41269302701,-629.5279585988961,636.7373576887063,209.42596860762634,245.17528755340774,3.757242259620784,1.5859878655357849,4029.019623170209,41.680670883034324,1.0
10362.0,31106.495601533654,47165.100714756845,-22.984151175813523,246.99231376086934,222.77895964156994,227.99145311132116,4.2596007184495965,1.6458159533766652,4124.270774297431,25.07962602713161,1.0
10364.0,29043.949984446113,50019.719307553576,-448.2771099059732,483.9256754895579,184.04307959326889,199.84127199405208,4.532958538517727,1.9904125375608335,6134.216625537967,39.747506848485045,1.0
10365.0,29190.86598983279,49830.049408242405,-247.95605632855595,351.0764117770037,185.11579639562603,345.79239897792445,4.945082332620134,2.171758479990598,5575.44376426786,22.93755972120502,1.0
10365.0,30421.31541802088,47980.11230262297,-219.45317733423283,335.2490484069325,187.75368876326974,229.06926645429127,4.198705846902647,1.7327998508360687,4604.324762168365,27.478407084559407,1.0
10366.0,29027.592288300362,49621.97354818565,-252.8606437580766,353.87713618025015,184.72432020675944,165.84453550679527,4.484684908003149,1.4339099480085347,3829.2840576536273,32.82653367084348,1.0
10366.0,30405.367688157272,48220.45596504014,-267.2179452408519,362.2061496296401,183.68372257762775,219.85798508232028,4.553032415859685,1.5837658719936885,4025.7504569233374,28.525914628616597,1.0
10367.0,29154.060814391232,49605.187730954436,-408.063586280456,454.22101861472794,181.8050386456657,206.74971595216638,3.971480150673227,1.6539265152981277,4450.972885443134,34.434197343036516,1.0
10367.0,31337.59310971438,46619.072791813065,-193.32490647722452,321.59119349972576,190.8594845873089,928.3374859991771,4.196254852341318,6.234006592293233,NaN,16.759368473568617,3.0
10368.0,28889.455473308895,49936.31926136083,-328.32597800867444,399.83074435871544,181.0119209114589,153.67088129610394,4.39799409582562,1.3730570221469869,3508.0713154040823,36.29350934844955,1.0
10368.0,30199.92756387129,48137.38329195221,-208.01836184964057,329.11473705460253,188.98597908435892,162.036247807959,4.463736736091096,1.726449273461922,5030.057361815179,34.0619429343029,1.0
10368.0,31365.309634918278,46640.72473078628,-175.90741272055376,312.54782888896244,192.97928466778743,312.8654107900642,4.099167842419449,1.7481187822004494,4359.341255218479,22.15791122952601,1.0
10369.0,29082.71647736608,49678.28979545219,-52.0336019235335,257.7486062290921,215.7469901047889,162.43619529579053,4.592157532410212,1.8965323144221262,5460.22978915826,32.58827801833699,1.0
10371.0,30810.40889604334,47723.89484739479,-121.91556570390681,286.8839309219964,201.46513300222645,157.60854850527895,5.127167883257158,4.196898411452527,11155.592578222982,52.7711154870335,1.0
10371.0,31314.649517376085,46643.09108073527,-108.20854102664909,280.8061163190458,203.97304841699054,292.508398597821,5.075254044607414,2.9326446674446682,8193.337917097593,26.141687989036544,1.0
10372.0,31331.65749097197,46668.435437662214,-262.91821586605784,359.6913837602297,183.97888266568995,379.2661187779189,4.918703366397978,2.8911328133030856,8967.943532423555,23.96065892628447,1.0
10373.0,31386.718713577884,46596.56021226253,-193.5468506654263,321.5281316782174,190.68838048618056,562.2680920786598,4.657430598014104,1.918270235009063,4515.775538065644,16.125371681584273,1.0
10374.0,31320.453953680728,46601.01811753204,-186.8411066744382,318.07964262678826,191.5313441998473,425.8030438347679,4.742705795971194,2.438351591551731,6738.946801148157,19.91193318624521,1.0
10377.0,29495.31443671204,49218.8954587507,-322.1676886961519,395.87949166361295,181.15223143827984,139.42701709249917,4.395461411402667,2.034824993015548,5812.30876968966,44.58342009278718,1.0
10378.0,29442.0644956331,49117.29778714659,-630.392061032783,637.5400770433856,209.6069442484324,255.03567795992655,4.070406062171076,1.4033863492460064,3188.2414408392,39.01622999842542,1.0
10380.0,29346.235202389216,49067.75922160975,-108.61270373911337,280.9827905407836,203.89705178031167,228.45270049623443,4.285756252454997,1.8356317315601591,4590.287684892174,26.35088101334187,1.0
10381.0,29385.644647940033,49111.105241410136,-260.99075536676753,358.56973681295506,184.11576911796948,229.74801884754473,4.339198057432848,1.7479764942419085,4434.020060965031,28.32226874669155,1.0
10383.0,29921.158768095258,48845.862489051564,-209.55538912355829,329.9321163000434,188.81454202327325,150.02605183259604,4.144980885669343,1.448392496694651,3505.7991648797592,34.0235377027879,1.0
10386.0,30212.120696237856,48403.982184790446,38.78611649609376,226.76543907309414,239.8692953226063,308.74211840748575,3.881862140485651,1.7891769521718826,4802.128367869245,21.11050054977523,1.0
10387.0,30196.843301845,48374.29935343616,56.77140673890799,221.55243756017117,245.39197706744034,290.9537102367592,4.0155695809148675,1.7270269218528465,4494.551450904346,21.716404336165926,1.0
10413.0,30316.74469384238,48214.764404215646,-512.805318386451,534.7777509793204,190.20976579333075,208.78887577022607,4.2617488670132,1.8423013558927914,5327.126813619083,40.96909761641567,1.0
10415.0,29424.08053792835,49107.26746870348,-422.8733511722368,464.9832052229492,182.4859004570208,193.10720388731653,4.01440262032652,1.5198626198332454,4276.51340914374,35.70409406150856,1.0
10418.0,31290.204872546805,46564.91433190092,-177.94005193073923,313.5676954280301,192.7032096678582,288.3448566327171,3.9993457455320187,2.0238680172623202,4820.393894695532,24.128346941080917,1.0
10423.0,29063.011416981168,50092.0139107601,-438.19363586392524,476.33403155794815,183.3661257229357,207.03285128853423,4.1477480661881305,1.6137146479256566,4017.0083750527515,35.410484154162994,1.0
10427.0,29148.582026093285,50140.95232014574,-518.7145759545457,539.6308544699906,190.93309389225422,260.8121384825643,4.377746381756554,1.481515132070136,3613.1900401266935,33.07347395867057,1.0
10432.0,31347.49540097092,46574.14556119901,-249.48895520069016,351.9493241423206,184.99147346248037,349.8228872189371,3.8732428236531278,1.6726454457811968,4000.381356401042,21.505657747042484,1.0
10433.0,31295.915521486964,46569.205339859625,-145.99869741932005,298.16177465085605,197.54297034463042,589.7347065255824,4.196935241222747,3.6354623080415633,NaN,17.80997499751982,2.0
10434.0,31254.957726720684,46574.87889435988,-135.58079429425138,293.11957851362985,199.10739575222777,270.5296488549884,3.989679274627173,1.5374803779612072,4203.849882325182,23.13077594682055,1.0
10437.0,30202.3402660956,48418.02129746148,167.8597486455819,196.11441448264176,284.9672053578855,157.71995485089525,3.8927882426848375,1.5115407940249441,3814.5174655996193,31.15583490027561,1.0
10441.0,29058.151335078765,50102.75732353132,-506.39989536716433,529.554353759316,189.45576158823377,178.8079437867611,4.1920386635149525,1.6800560656775891,4656.377693773949,43.58402981122805,1.0
10441.0,31293.83054607221,46542.76056840705,-125.19095576558217,289.16525539018454,201.53579993362166,1602.0803199108266,3.925477943702449,8.778235366971067,NaN,12.724400551651323,5.0
10443.0,29003.786678761506,50098.21774721745,-422.55141504049527,464.74705657261086,182.4693225406701,177.99593580828721,4.255199295273379,1.9989688428551877,5512.157941293018,41.78647387469411,1.0
10450.0,29127.584830118987,50110.153192967446,-351.5294948937937,415.0397113632955,180.7428598234099,184.52906087441318,3.838378634817369,1.5910659000748146,4335.625087652151,34.435931217268426,1.0
10451.0,29113.436931862514,50148.001824220075,-312.87510858219713,389.98492803651055,181.41866420063297,191.38995191115254,4.429248868515944,1.8558304195409576,5084.578777660335,34.00868947252561,1.0
10452.0,29846.651771266508,49091.164825890286,-145.08481523761458,297.5602310012145,197.55152214267528,104.30308686472783,3.612156944658661,1.3710962583286106,3840.686445207614,40.78902121944223,1.0
10461.0,28928.061299050885,50088.68427298641,-573.7630490099413,586.4227820916323,198.9500145770222,189.35764875563302,4.036935685977113,1.6461378166742882,4622.768589785156,46.14404917126188,1.0
10462.0,29013.38518119458,50080.04773041806,-626.9655666254827,634.3611296921069,208.8926527078847,227.9119143468488,4.100519145191118,1.5690339377459126,3998.405271657556,43.460954616571314,1.0
10463.0,31339.343024090536,46540.51911341744,-165.0802218108723,307.18099056395346,194.50289985667527,112.86645934337184,3.7027178939323684,1.3653717936788834,3713.7047123666225,39.10671361061604,1.0
10464.0,29106.485536093507,50092.009938747724,-488.85100894603687,515.4420614621183,187.55020468956812,180.93227570944407,4.123442358370909,1.711274317006431,4534.513425033432,42.43343165755686,1.0
10465.0,31303.52325041005,46613.09516024332,-147.09822792873516,298.51191052616946,197.23074892790748,121.90075086617408,3.669707525187254,1.1462832174263717,2885.0779129110742,35.34681227927088,1.0
10466.0,28979.462737358248,50063.00707033133,-636.6699405204084,643.3931366650723,210.93885392987863,237.10178669220574,3.9728454841174274,1.6854127705837725,4544.858634074791,44.21551587729148,1.0
10466.0,31249.98431466786,46576.36062437929,-192.766378407503,321.1245863304694,190.78472969738175,119.37652893649197,3.6720203772498263,1.37435243014818,3584.7471404544117,38.398466558567065,1.0
10468.0,31319.175252175835,46574.29996069292,-123.74065119755107,287.706555758278,201.14200672990512,122.41138149031256,3.86631249024618,1.2476605605341353,2952.5391169053337,35.55876423659336,1.0
10469.0,29075.246873294887,50095.830527697806,-467.10663182814113,498.35873824534286,185.51464952214715,204.17736211383377,3.8561216316291356,1.5913455530610308,4441.351894691299,36.92996111454059,1.0
10470.0,28977.31445774935,50102.05615974239,-547.3961611150429,563.654006593211,194.8219367632862,209.40287108995875,4.260028305077895,1.4798270515683003,3470.0709006931643,39.724829927416316,1.0
10471.0,28900.598156472344,50123.90111021509,-493.61437153948987,519.2439002580469,188.04423069925343,165.94979920537494,4.22064057490737,1.8965232548810909,5658.936609487728,47.5568676769567,1.0
10471.0,30254.48078997967,48424.793418577574,123.46585629250997,204.88408752076896,268.02365668385164,178.97260196598054,3.9815239103762305,1.7984877159523924,5317.379527737344,29.816105852915516,1.0
10472.0,29048.708231392484,50084.88425640627,-655.4880880620076,661.1605464097001,215.11125124481333,235.1964199105818,4.15424719407155,1.8302337244163296,5337.5433178926,47.671198597388326,1.0
10473.0,29071.943070761616,50106.46006975317,-541.7328878822666,558.8490912885234,194.00439870677857,192.2329448936481,4.029765026152185,1.5642482801276927,3664.2566235418867,42.54007279426093,1.0
10483.0,29065.34052311512,50138.76044142223,-397.2501158385313,448.0792190550925,182.69493776184765,539.7239514224341,4.153560314046973,3.173862192966822,NaN,22.517560003069523,2.0
10486.0,30254.731778571193,48441.76501439101,-65.70951505096795,263.08796291479024,212.6591269361337,147.8108262001739,4.341031803992123,1.6658013235379672,4590.9321504093905,33.39480836449405,1.0
10503.0,31286.68443634688,46574.99024543033,-145.24360144443187,297.63514560450085,197.52611240063874,372.32684572151544,4.043017871188138,1.8500631897825686,4622.647030623989,19.892071218155127,1.0
10504.0,31234.305259816123,46582.022889641674,-141.7943447062784,296.01315354875294,198.08240405152708,265.3360803451875,3.9038432301027592,1.6668826796320408,3990.1855367349526,23.827987234279707,1.0
10506.0,30259.95519599577,48463.384713731255,7.028322632820208,236.71522574997527,230.71949372586107,160.36934181322704,3.766696093057591,1.4326743336110506,3097.961582973878,30.01524171294734,1.0
10511.0,31274.265488279976,46574.7902347217,-99.01039978574218,276.9150818884858,205.80752340591943,717.8763099715602,3.9735601398636167,3.921665605204023,NaN,15.66790262447347,2.0
10513.0,31320.143785715245,46572.07942363364,-140.92849941355757,296.57458468710666,199.00481734471995,1864.2884904720308,3.9342564944684635,10.624277941130375,NaN,12.722286019167111,6.0
10536.0,31425.86659056267,46593.436163347586,22.015992106150332,231.90104534397557,234.94184622914798,124.36615968245974,3.9937801972121476,1.3460062542153872,3382.396179220623,34.563353489641706,1.0
10537.0,31391.048936298575,46570.252406479856,-144.4209927082361,297.2473000531194,197.65795833472575,327.1090989365449,4.0150538334558865,1.6622819061926344,3813.9431123401396,21.054591286769796,1.0
10538.0,31361.798050244986,46543.29015603929,-149.35646528275308,299.5838596245293,196.87464645484857,251.03444120680297,3.8664515464170925,1.4487823621572746,3177.4341254751685,24.06643888341499,1.0
10539.0,30245.604628035835,48413.647874367445,143.0709997866471,200.78209621059762,275.3210481595238,188.69117404643612,4.136461665415655,1.7173068586732754,4318.07135274019,28.5726269354613,1.0
10539.0,31437.557429133776,46528.31984325779,-179.69181413243265,314.44975912055315,192.4678097715728,248.2754807282785,4.102888794885987,1.5827640422679514,4325.10270237687,25.005933072362065,1.0
10540.0,31388.092679103454,46601.166357722526,-167.16268931320133,308.3636424465501,194.331408206329,483.75679104936637,3.922999629327733,3.1558720716463995,NaN,19.599462223293123,2.0
10550.0,30219.538493348948,48372.993997668105,36.851790164958736,227.3442674076526,239.29001057284765,276.28924919056345,4.231112808338819,1.7315312993164278,4643.330296735528,22.41708962720049,1.0
10552.0,30221.08693888045,48415.6702529882,71.86440989298569,217.76244253320164,250.49904851016368,328.673584601939,3.89402459423373,3.185945903441171,NaN,24.07613808254572,2.0
10558.0,26955.0884939962,48816.89626148895,158.12624971510857,197.87812221016446,281.12372607339825,120.21934699114522,3.8698961306028696,1.2883248780576169,3020.906115468381,35.3718097713357,1.0
10559.0,26928.300365508905,48767.396356581434,128.42814828646624,203.8115647776904,269.8430242688989,137.12320658931003,3.74972011777996,1.2161341866388888,3156.3876048141115,32.006489207593425,1.0
10560.0,26957.741405991936,48701.771241620634,142.14740641688178,200.9672045580292,274.97069519510484,110.9747468003368,3.6984211226368013,1.33891687957819,3931.746135369575,37.415504880832486,1.0
10561.0,26922.968943111624,48747.51500183843,203.9264597888859,191.38909641246306,300.6716442267999,244.47009764077012,3.7578888354004483,2.8270432409286483,NaN,29.348819467171722,2.0
10562.0,26950.58166667387,48760.423238908,102.16401093553199,209.90530467266026,260.5507027499863,250.63074260355887,3.5678460913745895,2.7422947136381017,NaN,27.457746781005927,2.0
10565.0,26974.055970920086,48805.07231017026,115.19546162904263,206.7232068896325,265.03311300762886,118.62997159326174,3.846343687398616,1.240403555092171,3322.621786299667,35.01859938915341,1.0
10572.0,31297.89093180507,46577.13533479037,-176.9915910698485,313.0913250939297,192.83163869465747,159.49876579039648,3.7753466182247992,1.4466691528180713,3586.551804212525,32.09448708702557,1.0
10580.0,30201.682324725578,48393.26842069949,40.632332650600006,226.2162678179749,240.42485278122334,171.07881643318925,3.997485196491615,1.5363217685579993,4211.445444121894,29.24211858556711,1.0
10585.0,31310.378872439273,46609.998064181775,-273.834454237781,366.1099769295801,183.25704659416243,168.99715944696166,3.7476537887351187,1.4786415089935592,3838.727411036409,33.23560527232633,1.0
10586.0,31330.853886939556,46666.034324146574,-220.86621174597852,336.05463241801885,187.63983775408704,1024.278217690839,4.195995850587704,5.717147390667504,NaN,15.230805326058823,3.0
10589.0,31282.978651838905,46687.69571376671,-259.4375366626545,357.8494193603814,184.37441174997562,622.5084904129042,3.9488579496444745,3.4964104747381173,NaN,18.273560586390534,2.0
10620.0,31373.855806399206,46650.28084700706,-249.28751720097358,352.56820642069727,185.600666654071,391.84277673452203,3.8555668700378507,3.1346148575727284,NaN,23.994576864746197,2.0
10622.0,31339.59077867135,46654.638000012186,-267.29888011282475,362.2536528626099,183.6783018067151,303.8074386999272,3.819874317358659,1.8041056458733775,4493.061312228231,24.088125300772038,1.0
10631.0,28315.07713576655,50945.34013818881,-422.664397677573,464.8299211877977,182.47513152086196,303.62538967546243,4.104361967822605,1.6160529351913941,3928.1264214585754,27.238155192887938,1.0
10632.0,28344.671863739153,50980.395956406704,-406.51143000314306,453.1050484119725,181.74335729275947,228.83336122163047,4.423700149268714,5.565069057021221,15066.807590272096,64.63407842845504,1.0
10632.0,29125.83036193086,50100.66747454534,-178.89431340478546,315.35546145334536,193.6314521519756,2297.384428651549,4.372372980972899,15.71512038580508,NaN,14.289039899393496,7.0
10639.0,29103.26997025498,50148.46345189536,-203.46558551496565,326.70667845895235,189.50435178452068,203.90439211213842,4.32317013072544,1.7766734391204986,4498.030548223917,29.48470430522652,1.0
10647.0,28248.98570519198,50996.46902884958,-461.03454527585785,493.66788355661805,185.0105844294408,170.0499007587905,4.077877939909204,2.3521219002220564,6850.87417636938,49.60128180998828,1.0
10647.0,29135.05240370568,50110.27055666377,-90.67745662017906,274.6911395826715,208.52092842738614,507.3757985064266,4.28440282273957,6.425437752809076,NaN,26.13122909856555,3.0
10650.0,29111.582240638138,50082.00956068017,-133.67735594151716,292.24045521666073,199.42727558770062,145.97502505643445,3.549189001913654,1.4241865176615114,3901.8409733204844,33.06185469013299,1.0
10650.0,29111.793691151455,50081.79281812429,-137.21182526358206,293.87560570486767,198.83549166854766,148.6746736784297,3.47107861747054,1.4140002645256287,3872.920338113225,32.67863580771411,1.0
10653.0,30114.801243293423,48454.228493007344,55.79845755238953,221.8266405690421,245.0869096892819,206.26943396664248,4.309546757154814,1.620715452113157,4579.4217695664975,26.377980155829317,1.0
10660.0,30104.019486023783,48486.12359409105,-44.147214326375604,254.7497778104661,217.59244229330616,162.69960272353174,4.327976219487527,1.4548889768525732,3708.663187890573,30.125634643280595,1.0
10664.0,29155.757394226344,50122.7665788384,-394.69102387166436,444.6809365513501,181.33385672895798,159.49728323314983,4.19013465776854,1.6352318144669715,4686.574506944294,40.17248856856085,1.0
10675.0,30507.513159122576,48056.93532971737,92.32527481957493,212.14473995233783,257.03471940861175,153.56823574521073,3.8237599097795876,1.4381302794587814,4153.12950863798,30.82444299431553,1.0
10675.0,29088.53095219275,50023.37117011719,-140.03190135436833,298.34951948765536,200.92457685044485,623.5665334756673,3.971600827017664,3.369019190648564,NaN,16.92139066605545,2.0
10679.0,29074.897063570403,50018.69215398051,-118.20670446161002,285.47071730665687,202.330676280609,432.6528560070823,3.9200562553103677,3.25715355933416,NaN,20.860199318199708,2.0
10682.0,30455.26105017472,47997.565067091244,91.76072944806339,216.17086025697458,259.9828566373299,263.80945597258784,4.0070151607520845,2.664560544732483,NaN,26.688154837558784,2.0
10684.0,31324.46075526601,46661.17870885621,-165.7457207754756,307.97591225315057,194.78507958791926,513.5161223017147,4.191644261604613,3.3529665199709338,NaN,19.242007863039102,2.0
10686.0,30479.782724029377,47981.81894746785,137.68580638243773,201.94517287917526,273.34594193734347,228.10824113678717,3.857997341268682,2.7409561655085706,NaN,29.543514722637248,2.0
10689.0,30468.524131375838,48050.42833879212,136.2302448751225,202.60551117522994,273.09168953439075,394.8399419567355,4.128817419221455,2.851421959672666,NaN,20.583148365921105,2.0
10691.0,30122.01622324164,48461.424935314964,37.96995229688808,227.42018263235013,239.9566329244223,468.2318424045661,4.290434242766559,3.5875807652436302,NaN,19.711955958166264,2.0
10707.0,29068.31166199242,49994.841174098365,-40.26207382384131,253.29400243651256,218.5190105826169,224.7597186786637,3.870036543544523,1.4149664493944627,3787.5223047628037,24.65203663255,1.0
10717.0,28280.996559053347,50963.75025539747,-398.6718871871167,448.63467664306364,182.37421636626442,392.10397124243343,4.411241672376894,4.173342568738375,NaN,32.7927875517614,2.0
10718.0,29111.578585060215,49985.90463603847,-82.92907859843278,270.06167738345033,208.9738694097702,118.40908614997832,4.245145634697937,2.8994396002401155,8631.939291319082,51.1392057463947,1.0
10725.0,29058.394142328354,50027.64555000917,-85.23556676667113,271.0170121364454,208.49740583774684,352.6352427027947,3.978355650568761,1.7254170861608775,4235.057264143594,19.82656201635805,1.0
10730.0,29185.37985563821,49467.98955433126,-33.36577324266074,250.7449925342645,220.19204314486853,117.29506905582384,3.8647194679897856,1.4624863954973186,4274.168585418144,37.00702195381715,1.0
10747.0,29030.870565320856,50040.7427459582,-117.67205658459302,284.9833869102488,202.22624724430494,248.13270658401797,4.1061454493340666,1.8467969227925634,4696.431795090869,25.149062663556,1.0
10752.0,30107.912395727246,48397.69151045972,107.64821287904292,208.4586606193522,262.3502366736991,447.10706263534667,4.283476640890335,4.2554591366702,NaN,21.97633600332434,2.0
10753.0,29573.568149952254,49288.62029391862,-114.68066119815225,283.65383267222654,202.77102967846412,129.30335446027664,4.808617175375717,4.179030897705659,12503.340063525051,62.27814642306823,1.0
10759.0,29069.9938140856,50052.68584136292,-166.09138911938675,308.5979455207687,195.10066576289634,1101.7900430241589,3.862863466884148,6.0450827744944755,NaN,14.328034755475485,4.0
10769.0,28972.890927900247,50023.092657197594,-6.549045552727248,241.2592718870319,227.04223933738893,131.97557319498222,4.0116700870937905,1.4687372291766259,3978.839396540082,34.17533880182491,1.0
10769.0,30136.658008485498,48389.690113369565,103.44477915248966,209.44717821120278,260.8737565725131,292.24043343595025,3.9764831850299305,1.6231266562586169,4140.172036762361,21.480862750043794,1.0
10770.0,29093.22524658895,50053.87232646506,-177.7289486072204,314.4037480476235,193.49314215626984,1393.9790795263925,4.045774024783571,7.39251047745615,NaN,13.360009259646956,4.0
10774.0,29098.792826987443,50082.739828731115,-94.78933189720532,275.22378040329977,206.7255904769306,729.5297418181168,3.9055628953417005,5.095024900079859,NaN,17.176449591942202,3.0
10777.0,29123.5701802076,50073.632802443826,-171.58506246222237,310.39206284875786,193.57681727026505,214.6789575208222,3.5686155945961557,1.593987513236752,3503.0359503776326,27.24300100146774,1.0
10799.0,31181.075091529445,46663.20964745036,-203.7509235375077,326.85702557056214,189.47139960932577,275.9598504724428,4.126518440261349,1.6453530821501405,4013.2334185978493,23.9760352876752,1.0
10800.0,31183.085795200906,46861.05331704773,-204.39686182287713,327.19765976232304,189.39703284119994,163.02542662013383,4.314882206373046,1.567050171767411,3973.627241443376,32.8660690629369,1.0
10802.0,29112.72665810267,50049.45850870632,-132.3965525344437,291.6508254899188,199.6440733925363,202.66788760572416,3.831290257633532,1.8853308273177023,5798.824975004778,28.96189561243649,1.0
10803.0,29080.89158625248,50019.52609177682,-155.21105840795735,302.3853364480298,195.96953184831565,194.67539826338887,3.7755167521509367,1.4054662306827788,3741.020172144666,27.90378228652417,1.0
10818.0,31185.223811640324,46906.269041859945,-214.16253918200428,332.3955101307308,188.3114558110866,147.83883947353675,4.199770057262392,1.3923717260479604,3708.2948204926697,34.087745118301505,1.0
10819.0,29070.30270408249,50015.717420073546,-151.06674020729605,300.8820522266624,196.9980007903468,495.96573393763344,3.8557584111582317,3.3577647617253183,NaN,19.553574904563185,2.0
10820.0,29113.778526190858,50016.754908339884,-234.67190013254393,343.6045295514595,186.26818616215357,358.3623233460812,3.9427159276312644,2.1366219726282223,4315.916755515034,22.116759983274523,1.0
10827.0,29618.712179206366,49366.633362522654,-114.58485214596618,283.6113888872086,202.78859079464772,115.4416424102738,3.593941742003855,1.3095822266977781,3580.82087612782,37.193772390193566,1.0
10837.0,28338.873024350403,50924.8500235492,-424.194024279261,465.95297666735166,182.5547343908581,212.6790267743606,4.035221823083597,1.7270924218997057,4934.902150249334,34.949618206440114,1.0
10838.0,28312.43095732578,50966.541861411606,-387.78805109761043,439.8564427376638,181.17155652817232,441.25250372390525,3.939065107686994,3.129439504241466,NaN,25.32312723201729,2.0
10840.0,28231.87189782708,50942.96068727674,-438.04523001973644,476.22301576282234,183.3567411117606,175.2822747352993,3.6101060037890504,1.3901809955760869,3749.086815837114,37.71528348471203,1.0
10842.0,27711.492948593073,51176.3458893836,69.85286668867717,217.9524208593571,249.56371437185786,281.64410618736406,4.183149929572112,1.931158099314696,4915.9205422191135,22.68172275690512,1.0
10843.0,27726.116248245085,51134.63457677903,115.45309360951428,206.6649429288777,265.12548514739666,266.66853874259317,4.357993353852825,1.7442259236736868,4343.595465191832,23.031936634936077,1.0
10844.0,27735.139485425625,51104.12767592827,301.51459933800237,180.93237701833212,345.0463141227645,215.99390096814076,4.0069665656952145,1.6262524038864266,4665.786904009012,27.91514290967689,1.0
10850.0,31284.91885481459,46587.27045634035,-207.03824183261156,328.59468004587774,189.09623987304315,194.88087671993534,3.6633204499486594,1.5777662439266664,4560.456542480989,29.45669542325779,1.0
10851.0,31288.20120109262,46560.00549462967,-178.73561056427894,314.2213791774047,192.80084475369966,454.9737903193211,3.9082266541749373,3.0835269019507727,NaN,20.40988475168349,2.0
10852.0,31232.456757902044,46565.37457700992,-198.69756624466655,324.20572789622133,190.06416625103728,262.81666170529587,3.7194606706361695,1.9763828997297321,5048.267883274735,25.743851995772317,1.0
10854.0,30156.07002365509,48395.19240140418,18.573942050074898,232.98792628540954,233.95700271311318,105.6526197172401,3.6523429780205294,1.0650268392062385,2444.5042272136916,36.25501150567659,1.0
10871.0,28390.009197231957,50935.35820070611,-280.97492561213824,370.369265531848,182.83401308958153,147.09502460279165,4.5253686422274795,1.552266370786353,4171.831595880312,37.09690823499729,1.0
10872.0,28356.16745019938,50908.78108166774,-410.5744980636205,456.03112569797975,181.9087075872679,236.3842234975443,5.123509269562225,3.173471328516221,8961.731221438695,42.169047009328104,1.0
10872.0,29105.669927865438,50138.09851570155,-406.4985862754589,453.09582349880503,181.74285455335354,190.93609900652453,4.887964259654028,3.4049168951990536,10562.319370413568,52.237590515970254,1.0
10873.0,28304.22553770328,50944.38735436349,-437.96034331876837,476.15952514406587,183.3513807514419,169.52873544763276,4.331040565169087,2.3280466441069083,6981.345897556123,47.74693062917063,1.0
10890.0,28394.914321295248,50912.28201367735,-372.72966263086124,429.3794230628878,180.85573603893656,139.90173960394043,3.9304313364241708,1.5238144339975466,4183.44830518028,41.74297343738335,1.0
10891.0,28384.860968880992,50955.14504953002,-376.670168943404,432.09147696542635,180.91446595141088,279.34322521480055,4.014311902500215,1.6943715342583872,3911.677162845724,27.597823827338864,1.0
10892.0,28337.16016339948,50961.69878194813,-402.29993968894365,451.00740869854747,182.3278555279615,933.0605200589982,4.05861968247332,6.445060672101162,NaN,21.35828605008779,4.0
10893.0,28431.25729305018,50901.68588513081,-469.4585974711107,500.18503868779766,185.71744416578005,281.7772554504125,3.9450607817473813,1.8331349937454964,5123.555631777026,31.335042730885803,1.0
10895.0,28391.86753613634,50976.02454121525,-421.5999104467463,464.049674153548,182.42078706975389,315.8181003258132,4.270549382960474,1.9372309858565298,4945.460926788036,27.848613937228762,1.0
10896.0,30229.429444998463,48366.46351105239,146.13941984680736,200.17289315386722,276.4896803869213,210.77459242287404,3.8231090869059887,1.5748648674500076,5136.303366381477,26.147825434293885,1.0
10897.0,30196.409433319368,48355.00583229695,150.35649838920412,199.3501221485159,278.1074955370739,254.1399963190782,3.998308197248282,1.7772344714363677,5166.500032299017,23.980936243851502,1.0
10898.0,28305.922767479577,50947.96613466156,-462.6978745026433,494.949393706018,185.14586887327494,241.34190205838914,3.9385738923429114,1.4357707421905903,3621.187155251959,32.01479343931809,1.0
10899.0,28399.930458868366,50955.290688286106,-436.56494783683996,475.11681942360354,183.26405247553498,195.5345806599649,3.7200007615976287,1.4184959070906102,3692.274300975239,35.298726460545716,1.0
10900.0,28234.61718533944,50956.04378485304,-467.5504469756006,498.7029612393903,185.5525941069948,255.8644383651041,3.75478347972758,1.4287156961713254,3523.7544253663827,31.021238974058953,1.0
10901.0,28270.51089226945,50915.68620227004,-507.9626890192899,531.9013777244337,190.50656751112987,446.83803340924027,3.817503247159655,2.897011444105347,NaN,28.80904933483139,2.0
10902.0,28353.29287968442,50938.868790313834,-415.2520787737173,459.4190307103369,182.11464529085166,226.91825628798543,3.8587577130955304,1.8416564109301943,5018.6020738740235,33.82996266101617,1.0
10902.0,28332.41872653378,50938.92525407267,-408.32926175296996,454.4122618321545,181.8157803892124,215.9127413145266,4.089361112469834,1.813146687785638,4478.4261848099295,34.501039437348865,1.0
10902.0,30179.14268838196,48373.964971221445,91.94393643514604,212.23931950296065,256.90473253561896,112.34531256518737,3.891216597561447,1.3998096888142282,3503.744998767537,37.270249634721466,1.0
10908.0,31297.878344019686,46586.68927666399,-173.94188685802848,311.56534146037336,193.2492387465469,389.69526302368814,4.0282778597854785,1.925785908304432,4111.18066405703,19.78271692476219,1.0
10909.0,31299.79474002224,46618.42938540229,-173.55855302379481,311.37415281650016,193.30223061932128,239.4556879067811,4.026474182378207,1.6700411024954882,4130.029349755899,25.775015086051262,1.0
10926.0,31130.393008234736,46605.948431553836,-255.09566339843275,355.16094969451086,184.5520050471924,124.0036145394139,3.7468821312445213,1.2499257861642121,3182.704701697576,38.10491097066533,1.0
10929.0,28399.909960376644,50941.22937641751,-370.51775608407934,428.0162361381608,180.95139383068278,471.3088154224556,4.039757550296456,2.8864311087142482,NaN,22.96097340156759,2.0
10930.0,30244.77547496368,48109.47971034247,-668.0674674538801,673.2237648971749,218.05087632912836,261.45734320163245,3.9120911725465337,1.7934439388047285,4952.573021563634,44.76283124024538,1.0
10931.0,30438.169078800813,48159.50122506281,-534.6475231891577,552.8802153030401,193.01599029970615,165.80102889401982,3.8534103828054436,1.3929703575218657,3448.503446561048,44.641282396086204,1.0
10931.0,28352.404691759497,50967.98101661304,-357.35125608269846,419.02611042291505,180.81311867025508,531.4220304712131,3.964947675386422,3.2826071320473917,NaN,21.862829859037653,2.0
10932.0,28320.490896705374,50981.244129563995,-296.54076380529204,379.82093260570997,182.04650236875375,321.2153870415118,4.051423865236645,1.7255522408814712,4222.548014666503,23.594356087666657,1.0
10932.0,30211.74552111163,48303.66914489499,-23.43675565890944,247.15379927186288,222.66446620802893,202.93549710468028,4.021503402218647,1.516995221133107,3678.253057036573,26.454267658637104,1.0
10934.0,28290.40161581549,50927.738953695174,-335.6578785101194,404.7049209275712,180.98219012165382,669.6304568340593,3.9770258872859436,4.5722550129906985,NaN,20.91348781970885,3.0
10937.0,28395.162044021476,50919.25650565453,-408.86509306215515,457.3493683364917,183.899368473068,1403.6112429685058,4.111992731930828,8.768465816857958,NaN,18.94351932239258,5.0
10939.0,28313.05232643954,50977.89074024392,-428.6237306458298,469.21772443720795,182.79531848663856,220.64089866400406,4.186435208017083,1.4669633253551846,3421.846103937679,32.680588741584636,1.0
10939.0,30152.74762232415,48348.78358823026,74.39656965363827,216.7397539914584,251.04323778801069,324.8513985409718,4.085125704559643,1.635431793982616,4252.2713033470545,20.173874480387745,1.0
10946.0,31247.728099313554,46644.73093090269,-119.0191091150048,285.58485280103145,201.9831536619427,147.40127678742067,4.052377164198196,1.5768622955970792,4078.632545701891,33.56326162286524,1.0
10947.0,30166.101528792842,48355.09672789335,147.8003096620118,199.8468442758056,277.12523659911375,114.83038293113073,3.7056018171021354,1.4497436287763659,3991.9559557763246,37.49701003595132,1.0
10947.0,31311.971347184426,46586.018092301456,-170.26742356300974,309.7383963015369,193.76180275437522,436.3271251229338,4.281490313266388,2.546379811402465,5198.582655008086,19.649842926826015,1.0
10982.0,30163.659348722013,48266.87518709897,70.03477001856517,217.9034986556959,249.6226435138114,100.56557225041145,3.684940028416504,1.4668424831463598,3914.893619503392,40.58329747310614,1.0
10987.0,31238.360406644966,46626.011706893165,-271.5400494653053,364.75157218950994,183.4012261536216,464.93147484779104,4.346586482648957,1.9866471114263444,5015.309588592484,19.058743277539513,1.0
10998.0,28304.644512798546,50940.29513178657,-304.6525476173469,386.36187296902517,182.94161790675176,676.0853800472942,3.8979437897455202,4.558961561157567,NaN,20.197640157617403,3.0
11001.0,28339.281817320825,50959.66835861138,-391.3401938353717,442.31685220810533,181.23714328824445,327.59305156066324,4.123619325412786,1.4881468758184955,3485.8014232070805,24.715027821130597,1.0
11002.0,28403.26635001684,50940.65461382308,-401.1005537070223,449.2324979886458,181.54269020100992,217.92219736430275,4.22107189131478,1.5793542837240262,3902.712320687609,32.55645921645995,1.0
11003.0,28369.35496575627,50946.92568916809,-398.1634129219789,447.14195477386744,181.44310683206479,177.016066184157,4.011418831086655,1.4906287047860456,3997.68182763271,36.490946936202434,1.0
11003.0,29976.89732239166,48783.475505238894,-268.05191895714154,362.69593126003144,183.6281048661,169.18331505063404,4.524995072279715,1.6460472924736913,4444.700079247975,34.097265100417694,1.0
11004.0,29895.671480228644,48682.55700415802,-238.23893320761988,345.5945203164132,185.94554126075528,169.6218425508638,4.315018523280096,1.6137045714752893,4458.795744038707,33.065355153176945,1.0
11004.0,28306.824057474496,50959.166398414585,-416.5626159757249,461.0528363891125,182.725608693966,996.8917425609993,3.960368868473895,6.5364189260021215,NaN,20.82598762745072,4.0
11008.0,28265.15554775112,50974.15452391187,-323.3868733562986,396.6588999494648,181.12215896290874,201.7634818691627,3.7947900624308173,1.6497038868412264,4818.922912352273,31.950305455688316,1.0
11009.0,28384.796821510557,50927.555352280295,-498.9261008430483,523.5086466119274,188.61552217210738,274.20713247841934,3.8006184220381427,1.4413877792254535,3472.9420049218415,30.994204190414766,1.0
11010.0,28298.998720623116,50941.10527563555,-525.6719905587607,545.3869878195909,191.81883371694175,240.39453979356898,3.955457596455977,1.6507360616015891,4164.161678022373,36.38756233908555,1.0
11021.0,28320.449478171,50936.78648168748,-360.13225125595886,420.80748437801054,180.74736825167528,170.4276047620289,3.620036381067151,1.4211930983536405,3673.728729977359,35.392689424675,1.0
11024.0,31124.506429324734,46873.16683884214,-65.58807282225418,263.03977324229504,212.68591994794886,174.06811518071953,4.45829516618391,1.6037183750815838,4403.78304745593,29.751192902521147,1.0
11035.0,28371.757304263552,50936.7555167691,-413.0560611079843,457.8259169314704,182.01588567509228,231.7261743499671,3.8640746841082008,1.800490764186878,4958.312314746057,33.01618971273221,1.0
11035.0,30207.125736306898,48321.94789000692,89.51258141849527,212.84556866707175,256.07856204985546,146.73378872070228,3.7365553321718274,1.3697329041595772,3557.337366100589,31.337224290313397,1.0
11036.0,28316.919522831573,50970.89956631803,-416.23367192304664,460.1567169261408,182.179465289029,483.28694328822655,4.072492654032972,3.1560706519735486,NaN,24.68926839354716,2.0
11049.0,29222.17594421768,49819.06853974577,22.021218090076374,231.89940365248097,234.943348358742,164.40241789670188,4.115469527942837,1.5049810052466166,3784.3307218068303,29.856833816116378,1.0
11050.0,29220.37699662386,49859.88745798304,-159.9685119115592,304.6856264179451,195.2532717946755,400.1856145624061,3.936353938957477,1.9433257580776717,5057.50689080993,19.368479439695367,1.0
11050.0,32309.409520360623,50943.60660446211,177.2647157251888,194.49510605840007,288.74954451258577,131.18654444880943,3.6861878666167947,1.1268787398049478,2628.1780608078266,32.78399530349627,1.0
11053.0,28321.93032417349,50890.613890654095,-319.6067212037123,394.2468643089708,181.21908928595786,244.31352182998856,3.98524618980174,1.4644766176441424,3313.6474660901104,27.43129492852025,1.0
11054.0,28370.59898561388,50907.90255990175,-439.24518476829377,477.12124335920373,183.43310241831867,280.22867125293703,4.346126225562433,1.8059928259977134,4842.7789238124715,30.11263043988165,1.0
11055.0,28302.709141031235,50919.82257515616,-379.975557535489,434.3777038190192,180.97285630178095,273.5744704450493,4.098276183680125,1.6466558512024967,4423.240434270143,27.85723542938348,1.0
11059.0,28276.241644839603,50693.76487305312,37.41147267285593,227.17642510318362,239.45732901218756,101.91385256561021,3.4444606169176137,1.3068793580843419,4205.236817267598,38.85497190814076,1.0
11071.0,29025.28306009665,50133.466328261755,-694.5703361902929,699.1275413880147,224.63891431115138,193.53408335239814,3.915640492912672,1.4955853175626397,4070.640520033796,53.86637114845372,1.0
11077.0,28272.925190718066,50893.49231009901,-432.645592602492,472.1979128519749,183.02670420759668,171.41423244914182,3.6644979590180604,1.3690451071776242,3303.198975632885,37.84311543442105,1.0
11100.0,30180.251134589736,48319.22128150772,80.61733148067287,216.35591002422677,254.10038566253942,202.82504902526267,3.8270508010918314,2.6041460403545242,NaN,31.342527507369642,2.0
11104.0,30246.16029638967,48310.603889831014,113.29913949679246,207.15398964163197,264.3547564385464,104.78767392719045,3.6233524861678346,1.278344226749965,3487.098009325766,38.10591404088862,1.0
11122.0,26337.209186622393,45549.104705288766,-124.57317162572377,288.08284275031326,200.99545439774914,144.2184965206853,5.045907503108415,1.9161742817111096,4998.50714513189,36.45018235498248,1.0
11123.0,27144.995212530965,46365.09456780415,171.98287266233245,195.394243699896,286.6170790099117,139.2980325659692,4.270582259211823,1.5385557493910689,3965.213553327034,33.91803167245471,1.0
11123.0,28830.825015265826,46402.80551469475,111.99402330928955,207.45243968645465,263.88947949490245,343.2693371991997,4.66949702838799,1.900205535535814,4726.21065254295,20.124399561692645,1.0
11123.0,29219.594299447483,49847.41343719518,-65.90606713369766,263.2851228524447,212.7120674113385,513.2889967536607,3.9261657407552066,3.425164256799403,NaN,18.520328530839077,2.0
11124.0,28806.207481649715,46423.020300171265,138.84675576295464,201.63530135228456,273.723949780813,582.42125308777,4.946923000180744,2.65053978694947,6231.830191114123,15.74599693799929,1.0
11124.0,29180.87546582583,49837.51375409213,-99.42451178508608,277.0043525484373,205.65550547678475,119.1919856796928,4.152525183123495,1.4994042638761889,4035.9047114582163,37.65303398565024,1.0
11127.0,29217.67192623971,49877.69648030747,-85.85090337903011,271.71845760781866,208.73119558932788,685.7091054432304,4.296097862916818,5.366873697167769,NaN,18.394070797830896,3.0
11128.0,28321.402846971003,50951.21042761248,-469.4491416782966,500.17768582422985,185.71662041413316,191.93737571742028,4.296290106546861,4.569375713323694,11453.377253463388,71.99964541333102,1.0
11129.0,29218.322448304243,49843.96147481137,-106.02376279271171,279.85373724732284,204.38601797412028,225.02011059830022,4.154710817549651,1.6466010816011156,4121.961824399166,25.880198915327952,1.0
11134.0,30174.65475796052,48350.642985165054,182.11668204291902,193.69233051626006,290.7271894743653,124.11679315889215,3.6840263051066593,1.232321407976866,3299.418082693166,34.57899974296587,1.0
11135.0,29213.457436997654,49867.81037202994,-46.20849902432129,255.54839434772515,217.1220568663378,443.2946062645102,3.835119107274511,3.133643862705791,NaN,19.69907925086682,2.0
11140.0,28330.683695939293,50917.02759434558,-431.3855398110572,471.26257642116644,182.95288480068288,172.62553768681113,3.9599419705353776,1.67338498714438,4235.6253713821825,40.167375271696294,1.0
11141.0,28320.241521408258,50953.16966674995,-407.4591734896628,453.82525002932664,181.81237014131614,501.89047031769314,3.899296273506505,3.100786579346903,NaN,23.60110509406433,2.0
11142.0,28402.85414387844,50946.97303433451,-408.7363425483682,454.7054230594308,181.83234376429013,312.836776035378,3.9516937518733184,1.4179673755667892,2955.204821277291,25.63364187159712,1.0
11144.0,28375.226521663477,50963.16099049791,-393.82739595250115,444.44577405606873,181.61129833729854,611.349446605334,3.9974837169213737,3.409546147383379,NaN,21.029033055068826,2.0
11145.0,28333.876633080552,51010.977001223604,-426.88746246857266,467.9358685449337,182.69923712821435,233.32763717496022,3.694305977240631,1.5282390677441273,4369.929286889521,31.82352446191771,1.0
11147.0,28334.25415943807,50955.21000821988,-402.18804354163655,450.00859485280813,181.58122915699806,266.5613811094938,4.160203312961628,1.738751467231789,4364.01318747308,29.43489004354867,1.0
11150.0,30199.397197631108,48422.522049099054,40.933966495889216,226.12684997247408,240.51586634140872,141.24200790282515,3.5937207151320663,1.2485205228534972,3105.5394537028333,31.401197918054088,1.0
11162.0,28420.441154026837,50969.41918083858,-472.34121843002475,502.4305074864776,185.97174353741957,220.31536205693254,3.8895762733032084,1.482938423902307,3818.8385170592596,34.63029298971642,1.0
11163.0,28383.672269059836,50965.19794314377,-454.2740586956594,488.48612601529226,184.48243060077684,306.34738132177165,4.151461570499467,1.5159187742137148,3392.761013554747,27.698450636020194,1.0
11164.0,28318.92916305221,50913.71561751248,-426.3010903441829,467.503602600269,182.66730751561008,185.07680566972513,4.1471359203544615,1.475891350478827,3419.1775804321755,36.5322698890445,1.0
11165.0,28345.134385412133,50887.250568524854,-448.8223766522936,484.3389284187644,184.08189444076066,267.45956973835416,3.864114587417335,1.8073250437402302,4277.711523198522,31.429160897126124,1.0
11166.0,28395.154782435344,50903.70287873023,-448.1525173476668,483.83128722381053,184.03424226641275,219.84793177801694,4.054324310485691,1.4947682514052254,3479.4533100419967,33.70653348888642,1.0
11167.0,28318.059493041863,50966.05816354842,-386.4550852318395,438.88927086137573,181.11147762828912,156.22831801326072,3.6877515761875745,1.4491743810906408,4239.099394262725,38.73573472432298,1.0
11168.0,28285.58981258102,50917.11446787601,-390.83531588364156,441.9615675625006,181.22331300691727,224.68088654361753,3.853123004370292,1.6512252868887447,4856.415667759924,31.96249742590132,1.0
11168.0,28282.95260608244,50918.08002254734,-400.1381139302642,448.5465744678519,181.50933461128372,221.55136283295025,3.9887158628214405,1.6508719960878169,4664.979696318407,32.592706796887136,1.0
11169.0,28369.785623969667,50906.13224662457,-437.6622998308069,475.9366586967223,183.33260361888807,232.97162592250805,3.8080966473544042,1.4565228659794653,3487.0977294828112,31.863625470039455,1.0
11170.0,28411.24074864769,50902.50841538168,-469.60024469172083,500.2951942436768,185.7297920727653,210.74600843203967,3.979492664952823,1.467121388814651,3406.1785355293337,35.39812096023166,1.0
11171.0,28274.395242392533,50902.64815772571,-401.9800490115129,449.8600714401931,181.5737884473845,208.17051764536566,3.82756209978028,1.5187490956830874,4261.909889095454,33.19208382864978,1.0
11172.0,28263.136302441806,50937.99982846186,-418.3906476652424,461.7038181554525,182.2621733557485,192.28319884067207,4.153885617872547,1.5425500229318792,4492.631478969261,35.77240580386676,1.0
11173.0,28311.67660006789,50917.88559963267,-452.6752116620133,487.2669483318014,184.36261569050686,233.2539751937605,4.0699804534296895,1.6106391829077986,3844.4428141788057,33.33821823113231,1.0
11174.0,28168.068330575872,50963.09027862826,-425.7648043161739,467.1085433553121,182.63833464895004,163.37893450338578,4.0914312627721126,1.4533093510202713,3822.95851212796,39.42388829685109,1.0
11175.0,28257.79383998472,50926.37386596835,-480.4683039851412,508.803433954322,186.72279477922623,225.27470912529859,4.013278317092636,1.4650480637718972,3860.6730571524276,34.385883696030255,1.0
11176.0,28309.319190580572,50940.83211911677,-430.5966005922078,470.67770951540496,182.9072812669198,260.3627883069495,4.263989447483272,1.6422382196895067,3787.970858196913,30.399141221008225,1.0
11177.0,28384.745382609664,50916.149996613705,-488.93164258115365,515.506240503193,187.55842362424403,203.4842585721084,4.604989171170626,3.453149384805394,9706.323531805423,57.23866510630549,1.0
11177.0,29247.327168071344,49807.46504469994,-31.545659370270975,250.07972260653943,220.63964544464673,209.43658599037207,4.371563323456851,2.3279358311829244,6147.879740325369,29.357292631069697,1.0
11178.0,29314.875468954877,49791.41853513268,-4.136845156542254,240.43926265506812,227.68528991671127,242.36204808378102,4.078039006522529,1.7035504380835738,4064.424932335018,24.270910593109264,1.0
11180.0,28981.82353983913,50049.66363241126,-82.33404980119839,269.816598208088,209.09790171846404,532.9435244770242,3.7580569299546998,3.664101021150931,NaN,18.590647269204798,2.0
11182.0,29026.90736226539,50049.007865837266,-88.3139521962113,272.381753197731,207.93397134265297,539.9287993927867,3.835741717826515,3.4459365251095866,NaN,18.07244336405617,2.0
11183.0,30167.644109737314,48485.46551849161,64.22791343345679,219.480631411333,247.7539089192207,131.74286571083977,4.139750599721384,1.308074037049551,3297.0761480432816,33.083974854560964,1.0
11196.0,29006.46258582295,50072.16332089572,-11.38768092812704,243.58585042493465,226.3032800647975,513.9191204012849,4.03452906725845,3.6518870100141836,NaN,18.73890329851139,2.0
11198.0,29058.091441857803,49999.56590059424,-88.5694667207753,272.97267381673805,208.27321472465746,752.9225062563959,4.138688202563234,4.209543867233956,NaN,15.527271040590469,2.0
11200.0,29047.574976615982,50020.612657224534,-36.13492467982122,251.76313730444932,219.51589610201788,259.53176328557583,4.182309135857283,1.7566577273848134,3964.8278559478995,23.570089638656228,1.0
11201.0,29120.691238963285,49906.768393553975,-39.370071964447824,252.96177549146526,218.73336810224106,274.2735731508758,3.8390085839886416,1.5642953969426299,4180.816066312604,22.314916251131255,1.0
11205.0,30296.508812449447,48403.341951925926,-158.40645694512483,303.9279992800404,195.48654555214048,172.9843907331324,4.1207498181285525,1.5478217656566389,4237.993347125139,30.723390360974037,1.0
11217.0,28979.283503061983,50078.797629895475,-111.30631154264692,282.16419880933,203.39373944332044,109.9952970467691,3.585395015079385,1.3312394698646661,3378.365301370609,38.47491262833061,1.0
11222.0,29193.956909087945,49803.5710975994,-62.70775020293318,261.900904774546,213.32468143434036,132.92635609747842,3.7933200214551364,1.3110405475461822,3173.1831406784854,33.4653600893256,1.0
11223.0,29163.279231226257,49810.300379482636,27.059125715269055,232.48198129633641,238.14122557441596,433.5574028622758,3.952332206576494,3.052586461998673,NaN,19.789159613365232,2.0
11225.0,29154.295335678256,49839.03326286301,0.4983115727890988,238.87897828790014,228.9333891256103,114.8168024120579,3.564702008701902,1.2506005112577352,3397.1093928467258,35.76015772453706,1.0
11226.0,29224.791892118392,49784.05700758516,-10.285781559104176,242.5403807146688,226.05484601256484,214.4145926708152,3.9491253409151206,1.5430348158397937,3955.138825034687,25.62399279794882,1.0
11227.0,29175.940774356666,49743.9508587164,35.62603270258293,228.69116346359706,239.71499845473863,418.3168955447667,4.045805720993113,3.3741372637009555,NaN,20.88016902191323,2.0
11229.0,29211.8012616297,49765.39715195537,-35.93249974430184,251.68846595459036,219.5651244606372,204.0320871201671,3.7784665163235527,1.464122819530434,3445.509008388938,26.24510545771361,1.0
11230.0,29192.047905211486,49814.2771518209,-12.629338052762455,243.3505682680067,225.44101554308688,192.10552636133392,3.48292753018955,1.3456034489280926,3529.7144113290715,26.660122150046902,1.0
11231.0,29164.300295339704,49776.7792078354,-38.31626708886889,252.57025168074125,218.98738994759887,150.3585055864013,3.7968256157999707,1.3691100339794622,3410.1294688214753,31.143503869246437,1.0
11232.0,27944.492543598386,51314.58850616284,-349.5297758540635,413.70898379216857,180.74989083987333,153.8919332155631,3.9323047995493274,1.4029193971877596,3230.4449208157434,37.24345348976561,1.0
11233.0,27891.72132723353,51328.32309713543,-420.5336601187816,463.2692060188987,182.3672183152601,210.81695970737715,3.770392529874707,1.4154244946024086,3566.2369854526632,33.009219880223135,1.0
11235.0,29036.687361763576,50084.42753883954,-108.44879654776946,281.01935034639376,204.01532219570606,748.3419043834132,3.822695773511262,5.138782809936801,NaN,17.020573475266357,3.0
11237.0,29021.30084616586,50045.692969356554,-95.59074827848296,275.3678924625091,206.4082416282262,317.1648846224352,3.889065218965859,1.8700909143914286,5129.229049261092,21.50887853446168,1.0
11238.0,30059.279661804452,48447.66263494041,167.12432456342444,196.24455301315876,284.6742859428234,163.04723398474255,3.750794224447965,1.3108037698986712,3072.255473478793,29.556584545286952,1.0
11239.0,29075.398379091468,50063.611912638415,-119.33596022141067,285.7265770337857,201.92617454996244,339.68723263728015,3.778703507525328,1.7154952861604988,4475.196987331906,20.490096938629513,1.0
11242.0,31068.019342719064,46911.98519362156,-44.95717852634981,255.05506722647755,217.4007227767075,185.60685847604722,4.820154054314612,1.9477464731459335,5139.929091721075,30.02720823281309,1.0
11246.0,27920.780551004475,51308.417515127345,-403.33189023891447,451.2111769070848,181.93392792943956,403.2935129719423,4.261346850984579,3.43949599421735,NaN,28.886570441991626,2.0
11255.0,29176.001585568967,49772.88432100614,14.113210300252371,234.41309344707702,232.69412559768418,101.25365867988327,3.581180719181383,1.2684819386573294,3560.172585895181,38.766547242591855,1.0
11256.0,29156.59977814808,49728.91611988146,58.304331888225306,221.12222960469464,245.87408815867366,128.75661471555696,3.711443522130151,1.356954030664208,3494.0926673517065,33.84698987352596,1.0
11259.0,29200.37103359167,49789.36297386365,37.79039352860286,227.062958819398,239.57074384120074,212.75989650252083,4.163486666609212,1.5794350619992852,4513.287129366728,25.748163806570798,1.0
11261.0,28996.43113627653,50007.62143855331,-91.95455994331455,273.8285753772178,207.13253522589898,304.9040372024993,3.954677018358108,1.9965467070309213,4833.69601977965,22.32922945565318,1.0
11261.0,30905.30161491826,47385.75086216493,-14.730527141367611,244.1253236120465,224.92974596554055,373.81124906885174,3.905337736991833,3.1825760908411356,NaN,22.094403843995106,2.0
11262.0,30940.042143940493,47370.43127393168,-15.188030461206589,244.24104440705497,224.77561574859143,182.49084592999932,3.82752419557013,1.5904000159426817,4092.843586935437,28.491579900904476,1.0
11262.0,29009.562738918634,50050.37748121034,-36.319442627828494,252.08478072043437,219.67595274892497,436.90682119294263,4.0797547684918225,3.1844940932892483,NaN,19.977461561601473,2.0
11264.0,28987.364712998417,50008.430429163745,-27.343938215861254,248.55588132834316,221.68257381822235,153.11034960212447,3.6711842156852823,1.362256470572829,3399.8022451953334,30.695831505631887,1.0
11276.0,29198.93713997357,49839.124596613045,-50.39481558877152,257.1206240865677,216.12657252662225,216.4196201245397,4.08802991751948,1.6461458680634546,3907.085802211609,26.045448541606472,1.0
11276.0,30935.82849441759,47381.76445250724,-17.896776330422192,246.1883574516478,224.88307907938628,951.734744746785,3.762208861888227,7.0194951754700075,NaN,16.192982911726734,5.0
11277.0,29096.220328852218,49905.08793756206,-69.57935429594761,264.6308423100376,211.8112349331179,216.82672069530042,4.049131926535468,1.6082766391372978,4290.212976038546,26.01584973745824,1.0
11278.0,29076.933574114155,49945.58005293661,-32.728053253197764,250.51154393146666,220.34858388306563,437.71945784517067,4.665846015216894,1.9620708326909384,5198.335113766866,17.618283385578632,1.0
11279.0,29239.65574789339,49802.50280460221,-4.028670031042984,240.40261789366772,227.71423140973104,210.57283799131858,4.022009673323073,1.7459620367218258,5032.44586099428,26.61948996883462,1.0
11280.0,30939.741215542723,47291.721419142494,168.6673514845505,195.97209097487266,285.28934841828675,138.00736715621514,3.84462798429083,1.4492066990197383,4135.7684686359,33.52817538092855,1.0
11281.0,29211.043229567706,49833.0422632183,-65.36436529446355,262.95103992961504,212.73530451172246,163.85473013983818,3.8050389378990714,1.5587881865927333,3983.4657666795215,30.67679293104583,1.0
11282.0,29049.81425092276,49935.8350461247,-73.09557402503533,266.04498140807647,211.0507181443975,287.01456356258507,4.1439269939473,1.5948895712722195,3787.619010544986,21.98693142510338,1.0
11282.0,31011.372794618725,47384.328567188815,-125.10445528550228,288.3233167897138,200.90220623083954,146.2099387382164,4.091388626712674,1.32295386507251,3375.092598469034,32.32840612088684,1.0
11283.0,27840.96799751441,51293.76855951963,-526.105703819017,545.7473267448219,191.87527071861618,252.49206729100965,4.182379363795384,2.3650442078987584,7763.537946838274,40.81671080335817,1.0
11283.0,29039.637372733887,49965.322997816955,-34.05288049017466,250.99694942099896,220.02372621538396,348.6999412160134,4.454334055923964,2.237486302346738,6457.280335757614,20.77660477858063,1.0
11283.0,30882.785857817365,47415.20600830515,36.712426845475605,227.3861067884073,239.24838469380975,132.29720967990608,4.297358959324396,1.773528086328675,5164.051748334944,36.0274215130658,1.0
11284.0,29168.717302660934,49714.2680813625,-17.20520691768296,244.9474143167875,224.25455689819003,111.63016193112354,4.000975130872283,1.3764964641949295,3779.7909291398387,37.420777240648015,1.0
11285.0,30938.617587568267,47407.653882422564,105.12847794797023,209.0488815480853,261.46327205409057,206.90039949900134,4.218757727491959,1.6668712076546208,4546.253539659736,26.585705935952266,1.0
11286.0,29165.19982252413,49800.53426315095,24.81264768396014,231.02618436353,235.74867706691828,294.7849381004518,4.097912542437159,1.9397670155432285,4459.66104682743,22.094813919708844,1.0
11288.0,29226.047224970127,49807.88795266063,-6.773464542610346,241.33584041410734,226.98263861641038,123.49856350828864,3.715636742753569,1.2630309904352566,2934.589825852222,34.30179831995906,1.0
11289.0,29133.189247101134,49834.57160610357,2.030117351535479,238.3677966363739,229.3494549665731,275.1650678398199,4.004377683945558,1.3770450733596769,3127.451723047653,21.69213485897604,1.0
11290.0,27856.264795248117,51319.716736566996,-327.7229348406538,399.44224306206326,181.02438411641126,164.06458213401925,4.497921217596837,1.9166903317906872,4942.887163735585,38.854389387079806,1.0
11290.0,28997.817002974873,50033.24309141431,-102.44562517360232,279.8509731342176,206.32066169917036,847.8003391579969,3.9057342831009643,5.264124459192448,NaN,15.79731484548451,3.0
11296.0,29021.538300165066,50015.622216325355,-11.217625529220335,242.86190689322788,225.8102737242175,365.5702161175045,4.166254528846608,1.7883480445260687,4423.152306413784,19.197782980752397,1.0
11296.0,30979.021268780372,47719.14835348845,-257.21196464543215,356.63668701324207,184.59905745250316,573.0219869745694,4.525872406334855,3.8207371286476506,NaN,19.991312748772714,2.0
11297.0,27843.599196296094,51347.345975998905,-578.9048036653656,590.9392644362636,199.8167566169518,211.98466345460443,4.134786594990939,1.559930025951976,3931.185027778542,42.124395180661836,1.0
11297.0,29232.992104832796,49757.45977899987,-158.73408201136348,304.0867131388064,195.43746465738957,273.043503930816,4.708900039202652,1.9544434760856542,5173.381327322181,24.49037936443747,1.0
11298.0,27896.28592219719,51283.97278361334,-376.24231949972483,431.7963009186996,180.9075165423357,159.4299510173221,4.303185831899265,1.6814305524868218,4302.602801595032,39.73129156308288,1.0
11298.0,29168.506794936417,49823.67693142056,14.089420083108589,234.4661347141395,232.72411332596968,568.3457623247384,4.280607756728424,3.5795028742839334,NaN,17.257304455380964,2.0
11298.0,30945.838485741362,47719.82331458638,-258.66181387480543,357.2941962566033,184.34561084210233,327.9459066254417,4.086967191795777,2.8383789067722693,NaN,26.238060998030942,2.0
11299.0,27790.395548951805,51307.952811135954,-489.7337939629248,516.145033840948,187.64045623142127,181.02659086269895,3.8374549182626896,1.4353974014606719,3591.3451316086116,39.879118826744694,1.0
11300.0,27806.478791667396,51336.03255673383,-484.00352893324197,511.59505170961813,187.06520703348184,215.37121057305743,4.392124767951426,1.8085057086516263,4643.745122401555,38.14579192867977,1.0
11300.0,29172.135977472957,49849.12310407399,4.749657762290479,237.46570534121096,230.09253635766856,217.3015357459632,3.9950306583850956,1.7404827437805777,4644.847640090956,26.0521694948238,1.0
11301.0,27895.586886728273,51303.97598391528,-425.41326179671796,466.84972400428313,182.61946148438574,217.8005451361482,3.940113571876396,1.6514367341544807,4395.97286860625,33.95938062673323,1.0
11302.0,27829.23949018807,51302.305067294496,-433.2935492050161,472.79780383745606,183.1607646694907,418.84671481886596,4.013640458889355,3.050149121853625,NaN,27.58882046396381,2.0
11304.0,27829.733096604454,51335.464161950425,-387.22505265162744,439.42801583926814,181.1300770823548,190.65429526832176,4.096885538492475,1.3823777571986107,3459.0003249958704,33.67485627297086,1.0
11305.0,27849.92747292156,51272.76442974117,-380.7721069297036,434.93019101699457,180.9881725464329,175.22896617857285,4.479461321128405,1.664925031636984,4272.514520409112,37.32500812771516,1.0
11325.0,30950.288521252958,47691.47465717558,-174.35913440301036,311.77360214856964,193.1916859458556,201.1342046547405,3.744642110708709,1.5090861595242413,3584.980029037587,28.045899168040524,1.0
11326.0,30950.475519641514,47651.972736017364,-151.05473737345667,300.3931703359639,196.60940551864232,215.75752534949063,3.593368888770855,1.30315296284341,3437.1920597712165,25.84822489581799,1.0
11327.0,27875.09754257792,51318.848748932694,-463.5238176032544,495.5867100616277,185.21382918148845,218.0587431271878,4.0496282922072515,1.469790327312597,3693.7683706599682,34.38102287861311,1.0
11330.0,29215.072345307293,49772.035004536985,-6.682977427894902,241.304961799612,227.00666537509102,205.83253707772963,4.078214348687866,1.6356549450723776,4428.721748764103,26.588609925708415,1.0
11331.0,30982.385952800003,47684.934930476185,-4.18267848994717,240.45479221040998,227.6730302208569,113.00211839460722,3.5625985048554996,1.3011595401257527,3801.774829361202,36.496744461495986,1.0
11332.0,30959.56090211431,47657.65599385231,-94.42976794192195,275.08513259596,206.8081766616288,434.08880235415654,3.868176553160038,3.400920795560804,NaN,20.939725638061105,2.0
11334.0,30996.857807343895,47649.76953819768,-163.93823670259218,306.621374492582,194.66880978384594,102.92292976979773,3.6049517892936698,1.4667485315145552,4145.346222581985,42.490962273137086,1.0
11344.0,27901.653253318633,51322.929023351666,-401.202459007956,449.34688063903786,181.5799669098251,381.2035752237437,3.789551216560836,3.0374376748148313,NaN,28.24456249567381,2.0
11345.0,29138.84275146908,49880.86547660842,-98.72631430655362,276.7052914116076,205.79175809508754,156.46171790940582,3.7485291450113283,1.392280261325608,3813.1391549832947,31.05081658209069,1.0
11345.0,29138.76679920595,49880.86956440114,-95.79150237097416,275.45324140788654,206.3685468675888,154.12768594605524,3.818058234510174,1.3526657331052008,3555.2467058107522,31.10245921570887,1.0
11346.0,27848.844384892516,51337.50159177525,-436.60580300036975,475.5808530877669,183.61694849882124,1108.598226490169,3.985456553310155,7.145824691081499,NaN,20.786004915097553,5.0
11350.0,27911.795152139603,51336.23562301633,-424.0841228882836,465.872213236488,182.5489555882215,226.0757479884232,3.811618005357572,1.4162438781183466,3556.9159458984022,31.73462556014034,1.0
11350.0,29180.97428306468,49816.739289774385,-46.68532354060152,258.1583465659259,218.97319436516761,302.7664974320327,3.725829105282881,2.7464075767953533,NaN,24.646984066186718,2.0
11351.0,29194.23351163543,49786.452954385306,18.552715664803866,232.9946635090311,233.9509574061881,290.34200124048044,4.004978764323817,1.9943875261133215,5197.647332146599,22.45833219083604,1.0
11352.0,27816.23939842142,51333.053309181254,-380.7943338084148,434.9456161759388,180.98860686490224,173.83918604610594,3.778984885684212,1.4131222485641814,3275.3954725656754,35.6600163286133,1.0
11353.0,27908.90223717165,51374.26445669902,-352.801839696402,415.8883654296182,180.73997263992732,191.92524685840385,3.911162035858594,1.478755444455661,4230.411122822009,32.928609917473324,1.0
11353.0,29006.449534693846,50043.11621631209,-450.90348758973045,485.9187614624004,184.23212118827925,132.2268265323583,3.891967425532579,1.4155036187635999,3457.834617440323,46.495996165241664,1.0
11355.0,29165.91634005366,49799.933399059344,109.34414386356266,208.06334765010578,262.9487848355945,170.99355607970205,3.8869741331261465,1.5079645816186638,3839.6203399834376,29.22734782502898,1.0
11356.0,29264.99835032655,49797.97318471107,9.31112455123341,235.96829337120462,231.35155721338862,128.8970414199835,3.977364986839347,1.3653754503767292,3484.8673569047514,33.96149732972835,1.0
11359.0,30927.749668618348,47691.79447650723,-126.80734525104819,289.09588691007053,200.60477349314456,320.14804658257907,3.967947513334857,1.8957097685235293,5161.017623513681,21.708611679518132,1.0
11360.0,30962.150520161627,47688.68263166346,-192.06632236350197,320.95110955544084,191.0234800465596,587.0391194291959,3.812734092857546,4.686324582824868,NaN,20.467394419459154,3.0
11363.0,30896.92151602962,47666.94917396282,-125.28310105182305,288.4042367249398,200.8708995745885,213.2746981827827,3.7754740688496122,1.372466832397968,3462.709337675322,25.964282307370702,1.0
11374.0,30925.269516941404,47712.27947347816,-103.92698589996645,278.9439522639851,204.7857742665908,186.65240377924832,3.9284553779984033,1.5559910780935091,4000.9069447878665,28.63650313695256,1.0
11387.0,27899.317783203976,51344.492382297525,-354.74616719447437,418.0935389241862,181.4696137000137,2043.198105909082,3.8422552975091033,13.57956842735112,NaN,17.146751054841324,9.0
11388.0,27897.072141415043,51370.69270353896,-342.26014404338906,408.9031267494415,180.80112782636627,269.3179150415465,3.8121209275502657,1.5656119632011336,3808.7732677092326,26.77351186230815,1.0
11390.0,31227.013973817044,46567.23028611381,-153.71366097438585,301.6657416455889,196.19854194615505,185.27051370390484,4.042772129598005,1.4787600044214553,3687.0910051472615,29.049648525059315,1.0
11392.0,27981.908573492994,51364.38651309467,-420.466896775819,463.22037261551736,182.36389292778424,255.90857373449262,3.99525449890853,1.6826537301657714,4242.647158946961,30.575868122714013,1.0
11394.0,27954.050011650583,51319.03922940583,-413.59748607604547,458.21827442885586,182.03989335629092,223.2036041458022,3.8368897251275573,1.5360655142573907,4555.441187070284,32.27343564186044,1.0
11398.0,31166.195220898975,46531.444257110124,-180.3954689251781,314.80488461604364,192.3739117717748,305.40241240802135,3.911620586360671,1.6988579894190066,3975.201503915966,22.407901328945158,1.0
11399.0,31207.260867798108,46556.529742871375,-248.86354953277038,351.59291801529645,185.04197956933155,388.4675123605317,4.105923376211641,1.7240698340376297,3916.238978954927,20.31959104470606,1.0
11399.0,27930.226128787985,51339.49663597798,-376.9359785161515,432.99759288658026,181.50286330012818,455.80942875776805,3.7656647559888574,3.419423451230728,NaN,25.47441806080206,2.0
11401.0,27861.605130917706,51361.211979245294,-441.7571566942781,479.0059794582067,183.59650933302504,245.00078985768457,3.4740154902386506,1.4521015985759138,3735.8273478830397,31.00594706496754,1.0
11405.0,29243.455030531826,49812.91285039161,-120.8893998671547,286.42278447384405,201.64792768487123,276.2043179727992,4.092440350714794,1.6171011995209186,4082.5219448167168,22.91982035893397,1.0
11411.0,26522.74802761021,51315.28123716546,116.55038983267353,206.41748832235908,265.51947954116105,120.00910996942393,3.4632498552771502,1.4467340033219294,4269.874383658736,36.17895279870048,1.0
11413.0,31252.978386653544,46553.44267886255,-204.10858604768853,327.0455895258015,189.43018269529657,143.62938379446507,3.73890803695443,1.391922263076909,3321.006258974446,34.488432995133415,1.0
11414.0,31203.525963993856,46513.54846180925,-135.178195357793,292.9333490016954,199.17482374429326,207.4805937619962,3.9839233456986594,1.6448202072921347,4053.5007311453865,27.532502217855406,1.0
11420.0,27871.862309186225,51317.96155646266,-412.3142057207124,457.2887612644995,181.98335333916157,250.72938529230794,3.727977369096904,1.5909038623716243,4231.1752058285565,30.218852648259684,1.0
11429.0,29839.966084604854,48656.39506378557,110.09890274056687,207.88866976171104,263.2161756261837,114.79854773771122,3.6661033706946977,1.4820229219251007,4306.269508613225,37.462752305055986,1.0
11434.0,30400.816363225807,47518.796702487285,231.31365096623,186.8062661828426,311.79293443864765,163.77530545157205,4.1536612429534046,1.5159173052384012,3878.5206423226086,31.240530420702235,1.0
11434.0,27901.04881241104,51353.25315137774,-428.92877128804366,469.87787625604483,183.16370250689837,465.10186601322494,3.719605884456011,3.0627174599855578,NaN,25.522442889955013,2.0
11441.0,27914.145034013585,51350.49486202556,-474.50031465894494,504.1175064430887,186.1663628616481,175.4377851058615,3.7464434934183246,1.4603408912420972,3928.8525599415516,40.10384003148481,1.0
11458.0,27876.584544444973,51334.87202404345,-415.77386309274027,459.9718302175422,182.27894669660125,374.78469129275356,3.6342337062041983,2.860045155294056,NaN,28.38623725895879,2.0
11459.0,31216.45675555795,46497.50814606229,-223.0490126579303,337.85355313246373,187.91207569016626,585.6877542597617,4.118674784016343,3.8167273087236606,NaN,19.185196344447114,2.0
11460.0,27851.48162386927,51361.756654448,-345.06303699214845,410.75017890253156,180.7766021347286,278.3662947433298,3.76895473244941,1.5551188192707472,3619.567355432221,26.27083802160785,1.0
11461.0,27806.3336229867,51371.25170894664,-425.9523732543526,467.2466866219913,182.6484431418437,231.1064481229932,5.2760677041700585,1.6735420826667158,3526.735400480194,32.823112078036345,1.0
11461.0,31261.393728795276,46470.21369605993,-251.65130642594139,353.1844469552276,184.819144708651,350.9433967051826,4.265784290384888,1.6918280359446423,3938.278685502575,21.541880520174345,1.0
11462.0,31280.633633550624,46486.563230409265,-289.442806644137,375.8952522124348,182.71612980994112,1022.7530487194158,4.039336755245415,5.325572344611727,NaN,15.704246814797457,3.0
11466.0,31325.715102622435,46459.99999587799,-278.1320768595231,368.66774666074764,182.9977807108033,285.9834748729659,3.574452533811534,1.6789093920664486,4141.784348482773,24.80246736633804,1.0
11470.0,29020.66362976853,50015.03714629615,-14.924991668842242,244.14921692911562,224.84379010775413,82.69077465290053,3.501171585057216,1.298867439707195,3814.8096954382218,44.679386423105896,1.0
11472.0,31299.481230167934,46466.02469588204,-271.3609094952374,365.63250954389775,184.21013043417804,444.36800447883985,3.7873436235527436,2.718051427152435,NaN,21.31911461600448,2.0
11474.0,31318.781530201548,46432.22602905682,-275.829501283175,367.2951815978915,183.13493945819317,200.20225611884447,4.265879902366301,1.5284859585026955,3961.83352335495,30.179689823489255,1.0
11480.0,31270.337838339725,46446.617054305425,-327.7855675684234,399.6792742647464,181.18203849942063,989.3783998192498,3.909105578594739,5.881409805820283,NaN,17.553320910009198,3.0
11483.0,31285.197947985107,46476.454167550975,-330.11445756051063,400.98496155259573,180.97658789474818,153.94548055005868,3.8459062322185167,1.3794188915398318,3632.0012066511918,36.35978629994989,1.0
11484.0,31216.58865738944,46416.78256838616,-298.96703462142085,381.3147612666202,181.94038611806744,164.67062362305694,3.7185096318933497,1.1732038069067263,2650.7957977121255,32.670972581804875,1.0
11485.0,31260.279271557036,46440.32820044245,-332.97003698975186,402.8340975886045,180.92522664609277,306.5813798674682,3.9732134863630564,1.8606155732781784,4399.005841238349,25.525718222913603,1.0
11487.0,28206.75925828646,47988.498834987295,135.95531015940617,202.22901133901848,272.63859458561717,182.71735129038672,3.845707655116091,1.5084892374033387,4273.9559031400595,28.194487178789842,1.0
11487.0,28358.46582437911,50957.81735788838,-323.49483438500476,396.7279855342161,181.1195505870879,128.29506535683663,3.8220641045732986,1.4561920921867124,3920.651367775539,41.362615461834615,1.0
11490.0,30930.09905098361,48790.092960921,185.67160589563196,193.512439256558,292.50612113238947,488.15442296251956,4.078359860669342,3.4142764830150902,NaN,19.277342731954604,2.0
11491.0,30963.752454584486,48784.38335689755,133.08712355548084,202.82573460879757,271.5682648935389,275.816059592783,4.153116716158451,1.5061748917623416,3493.775421861286,22.045409762937993,1.0
11493.0,30901.62311796425,48765.180463393226,156.58479472835424,198.16562818036178,280.52167233386933,283.60612279211347,4.020493598012875,1.8375573512295134,4766.668764806931,22.6299834809294,1.0
11494.0,30927.169073853427,48745.991080264896,192.09319454273242,192.11143297508121,294.84995318325605,296.48647464585406,3.968741666875348,1.4776355029939372,3243.728259219936,21.420068131013398,1.0
11495.0,30934.603702159486,48778.979152745465,137.14654497897547,201.98345623191597,273.08497386352593,256.2496691233076,3.9734798175757655,1.5661986535899735,4140.6865896620375,23.188456280608385,1.0
11498.0,31187.50254502095,48358.27109166771,204.69602205455874,190.24853772893212,300.1664664977498,170.4083002287092,4.151176724077117,1.4648002396165702,3696.4287451239416,29.860215399369174,1.0
11499.0,31107.60262192398,48100.4298230651,401.8326142207683,180.60414913949583,399.08408422557943,214.71592055058542,4.541220638324645,2.035606599957027,5761.301022673978,32.92465238864676,1.0
11499.0,31109.661506382545,48094.19225135566,399.53403674271027,180.50543711802055,397.7600692479917,218.47157940462347,4.407878568061884,2.0804702538260855,6355.328689614938,32.714247070819184,1.0
11500.0,30858.230628253787,47845.35732378737,-30.37284762536392,249.65270316676526,220.9294007792621,229.5714568292686,3.7560529646465457,1.5178697669958883,4343.185249731181,24.60543621606252,1.0
11501.0,30827.50527155279,47878.46279216244,206.14984542264082,190.04327550417258,300.78755018887165,249.44500343873773,3.962230980233513,1.4015798159358217,3501.003947907252,23.595627204865053,1.0
11502.0,30833.063154237505,47818.14075782694,162.7059788553455,197.03714747899357,282.92313576314837,237.93323532004922,3.9509102361711137,1.4526023150281324,3538.536482225172,24.049633225319017,1.0
11503.0,30788.4458284998,47882.43025748406,170.3611191097293,195.6755966668994,285.9665863636851,229.75010598118678,3.799890079564709,1.4701515243921044,3523.1740517588682,24.65584701887301,1.0
11504.0,30654.828706334818,47882.773884450566,196.0740791872857,191.50681242566262,296.5162139427746,251.0687798845588,3.5678383086495415,1.3879453740141272,4038.881441605821,23.382654104498716,1.0
11505.0,30862.19833470994,47756.63067214168,-61.76584730393275,261.53017749456797,213.53493657693414,219.35782448267085,4.0526519895483,1.6423438176502656,4225.709180636915,25.8949192916291,1.0
11506.0,31085.616230391417,47637.13179845962,122.19693910918637,205.16207250559503,267.5614356339383,265.4932650152973,4.007047045663312,1.501214368068157,3757.2101601270683,22.483455486814474,1.0
11507.0,30911.53751417192,47563.02792777842,153.3754592557663,198.77140948328605,279.27399603807925,224.42514247845222,3.851312421671081,1.5264387808721158,4063.323990238742,25.061643875237785,1.0
11508.0,30862.299244325004,47687.91082127335,259.4911889944718,183.89026367416227,324.6891021229446,219.3127197698621,4.071579165356624,1.7168913137321669,3904.7801191791177,27.265146485011684,1.0
11509.0,30920.31103944927,47659.00577801578,130.51223681820946,203.36804543323427,270.6127273064182,269.6772783876971,4.117232144718423,1.7647476702574374,4661.2974643912885,22.99260661692661,1.0
11510.0,30899.390256857496,47687.94165480808,161.7305564953879,197.21460640667044,282.5385453882368,227.57644792911103,3.965608235152578,1.4649923490547705,3986.3615958356754,24.718023058504453,1.0
11511.0,30940.040215248704,47537.92167946077,140.9988760380792,201.19851734507353,274.53592220184805,267.79226989030286,4.119193481553286,1.550916863707019,3679.795509514611,22.574055863267546,1.0
11512.0,30802.11252203414,47733.40437314788,4.363482546583024,237.59337759560853,229.98667531045876,212.78184517871856,3.811625382166888,1.531215779987692,4201.7130942651975,25.6507453951702,1.0
11513.0,30838.14602729067,47642.22260464384,142.92336082969138,200.81163227618313,275.26499961480107,281.73538728681217,3.8321790547390355,1.7119748244696824,4299.819232317928,22.316339516540154,1.0
11514.0,31184.35426988563,47429.750741373755,-4.430897421131605,240.53892981705366,227.606663373127,236.96670823504041,4.14468493231343,1.7165024720550075,3588.984815529793,24.648236703457393,1.0
11515.0,31107.38998956969,47466.04416897056,46.15336113655395,224.61138213297497,242.1164374181783,454.7684248966575,3.9596205680724177,3.3700906774581707,NaN,19.59884532412247,2.0
11517.0,30953.867230161995,47655.71006152526,104.42736365931917,209.21441268696148,261.2175275594117,246.2575328879326,4.201654413059154,1.364897036207936,3117.083318683595,23.07819632623027,1.0
11518.0,30935.38604851805,47617.86889550588,171.7940656489788,195.42687167393427,286.5412445742806,244.81664598977912,3.844569962327871,1.8439255949841773,5029.553226990046,24.906160837125373,1.0
11519.0,29726.749150364318,51999.759275273944,198.4691626267848,191.15024522199215,297.52453211312894,128.23777923332983,3.7494654372480145,1.5451739579541452,4304.420572732466,36.18826987248518,1.0
11519.0,30835.932102194056,47832.12586878335,-91.04802494014507,273.4467512761556,207.31467745824722,258.68046309219187,3.8164767036868406,1.649364766159227,4536.046389168262,23.664580339539075,1.0
11520.0,30723.241797168343,47986.643329882725,211.8967433963703,189.25139497174158,303.25843443601326,219.195224276019,3.996487305416709,1.5480111495059248,3849.2715293901456,25.99960639160101,1.0
11521.0,30860.33056194878,48022.39507711807,217.82127097407349,188.46764189162224,305.8320394037202,210.63200834112595,4.1083633130774455,1.8267285387859142,5147.634364720245,27.81447577289169,1.0
11522.0,30785.90923501763,48065.62524711488,196.92701329513983,191.3792119650968,296.87479372943795,295.2649119182206,4.351098327973646,1.6421962591283594,4129.764734445181,21.88429582469626,1.0
11523.0,30847.107968711272,48238.09791763235,154.3572270135296,198.58506377466625,279.6548393334786,241.1863021618925,4.160567307984532,1.4597201486484173,3805.6884291980373,23.82689386749656,1.0
11524.0,28311.359847468764,50993.350741800125,-392.40087157435863,443.06403835832566,181.26683152093705,234.05694098477062,3.9022779619665955,1.6103281490526693,4308.833620552237,30.969371018473726,1.0
11525.0,30350.373928600733,48296.51191828224,120.30732981686904,205.57884824821767,266.8753929450545,347.51331070931053,4.204809987795536,1.8654357695680592,4228.299665825172,19.932688959891077,1.0
11526.0,30402.6234180966,48201.24441967853,174.6536948912109,194.93629675180983,287.69272644501416,300.03301539923456,3.895897131755247,1.7643837968787648,4217.799648985032,21.804659293180823,1.0
11527.0,30449.651722530652,48143.35683432161,93.69946447028778,211.80505089220102,257.5040588986037,124.39738888997954,3.688516023125928,1.32886035393464,3463.863490493901,34.470647577082524,1.0
11529.0,27883.851068506454,51335.42959217841,-301.9304328258332,383.367812417899,181.99545670212098,1043.9614146263048,4.324099363897865,13.009498786022995,NaN,28.031398762773346,4.0
11529.0,28656.865207229013,50644.82767385589,-269.71440927319713,363.77084342023966,183.59688015099533,619.5676101782738,4.744954381431354,8.561552238133952,NaN,30.848194083922223,2.0
11531.0,27906.311088855087,51316.09309685389,-296.20561435006584,379.6150210892845,182.0615132426535,296.0379776986982,4.512412959345989,4.960307479777049,13888.14619744868,40.345895353501746,1.0
11531.0,28704.17034390844,50654.187017449985,-253.63662866287714,354.3223344065773,184.66406203587383,302.9782963709154,5.028872461432147,4.392750315057678,12595.74546026791,34.83471300307441,1.0
11535.0,28369.608445795384,51024.95175741707,-324.9541195687488,397.6628783599938,181.0851652351694,368.2448988836934,4.172922335580929,1.9747615995418888,4930.820300171055,22.932380149782507,1.0
11536.0,28339.765280815627,51010.72336883931,-311.9289273227474,389.38930456283015,181.44948419712267,267.23440816268976,3.985714942448462,1.7211684161178864,4714.937933216895,26.756094961553604,1.0
11537.0,28379.03549439045,50984.66869617362,-320.121994059049,395.0968918963492,181.62712186559358,513.6940860089953,3.7506325222618617,4.466879357185368,NaN,24.8757299255766,3.0
11537.0,31270.35818024623,46470.23437971491,-254.90138420900666,355.7938422450304,185.16864558770502,1702.672400890232,4.015937933228175,10.40272324660847,NaN,14.767285267592973,6.0
11539.0,31267.622498055556,46448.58855367658,-299.6301598933346,381.72400626666365,181.91216407330484,371.56320694673786,4.468867362763939,1.9866855567133836,4042.239127708857,22.334199831239474,1.0
11540.0,28296.25141164492,51011.73959485743,-242.20033951095056,347.81858741134334,185.5985886775634,184.0548447853861,3.782876377830626,1.569837195066047,3653.355314388767,31.229421189941323,1.0
11541.0,28332.398391236144,50999.35186577524,-338.94740273462264,407.1089169848882,181.1443438057733,996.8615697007281,3.950237250289312,7.153555991843339,NaN,19.776473857379536,4.0
11543.0,31303.43233320493,46455.6244466545,-256.8336824463644,356.66007675339387,184.82272749791946,1375.8558357784405,3.9144603674873024,6.540854379927104,NaN,13.490841071494776,4.0
11545.0,28598.18816202591,50675.7312738035,-212.06750837909706,331.2728380633224,188.53822109530827,248.07931260660004,4.072257814910009,1.6435314629910365,4269.418573262667,25.70044345497703,1.0
11546.0,28544.869666873456,50769.46517819967,-239.8265411138673,346.4840799917059,185.80505745579578,368.4266894044192,5.080624521574211,2.8988535378263123,7226.236753684809,24.013078155291733,1.0
11547.0,28692.27818756456,50642.80976879572,-254.069640161948,354.5877547221951,184.6441699256148,571.7516121046772,3.9643428403239573,3.671720597326464,NaN,19.627351263276164,2.0
11548.0,31324.12960273428,46443.766698604275,-254.5238761198206,355.70102099117446,185.2979800649129,712.1542241153329,3.9417574504301225,3.421332345456376,NaN,16.57416565631093,2.0
11549.0,31359.928260082102,46437.20055105879,-288.5946427606387,374.96745356505613,182.42544299211553,136.55124724200454,4.0795203535648525,1.4106610585548685,3591.644248236686,38.06467284038306,1.0
11551.0,31293.293953105625,46428.33246001602,-271.96320242601666,365.001726991316,183.37433365087438,260.9348570948068,3.651606225983263,1.5932093324946532,4251.106462801879,25.805090910358157,1.0
11553.0,28629.32419042517,50648.438434620395,-242.02738243591162,347.7211745276899,185.6134871304944,193.910657649082,3.6967821327346786,1.3481960022297494,3444.737123912317,29.17748486748198,1.0
11554.0,28687.316527211813,50636.983518888264,-240.87753159294402,347.1630702617502,185.78487662309558,1107.0485147319914,3.93227324603754,6.949997607538075,NaN,16.113427074591222,4.0
11555.0,28731.766443845234,50638.72497152009,-242.4782991568973,347.9751989398144,185.57469310486906,294.5198225377798,3.6180737769256326,1.636644951505906,4583.970126937858,23.610691477129915,1.0
11559.0,28726.3143529144,50619.88733048955,-237.9319726819395,345.60498329763334,186.12015742391495,576.6908455907437,3.8982293002062436,3.1545991115859935,NaN,18.267970408995687,2.0
11561.0,28665.833724205313,50638.11498633714,-131.37126678980354,291.17994051655825,199.81852143235628,257.03009701586757,3.890693272991306,1.8040607242601054,4981.91958960725,24.608077346129356,1.0
11562.0,28448.438440155915,50901.53840861965,-201.75928352369706,325.8092152805934,189.7026984898527,211.5112636679353,4.126528425768338,1.7436809862181863,4491.685334687086,28.619879310633003,1.0
11562.0,28449.122721963846,50900.75835569021,-197.89843605280595,323.78866092171097,190.15968759208232,207.46451811896168,4.242093700188861,1.7638979413404585,4869.4472990081285,28.99739481637255,1.0
11563.0,28386.733865055994,50980.74325896586,-342.02470055892036,408.748311348937,180.8034605750195,287.6430118935895,3.6033860043967327,1.747603418799861,4207.3990851067365,26.37433427160091,1.0
11564.0,28269.991698794507,50998.26335435118,-418.7420417334341,461.960201113299,182.27915789412876,159.17916770786334,3.6428084648989842,1.4090048556706936,3371.0433108420634,39.380431040920186,1.0
11566.0,28329.522744663765,50993.43445875427,-334.387000827115,403.7545098015368,180.90204762885585,297.39168860740716,3.853161614183811,1.702426353167092,3501.8783795958216,25.488421548619332,1.0
11569.0,28368.856425593218,51012.25824962661,-362.87223006677937,422.6591745438715,180.76064677446035,328.382998722826,3.6466662223762962,1.5148753720925654,3774.2694401600797,24.07273485812193,1.0
11580.0,28704.676753628195,50605.42641782527,-215.62882502462426,333.18371642054154,188.15473543283346,128.38758804247755,4.109798443120658,1.965572867037112,5464.864904376356,42.276309479427574,1.0
11580.0,31312.101432618943,46499.950525172484,-216.12396359217587,333.45186082174587,188.10341487493508,888.9966216694522,3.8196502639625365,5.311041504874979,NaN,16.264694682122496,3.0
11581.0,27858.772114552914,51329.69498580288,-312.98704200553897,390.3988073061828,181.69255239101443,985.3080963774813,3.8342503995356614,5.949641124911052,NaN,17.439421643608288,4.0
11583.0,31303.70609729037,46481.98403650518,-251.5810664897155,353.2007923174849,184.87037579955123,706.8729786551899,3.897931950712179,3.584293663618552,NaN,16.80523191822049,2.0
11585.0,31262.419724503303,46474.20350188356,-204.67608779736108,327.34503079472506,189.36498403739535,190.3944615477217,3.749589040041261,1.4302377957928414,3364.8187812901047,29.16015086239023,1.0
11587.0,31326.032499094752,46490.17854430855,-304.78253690961844,384.9179023166484,181.70430095519842,156.02564982240807,3.9639702417500717,1.3750976164530355,3777.9253538119856,35.19563279620867,1.0
11599.0,29145.522470544252,49799.6556121772,35.534222859802306,227.74055681164148,238.8970631298613,97.73424543389673,3.9175700928426846,1.4381448479417178,3965.50665375048,41.09957860980514,1.0
11600.0,29172.514651335663,49854.28853552232,63.54553910766779,219.6680510289634,247.5359978233247,104.91649860286108,3.7210487432579042,1.3578814251348927,3557.800160562887,38.541786733209676,1.0
11600.0,31303.55622532406,46479.60753176164,-315.26369038257616,393.67599035660743,183.10865546836575,761.0078663980335,3.786638660734296,4.267189619494098,NaN,18.25036516097923,3.0
11601.0,31290.250946876447,46503.16087643622,-347.4794903556918,412.34852162763553,180.7602637573636,342.5964304813666,4.027638423300356,2.1112930294170598,4379.476263040466,24.971715346226368,1.0
11604.0,28344.029376140672,51002.80385874393,-412.4507250749275,457.3875719484161,181.9893085867173,278.12820607496957,3.639062644623779,1.735159898513328,4181.849614313795,28.96761716890446,1.0
11605.0,28276.788213875156,50973.25689552058,-433.37889462957713,472.74293172083924,183.07022124170965,235.2341268703602,3.792550600502303,1.5040818888912155,3511.9953887699357,31.770645421355805,1.0
11605.0,31235.486890888562,46470.04686653138,-244.81875865158284,349.29677966788796,185.37582419468617,295.16186415381776,3.8828622659518572,1.7042891376506886,3885.852475875429,23.814950529113574,1.0
11606.0,31300.77996145807,46470.93942047294,-298.20642693924447,380.96156670267163,182.0666737135588,834.1155763880688,3.899555757994644,4.742869784316929,NaN,17.404620143249275,3.0
11610.0,31258.583426817077,46479.61773862172,-328.41867343316966,399.9682130189799,181.07284009011093,794.5977067758477,4.041652767915068,4.6782927255152424,NaN,18.48322460940385,3.0
11612.0,30673.547487601347,48022.59722138977,-387.04985996578284,439.79986930144213,181.52542579569325,1224.3725279016453,4.013723834122629,7.931573816266628,NaN,19.033966649938467,5.0
11615.0,30750.260029054167,48012.80836657776,-404.8528407764443,451.9150658987715,181.67947559312395,254.8601133198138,3.9261387570899924,1.474032439149305,3560.4812482077314,29.11491548712508,1.0
11621.0,28104.0349805138,52022.22805192848,218.47349805059002,188.3833816065008,306.1170002925066,144.008721218695,3.67706106510021,1.50265065238188,3826.9847403003037,33.600782137798674,1.0
11623.0,29524.7509422123,49237.48741432159,-155.04415142110037,302.3050223079309,195.99497377592948,112.6395029951635,4.152314965358535,1.4185723217598074,3603.3859695620868,39.398494610557385,1.0
11634.0,30693.49760619283,47997.90038260943,-348.4841977917717,413.01469758894865,180.7547803933546,286.99484470055745,3.9139580385314336,1.5992407977283014,3897.179030714707,26.028502172232237,1.0
11635.0,30727.287115129664,47977.942111046155,-461.867798703969,494.3095366086941,185.0780923171046,171.03001577415077,4.0102396589383735,1.3427135939582335,3332.2295427542185,39.082624314870195,1.0
11635.0,31273.87644881704,46434.9370999354,-271.5972852656352,364.78539833036035,183.39758068484545,120.07189499081299,3.7525279068934303,1.505543280649523,4333.515194012886,41.706612235545116,1.0
11636.0,31292.53862941851,46884.70180930605,-103.43781818612965,278.73230034769915,204.87951745203947,102.00592241924133,3.6355615665404137,1.2994305325569864,3264.194041084643,39.98019708930621,1.0
11645.0,28278.085625877542,51002.94846943215,-311.69414981973745,389.24164226722047,181.45723726405583,268.70677265440526,4.227547666794848,1.7284700607317576,4255.397965709002,26.687007899362953,1.0
11646.0,28113.69913668007,50959.43227227252,-47.93396361344206,256.18238361424613,216.7004094277156,193.20772020088665,3.8890584502785943,1.6143744881735678,4256.539816218794,27.78874551302286,1.0
11647.0,28396.42348113269,50974.92217795953,-239.57499592930606,346.3429771224488,185.82718805258904,128.4609249754411,3.794007253058824,1.4200804532290772,3730.67244006788,38.15833137529433,1.0
11648.0,28292.594634452635,51001.470254118474,-269.2225702775071,363.3845456427673,183.55092833916555,213.2642027317496,3.7973465309455774,1.6206004412698456,4143.848893263401,29.287241976001084,1.0
11654.0,28256.19047362894,50998.33326397367,-343.1456401130095,409.4858509602976,180.79273265199518,186.9444798642916,3.5876302026124525,1.1987817310522635,2884.6303667260245,31.603199745326545,1.0
11655.0,28319.345213311775,50998.26974176059,-357.74859059933283,419.20235414961337,180.74047028953862,358.74391836645987,3.8906527535336757,1.6852166889545073,3652.773217975539,23.196403501731186,1.0
11655.0,30665.26103999501,47973.96776902065,-330.2605765239284,401.07939450200234,180.97380889935835,220.73380319433994,3.8238447837992644,1.5355972505238917,3982.9154497721474,29.7970771454932,1.0
11656.0,28427.33747364978,50933.41399129394,-251.93204782875034,353.3451282545673,184.7970323534208,194.65907662467265,4.0447802313117345,2.037589962982821,5754.4637475250365,32.93838312154916,1.0
11656.0,30746.055194612614,47939.036501030925,-412.43843679743696,458.9923759466502,183.2928912651058,1131.6658011486752,4.136169198340522,8.162776648896413,NaN,21.618235814027013,5.0
11657.0,28386.040958373927,50973.98482730583,-248.31356999314897,351.2798005226241,185.08664078658046,312.5848894032874,4.309440263962381,1.7651914059610636,4769.0727090078335,23.230527760201824,1.0
11657.0,32220.5723632629,46743.658932257276,168.98082404075302,195.91701353794488,285.414522762112,391.0180530828831,4.512904113109275,2.0707033233845573,5369.533530837348,19.173153101666806,1.0
11658.0,28330.12780865833,50952.70511185278,-469.58543063335685,500.28367282931566,185.72849996108357,405.9256996242729,4.313671741063531,2.040551979961465,5487.700401670917,25.521014562704913,1.0
11658.0,32211.34873633301,46826.29445556953,160.284394995519,197.47935828199022,281.9696860131133,208.0837299963318,4.200294979830345,1.8496922701032432,5223.085136561851,27.522554790727025,1.0
11659.0,28224.875053742588,50947.403867694586,-380.1142818968542,434.4738801019087,180.9754889541887,205.38653386117923,3.921563062706519,1.7157623244373905,4184.659545069542,33.8876440918826,1.0
11660.0,28355.761841866788,50999.689205680545,-395.62072563874676,445.3387380228096,181.36220670862028,246.55760077838,3.9120329775810556,1.5231722354375794,3932.315563217207,29.6484464100966,1.0
11660.0,30691.544937387658,47962.20696644346,-394.40057794720946,444.4756014488817,181.32513501806795,201.64189474945917,3.973828440880669,1.4728972983908717,3389.203335887287,33.30689233718722,1.0
11662.0,30791.46464006117,47923.31658680037,-370.70403526648124,427.9909830280449,180.83015082491974,256.9785384998946,4.308565527502716,1.637800269539097,3991.597539405742,28.65194155603794,1.0
11663.0,30639.06350348625,47949.29568567755,-303.5335484484414,384.1413707862793,181.7528313571277,192.647496386817,4.6552964054332096,4.294146045267926,11226.146173724326,53.09602329059727,1.0
11663.0,31238.470581365207,46948.27179290692,-16.727774472477883,244.7798815778697,224.3776028277798,242.94186275935493,4.233730954569636,3.220253191594874,8318.853829147038,30.29402168903767,1.0
11670.0,28391.77150627725,50977.3089464161,-306.7684494698413,386.1556295084892,181.62958475488605,127.95717206517021,3.666006005166718,1.144471726987362,2526.9859496617682,38.125405273512925,1.0
11670.0,31200.215197870602,46890.79054932227,-115.91911217268596,284.2032504230604,202.54466009699095,222.32270623427215,3.705167464997739,1.4475027157949232,4208.153517698229,25.485914205419395,1.0
11671.0,31162.29305958303,46790.32298628665,-122.1783579471583,287.00218627258454,201.41844992875565,159.89910850913648,3.870866357108288,1.3330974198317551,3187.161354315485,30.62563855667823,1.0
11672.0,28397.2983751332,50942.04871946379,-308.3432818005671,387.1397934623157,181.5724714351456,243.19116265759789,3.973255783067262,1.6604357218245598,4243.97281586308,28.037488657855317,1.0
11672.0,31169.04630379705,46866.92793778074,-99.49139372237546,277.03302442735264,205.64247302438926,263.00225547727877,3.9137947726722624,1.5075881126997261,3520.1568176412184,23.111731372901758,1.0
11673.0,28341.211326995304,51024.42866170573,-339.96601231082394,407.3968518115936,180.82565749655657,242.44856271742498,3.8628069047024964,1.4436260713412958,3325.8869477401227,27.984376110414964,1.0
11673.0,31172.535046675403,46858.32103111955,194.05670308930462,191.81134573078893,295.67030062578533,176.34541448070297,3.7797106405530916,1.435591106143963,3817.5632939132597,28.98670126361494,1.0
11674.0,28374.950108179495,50979.652166999665,-306.30475241388,385.8662958291753,181.6467615160095,207.6228373286087,3.8001322816913383,1.4924616306011693,4018.4560108288274,30.08496439008461,1.0
11676.0,31258.21697444756,46527.93690836573,-310.9530047504061,388.77584331975606,181.48198774083912,247.85137623002845,3.695224748776733,1.4714001780242052,3409.876551754203,27.017920059845164,1.0
11677.0,31227.66111082647,46501.09202078342,-263.07981164195445,359.78558035035826,183.96753491973053,395.2955712162621,3.828350799364439,1.8036426686673674,4027.9956547668316,20.480229705904836,1.0
11679.0,31180.19131218181,46523.52259809871,-192.18182521957567,320.82271771016394,190.8571967727186,127.0414530557642,3.6899425960956878,1.3859737062543418,3616.9452855081026,36.96866112532538,1.0
11683.0,31291.13891225135,46502.23370179088,-323.24082887195584,396.5654617859611,181.12570158365838,351.52722783312385,4.193799678325453,1.7707110761490927,4276.993064875986,22.980681627147742,1.0
11684.0,30626.772685905882,47984.37858479112,-405.91941855774763,452.68000220218147,181.72031496183106,191.40937020709003,4.58019918150612,1.54314018145028,3824.2214551440798,35.35940597369559,1.0
11684.0,31235.8244384593,46494.25981270235,-253.29942684240493,354.12880514245074,184.6901906565927,299.2282007633599,4.341176226584966,1.7797885387806545,4122.861383372271,23.986856063042723,1.0
11685.0,30581.69647794838,47975.56318009909,-437.45562348127226,475.78216256940567,183.31962248516035,220.7534116359714,4.47827744894414,1.5847923162811235,3590.3988181427126,33.73765054220256,1.0
11686.0,31281.24076959984,46874.82483906226,-18.188164625062914,247.55756881076968,225.8318834919236,1526.431084492293,3.8847749505254487,9.14225621948507,NaN,13.084849716762582,6.0
11688.0,31307.2554188673,46882.74530972412,-9.212030155167348,242.1709057708539,226.33748399983023,297.7725298183083,3.9159368099211216,1.9166353457427068,4664.29715361009,21.98443302922872,1.0
11697.0,30674.11154272408,47934.2431630173,-460.7924192396604,493.4815553557581,184.99106726451348,182.4954655352186,4.017946674258528,1.5181819551563114,3921.6420359201184,38.85266879488185,1.0
11712.0,31221.942730255367,46543.0106348498,-399.1322683354188,447.830649432546,181.4752290907667,211.3279792809303,3.686639723313875,1.5573771004401031,3863.931781839173,32.99962993986667,1.0
11713.0,31178.523515015495,46533.15247232071,-290.9982839690382,376.42931261889646,182.30573993959786,351.30234525549434,3.7197543332302287,1.673248596648174,3980.8454913045935,22.12361832458741,1.0
11723.0,28366.627060401486,50995.93602380702,-308.8171430308852,387.51756393540273,181.62126338386764,1087.792302084792,3.922885833222608,6.143851852732597,NaN,16.354178729714032,4.0
11727.0,28287.245300263698,51002.42709631192,-322.3351911956548,395.9864906889859,181.14803268700234,210.57797198576705,3.69193919411125,1.5475330912551482,3986.29942274955,30.523967985548502,1.0
11729.0,31252.36951391136,46842.01712097702,-12.089802799255818,243.16358737763915,225.58196114488857,280.66376736713363,3.8102498564634018,1.9131943586061182,4511.315017319982,22.7977123548586,1.0
11730.0,28342.15749863201,50927.22735671432,-201.8813037156945,325.87330305786327,189.68844075970884,147.98472727989486,3.658022734604609,1.4746220450641114,3761.54002290028,34.32178600829115,1.0
11730.0,31291.279847460737,46857.11580511374,-105.30905742199339,279.5431630652503,204.52190213152633,282.5535270506121,3.7852949946893735,1.7164632317333883,3883.126185179485,22.737397608615552,1.0
11731.0,31225.286568370557,46806.304177247526,44.35081129519463,225.11993410977044,241.55169023450017,177.34342057673797,3.6061169954484806,1.4305422936311,4037.2165070580227,28.14899905173364,1.0
11732.0,28387.45509401777,50995.14625452518,-273.0570505381003,365.6491582009198,183.30544897885733,240.08763143453427,3.4755786096803916,1.7093006342788226,4967.55319007999,27.644286734753347,1.0
11732.0,31238.90296867361,46897.2310798449,-50.380354430712984,257.2381690298499,216.2293950533648,691.5203481145896,4.224920390134351,3.6266600752528184,NaN,15.412113773641186,2.0
11734.0,31221.484618465372,46922.62102440054,-43.87965451703128,254.64906585971357,217.65588388479833,265.35520700767484,3.940029388469448,1.6868813972505503,3573.7955474055516,23.100581881592667,1.0
11738.0,29169.308439912587,49832.86638188649,-50.98213526559951,257.3453935300033,215.99029981466217,113.1754194025614,3.502986845602984,1.1441332618512368,2811.7107015815045,35.70977418508019,1.0
11747.0,31308.441931436155,46896.11921897647,8.31860838582269,236.29244065888062,231.07626079214836,88.51311463054965,3.6448326923684755,1.2456902030562638,3270.934843484213,42.057248295103015,1.0
11748.0,31294.071946984815,46854.907727962105,-191.32924047589904,320.38301286666075,190.96335862093366,157.7247578253471,3.676679118386112,1.3807442475562437,3841.7147766033054,32.21496464335636,1.0
11750.0,31245.44682239872,46896.58522945844,-40.81623380336321,253.50077771739504,218.38614542965078,167.68458313695731,3.518030260194281,1.3842465113864242,3841.8501640983613,29.229182542244494,1.0
11760.0,31274.673487218413,46867.718294689854,-26.21411555584375,248.14896792677368,221.9653075829508,242.30855620662035,4.007133143533033,1.9231727125522513,4814.944548239851,25.078894634771814,1.0
11761.0,28304.026317820448,50976.62390336938,-311.7773803408157,389.2939837964028,181.45448393290053,132.0690843061385,3.6909668668613804,1.308314328343609,3705.3506175800326,38.84665542667608,1.0
11761.0,31232.284481783892,46866.91673507067,46.995616423079966,224.348091064976,242.3595775750139,193.9027261869851,4.040699735288393,1.7438169738928293,4207.051325499824,27.908959922584817,1.0
11766.0,28271.13374717169,50989.18122438678,-393.8920102736775,444.1162535018994,181.31001823708706,320.60831099050756,4.033334117903793,1.7272446036622997,4640.191534674282,25.916441985041466,1.0
11766.0,31156.26020529305,46852.44508773393,-127.17935275000403,289.26502387219335,200.54009148146767,231.64915909033792,3.827177893348173,1.5593916109882704,4036.0874302579864,25.346052432749204,1.0
11768.0,28321.048143107844,51029.14729568948,-406.21228425298364,452.89022955449866,181.73168052723636,272.8193655356011,4.019879789769322,1.8489979266348724,5232.025051493268,29.66022178567173,1.0
11769.0,28364.74495455922,51035.321557184,-377.82293130578864,432.88763415169234,180.93388416697306,333.34682064826046,3.9897992364464754,1.7180137961902464,4289.578941616566,24.845324291150824,1.0
11769.0,31250.41581820654,46782.536348381,-0.23397504418600334,242.21763441718252,231.2351486875633,374.6613338812586,3.979323965247551,3.0815715561578854,NaN,22.088310869381818,2.0
11770.0,31299.894280363205,46772.211379057706,-7.081951119432431,241.44116910381138,226.90077404575172,419.85819580131675,4.257757859942345,1.9778507568272763,4668.056621120626,18.000205320805232,1.0
11801.0,31237.33421367498,46855.519997423326,13.75964376668183,234.52685763577128,232.59467604108076,214.82565911115424,3.7683773298425725,1.4115994324450716,3844.9990935688356,25.092284609760398,1.0
11805.0,31214.618747307773,46571.92688441032,-302.8426967858179,383.7124806088495,181.78018558748354,328.68320417905943,4.214253961793784,1.8153518230968322,3640.052375429366,23.65172177683708,1.0
11806.0,31096.333110750267,46606.50016383448,-297.8818636613526,380.64594706809385,181.98729299417136,163.69087037301105,3.841106936582307,1.2665314604250342,3215.372708834007,33.28949417160727,1.0
11807.0,31168.483678581,46561.72996148227,-284.21692019501677,372.3327218373652,182.6658704352689,542.7735394062304,4.212288589700474,3.1395782330591673,NaN,19.700872595342528,2.0
11809.0,31217.314631928875,46541.544744898536,-304.33953398721064,384.64230648944135,181.72137811727373,253.63408831424783,3.862300136996131,1.676936176967845,4192.643629610529,27.282648610183006,1.0
11817.0,31279.237356012643,46723.81158390507,40.59590658657556,226.2270719487622,240.4138664464339,134.62406019995316,4.020929456796623,1.5569381071947423,4939.89262735747,34.14906425158552,1.0
11818.0,31278.988589594635,46771.346469432116,6.792632768812265,236.79262330890617,230.6544619675007,290.9008171090336,4.212888760352864,1.6984742391084307,4512.305525658238,21.70912032526635,1.0
11819.0,31318.765210059242,46769.250857549,-41.76365396552968,253.85496205937508,218.1595344799547,269.4834254745132,3.870888024468468,1.9261879883839819,3897.917900015092,23.55284753503743,1.0
11820.0,31289.194408307154,46733.864797365844,-61.97082867468796,261.61078569805164,213.4891222972738,190.3940515380853,4.038262426209684,1.5217596759325487,4536.046512265498,27.76262383224433,1.0
11828.0,29263.484976681357,49716.39500412412,-381.9952450536162,435.7797252329347,181.01263267119668,244.69962780276526,4.22115976416739,1.6864112197006744,4160.7664857573645,30.144577186278763,1.0
11829.0,29104.883087429265,49897.45542096388,-189.56220469667028,319.47387936327266,191.1851496276275,225.7632839857588,4.084490382045335,1.7693269750216298,5455.361871428527,27.364581049010898,1.0
11830.0,28289.35512480457,50822.6558732754,-538.8725798916445,556.433803194777,193.60078075735618,327.53352417784527,3.752731284949805,1.9933643647165389,5456.882661396189,32.16655046044895,1.0
11830.0,28270.872718520408,50820.700036553375,-518.794098030535,539.6963882165139,190.9430093361685,311.0634804883423,3.973473566986301,2.039724425033248,5519.902045957466,32.6016986510855,1.0
11831.0,28083.467222780473,50767.85013026995,-263.8749254569487,360.24942273380293,183.91198947565968,121.13197718731344,3.7967943182307917,1.4363295101863696,3901.651423160594,40.55254379015886,1.0
11835.0,31179.5319383032,46563.907605772605,-268.6964915255827,363.0749294837875,183.5854814700548,259.0287430431987,3.9122145127064427,1.4161947560782893,3502.4675030151293,25.262826392071222,1.0
11836.0,27932.441725874585,50985.42402623595,-813.7128388293498,823.7586755322723,260.8673402013868,272.8356536453701,4.232340193445532,1.7526692554795371,4747.104818105228,56.76326285569483,1.0
11839.0,27912.35130505315,51017.81372588365,-647.5028883670543,653.5804248370351,213.30779475773548,223.68444658841744,3.8376492758974248,1.4603050222162284,4044.4448954053582,44.37800306645789,1.0
11839.0,29187.58268695881,49752.72438321026,-99.72918770976416,277.1349994211741,205.59616467073735,93.34922966007488,4.128779476796986,1.4703245951775785,3851.348675922996,44.03526279192531,1.0
11842.0,27852.419198436415,50992.281745165266,-628.6348882979246,635.9084681753644,209.23952397608303,165.27933353942709,3.7090136264077387,1.5297155981200474,4460.26794336819,54.11399513914368,1.0
11845.0,27799.60686959264,51071.58641110369,-842.4965877538029,855.8760382361697,271.2422604479973,311.72513953868827,4.188709834528679,1.557056727274128,3785.7474275825575,51.507084013875506,1.0
11845.0,31152.057827211403,46584.250828238015,-317.2928689211865,392.7770923209847,181.2837939183105,180.83171007059303,3.8284693441815185,1.3633051511451744,3567.7640780397915,32.383260669610756,1.0
11846.0,31184.798783633847,46572.08121057408,-291.89016384968676,377.16403346323455,182.41672604323333,494.51323133063113,3.90414535495199,2.757892367533292,NaN,20.24172967589396,2.0
11847.0,31132.94224908534,46546.67706062236,-327.1203336437529,399.0543690579888,181.03711502833335,359.41716178691723,3.9202434309293674,1.7456002625500218,4387.146835606877,22.684734568376502,1.0
11849.0,27883.558451204422,51003.84765696913,-312.4934792517234,389.74458983106297,181.43101292966418,146.10256603744338,4.038064970384195,1.6269347499424078,4569.768586695315,38.95593005825751,1.0
11850.0,31197.720813125386,46756.78592650151,-186.80369010660692,318.06051978448926,191.5361438919608,203.72771263471185,3.891506793834237,1.4908559415805853,3908.972851640147,27.943429049913917,1.0
11851.0,31298.28941710059,46793.547835367135,-222.71797442594442,337.23739684490295,187.59331961896714,532.3766182810297,4.269827905960259,3.4437682354916888,NaN,19.651520171685693,2.0
11856.0,31275.706900789773,46793.75915777183,-7.688423500272321,241.64850276942437,226.74004298861868,260.6562454609832,4.041197282950282,1.324963762853712,3220.057130287269,22.280747818914566,1.0
11857.0,27874.645184669087,51099.67917605236,-615.3674505897168,623.6830826578428,206.5412947956176,226.24007664704288,4.019288539611733,1.8576086964585337,5884.910434861732,45.946156063193925,1.0
11857.0,31161.65806088192,46576.45380199197,-218.8634487060056,334.9296675024401,187.81480470421351,117.80950973779814,4.0703122735189625,1.250449960876562,3058.626462392008,38.363465940886854,1.0
11873.0,31198.417467522584,46595.811001961825,-372.2757753282318,429.06797552276316,180.84973125901018,228.45599818333778,3.492273958175918,1.533627251933615,4088.0474061233144,30.38426857236418,1.0
11874.0,31165.468457923103,46555.08954134284,-307.8147022206091,386.87255349935833,181.642624835596,594.6250390099414,4.023594359617202,3.3360086658762262,NaN,19.340402154765247,2.0
11885.0,31219.736714423652,46632.90606379187,-102.89563597809925,278.4979739031333,204.98363331117415,137.83031550320803,3.8334930072498854,1.263571534316024,3318.02379551312,32.88573692218838,1.0
11899.0,31271.505572741768,46752.608653950956,45.014072283327195,224.92575256637716,241.7537904251482,205.27206373080912,3.8713885153346532,1.4187390174273293,3461.5432832911833,25.750173392405863,1.0
11900.0,31245.57415791161,46797.177756749436,77.9939260475119,215.79346578795443,252.22577077136577,262.79801948509794,3.8719141951028475,1.669811944777716,4336.993713807543,22.941162551411367,1.0
11908.0,31313.390820381195,46745.37657549485,-58.51333393322054,260.25644038279694,214.26617339552345,205.0253588689527,4.0469280630500775,1.5942992135701979,3846.6709292718365,26.785697270653845,1.0
11917.0,31265.1936807751,46740.042758728916,72.84218227454296,217.37670301154645,250.71658789777496,249.85185923704424,3.8183295667863186,2.510145411986144,NaN,26.527078567374907,2.0
11920.0,31294.153598893226,46727.618019759066,-15.211846099250106,244.24936172498374,224.76944581788328,98.08033626334215,3.647711158453435,1.440575874006929,4053.155815534078,41.26964372260187,1.0
11925.0,31324.634130588565,46668.61398260585,-168.7759265177695,309.0004561121832,193.97279299734944,183.73437237477242,3.918964179553276,1.3786532575300605,3294.3738910888624,28.975017033179707,1.0
11926.0,31257.478154526547,46695.91921767584,-224.07018383014574,337.7608276875114,187.28437013409305,416.56342816115404,4.730752871959672,2.537057035874145,5745.085710334956,20.90778816672685,1.0
11927.0,31267.740050792127,46616.75899910259,-390.3155349382362,441.9074661695731,181.46095270271013,1103.6728669016566,4.45410686432532,4.330878173821963,NaN,15.25202750565853,2.0
11929.0,31295.613170549543,46721.404164464315,-298.7372409029343,381.1730417770926,181.95024412881963,459.19489452414274,4.560914455772526,1.8659273674284156,4271.24675985767,19.38145588396455,1.0
11930.0,31311.76199482494,46753.90972303866,-160.67107427300846,305.02713305353063,195.14895898321288,453.15975452681414,4.711928156820439,2.410671394521228,5224.136367407598,18.822223246965333,1.0
11940.0,27964.914433548136,51106.69711950372,-613.2388728750451,621.7371398674195,206.1208886868188,239.24337863493258,3.8357737209597174,1.582679885121008,3872.412396784296,41.22199371842088,1.0
11940.0,30427.811668353075,47828.67074552578,130.21912604972968,203.43017544459047,270.50427455418173,113.22347005893495,3.7579478184162327,2.4193537720305542,5958.263871617772,46.7111480095855,1.0
11940.0,31235.32479382915,46769.896475271235,127.6725928096265,203.97336777619773,269.564797360721,145.85642446491332,3.8594675524574655,1.8987460037021135,4808.299258033445,34.799562755891806,1.0
11940.0,28012.56184023713,51113.82782110827,-585.7217901979911,597.3626220556056,201.31773225782445,616.4056355662176,3.819139368917373,4.389626655960111,NaN,32.008442445068994,3.0
11949.0,31315.116675482077,46508.56859430234,-267.6302332744841,362.4481989138833,183.65616083873414,122.45644662841764,3.8342302295658306,1.2375520825790824,2952.0873729740315,38.67871553810477,1.0
11956.0,30528.59163996261,48145.3873794086,14.799400857183569,234.19263997429005,232.88740596673665,257.3800606497969,4.337370368157791,1.9037749310247298,4742.895352028257,23.94085256630684,1.0
11969.0,31233.25884855497,46543.88435910039,-246.45471838455063,350.22361974929635,185.23929547741278,134.92978909751807,3.731872397573352,1.386629404028648,3456.9292737093547,36.901411188749705,1.0
11989.0,27833.169718333174,51288.5043337324,-218.60139964673095,334.7878541387774,187.84204695149305,119.58244709202384,3.698051604098714,1.4054539160289676,3862.088970533078,39.264434375465214,1.0
12029.0,27977.219594503345,51171.69581206007,-532.7654523445547,551.3026728195927,192.75987251699257,242.24770915164825,4.088679973550226,1.5630597947280054,4093.5307599516036,35.937739517767156,1.0
12031.0,30923.76391097448,47310.96557479032,29.792243091420797,229.4867053285224,237.20003792072677,97.00579956325204,3.8255617220402938,1.3403486707880234,3603.5851093634114,40.418162052103625,1.0
12054.0,29103.85337622054,49879.9443200239,106.15993798369963,208.80619931322119,261.82548555463376,111.67375475025229,3.8828813673493165,1.3247652499317588,3358.2454587319,36.91148357757486,1.0
12058.0,29075.660897344416,49873.351726413806,-20.383999188242125,246.06834381832107,223.43973367689867,103.7429399000013,4.099359172320896,1.5341364813919203,4566.776799387753,40.64025289794306,1.0
12094.0,29015.54359551881,50246.519668176705,-235.92896660794938,344.30445770593343,186.15337563214356,163.17351128972405,3.598695411375921,1.286611080299731,3649.9274929547732,31.93802943666565,1.0
12095.0,28997.573937958325,50274.5730579679,-233.24465614062737,343.4632074696092,186.926555769844,796.0137177965032,3.9452440048164292,5.013005844844774,NaN,17.460823830667366,3.0
12102.0,29000.620999372826,50271.6380986164,-205.075498478386,328.1057912457402,189.76359212413152,360.2177086489108,3.787832287148455,2.766397881054977,NaN,23.430230112724168,2.0
12104.0,29029.932913252815,50257.357879178824,-186.85503033328712,318.08675906100945,191.52955838443174,265.4913354288334,4.01935916688242,1.8803135318979616,4104.475511310091,25.062765550892724,1.0
12105.0,29049.51833854166,50161.08096787121,-197.20767062015568,323.42863489935706,190.24264808023057,187.3391715044747,4.2791563236474,1.7136994098490117,4723.8051308467475,30.69495425252394,1.0
12124.0,29011.07827444571,50143.03198002865,-628.039306929447,635.3561064986396,209.1155234013096,206.24107450772556,3.7253458348233766,1.4302080829830455,3601.3793157762066,45.05405291461016,1.0
12130.0,29114.168399766895,49988.6616624448,-112.43082592382095,282.65943185409475,203.18525508841228,140.36222951643524,3.871599819221051,1.3317928413909377,3685.834471388047,33.02928342409592,1.0
12139.0,31152.540659798735,46793.660868046456,-45.7577274682405,255.35741577953826,217.21172314852393,109.6173694065287,3.7459473567008907,1.234565033358602,3155.9093746050958,37.00874505162564,1.0
12140.0,31196.332926415576,46782.953573914805,-58.1840567197492,262.47626385334326,216.23837626250767,592.3876294443603,3.9121888686688884,4.417036535436441,NaN,18.699550005931357,3.0
12145.0,30909.330104772474,47224.90045451055,119.98294344300733,205.6507341411677,266.75789469868454,129.69560461944045,3.9079577821116156,1.141651529521975,2595.026457451866,32.63711753946275,1.0
12172.0,29537.811959449242,49457.155705641475,-52.33657793565209,258.35499668385904,216.07304419399026,1326.0640574165463,4.1041897823689935,9.025388512185916,NaN,14.495076296829502,5.0
12174.0,29566.576422781523,49458.01426808546,-171.78259180416092,310.4901961569109,193.54919984671818,290.91686525787617,4.2311270653314095,1.7908333295371164,4458.676518360716,23.21947087122302,1.0
12179.0,29471.89033041983,49484.23379353098,-197.77730542352026,323.7254952652713,190.17420901093377,160.8564913265001,4.142449696237016,1.5032317763885759,4282.095411728493,32.635903170051066,1.0
12180.0,29509.94257359599,49442.14290621228,-54.2383086162397,258.6033043642483,215.24429172581236,597.0856894541712,3.942398873422742,3.096233755964927,NaN,16.190724606936723,2.0
12183.0,31236.50183594746,46728.110850522906,-78.5013342431831,268.2419469534384,209.90002174328026,777.3288055162117,3.986877303201378,3.6632820970974063,NaN,14.440023306110604,2.0
12185.0,31315.051672919857,46725.2819722673,-189.7971831870964,319.59460520264014,191.15551892340386,105.95222922660703,3.719541252747062,1.427943469925159,3600.794516484013,41.93890597198416,1.0
12188.0,29554.182456027476,49449.85410220346,-89.4847076885983,274.2858296068753,208.83902055688074,470.5774013658088,3.9107911744858157,2.9384006845471444,NaN,18.936506277378303,2.0
12194.0,30160.410757514714,48369.05563838079,7.960285821079969,236.4096939683655,230.97705650539118,87.46172587909722,3.830565486063386,1.2279595521300821,2963.2682998104187,42.21028568178159,1.0
12210.0,29551.3003538967,49450.97870876229,-108.38343513193074,280.8825499873758,203.94014696749971,290.50805640011345,3.820253963745682,1.970921853937651,5180.042401504194,23.077452153331713,1.0
12223.0,29238.132950383402,49573.10555901392,-45.43428995634644,255.23518825899217,217.28802391221566,106.14633389006684,3.9336280758929933,1.337139765495919,3675.1981358613757,38.56724112077868,1.0
12240.0,27728.113196350278,50851.368430639915,-225.58306173146548,339.9421501518877,188.2282833415229,990.0318828923434,3.7001205709819645,6.533303704696063,NaN,16.881090628967165,4.0
12253.0,27697.06832091815,50853.04661177287,-267.4909904989666,362.3929142505016,183.6868555892686,607.0974703159343,3.9250026845962807,3.590944435352212,NaN,18.88274370136466,2.0
12264.0,29557.78735177732,49406.785860621196,-42.0057566522629,253.94560571659537,218.10173630900456,152.65826266889394,3.5522825926286647,1.2865346117200305,3232.018271871512,30.476950918330015,1.0
12287.0,29540.705505689933,49318.619952350324,-43.74513788286321,254.60081862832453,217.6897076714597,362.65214942589887,3.738560040418811,2.8126163403752833,NaN,21.70692259828007,2.0
12289.0,27989.058294826213,50816.892009543146,45.39623253870057,224.81405667644952,241.870389523101,116.4478195607597,3.58491339094023,1.52101388498917,4218.5409727242695,37.26136838476279,1.0
12297.0,29532.246968155956,49303.864312246464,-222.23886815580448,336.7621359148709,187.46857942308142,183.9994400726776,4.262098251806436,1.6321448555654376,3863.283683722483,31.128986982498244,1.0
12298.0,29587.61799788931,49290.90371646239,86.03088669664862,213.72342314687538,254.9033326736882,306.9612392293602,4.57896840745056,2.1351649919174704,5634.069337637742,22.05261184687994,1.0
12299.0,29566.867774104754,49347.25021200465,-63.750191672298506,262.3121787660739,213.09277191546053,357.0993009195079,4.051167540974025,1.812563898141254,4070.088428633006,19.72491150743132,1.0
12300.0,29528.806591925822,49330.95522760481,-12.277803877369456,243.48342197605564,225.73867053706334,749.8450434078268,4.402499608992555,3.874583571530704,NaN,14.804630955313089,2.0
12301.0,29565.979969866698,49312.992355310475,-92.40173220219786,274.017205589589,207.0429194388389,329.9528282490195,4.0862325129611845,1.8222630456812203,3984.069517487014,20.872306964591676,1.0
12304.0,29557.921232165314,49321.01004427807,-44.498914181975884,255.1740038867183,217.74490461911842,1533.6526768940096,4.0818789842441205,8.604798575987848,NaN,12.552979754826488,5.0
12305.0,29530.577432436847,49334.64935655797,27.612981216608073,230.15756294211272,236.56254134715465,332.78584729750645,4.317146199557864,1.532843561651802,3343.2649128444764,19.71286835658067,1.0
12308.0,29566.146043606124,49350.12331330151,-101.49884301112786,277.89556910642926,205.2528930501857,315.37021201622764,4.182565392815158,1.6796035692112543,3826.179410871884,21.184173814677422,1.0
12311.0,29581.6304550493,49300.70784515294,-33.02227500299926,251.0414228720747,220.61754354298986,468.29682739410987,3.8558121959837597,3.400905594932008,NaN,19.513736970987992,2.0
12331.0,28796.94581581513,50537.74125507189,-320.9411955530931,395.09682549460416,181.18362718444854,119.26917270715353,3.281815673323002,1.4282665650437558,3718.3247568930865,43.04003154034061,1.0
12332.0,28791.782518264798,50483.49273877071,-222.66737475874973,336.99553476500313,187.4252475345502,185.17218303382236,3.4602006801122456,1.201082428742958,3010.1024209018606,28.976046517261704,1.0
12333.0,28802.96865830645,50450.975901269776,-272.68161851821424,365.4268188178122,183.32898889325944,122.00306172994036,3.4184904202459307,1.351146169055351,3232.0517655782996,39.89134613370219,1.0
12334.0,28723.374278527568,50457.68581284474,-131.11294118515633,291.0614551612283,199.8626007952623,100.8965781575663,3.855552080786483,1.3651240321802207,3838.439840164201,41.348511415610695,1.0
12335.0,28766.26060250146,50474.81368952705,-196.72643950599695,323.1780838140598,190.30065854277873,173.799277910843,3.674988049409135,1.5037206612188894,3797.7668274239627,31.06614967472047,1.0
12336.0,28826.491380603715,50473.30434860029,-175.45242021485774,312.3200723542899,193.04151347724718,124.5567987401083,3.682447356461698,1.3453210214957048,3902.4997240770776,36.77119860847093,1.0
12347.0,28802.85616845327,50520.79053063149,-238.38395369650095,345.67626811882695,185.93310531003885,362.35048214685935,3.8088272206325815,3.2182548841302268,NaN,25.329030696262055,2.0
12349.0,28762.63386884707,50517.022178698164,-246.73145216886834,350.3806506629079,185.21640240280837,141.00771859329978,3.8230290692498383,1.4798275686633158,3523.897871766865,36.55712706110003,1.0
12350.0,28866.681309830514,50517.222739792625,-204.7457496482614,327.3818086722468,189.35699769924256,160.2836562274603,3.6093629082368426,1.3464111950577549,3702.5720118760064,31.965719340608945,1.0
12351.0,30700.09752415227,47733.76277913864,-111.4670107712231,282.23489727937715,203.3638868750741,93.02606280357091,3.8074269230282782,1.5103638680169,4532.141077688678,44.79483898418271,1.0
12362.0,28808.746371968242,50501.60705479663,-282.2294488676892,371.16009308214893,182.7940400593639,713.4124529472758,3.997876711076705,4.236191433815703,NaN,18.25139117594826,2.0
12364.0,28841.423612602113,50512.58123948721,-281.7042615115244,371.61359795100657,183.44483100555598,754.3789321717211,3.7944186467094894,4.870807277778678,NaN,18.72117701062044,3.0
12367.0,28746.815123223496,50506.33553643777,-196.31666520457804,322.9649085889428,190.3501943013262,125.331192471609,3.780938900358324,1.2233829525587174,3367.465889612947,36.19356104898955,1.0
12368.0,28798.822726486655,50471.40423370495,-203.80806159485323,326.88714134172,189.46480849460193,155.36723233716694,3.6221687649935346,1.3396277145814603,3537.3726280126734,32.52755663018371,1.0
12369.0,28799.28101224096,50501.4633465984,-239.54826615478726,346.931795233458,186.31751361832642,603.0387640770396,3.8395077297765963,4.768822626773257,NaN,21.047612911379836,3.0
12370.0,28836.26968640942,50487.98976651953,-239.77020643832566,346.4524741842471,185.81000951204234,301.9971927310566,4.23085837749102,2.354654135185454,5157.695889775068,25.51322461866937,1.0
12373.0,28759.098557676247,50500.86583536269,-255.0344896863669,356.5175483447333,185.6814613658627,482.33384699217567,4.057437764870656,3.3691984654481946,NaN,21.525051047430303,2.0
12388.0,29587.40153571916,49498.39712254625,-301.719146991258,383.0159266999383,181.8254492711796,195.74058818544478,3.7929690877177236,1.257203108137974,2917.257586869649,29.93306925702829,1.0
12389.0,29572.323773137614,49466.81890668157,-279.74012405418233,369.6292684734849,182.90438952399234,270.32792593452126,3.8977731479476345,1.4205481477244268,3491.545439985774,24.853169580315143,1.0
12398.0,30652.124233258255,47664.38725061991,36.17266492426185,227.54832588508668,239.08730501891034,317.25888855019815,4.363289275981435,1.4320877650014459,3425.3737133137042,20.061841951972525,1.0
12399.0,30701.589985408293,47689.816913788,94.27969282638078,211.66215761870438,257.7026616800653,117.56226175012807,3.8874631433419213,1.3187697304103043,3898.2721416505315,35.64361837007998,1.0
12401.0,28843.379567077904,50487.15032280223,-273.1606351890855,365.7105267832691,183.2989730383052,194.9001211333011,4.37714520144343,3.379065844371463,10440.653475628684,43.14315726979883,1.0
12401.0,29574.705949594812,49519.47791040318,-366.5221933339178,425.13683330032245,180.7872225189664,212.17695459370782,4.420886785439398,3.043573412585823,8833.546212019519,42.19853069697514,1.0
12409.0,28809.613234949084,50489.0297977451,-282.21597315606823,371.12078336090786,182.76956622007907,626.3034879158267,3.8616073483557116,4.157037409916253,NaN,19.86726093843991,2.0
12411.0,28773.638190581867,50512.62974727041,-150.90314428934607,300.3208181759715,196.63299241194062,204.53033864388465,3.8549774602649913,1.7298934291136148,3935.8777772940484,28.350981653825,1.0
12419.0,30961.88466379705,47040.90854729026,-366.13732012051537,424.8749821317758,180.78394137446926,218.96147700011133,4.297499820655502,1.475251509950484,4164.161401382181,30.706814625776023,1.0
12436.0,30631.694072603426,47652.55012742563,38.69487732432926,226.79266221834314,239.84190728178842,225.6645949568793,4.077670065335978,1.65303742370279,4213.6285628289115,25.086576402701606,1.0
12441.0,29539.56942597052,49470.341006043185,-302.4419780054589,383.46391514233835,181.79621869968534,222.33642447381305,4.007707732217205,1.8123831645589112,4899.076942163707,30.258892588022324,1.0
12458.0,31408.31916837311,46895.17015017452,-367.8501332967592,426.0473172337609,180.80420932070558,459.8986096189035,4.096689502611158,2.950905567202439,NaN,23.4577268298492,2.0
12459.0,31373.098624965256,46938.1060810553,-373.02458962846987,429.58189964821287,180.859721979372,245.62072376950184,4.044706430375457,1.808564856160704,4642.952742541795,30.394898530493478,1.0
12468.0,31366.684953418953,46885.77378466497,-282.1294228088807,371.0624380747519,182.769264634212,148.9641526795142,3.995337709874844,1.3943317051315143,3584.3066939009477,35.68259725468743,1.0
12469.0,31329.643270498433,46856.168061240875,-389.9431681487175,441.33434727504135,181.19934904454817,239.8582472875437,4.1945858486057,1.4960829461228722,3502.7121907351952,29.846441801953524,1.0
12470.0,31474.239969310576,46873.34882682882,-421.81750317411047,464.20907821587855,182.43182544546124,203.74983201697376,3.9232167546661687,1.482583927281989,3663.7564014730783,34.199653334611874,1.0
12488.0,31393.03271994323,46875.345524969496,-419.8511428506473,464.13482899674733,183.43622878666002,523.613750498786,4.061861772087005,3.4365677825414034,NaN,24.458576441142,2.0
12490.0,31307.375043554035,46868.80049378951,-406.90097359437874,453.3849091453391,181.75866484643277,316.45858329607506,4.020122637447113,1.6777157085191499,4183.34573219875,26.316435477490636,1.0
12491.0,31403.732632239193,46817.4936798667,-461.9348114657099,494.3611687341057,185.08354449414966,251.91393201307704,3.796155424185818,1.5980948094377683,4382.871528859643,32.026228589310165,1.0
12495.0,29626.9178840662,49433.41776173879,-304.7341283348299,384.8877779303766,181.7061597614125,205.11265020456798,3.854718496667202,1.6910486641093796,4329.243047890753,31.297923060160414,1.0
12496.0,30702.466635943012,47658.43380763712,7.891671650452826,236.4321602839508,230.95807132060142,194.15515897276404,3.8714762548690396,1.5924566138327427,4444.509360551562,27.339696393674267,1.0
12497.0,30658.518701677753,47706.42097558802,60.021905743620685,220.64283329389647,246.416399396401,228.5035689895319,4.189877001528977,1.4446260926283765,3809.119391652839,24.2506810266538,1.0
12508.0,29635.3016808838,49454.84944747691,-292.17395668293176,377.86719788003387,182.83137255136327,1077.811326028319,3.776559621851657,7.726011404651178,NaN,18.47292394493032,5.0
12522.0,29609.6813736446,49445.18766402055,-326.7441084259964,399.7982709380789,181.8419573468796,936.270942182057,3.8552645761207125,6.155823749220491,NaN,18.822196457122104,4.0
12530.0,29611.92244895147,49442.77991686421,-276.11774841931214,367.69946048844105,183.30562887787738,1475.2711817031918,3.765537623534675,8.521232450037303,NaN,14.943132530571157,5.0
12532.0,29555.59646491415,49439.41685200716,-281.87639243056924,370.91040836252523,182.78336859300148,259.27297792216007,3.9213576683561775,1.5790089103315619,3773.1274799415723,26.05563383295341,1.0
12533.0,31436.36279100235,46844.68044295065,-310.80292041969307,389.1723051523472,181.88363246537526,1933.1203509824854,3.8821958004872137,11.096485910555645,NaN,14.710202590195356,7.0
12536.0,31384.41897527564,46855.936646470225,-330.4956364403422,401.23134996170864,180.96937250305194,248.82159416237283,4.022968017910942,1.5889799422660247,3892.987011816152,27.896801655868032,1.0
12541.0,31479.070440227126,46843.04727549299,-301.1616327591554,382.6707330828352,181.84826659281717,199.99672596759913,3.788917557654459,1.3974777978065704,3250.274628986775,30.187624395454062,1.0
12548.0,30652.71364654802,47629.19340525674,141.94669863251738,201.00753719361117,274.89464533019975,105.64357977179534,3.941457321482066,1.3015956995584725,3387.7803807910504,38.30799903049115,1.0
12549.0,30622.808166005067,47656.9657417874,24.583349084467134,231.09763689706807,235.68230045256584,159.34353011780257,3.6902915876182183,1.6963806782251922,4886.50895362686,31.430865277166657,1.0
12557.0,30659.193034071235,47900.99512539844,-27.80332898765391,248.72167830636968,221.56789124167207,123.00097532690306,4.1226388028494165,1.7059536421725674,5234.080598058169,37.65632596487729,1.0
12558.0,30772.905503598035,47946.658789747526,-206.2461045386738,328.1750296248162,189.18588807042653,243.89120400029793,3.5992958010047276,1.491755979878881,3954.6729616952266,25.358794679608607,1.0
12559.0,30723.23083464555,47941.48287310667,-138.82223208136517,295.5252012643014,199.29689367137075,766.188886536755,4.0662110461573375,5.3885395854889495,NaN,17.446853825799398,3.0
12561.0,30669.759959995936,47947.05370156734,-181.39641408740442,315.31085321335684,192.2409925227525,303.4087052351588,4.62865747661219,2.275657141501808,5643.468006375649,24.191935858242722,1.0
12576.0,30634.451736059975,47679.69559387188,135.2087755225426,202.38358029026747,272.35940450400733,326.3935815499226,4.030284360645799,1.951514531345918,4913.615798177061,20.94230678378036,1.0
12580.0,30602.357914443754,47613.128623510485,79.63031952137058,215.36704904193647,252.7669540684915,119.55855559910121,3.7294813951559447,1.3211396379169449,3826.159642207993,35.24261435748732,1.0
12601.0,29602.37689109356,49450.60404619511,-296.0387855858693,379.9132388856675,182.39282543447092,441.877178256819,3.719949981293069,3.257389496076649,NaN,23.311267424555727,2.0
12603.0,29524.958143860076,49463.06954434309,-305.11350150315366,385.1239189402807,181.69164032691648,107.20040880372161,3.6891392863056636,1.2750230917552812,3200.7435736709263,43.85820932522328,1.0
12606.0,29325.422483454688,49094.349949664225,-166.8144912363744,308.0332004074266,194.2528424073363,120.01749030446886,4.335229617281353,1.3408852798968325,3166.059313754726,37.437336931089554,1.0
12621.0,29585.78917393185,49440.97169852689,-288.9512155045421,375.2232399974905,182.43914218230572,536.8975783877856,3.8738663262736797,3.2231270428268615,NaN,20.117112231593318,2.0
12623.0,29617.9079297032,49436.33592167432,-278.42166743471387,368.84094860003177,182.98099684231664,447.0859507930004,3.9767796276876175,3.090787397063991,NaN,22.236762995029274,2.0
12658.0,29568.2848047442,49440.068032525174,-304.92757441631346,385.6971600103658,182.25555213777915,474.20671805747895,3.6530132682986105,2.9798362187072316,NaN,21.663832771693997,2.0
12660.0,29603.769076188102,49464.25323552319,-251.7932345655693,353.5272051977646,185.01931965561727,1878.7453037614698,3.9164394711889363,11.9472955363452,NaN,14.820078451192646,7.0
12678.0,29603.80274438356,49453.375062102605,-299.06869665632667,381.3774746548046,181.9360377186337,136.6380904845956,3.6950458454801627,1.284864157466732,3490.74670952985,37.40799903741748,1.0
12679.0,29571.82085474813,49456.475647284584,-126.86447212202155,289.1218517367313,200.5948338257307,97.35943983757478,3.6968101492817067,1.4340869178213995,3894.6155764416308,42.937968535346414,1.0
12706.0,29589.107722859386,49454.844059770156,-372.42715093339353,429.33649963086384,180.9847994969283,685.1425216792319,3.847287056772089,3.5133538028414604,NaN,19.153115004457906,2.0
12708.0,29612.745405423877,49469.304302704346,-311.55081420707234,389.15151750747293,181.46199129354213,194.90487475518685,3.728686363664227,1.554066194906845,4517.860945667962,31.774427389065348,1.0
12709.0,29544.674690848256,49484.706709102094,-279.6180310174994,369.55617815929344,182.91141123729875,178.66577703231914,3.7008890954210543,1.2631079138462105,3024.9869501654616,31.090191863765384,1.0
12717.0,30622.80071237983,47710.21833823489,93.0346704409602,211.9691604749316,257.27682604351753,358.2855531806095,3.814410473090364,1.9761402678209208,4668.999327284644,19.72268838853441,1.0
12731.0,28549.297519578657,50178.85395154336,-62.21763102677847,261.7078924289037,213.43400332336157,93.62937134261135,3.7193780222966706,1.3936835836262806,3897.136387055452,42.58353114715493,1.0
12732.0,28562.39672893198,50225.41354296593,-126.10940023253193,288.77891127194044,200.72641175267006,137.31691802901506,3.637771760799835,1.3968896820534302,3898.285321952086,34.071427093825314,1.0
12733.0,28496.824372743496,50135.434097785765,-86.83568608793716,271.6827201849058,208.16924260493877,128.5242393036695,3.9431058871290587,1.329224024237885,3498.768442918472,34.541264531293095,1.0
12769.0,30686.078704467494,47789.080857555855,-23.240743031208456,247.08383988389807,222.71403152485962,199.42147366884305,4.505149176485502,1.9004386505348927,5607.732767846218,28.29271126216276,1.0
12801.0,31039.569035410226,46641.95755139776,-484.4313717152484,511.93370054599285,187.1072928157922,318.99099223583676,4.395309967608597,1.452373720204725,3292.515520175706,27.779044340583635,1.0
12823.0,30655.531751470215,47793.99007137858,49.30885157122975,223.67841903640098,243.07055320389924,145.84942155045167,3.827866771754093,1.3336795794853846,3499.089798131631,31.220417868034552,1.0
12842.0,32167.173128084953,49074.82903936691,127.86406894218779,203.93231203516783,269.6352656692788,191.88911581504772,3.6357952899903885,1.4806103602366503,3774.761340786662,27.21281383762213,1.0
12843.0,32149.447282530877,49110.9462729164,170.88339755609195,196.98231374371872,287.30533069551575,550.5144077839936,3.8742887064477434,3.696753140902426,NaN,18.280187959890895,2.0
12875.0,30909.586321368835,46832.89129642187,-400.12458056282543,448.5369355673818,181.5088706139295,169.65122735645323,4.522399844655914,1.6312127981262747,4326.781222413219,38.74038805328281,1.0
12879.0,30662.127541320067,47748.10896713464,33.104822961176914,228.47554811763595,238.17599461657056,158.97508410211455,3.579467245205741,1.512462300767755,4058.132466402447,30.500900857488688,1.0
12894.0,28958.779200267618,49775.187634148395,-19.4299775355074,245.90387065474764,223.82323417424394,921.4506837714766,4.297702563051121,5.419510141127832,NaN,14.566154855511575,3.0
12897.0,30743.890735104484,49657.55936781739,76.91861247108703,216.07504938480366,251.87125730468748,128.92361489579736,3.8846591921622022,1.2607738871154452,3236.8072075274686,33.26600783877271,1.0
12905.0,29920.30531656551,48361.12769919801,-76.4677329098255,267.4121351589976,210.3302113062582,92.56520023829816,3.713797530695978,1.253150646208179,3411.3777230098367,41.712243624667906,1.0
12909.0,30837.094386168115,46983.99981446348,-148.47808275488066,299.16633402521285,197.01269714663036,166.18239448885893,4.245922085669275,1.5530770996265615,4397.477946568634,31.38121915879694,1.0
12910.0,30854.336535592032,47011.35209080533,-164.2330524287508,306.814633248459,194.6654065183861,844.6659152838496,4.241270334149592,3.8879372747151297,NaN,14.465978688547224,2.0
12911.0,30890.68311170625,46991.059560502734,-132.20287916954666,295.0871214749998,202.52597145804293,489.3487550772297,4.0009888792844155,3.180344113691708,NaN,19.465314215505202,2.0
12937.0,30650.666530656043,47745.83953613105,46.180486273853255,224.5852702298794,242.11001802104852,171.53100449507795,3.9041202449920176,1.6005988600800156,4546.990030939188,29.486620560234062,1.0
12940.0,30935.77311802123,47036.3492288071,-131.15015169219976,291.0785185026359,199.85624824902814,209.7655190689905,3.7984303174204492,1.4172712634134297,3286.665100756969,26.439652553234463,1.0
12945.0,30693.667526521644,47747.51541307859,49.2767232049685,223.68768551003234,243.0606505850957,150.39638104088235,3.9708051184581525,2.16788907589765,7361.7559739713015,35.59678703282335,1.0
12957.0,30852.496167883462,47002.68684849965,-109.6772460135658,281.44887788643,203.69747660503592,303.65281881285483,3.9600845797962982,1.6116095485334696,4277.673315581905,21.568635875218135,1.0
12958.0,30886.87176915146,47024.50728095072,-176.65089577146628,312.92041586261365,192.87793886625064,261.82558855159454,3.678219107482057,1.361866153930138,3293.0538186450995,23.559508017126976,1.0
12959.0,30866.61398080486,47051.20914098476,-17.1376209418054,244.92368509741894,224.2719648896232,190.84738291607863,4.2159765631213535,1.4658852439985717,3766.488933860316,27.228744594417858,1.0
12961.0,30934.352247722003,46977.82621911128,-180.41786594610494,314.81619577088236,192.3709292363596,357.48669755695994,4.490517768377887,2.4340759264242204,5971.600844088988,22.176140084170804,1.0
12966.0,28934.871657907122,49767.690163131745,-27.298307162774464,248.53942366403788,221.69397396173318,209.93382480687657,4.057625551329836,1.689098880438437,5050.502172563784,26.56041411529637,1.0
12967.0,28946.26603077658,49813.15441294609,45.587194889940484,224.75829475844247,241.92869484178917,103.66445457432934,3.8315796132742865,1.4342003834841508,3819.6688449595717,39.484121092989,1.0
12971.0,28968.43598398804,49842.53116773657,37.49736578582899,227.15069289823515,239.48302809544128,93.10550560309393,3.633444134141642,1.2547561311699456,3387.260738330105,40.702083845877006,1.0
12972.0,29001.50816513276,49824.279999671344,-88.64142929310616,272.4368750873912,207.80125214173145,150.50295650236026,3.91011850690926,1.3185444827878892,3268.402306145699,31.303972492404636,1.0
12974.0,29037.040136332747,49865.635771614114,-111.20661642855694,282.1203509010829,203.41226936951284,200.98315454808156,3.7468855835104886,1.610117418498116,4960.791044070413,27.655874247705658,1.0
12992.0,30860.096219419676,47024.049344802435,-172.69966612336538,311.6015140187713,193.95089686953332,596.7656781126116,3.748432423768006,3.3832477509581107,NaN,17.5364243579723,2.0
12993.0,30827.13994344262,47036.18828885772,-141.6764039152166,295.9578909781609,198.1015857037705,340.9741655212818,3.976337361167457,1.784689100206917,4315.3422614305155,20.784183968092773,1.0
12995.0,30908.053307886454,47084.21199723073,-148.3906557562785,299.12481676152214,197.02646975619297,347.73907823001434,4.261783508346169,1.8420190247335146,4971.21525402797,20.73017806524838,1.0
12996.0,30873.20337975695,47058.76271545155,-121.20285506828115,286.64224320335506,201.65560835533086,648.9056790891236,4.241679899699531,4.043386543333542,NaN,17.12923910118115,2.0
12998.0,30907.531463699237,47076.17344144902,-124.94838934827845,288.2526493133336,200.92957580517222,194.94640300994303,3.7089597104863703,1.444745125273235,4205.482059040076,27.659617509807884,1.0
12999.0,30832.29315339129,47063.07979604894,-207.2743077309704,328.7198550767783,189.06961618319028,193.40391087197276,3.8104069912772207,1.4610207933548067,4152.452031851343,29.064906070267316,1.0
13000.0,30694.634327626212,47742.54470124835,-125.23247464836099,288.3813017777685,200.8797690947098,99.1656763608927,3.5552025470017723,1.2148482962402496,2928.801024127258,40.32130611950386,1.0
13048.0,27816.282839502677,50746.045625533305,-595.4157689807818,605.6109508222524,202.73622671667366,259.38301454413465,4.019547175421497,1.5543138871084479,4283.377322451202,37.700837687220606,1.0
13049.0,27907.8156245751,50735.87256224217,-649.4142778808825,655.3893783036754,213.73505810775228,309.3636826834224,3.908981706883595,1.639124342043193,4172.769277372152,37.24157926975494,1.0
13051.0,27926.37679634415,50669.70381903525,-498.6086767188446,523.2530417551492,188.58077822896615,215.2235959277535,3.94481865128056,1.4468654620681332,3542.144751104982,36.14551066726816,1.0
13052.0,27831.208268048293,50706.588958643544,-643.7512314323583,650.039845904782,212.47726207655506,274.2473004938547,3.688274316436088,1.7870203770722466,4705.987415482975,41.3803112179553,1.0
13053.0,27926.85524097534,50701.149645551624,-563.4163793711483,577.4098982593536,197.26694819347023,201.6742047850386,4.383282028908064,1.7815008178778535,4911.354695254313,44.85331261848562,1.0
13054.0,27863.33671883143,50701.45341065909,-596.705591405804,609.9686701229851,205.5597485583172,490.17555222675946,4.016144990852515,3.242279567262926,NaN,33.28312215080108,2.0
13056.0,27828.661233441337,50698.1613517592,-482.0629371244504,510.06118927193336,186.87606742891185,261.0855888460244,3.774463569014083,1.757988724455556,5248.328752114969,33.06890811403928,1.0
13058.0,27889.84241946707,50653.570242332295,-363.0348848699272,422.7693200116454,180.76161493835605,124.86497250948713,4.1196248563673805,1.3620951718871102,3423.200372470965,42.905430283308206,1.0
13059.0,27805.88409067617,50731.058950365456,-530.2695987452058,549.2158126432302,192.4243929564488,240.32297801870857,4.1269897316655575,1.8084240287272118,4803.578184612463,37.857946229963936,1.0
13060.0,27879.808271751266,50697.21939475185,-471.0108759969091,501.39323992980525,185.8535963516266,279.93897952168027,3.806111458058859,1.6397376209926104,4460.014280420642,30.504718427089863,1.0
13060.0,27874.691966307822,50697.5038286769,-480.4142341480414,508.7608287950588,186.71763167345563,267.6451842731775,4.1568977897724455,1.6973250512997222,4448.90108607654,32.10746048070699,1.0
13061.0,27941.86285753027,50674.54077829369,-569.1996384237126,582.4351955910972,198.1976397765003,274.24873456948643,4.0804226265199794,1.6492987578066804,3594.051419405956,35.56636288997834,1.0
13073.0,30800.293596998374,47090.94940134378,-160.24769795850472,304.9972115143329,195.35395507714497,1669.9073730250004,3.9685881792955655,8.92499110365803,NaN,12.648273736292289,5.0
13078.0,30745.82154732863,47085.60620355401,-162.64196632774863,306.0671428373538,194.92258713582237,501.85975113073897,3.7564814155768858,3.272516448638479,NaN,19.305099283312185,2.0
13081.0,30818.96136333661,47092.863961769406,-148.2245731574906,299.28105120579414,197.24263343749925,528.5212129114417,4.076095594544748,3.4716845364576105,NaN,18.900322689910002,2.0
13083.0,30798.451207295264,47089.41720303901,-199.42069656533545,324.5836494795987,189.97814875584305,371.6070593315707,4.086670487925465,1.834186711212999,3804.8114878282954,20.446384916197676,1.0
13087.0,30713.033362676833,47094.7138410565,-80.5732145934819,269.0910703837347,209.46471821137476,98.7116026898757,3.950294082982964,1.2622723733967427,3670.8183760342217,40.16488099373407,1.0
13088.0,30811.796639140848,47094.24663527528,-226.25869677130177,338.9584618685921,187.06758317382915,324.2461925928246,3.854502095638198,1.9593308142452395,4837.872343693897,22.908731109851672,1.0
13089.0,30762.113647578088,47086.49652375657,-223.639127191611,337.52547017354266,187.32749947481148,264.4855068397159,3.686023292414949,1.529648757250652,3303.2228424369923,24.541089233901282,1.0
13100.0,28915.460489024816,50260.44246977332,-167.71004119792596,308.4743788750483,194.12461402367072,188.49498618170412,3.8511708824841935,1.5248005863089955,4121.237767248564,29.15453723850251,1.0
13101.0,28895.610650633822,50297.215593655754,-193.29308534912232,321.39685859550104,190.7196568544429,209.07515472886232,4.130588318172289,1.5030832204771951,3964.8435823093932,27.657287962144466,1.0
13102.0,28944.536632575426,50257.685325901184,-263.2328095368581,359.87478780188684,183.95680928382458,279.1363206016677,3.770398033595294,1.599398029685912,3297.4646312348245,24.63187950319564,1.0
13102.0,30760.75267135518,47076.75660637776,-125.19732460241065,288.3653794048411,200.8859283748933,161.02789550301154,4.227646144694634,1.8090729293256103,4928.986676042971,33.14591716163539,1.0
13103.0,28919.748765426764,50279.486507261354,-170.2667049842544,309.73804026898944,193.76190399780916,301.01155187383876,4.453504724831232,1.9337703495389886,4706.795280169308,23.121851884254987,1.0
13103.0,30841.32827112635,47080.73168307476,-75.44517005068938,266.9964309098241,210.5477800211204,152.51694904850314,4.136323049582867,1.5040210066853892,4061.543048693548,31.894919245356576,1.0
13104.0,30845.854841786404,47058.74061050635,-181.86687773630015,315.7125829851693,192.31098644763574,718.6161696227181,4.0608077948309065,4.82182406192567,NaN,17.7487271815117,3.0
13109.0,30548.727729949886,47772.089677493634,100.8687851826977,210.06173048805744,259.9760019463612,197.2075234660286,3.9485804261319646,1.5304504296024595,4253.002277684825,26.843665539014278,1.0
13117.0,30813.10213484501,47059.539127049386,-133.282224684726,292.18378347460526,199.59536406258354,420.2995769776439,3.92861527114938,3.100205603829681,NaN,21.03219884441055,2.0
13119.0,30797.95711422101,47036.86630951446,-209.98801197569605,330.4010190957736,188.9593057444717,465.86961483644404,3.7848852548565945,3.3136945339433552,NaN,21.04169570945671,2.0
13121.0,30840.27279415723,47063.43391059217,-193.01343521722623,321.5546189654348,190.9985288314084,543.3930013968046,3.9094935128758395,3.0200317145118962,NaN,18.184427372069592,2.0
13124.0,30888.896093997962,46983.65015891696,-175.19390836083022,312.19075551253775,193.0769401349703,371.3421261665294,4.377858337943135,1.8381784745270686,4718.903207235623,20.19220708805799,1.0
13125.0,29024.561777149334,49717.60091567912,-11.34770828636159,242.90685616256167,225.7761847687735,156.72305426812957,3.8186123760446518,1.2945747926494826,3347.704685159803,29.863079280937765,1.0
13125.0,30847.735979367128,47062.81518295853,-163.54858506448923,306.4307117891388,194.7256465813323,104.93451430894484,4.052274814085862,1.488812538178501,4312.041832609175,42.14891189822798,1.0
13129.0,29039.984492732096,49676.522627346916,-5.5120185766601555,240.90607002052087,227.31814924122102,195.36758333639753,3.8415318426518668,1.517172739040123,3901.1357449626144,26.99121311032041,1.0
13130.0,29023.9518167945,49648.08613160516,3.013833490952412,238.04068572904566,229.61759279081193,98.516014297504,3.4988284269524526,1.3726418615906457,3801.2692242619723,40.40870382021752,1.0
13131.0,30553.863950245606,47797.20171937956,98.958580945457,212.88263665467835,261.2217218780565,403.5288696597365,3.834638141830922,2.6450173642957546,NaN,19.896026416306555,2.0
13133.0,29053.5584662853,49726.90272955527,-100.11666036814714,277.30127648475354,205.52079998911702,146.93363813573563,4.052930249753231,1.5661491857596455,4571.379179214602,33.30901536487759,1.0
13138.0,30800.95177320573,47045.47238579132,-205.16865732528123,328.55976914247697,190.08004907858248,546.1142877247141,3.977680591474665,3.219715336472024,NaN,18.70034607987986,2.0
13140.0,30846.633782572077,47037.35155556837,-202.60176766875458,326.251993289902,189.60448778041936,311.18892782501723,3.910372154316853,1.6274883621239702,4038.629733857181,22.25652206739116,1.0
13142.0,30797.6266758034,47058.742127181125,-139.7729804003465,295.0678332103771,198.41262075636845,308.6577064168601,3.9955551771131392,1.6360287723748497,4212.428912545453,21.67983356257027,1.0
13143.0,30830.860606085564,47059.919930007636,-169.07120019838783,309.1463805842241,193.93088838271657,439.8033773971125,4.206236941633419,2.5040366383623986,6556.686060559773,19.450508790664813,1.0
13151.0,30794.930770419818,47076.71728639557,-203.20201871196144,326.56787100840006,189.53484484465187,331.5380487052294,3.8218500304354053,1.6375238104286243,3708.358998695756,21.472480451251787,1.0
13152.0,30830.214161126496,47070.95806378602,-188.05274490465456,319.56051873509114,192.07225164217238,619.3263877518068,4.059094312479115,3.6018878294069685,NaN,17.65413401512977,2.0
13153.0,30291.213028269514,48432.21923710475,771.6887792099362,261.387334780485,664.5758624329995,520.7300023710137,4.235612872726421,2.5676452334403463,7387.545677316854,36.089611590682836,1.0
13153.0,30302.287960144597,48590.18774969871,375.242359704258,179.7667908744237,384.0138285906855,277.05894450722695,5.229040638608074,2.8471665245264157,8912.727335570064,30.654153038772606,1.0
13153.0,30783.335911167946,47024.31063079856,-116.02973825700192,284.252398176322,202.5244962379455,333.50903638655285,4.83627293799672,2.171095201670091,6263.032952159686,21.754211879538243,1.0
13154.0,30164.716866242597,48673.64847335633,-125.47780859264171,288.4924663268479,200.83680588384573,353.946402477351,4.73848895974547,2.310449047098705,5849.786530997579,21.382844736627042,1.0
13175.0,30529.599258532126,47783.52784317615,76.98545953648848,216.05751290332535,251.8932700115524,128.95910334192652,3.833359700907283,1.4756998849604874,3987.841214402072,34.58750953261076,1.0
13178.0,30622.63928880697,47674.98420073282,179.610228498804,194.1042604637649,289.70332737802863,161.34386112710064,3.71563753940655,1.296270672280117,3069.793866470428,29.792436941805228,1.0
13182.0,30849.436668448492,47055.03323953012,-259.76305408004606,357.85712711497666,184.20443535434268,233.2893398344847,3.790321491250439,1.5978955751237962,3923.0521197712433,27.400488609485134,1.0
13183.0,30773.290308977063,47046.55301020238,-173.3071745580229,311.24885245052724,193.3370418472144,248.599738415792,4.062564654864283,1.7517037802564224,4198.261898223928,25.464703176993705,1.0
13185.0,30741.834061585178,47081.5145644453,-216.1995166898273,333.49104153103,188.09418141410768,289.68661998986005,3.903298904671438,1.4737535303983504,3153.031483811655,23.00033017558849,1.0
13206.0,28018.134467910262,50385.772264211104,75.53036136820525,216.44019195034798,251.41487661258378,98.0362158729968,3.7122578478924484,1.3845207507258153,3814.097765984619,40.52891626623183,1.0
13207.0,27988.536370653866,50528.13886819828,169.61964864761498,195.8050582659935,285.6698469238992,152.91153295516736,4.073223331788197,1.589540417962628,4190.149860815952,32.220136970680635,1.0
13210.0,27998.89291000554,50372.11992455429,133.16504806341104,207.38145403021122,275.29217510918534,516.6117522248524,4.078119759549556,4.4451841497260105,NaN,20.81211293868197,3.0
13212.0,28004.26130597042,50446.21301853046,179.5196964432317,194.273633957078,289.7912016687072,290.83332772436285,3.9742997503880026,2.8907701105349335,NaN,25.781338385592168,2.0
13215.0,28080.837304450026,50402.094378173584,-43.20990328687802,254.39726138739414,217.81492902301792,124.33566288981329,4.234648777945177,1.4772167964768956,3898.546400268156,35.82506834077814,1.0
13216.0,27946.5527596064,50298.6132273257,56.38900564999948,221.66010189931285,245.271989484857,110.20529431934521,4.417249808138943,1.4915396112343198,3812.885130980736,38.39419985100085,1.0
13217.0,28046.051063191528,50489.75984127784,69.16328484782096,218.13816460962914,249.3405474231142,141.6372560314178,4.17929460861605,1.4224630201392578,3645.5162296436347,32.275293587075026,1.0
13218.0,27997.693471486495,50414.95645929569,220.26072205127065,188.15454837985715,306.8995076653672,124.46516494499025,3.687588034949026,1.367388862812243,3500.7897307212943,35.96340278923609,1.0
13219.0,28008.079966166602,50471.58593420731,198.8911535030168,191.08798199504858,297.70264114932286,103.6767421664769,4.016654594407406,1.5362659813571127,4388.252251373292,41.61290247388808,1.0
13220.0,27982.46113294533,50380.607958449786,127.34136322616179,204.32765764160482,269.6718211035537,429.7941781807234,4.211222125364986,4.717566373596907,NaN,24.010038425328904,3.0
13223.0,28002.14466659183,50405.25259290427,119.00559075625311,205.86792101500268,266.40436577273476,254.88139996083657,4.076925504003061,2.0772441632371557,5719.060017535314,24.731047190165146,1.0
13224.0,28115.853485513522,50350.49439553062,-75.59161852945337,267.05590636659133,210.5165715717164,134.63858057801758,3.7628584460356578,1.48380351917353,4038.6935744392667,34.3971093321618,1.0
13224.0,28115.64986841107,50350.63580909375,-72.70651399810667,265.8879371538766,211.13440362688647,132.86636741321306,3.821046244486976,1.4450823169627256,3884.2377372037,34.40624233714717,1.0
13249.0,30537.73523674252,47781.525704348154,32.55082783920673,228.84384419519637,238.1737525972364,262.98378829499694,3.9763150218561547,2.9351179495444137,NaN,27.236620670358732,2.0
13259.0,29304.752192151333,49735.504188214334,-55.489635603396934,259.0812588957731,214.9531988622745,194.93155200754595,3.981734275573427,1.5656614366695776,4564.7435283767745,27.4927021313393,1.0
13262.0,30482.733609762774,47842.54909899168,143.76938002640256,200.64265960879075,275.5864011288865,122.60894144200951,3.9613578970021117,1.2505612122252152,3129.117197668637,34.57199727835156,1.0
13263.0,30493.21896200106,47800.999236872005,72.69058566486652,217.1927806943313,250.48588950812308,130.75678201500025,3.946335995870204,1.3377591645375346,3563.476975505551,33.42227054547095,1.0
13264.0,31132.423571681626,46597.548878857866,-372.0753301225917,428.93049624820895,180.84712941242472,182.6540175024702,4.021842711959467,1.484394702919475,3492.1842003690967,34.702877099620196,1.0
13267.0,27693.87461485156,50912.03558148914,-132.56483926052272,291.7282095688713,199.61551665530192,81.83309168443978,3.4158280416850135,1.293162172302803,3732.5320991914855,46.699587645984835,1.0
13281.0,29008.824117287655,49699.484897249175,-26.44254154080236,248.23114003217137,221.908066401837,123.86339183561633,3.90735139788309,1.406119179088792,3661.281723329899,35.28752382231286,1.0
13305.0,29160.67754631585,50000.57186042558,-256.9168193326088,356.2105194970801,184.4144126671729,131.94046523654166,3.898547666257725,1.2775963325891648,3068.1882845628065,36.90512239636362,1.0
13314.0,29068.038868477885,50157.458506264724,-143.46406466162887,296.79692823062123,197.81198156013508,209.34307753969145,3.9157325647580206,1.3823166238017766,3406.572997234015,26.48980291076187,1.0
13318.0,28986.979267965064,49756.966284812916,44.98937209639391,224.93297655200462,241.7462580979577,140.1732149254746,3.6419396690435435,1.3091335498457062,3091.2978826180665,31.85759280874642,1.0
13319.0,29019.60187181733,49704.884880809725,5.755373140173995,237.2280499397515,230.4448765093658,287.361981034114,3.5423518549083357,2.777767574353284,NaN,25.079497678814594,2.0
13322.0,29037.38550592591,49728.326512914355,-218.1256091198832,334.5305356067608,187.89164322776136,111.19613323669344,4.10743525941584,1.2078163664045904,2746.9556654024236,39.409260632060686,1.0
13323.0,28983.48607592195,49725.2856658093,-164.0814596953812,306.69149175128575,194.64794754763415,198.34300876723606,3.6295005876077897,1.692153687976988,4946.631818047268,28.934163319439204,1.0
13324.0,28970.92315783043,49773.72324025238,22.638236598725985,232.49388789196416,235.75778155200146,263.0672691791249,3.6285849413414,2.745517733486179,NaN,26.59409094515642,2.0
13326.0,28972.9156330256,49722.90151219,42.92374201590344,225.5391407445291,241.11798908636567,123.67726220184045,3.7066378460447527,1.3078286423986698,3361.9297634605755,34.399779583023665,1.0
13327.0,28992.25175526328,49748.67656637636,-88.58299676367841,272.41242304571347,207.81312113888737,198.5224212661852,3.891434083054025,1.4638067892185354,3417.107269205297,27.06208882255392,1.0
13328.0,28964.71949797733,49818.31739485033,-324.70192169658986,397.501163948818,181.09099180981377,137.94361685200144,3.857331262296634,1.574547482673203,3860.621784233878,40.51667530833068,1.0
13329.0,28934.778612296745,49751.27367757211,-54.42104462524411,258.6680054300417,215.19766361901708,174.53944847111833,3.6858498364689165,1.5393831418484427,3726.5062171098757,29.30822932437624,1.0
13330.0,29005.208597340592,49782.78309190048,-132.82927754694856,291.8793546631764,199.59452258619672,444.67819693872946,4.197744059623695,3.020024170197391,NaN,20.051182988078065,2.0
13339.0,28926.188912046724,49808.02703118691,11.679646314769808,235.2576599627787,232.05935681847185,420.0347829528696,3.997820230236636,3.2801089483047368,NaN,20.541931786929283,2.0
13341.0,28943.58487141703,49773.92486880345,58.27812065877808,221.1295670371242,245.86582957343765,207.11619375505504,4.015073077822932,1.424918392438133,3486.629167770615,25.63236861889235,1.0
13342.0,28947.823307796443,49839.14481007962,34.9092408090848,227.92910732089942,238.71113291646319,177.29857441068046,3.958662328047648,1.6669097980734082,5084.383292890061,29.196070744940766,1.0
13343.0,28948.032618262972,49793.616426458975,115.81116848799968,206.7128108582287,265.35799897073684,246.5769056508322,3.6284286903194936,2.6819455555217107,NaN,27.581541271959434,2.0
13346.0,28993.12423783431,49847.642474522654,-80.24246364179257,269.94703530414193,210.33550925201905,286.0493020682476,3.7007405224256944,2.98386637316017,NaN,26.589901789651254,2.0
13349.0,29009.591078220743,49838.00446718467,140.06440092623876,201.3876374242139,274.1829209565599,114.30396732191713,4.254968074561796,2.2668965817619617,6458.7678537015545,44.92402879229236,1.0
13349.0,29188.32559623544,49812.40573857424,992.1595435697095,370.90844512646476,872.428708685294,387.09554331036685,3.5050494184039356,2.0801096576146394,5558.477732559642,65.39887906584225,1.0
13351.0,29011.206964467157,49789.963049019214,-30.126964106682582,249.56334173068214,220.99028178186649,187.56964204139877,3.7964405617170307,1.4604854638940359,3672.0515553270707,27.559921902506026,1.0
13352.0,28978.23603310919,49832.3754787049,72.05399601014156,217.8957733046528,250.70942512840014,637.6513597672542,3.877061535649311,5.573111102875416,NaN,19.263979107919038,4.0
13354.0,30456.64276969415,47733.98188945883,74.7341809824758,216.65042608868424,251.1537989661173,332.5912905133087,3.9658417127333307,1.5320355972540711,3703.8757284720978,19.711075560353244,1.0
13355.0,29004.285209964615,49903.40278686623,79.95733065662486,215.2821381468145,252.87534689633804,214.12980183105563,4.205987948999046,1.6049203451081224,4028.5991164079774,25.74779167149306,1.0
13358.0,29009.94307790525,49813.96530092067,90.71200206357523,212.54580097220364,256.48556019511307,239.59700107305656,3.9148207720342247,1.4707753744907042,3297.873002419994,23.69550808896055,1.0
13359.0,29004.236810209273,49858.89622577336,166.48644705003753,196.3578430213888,284.4205531253701,121.6584576665119,3.8551365247489655,1.3424820683354328,3758.98142737127,35.56093932473877,1.0
13360.0,29046.103007444784,49805.15335608205,19.08800582330995,233.00432587987274,234.24852340263647,394.9087342994335,4.281742303870949,3.061413454793378,NaN,20.89192506297651,2.0
13361.0,29021.643729708867,49814.00054503045,167.42993627218772,196.19041090917437,284.79596103468083,143.673463063191,4.4377870347608965,1.5650856726464328,3961.6521116886547,33.36420927531751,1.0
13364.0,29116.610151831337,49833.51855511119,-108.66105102395898,281.00393521288964,203.88796914690778,167.13207924243426,3.734509983801717,1.426977363571415,3833.8307717747853,30.097420914941033,1.0
13364.0,29116.964201951592,49833.17164844914,-105.65986720703604,279.6955467569327,204.45515538496616,164.43753840073902,3.8166859297843065,1.406212456301428,3752.9908650790608,30.263712265468467,1.0
13365.0,29080.408077728225,49789.895470502925,-6.202493866321458,241.141126740158,227.1343512003857,151.9642739428017,3.8936807455181186,1.4187155186332796,3593.0049279442446,31.009876876706866,1.0
13366.0,29059.559770052096,49815.08695374508,54.722921488085035,222.35927617366204,244.93516480930197,316.67965598726516,3.979413698062713,3.0426356255156835,NaN,24.228379608941964,2.0
13367.0,29095.373500033853,49944.42321346096,-92.59029096613848,274.09680165896003,207.00517689998793,152.7112753789159,3.9586413083326124,1.454282175447464,3855.0594905755306,31.780386905152056,1.0
13371.0,29058.820048309633,49875.03582976466,88.43694059111535,213.11555427825786,255.71449846526178,121.45334389556277,4.0021420751949925,1.5265418349853401,4035.131746851436,36.341922333243,1.0
13371.0,29058.80385160667,49875.007838578276,88.55299727555747,213.08637156622342,255.75373681094686,121.67571579335551,3.994835146897007,1.5346533388401367,4098.118390650655,36.35787902896816,1.0
13372.0,28885.466477657676,49949.58205149089,-142.10067705556273,296.1567505218012,198.03263230093603,114.74928748819346,4.340956519273491,1.5120720131199465,3790.9537089792575,39.45613276513202,1.0
13376.0,28957.47512305268,49806.47164044825,87.8728389465523,213.25757980086033,255.5239239379429,83.3337491626174,3.684852227343663,1.3759594166069604,4185.526218859989,45.087246548898925,1.0
13378.0,29003.539246273926,49824.9051682836,24.571651533922623,231.10128334065377,235.67891535780436,105.05070489645851,3.386630770605335,1.097633632012227,2931.5651315276245,36.58551040033912,1.0
13379.0,28768.623147892176,49964.029934392114,-259.8373012415967,357.90018292447127,184.1990404912219,151.6548822289277,4.125071907436515,1.4953959607644285,4032.738097036309,35.33658469043549,1.0
13380.0,28831.13868284728,49878.22545565405,-236.86886280421623,344.82876069833645,186.06831976799137,312.556853582672,4.2807565502828595,2.1978370814371817,5738.94671994956,24.358034792420554,1.0
13381.0,28939.825954425465,49782.551991075205,-132.31478584379482,291.6132359673379,199.65795625227545,145.3026976244363,3.88344089377868,1.3477207304269805,3194.8360652207452,32.69301611348505,1.0
13382.0,29003.377333472505,49798.98869932132,-45.31242442149511,255.34404948706356,217.44196758774592,248.39579770876566,3.7514434421402054,2.928506763959658,NaN,28.72539986095613,2.0
13384.0,28945.34075377365,49769.81577494401,4.384247511332239,237.64613029461518,230.0405479451764,263.2187497526889,3.838258589447661,3.106583343713276,NaN,27.972277819098473,2.0
13385.0,29001.259541129406,49734.699924650056,69.1849779372184,220.31221060383118,251.1092569697031,383.92720484116506,3.7320096683451394,4.177942749951345,NaN,24.618146036059226,3.0
13389.0,29066.590514590764,49760.910137698265,-79.94802952822572,268.8343752656277,209.5956868886268,254.97135903296302,3.7521837936280575,1.6069462282327691,4023.414106141956,23.662909287817047,1.0
13390.0,29007.11295966546,49777.64017203804,75.67036818726935,216.40328447511772,251.46083656943833,169.31121360904288,3.752937813098564,1.3501410385488573,3453.8140248499226,28.618915696531005,1.0
13391.0,27550.30228434604,50922.366809836574,-109.21862464163067,281.2479491815821,203.78335080590824,122.62919266333013,3.6438349533796144,1.600451270442649,4564.667029181872,37.88832194437922,1.0
13391.0,29038.575630856085,50034.96545044845,-327.8392284751474,399.5171367595259,181.02195908465686,200.12457251131718,4.088725119564776,1.531781784500931,4126.614663518768,31.596113206736856,1.0
13392.0,27349.469165636663,50966.20568898896,87.38785115152747,213.37992649785522,255.36027088944286,94.64767251663739,3.816642642565739,1.3507018114031857,3824.22074686689,41.19292081671803,1.0
13393.0,29042.59581161114,50074.21453917199,-485.3968311309147,512.6985213732992,187.20277512803196,204.08715001541938,4.204761953395704,1.452283816980045,3529.0525778385936,36.78904677398564,1.0
13393.0,30545.22785584567,47773.430509273625,117.42138475922846,206.2218759447387,265.832871614686,95.68187079885338,3.738928989640445,1.2778028894738023,3415.5333956215222,40.39855347862757,1.0
13394.0,29081.162953375617,50046.76612552612,-412.20913453907764,457.21272427029294,181.97877959649898,209.16935649851908,3.843060788538952,1.5682658722739329,4434.073505497826,33.78883256600118,1.0
13396.0,27978.65603193882,50667.29440492703,-480.0048306963324,508.4383225192695,186.67861021505766,201.92528740524253,3.9780895369214635,1.7915186838429873,4979.484103609503,39.51790249934044,1.0
13397.0,27856.87563067675,50692.13112041535,-447.7290850245912,483.5106146967583,184.0042967140724,270.8074535281874,4.254131792738926,1.6467591490987745,4296.899565937638,30.292293830765036,1.0
13397.0,27822.28231728164,50693.99299821157,-490.2182134080273,516.5310951783746,187.69023323135684,279.0813408886879,4.3496832084683446,1.6316235607038163,4229.826171030718,31.298852609668348,1.0
13398.0,27895.840220483085,50688.39866673085,-610.5070459781425,619.245968060775,205.58639695638044,193.95765317694475,4.446771964566241,1.635880960258205,4080.5351470845208,48.127543326093495,1.0
13409.0,28003.946387433472,50671.29420067163,-812.2513455423984,822.1487602479372,260.3573978128374,245.69982307192157,4.081527979869532,1.627751275270308,4163.362291477887,58.99787775579853,1.0
13410.0,27881.58076217126,50668.13738684256,-581.9876934844623,593.6592092406324,200.3460990012471,193.83215398135303,3.8547891465551674,1.524723469672896,3880.0701712613554,44.6332990695227,1.0
13411.0,27873.673264025903,50723.806706684125,-582.5422439523023,594.1494242247334,200.44208578396666,250.60705389289788,3.7890351870824603,1.8413741728158675,5129.541077989443,40.227974737629665,1.0
13418.0,29082.203779011164,50059.09696669807,-439.0263798562366,477.01935043373436,183.4691981414277,566.9590393085147,4.250701596407487,4.798749839651796,NaN,28.01167839094509,3.0
13419.0,29137.751885911566,50075.7632585176,-420.5543578549493,463.3895559625617,182.45327589746435,496.8834895364977,4.217992289626945,3.342755292626993,NaN,24.965499652771754,2.0
13483.0,29064.719621506876,50070.20920707237,-737.9516080689592,742.9576337305348,236.5777712365627,347.4389533284971,3.9345562931607945,1.630373791933312,4030.4782892913254,40.04387518175901,1.0
13486.0,29453.696491996725,49240.83661182387,159.40237177056682,197.64180040080544,281.6235175022017,99.8653385723838,3.599931586317386,1.21423107251289,3307.59574458886,39.1505864591852,1.0
13494.0,29114.698029682633,49860.072136460396,-55.07476632090081,258.92068967886485,215.04800640575496,161.67090022012914,4.2551670979217935,1.3894492264323448,3566.9212955889607,30.011758827942774,1.0
13496.0,29124.05518898325,49985.86485485767,-316.5234730400155,392.28948625200707,181.30621326778896,220.43200146022252,4.202061770668587,1.445564004737671,3711.7274252940983,29.040677313004203,1.0
13497.0,29060.1226905518,49979.205060004155,-191.2174561870279,320.32541301203605,190.9773188154813,259.05436763529,4.614143382045864,1.570529805781428,3826.186910407325,24.49334288022806,1.0
13498.0,29121.950099390902,50014.33736876127,-444.6251618747735,481.16512304981893,183.78895617756947,239.80065255472738,4.142518151845377,1.4757183774185012,3514.121897797539,31.658634050117392,1.0
13500.0,29116.703910571847,49931.314043603095,-23.62740584418972,247.22187949438015,222.61628497113918,228.11947408831796,4.334457249631971,1.8018917149053861,5006.432275797025,25.605239054066946,1.0
13501.0,29089.654601190236,49894.64399953341,-62.510158406649936,261.82306449528966,213.36873258469754,194.33855166422876,4.068903373683983,1.4491535521721468,3665.645953430881,27.14067173304474,1.0
13504.0,29100.545999129932,49841.04395594009,-83.32962447441736,270.22722133364726,208.8908356102743,240.97378115734722,3.918254056444574,1.597254508250081,3986.9766893157225,24.473156587770067,1.0
13506.0,28688.861284439034,50138.426900414495,-121.78533150288375,286.8253502400879,201.4882876366841,111.43034537655029,3.65617137544344,1.3041547654876053,3574.22367447848,38.109854495899654,1.0
13518.0,29056.858610658084,49854.22603528345,-63.1537011479132,262.07672018898353,213.22537040788936,162.96063429029263,4.015310997507666,1.3529152771618487,2994.7312727283597,29.761959501505743,1.0
13520.0,29025.084988247352,49854.01445898655,-46.31615826771457,255.5686798144403,217.08017377346587,142.26495216655823,3.6821910199076267,1.271818838867242,3228.273327013613,31.756756981049747,1.0
13521.0,29066.633180188306,49843.81033939067,-75.03878160028141,266.8314949172628,210.63446778206668,179.40069669176464,3.6885786157319442,1.3901022642728538,3801.153795860491,28.340274485790918,1.0
13534.0,28940.34962945742,50104.73765855614,-518.1338125023822,539.1524310113836,190.86082581424537,258.5142892107745,4.09778865673754,1.5011365145910254,3772.238797935385,33.352995399244186,1.0
13535.0,28983.804789527832,50093.69925759895,-462.5165408714466,494.8095587015787,185.13101796662352,234.26070644497406,4.099227390477217,1.4773792645182013,3683.466102140635,32.853219381407776,1.0
13536.0,29116.863239687675,50138.58933931928,-424.85025764639437,466.43546110587505,182.58943183864116,178.49285360243638,4.1389913705793715,1.4295289654967311,3700.8173518915587,36.983913595055604,1.0
13537.0,30483.56756094775,47649.5636845646,89.88261105012393,212.75294353847153,256.2040068714804,105.91016901269539,3.998444569145839,1.4585908537683903,3626.6710069028627,39.200626587198315,1.0
13537.0,29019.10584468009,50143.76779992126,-325.2729190444728,397.87813827802245,181.08655971056322,873.6075229080836,4.527796814472547,3.9056103642848616,NaN,16.0286601826426,2.0
13539.0,29011.545736882956,50102.546150657305,-579.9909043190665,591.8964771689685,200.0024173056587,252.4989740952934,4.33095861967846,1.625206712711416,4014.5495220345215,38.03066642288006,1.0
13544.0,28589.622791853326,49988.25294821043,-457.99010595137855,491.3290565314877,184.76843082160363,166.21455791194714,4.003009137549987,1.3935213385823273,3640.4036832252095,40.06124029813738,1.0
13545.0,28574.96447429313,50021.33582666128,-362.8468049365569,422.6419595826991,180.76049725960402,215.46706792633378,4.050966854896351,1.5814143838474135,4182.731376188018,31.474840618926596,1.0
13546.0,28567.912268907472,49949.81877534016,-393.082664680319,443.54488233830267,181.28636751056442,210.89836803118672,3.9022520287834195,1.3529235439142948,3549.581652217789,31.66672997153365,1.0
13548.0,31252.873847019404,50925.6561107598,-15.54209837977187,244.3647533957496,224.68393173110502,113.00735400005222,3.6929154691543817,1.3140854356254075,3436.0547403639357,36.65537969465707,1.0
13549.0,30469.574602292665,47639.96542258387,98.43008696011793,210.64929444951835,259.1307559718951,122.25656956484313,3.784337025607735,1.2281313277829218,3051.5868474598105,34.224784886838876,1.0
13551.0,29039.52216101479,50091.46697821333,-417.7427867802182,461.231433318493,182.23110585627006,218.16818323957824,3.7948136423703955,1.494302424262127,3878.1879821400876,32.657888457083594,1.0
13553.0,28888.339059607755,50127.20203203597,-470.4199637776213,500.93304116400196,185.8015502739303,196.0453049018679,3.868667810123881,1.7439555881944302,4708.174011700151,39.384607533611586,1.0
13554.0,28951.563787392588,50104.846234424294,-531.4132053390249,550.1712882353335,192.5775212914148,221.0143691802604,3.8256998807797316,1.4419938256564275,3419.082696414895,37.15517490145497,1.0
13555.0,29073.017972628655,50144.02969171638,-453.89103786820414,488.1938394485683,184.4535502137321,141.15188068185645,3.9542676532700094,1.3629854351170736,3508.5981528212214,44.07986272087495,1.0
13556.0,29007.610449628148,50124.53942010447,-470.2196649522041,500.7771244065195,185.78396884010172,223.1419155535633,3.8554796879001727,1.5936968771875328,4070.9823299601385,34.98982669301046,1.0
13557.0,28972.132456647734,50153.91628754034,-506.83540798182975,529.9082730806106,189.50603654622452,243.05307722000168,3.8740231195960244,1.5353272212772457,3980.0651828607943,34.38327291838544,1.0
13563.0,29193.522271921884,49850.920856073295,-313.1779990166926,390.17577670954165,181.4089423027655,230.74423634020297,3.875504228724545,1.548832218183966,3986.1895645244917,28.602084521070218,1.0
13564.0,29228.81899319904,49926.478995385194,-361.4303185479796,421.6838416529736,180.75294575311406,148.62019903248188,3.6251578286066426,1.307425466733249,3337.9736500603517,37.79596985714255,1.0
13565.0,29055.775713651412,50052.74106590117,-301.54108339084047,382.90564399144915,181.8327111137884,265.0063246912732,3.8690767980343943,1.5835425863681607,3731.857053951584,26.142395524989986,1.0
13566.0,29073.812858363333,50125.70405948245,-370.8092680745448,428.16888247373515,180.91695776214544,481.22758076916716,3.880457827731104,2.869673679017465,NaN,22.592106289198192,2.0
13568.0,29034.089470934123,50061.48697859092,-390.8544896500536,441.9750558280286,181.2238346913301,224.28016725929766,4.255489812642239,1.5644185427959374,3766.5729335105493,31.51831108473137,1.0
13569.0,29048.41604555346,50003.45192693533,-390.36011485030406,441.62738628015484,181.2104731428044,187.3345156684966,3.977712069767096,1.6882658195915836,4680.7786385007075,36.255412564041265,1.0
13569.0,29014.930194557364,50007.9209857965,-434.9582832578257,473.9185176225517,183.16534022767897,194.8739944503788,4.010567807940369,1.704293039280736,4980.671658291042,37.3999171489315,1.0
13572.0,30459.37580822702,47679.10674189236,-80.34988226614847,268.9993299108693,209.5114694232506,110.84368928412422,3.807671917708749,1.3313506344387402,3623.941619451248,37.85143450073056,1.0
13580.0,29017.558597542513,49859.86426211433,-28.043207028007835,248.80833086848727,221.50807186666384,145.27899473977536,3.938287257971756,1.2863748661105676,3152.2219664927125,31.307796153310857,1.0
13581.0,28952.452092704498,49848.35431191424,-9.329958436514193,242.21143142496433,226.30639940141782,126.86815687533786,3.837240312191993,1.4238374501755728,4139.457251476501,34.764754537402375,1.0
13582.0,28866.426712133343,49961.41368298627,-401.4897540466556,449.51012615500343,181.55637929885708,305.89053739679673,3.81843691302795,1.8415309927959276,5279.032102354099,27.36868112584468,1.0
13585.0,29022.549722488464,49881.870823320445,-40.251354217149924,253.29000545444313,218.52158301816792,218.37996616864038,3.7838692421524183,1.4634805098559713,3563.8595635557476,25.225426743264098,1.0
13586.0,28800.723907542917,50122.58052948283,-471.0742652713612,501.44262665901215,185.85919532546785,140.38792433515908,4.003038554668473,1.5872139991506502,4532.72166999418,47.95144332551697,1.0
13587.0,28964.150872112317,49954.60560003663,107.20930149272463,208.5603342949271,262.19481818027464,179.3107458073143,4.5851099765588765,1.8422510113757427,5158.90014312969,29.913464770836644,1.0
13588.0,28811.907393675654,50193.11908301199,-470.24822617996784,500.79935474547386,185.78647396195592,204.10932545095403,4.162782192487271,1.7810922993353961,5149.472600440434,38.60297720158379,1.0
13591.0,29012.892898283113,49866.835563207984,-22.629901044304347,246.9208781357895,222.9129872906176,373.9516592182334,3.663440303389883,4.210166593281441,NaN,25.118966276770372,3.0
13606.0,29358.998282022465,48922.951777676804,-24.03906818536522,247.36899895595334,222.51234388174424,107.4490299510317,3.7528976315849674,1.3735110859954047,3736.817995115492,38.37602672030995,1.0
13642.0,30447.988084692992,47709.08055903302,-48.04877255664573,256.22602942218424,216.6735349236302,202.13517887852868,3.6210638759500196,1.5781522563430916,4339.924574699764,26.885778641762933,1.0
13646.0,30439.652491260465,47679.69329910821,-129.05171973997454,290.1182958163379,200.2161389407245,101.45332643188883,3.596152217729025,1.4254698486997728,4492.121755654029,41.73259188060593,1.0
13660.0,28535.951831069346,50015.6460751783,-323.0397130109923,396.4368222898337,181.13060668289756,173.15741867941176,4.116109629458624,1.6763052455420495,4617.3806501763565,35.47949032160508,1.0
13660.0,28531.916924055848,50017.51664950613,-357.45992996595436,419.00833704806575,180.73992888770206,178.9932419650517,4.092223767166395,1.5782362098163498,4317.303649247698,35.256899685316256,1.0
13672.0,30418.004851523274,47732.44075099463,107.75782033275625,208.43223003575494,262.38820814101854,166.8026871724817,3.763248905725057,1.452149170419301,3741.6195271314627,29.414235270821532,1.0
13683.0,30920.09638596537,47421.80127989051,149.24978647493123,199.56442357057952,277.6816114232435,121.07732145870824,3.7616331635356817,1.2515625230312841,3016.228728272033,34.893010387185505,1.0
13683.0,30920.026716535132,47421.52581416551,152.89404449738223,198.86311716621714,279.0875160230239,123.08307345547783,3.697323740689679,1.242450679212281,2964.9398675627963,34.51672170087295,1.0
13684.0,31094.982966122756,47219.59201193667,-227.9653873736804,339.8955598001169,186.90105714738885,185.12681788117823,4.450322735524632,1.6839682022647233,4548.101969815484,31.408198772686564,1.0
13687.0,27802.597925680024,50725.903622118276,-359.82001617651844,420.59692383717396,180.74621823726653,205.6865543563155,3.9703143035595234,1.3774888958907825,3986.828376485957,31.206183371926645,1.0
13712.0,28962.35753478417,49856.250334007964,-33.49766312420783,250.79332100144475,220.15970689378491,159.85079184732035,3.7416491185951797,1.3014534357863898,3480.328265214528,29.660810530943216,1.0
13714.0,28996.12909209289,49865.39452156064,-28.384453071738626,248.93169469602685,221.42304949966052,110.79344811887285,3.6178156707220457,1.505606642857717,4263.043414513957,38.71960572513213,1.0
13715.0,29020.78481986108,49821.24418388368,-53.86306836443117,258.4526486244269,215.32565935375774,144.49580708218258,3.8131770520309836,1.323808990823331,3475.0781666666053,31.78960343676611,1.0
13716.0,29019.31252476864,49739.2908348316,-40.719933602956075,253.46482416156746,218.40921752210792,152.5420781595102,4.061675326895714,1.4749647234125822,3545.2666599713198,31.43346805477528,1.0
13718.0,28947.59039060904,49818.82684385026,153.6298705357995,198.72303336774527,279.37261569913494,105.7890621678593,3.797754598197505,1.395630060467912,3702.6400028546727,39.16250853729068,1.0
13719.0,28966.599806843533,49760.02830876252,-46.54878352697429,256.0213440072524,217.3200746478557,200.95509520664717,3.714581007572252,2.7726941302464216,NaN,32.7474837249139,2.0
13720.0,30445.635496300332,47664.82686199008,54.294820338812855,222.25981666126404,244.62305113241592,269.36207838831734,3.714877806654183,2.7672681247713102,NaN,26.094058780018905,2.0
13726.0,30410.348599604265,47662.44517046069,11.43409261608759,239.22965527877307,235.136425663857,282.444581558948,3.839060620773422,2.7770107813234457,NaN,25.881583465974124,2.0
13727.0,30388.46451912768,47624.94771410949,30.55546065998428,229.252817544733,237.4241566826125,110.50739020977778,3.8653040587385803,1.3442859103954932,3558.5592654762722,37.20161638172534,1.0
13729.0,29003.97474114785,49748.084535373935,-123.63714938033735,287.65982013825817,201.16026353848866,125.78278483483734,3.8690035776937415,1.2148704190061113,2873.2042488024067,34.75543062481763,1.0
13739.0,29682.36213326663,48703.49226279651,251.83224932579367,184.60876520824633,321.1239111562328,99.88629148585065,3.6957894139971335,1.2587833880757449,3586.3866840282017,41.1231162590689,1.0
13752.0,29078.87411497953,49434.942880432696,62.52084988868136,219.95031495761026,247.20943758310327,171.0902531931047,4.161808900562361,1.24126776575285,2976.9338861059737,27.993070190223975,1.0
13759.0,29057.210148166483,49426.807170674816,-57.17923320319104,260.0668129520988,214.8350855055379,483.1331613411511,4.020460375595247,3.806568153754163,NaN,20.072074919177226,2.0
13760.0,29054.7191790501,49469.8443480841,-18.76721636292624,245.49703101393496,223.85320303272897,208.54494741892768,4.296065254934769,1.8609626874724976,5281.657875023791,27.302401397722633,1.0
13765.0,29084.116120590512,49444.10075224519,-131.64620982793997,291.30611686687513,199.77166242433597,260.54442956393143,4.0458196275669005,1.6523615617956269,3989.012092255657,23.94040349303267,1.0
13766.0,29094.816549922747,49416.39128904998,-15.115535623844414,244.2157297710587,224.79439968726902,338.3627874228305,4.291251624912021,2.1236519423643836,4849.195703609187,20.82629960200037,1.0
13778.0,30463.552200665716,47755.272307054205,176.94448272040125,194.5488707370221,288.6196497654767,234.97071441977096,4.175065054903232,1.6853142981212539,4428.206814400555,25.05427708603251,1.0
13785.0,30342.827548208275,47802.2375776629,22.013084117147056,231.9019588712969,234.9410103809517,107.27975058905736,3.958515642100076,1.3963560802970445,3700.5117492932777,38.34949098547018,1.0
13787.0,30856.912805193966,46918.71702637403,58.08063630392988,221.18487058848348,245.80362340502475,147.58651669457427,4.098895006628954,1.5794091011678346,4301.410543556503,32.31455911008673,1.0
13788.0,30819.37133306822,47031.610080080216,-108.12092694537843,282.06494451247164,205.0378034244834,1129.5980340256529,3.9715605474581714,6.582118622677227,NaN,14.218484487297589,4.0
13789.0,30869.265876746133,47033.59893841704,-179.85657607063214,314.5328704805207,192.44578956596115,406.4271161979278,4.06755162803431,2.0790505145509837,4412.538619427772,19.653716655517,1.0
13798.0,30435.467722063193,47712.29091385588,14.378914240378952,234.32767766347828,232.76892426995232,113.43878456400967,4.068991467925356,1.3639128762993968,3589.3132753728755,36.780216347714735,1.0
13899.0,30900.930245593197,47131.23656250974,-310.16479354170906,388.2810323640494,181.50876932591004,213.02711923334763,4.402951577680889,1.7486610450339268,4492.284808690502,30.99617638218212,1.0
13904.0,30107.118735163385,48453.41665830157,-297.8306396806583,380.61440407390904,181.9895293489532,194.26236271976336,4.339294253744631,2.067359619632339,6026.877489782888,34.53596634833342,1.0
13904.0,30099.231570888576,48456.394382087514,-276.2071181975534,367.5199362655703,183.1121687661973,188.05631198355488,4.462236062855777,2.0372627740785387,5772.423937179484,34.43124411197041,1.0
13908.0,29599.971165999155,48745.65448552163,-257.1412866012208,356.3401011267867,184.3976286346116,196.9456795531705,4.423370356535961,1.5068848960636922,3779.1558417873266,29.9481769682407,1.0
13909.0,29799.04090875158,48791.03306671895,-354.4990364016716,417.02277208148774,180.73804184050104,181.29644999592145,4.266667707917011,1.5885915723312427,4223.024563440589,34.92584344184733,1.0
13912.0,30495.42586913489,47938.10647929828,-116.37817230321471,284.4072720821649,202.4610479797161,262.3168035292971,4.550359946007061,1.6283660615216817,3901.8958767363356,23.62470462550113,1.0
13913.0,30468.58069415789,47716.80909983262,-367.12047466985115,425.54415551081297,180.792547157934,164.04553210806873,4.480079882524884,1.7094953208052235,4159.882792183769,38.79810863436027,1.0
13919.0,30381.448888785653,48185.82218779751,112.10306656403733,207.42744250740338,263.92830396987097,82.35033044694495,3.8312402476582252,1.2784420582528293,3428.3110117401156,44.49744449875231,1.0
13920.0,30476.18491659737,48219.1352416877,102.06494153690552,209.77558645546966,260.39224313754045,180.6037664585256,3.6364033705961765,1.784427468283477,4389.269386818943,29.474594875763337,1.0
13928.0,30511.101461152226,47766.07088824311,116.68879278406442,206.38635729106784,265.56923957428137,121.38404924668374,3.812020675428671,1.4860084741320008,4018.7663230109156,36.19575939700288,1.0
13931.0,30494.654878957514,47767.06884415073,53.097792069185374,222.59243797471652,244.24389882854553,118.10001059274101,3.7621436556673364,1.3113400564540916,3474.962828719986,35.419521898080866,1.0
13936.0,30655.18484380241,47471.17531906916,-137.70035580670097,294.1025411215836,198.75444483177367,152.8001599478271,4.377966783208581,1.470760588777634,3926.405639119329,32.45220069638617,1.0
13942.0,28050.338158975133,50504.7142700579,-401.40600001062967,449.4503698503442,181.55342372287035,135.97017902655915,4.109985133320012,1.544760242505568,4294.637979187452,44.23630698765585,1.0
13943.0,27980.772192887296,50528.96870464279,-369.2748247843169,427.0136773667754,180.81398031512978,189.46943503761366,4.152562055251464,1.5252669705157247,3690.415946115964,34.057716065129476,1.0
13961.0,29499.90192291396,49021.01256882194,-333.09791861488935,402.9170874781253,180.9230719133221,166.57259303768436,3.8195657837562846,1.3097019426482739,3426.222545785834,34.23810438756268,1.0
13963.0,29531.463086502135,49142.21528259224,-1102.6722133713715,1181.6319918959564,393.66830622829957,526.8091932384804,3.351978681359908,1.7485766410827035,4226.60489067681,61.80283442959332,1.0
13964.0,29479.90934992269,49037.371158484326,-574.9695785567536,587.4803507538348,199.15158922074426,322.1462062595061,3.9495279087743422,1.6496947992173774,4196.5717229203065,32.28717650980209,1.0
13965.0,29486.49966619887,49186.04616064954,-313.7494756657792,390.5360948619949,181.39078997530262,170.2733053083159,4.613150586757402,1.5675896011150476,4051.6720948159464,34.81310180786004,1.0
13967.0,30079.371853936955,48248.41104909344,-223.74449969629256,337.582987523963,187.31694335957295,215.04229526235488,4.013733879463609,1.4349415150419425,3818.592752592724,27.431385599691787,1.0
13971.0,29790.389376239596,48703.89028887918,82.29623566535113,214.67776390034467,253.6529885993878,99.65208790643696,3.902216558470437,1.2536297671168442,3187.0517008874904,38.995697724569176,1.0
13972.0,30446.284016521648,47857.653462367176,20.17990633839481,232.4794277134882,234.4153795566886,107.39862079365315,4.054890897754262,1.826579441504205,5157.931653570532,42.14142581921561,1.0
13996.0,30848.890247535615,47068.61289478028,-169.2657401809591,309.24256731692856,193.90331599050086,451.559803036355,4.313785986627985,2.07950915717361,4467.211629852566,18.344450331132116,1.0
13997.0,30882.80923743467,47058.96764595541,-162.31584105698502,305.82845367788866,194.90622371147222,172.97847520766933,3.6044986608903833,1.4795160285174436,3812.585920918771,30.441663943792967,1.0
14005.0,30835.857868184386,47056.738728958764,-167.98321425525344,308.6091037784389,194.085621680764,179.90546670667132,3.6867032574549103,1.3129100122296413,3259.4977661877447,29.045388994023035,1.0
14009.0,30836.592050210962,47102.98837145183,-33.251486335936356,252.2401857692002,221.46225605992566,2166.748655235556,3.9498211177544413,12.508335193389888,NaN,11.91934709560079,7.0
14023.0,30854.52553510685,47093.172286932764,181.25391720349728,193.83345530827702,290.3742179864252,128.06775058052136,3.576174176346724,1.2467380400686425,3561.6328952562253,34.00067663969175,1.0
14024.0,30868.066797656258,47151.506864076975,115.38677191425342,206.6799357235089,265.1017011339226,213.08484603727464,4.132300915641876,1.6091073584876967,4110.861270598209,25.9392230517561,1.0
14025.0,30369.251135234143,47609.10545270563,-828.9540179201151,840.6677034649774,266.28227634569396,318.6077705574147,4.62428971747553,2.208531624392137,5992.390679318785,59.011884303708236,1.0
14033.0,30513.64044738276,47808.18203831213,63.047855723243345,219.8050207013544,247.37729017562495,299.8575792087305,3.7772248121300542,2.0998122648606077,4815.923599264116,22.257872296500082,1.0
14034.0,30497.767474924494,47772.247176089004,75.32975719619164,216.86690855445994,251.65114110243312,1356.6504306611375,4.090722726293994,8.009185662070564,NaN,13.094791064908575,4.0
14038.0,30783.752481798823,47076.46677144301,-134.01981045480304,293.4042555130442,200.1824333563904,741.8815034909866,4.02033395043212,4.061898833604895,NaN,15.82741609389759,2.0
14040.0,30752.610623325287,47033.18028731341,-229.685256426301,340.8426723566722,186.73549088193317,97.36768190975316,3.8310134878768456,1.37900795509617,3800.4921437038925,45.06443246957295,1.0
14048.0,30513.05347386721,47756.98458760675,-22.733227777108247,246.90286961713042,222.84250193519756,89.39433578703351,4.000950632473325,1.6149169281343547,4219.8297362191215,45.905917452784884,1.0
14048.0,31175.874960356137,46456.41831408918,-305.26813790462154,385.2202113779269,181.68575352229078,272.44832111852725,4.024382723919536,1.7526522223789596,4460.995189336876,26.399912478241284,1.0
14049.0,31208.81314845329,46444.54024317278,-244.36268764824234,349.03884610894215,185.4142490810741,189.43181074582827,4.238618978523218,2.4669032578287178,6161.643646941119,36.14730606447348,1.0
14049.0,30524.62132306148,47796.58430520381,33.5874762434525,228.59752286458425,238.5358336529007,663.9215509780881,4.061905412265015,3.701648313794942,NaN,15.728176968705915,2.0
14050.0,31245.564997938745,46471.68231793746,-287.9386403413495,374.58590092075565,182.47218909896256,341.2665719086807,4.23699793571578,5.059521146741615,NaN,35.92128450191533,2.0
14051.0,30546.85217700372,47770.19609063372,73.8935266217025,217.09321610569714,251.05658843920006,538.2705621131078,4.067984775140526,3.2744115235294498,NaN,17.36431006767707,2.0
14054.0,30524.499414853908,47737.486197272156,27.514940634478535,230.1878487408239,236.53394674247542,134.06246740145951,3.710440391236172,1.270769856466217,3574.273917126211,32.54814001885572,1.0
14055.0,30546.041064574198,47768.81037650703,115.42694627966188,206.67085334320512,265.1161078992735,205.01872062755874,4.1871187429443735,1.6433612113329796,3738.7439715329647,26.686704442226972,1.0
14061.0,30553.118281157804,47709.94521600395,10.986451533144786,235.42325331138076,231.81794949815182,101.09048133542768,3.8870716038598925,1.2469488119655507,3378.4507571333584,38.643832746127686,1.0
14067.0,30897.671084374946,47098.77293962822,-32.24766155114362,250.33594137202377,220.46671001600424,295.70658439217306,4.73255698025737,3.8524969834026583,11839.007801777923,28.738281262677656,1.0
14067.0,31096.726201965856,46547.33246429425,-333.12878985359424,402.9371239469738,180.92255361796452,266.17242251900734,5.019287482673382,4.5913667378354175,13707.657241966985,43.77290404545145,1.0
14068.0,31193.92815591342,46513.58484409884,-343.81219040512804,409.92497986665614,180.78680745203314,466.2330885645693,4.41487908880832,2.0050816135194,4842.615740043202,20.259286651348766,1.0
14069.0,31029.94078158628,46767.76071079813,32.98030152553263,228.51337081385495,238.13915667553024,228.59965061126834,4.881610109792256,2.4159012122632517,6962.399879677723,27.767493626753726,1.0
14069.0,31029.621652735874,46767.62845238606,33.507876635427095,228.35322305847345,238.29531348715216,231.52077118470623,4.773350741234416,2.4603577026321584,7275.399992816417,27.71299677107407,1.0
14071.0,31161.886040933085,47102.366582169416,-266.34540859706607,361.6944225750482,183.74247943125664,216.5851569154475,4.257458421835205,1.9192468755754848,5557.525223595231,30.38158872237085,1.0
14072.0,30781.11680933109,47563.14678843572,-266.83374553543,361.9807349464347,183.70952319759562,255.80087193991054,4.180843217633589,1.620426115033918,4038.28427164934,26.114738734777262,1.0
14073.0,30620.53721225492,47467.370684972564,-352.618060907986,415.76569063856203,180.74031343664322,207.37373016867085,4.339445057036206,1.7126658331252422,4465.489220138824,32.67317059722363,1.0
14074.0,30479.480599034527,47799.91435150025,60.44194443809247,220.5260186045052,246.5493656435073,457.4030411173816,4.554393350732504,2.172218529346137,6491.929969707879,17.331101701294905,1.0
14075.0,30518.741300718946,47862.82323552205,-235.8833661080659,344.27904153430876,186.15751937138302,280.91193794689474,4.424185283314362,2.054280903021691,5226.680948233869,25.569084925927108,1.0
14076.0,30058.873744410543,48278.741318395885,-395.74180347518035,445.424465459896,181.3659472905757,162.29227536439925,4.080000899764998,1.4239859283222684,3440.917775352802,37.97896949781902,1.0
14078.0,29612.8709823406,48974.544421236205,-142.11547463990587,296.16368930800485,198.03022985472225,165.99300719209143,3.8523398956466948,1.5919082370401474,4470.380915036191,31.515740640692787,1.0
14085.0,27982.196482581898,50493.4887369973,-459.61102704288845,492.5732074019905,184.89647906351442,236.96327173149066,4.5108429493031,1.6593949560171894,3949.932837402483,33.59431920762024,1.0
14089.0,31113.257990717466,46872.35856050059,55.15431656227513,222.00866780196304,244.88533675181878,329.09320834465495,3.749590040308721,1.7688956162523501,4681.058228339499,20.278178264186987,1.0
14108.0,30717.657312907897,47439.44143239276,-60.791495375684875,261.1475588241255,213.75314657548094,182.34057179920933,4.290867116970889,2.488276738530543,7905.347938384857,33.531748133925596,1.0
14108.0,30720.207473056435,47440.210168609534,-51.418339779736314,257.51254114494293,215.88925968900418,173.13524523658185,4.629435671594399,2.4428870469518995,7690.356495316567,34.425884544532906,1.0
14110.0,30855.651678063343,47073.30946009835,-84.23469148276327,271.1454471384178,209.14298391915992,1972.3617468642778,3.975518554347631,9.852628885536454,NaN,11.300876213746562,5.0
14115.0,31160.07191010415,46937.62391140559,-35.18288000245327,251.41227961488426,219.74769879463932,219.41040048466434,4.04043914699339,1.7352484413864635,4565.908378576667,26.05363630832686,1.0
14116.0,31253.74634957714,46867.12812409772,10.245832269190183,236.06960203653702,231.93939591192336,2016.0717580276014,4.025021450452441,11.741236948658068,NaN,11.955007983309615,6.0
14122.0,31222.32964759182,46802.94684280583,31.16129813332073,229.06754992000202,237.60237684752465,422.205950117757,4.37813136571898,2.1212965279098235,4706.659923011216,18.10709138438719,1.0
14123.0,31194.666040121563,46625.28547086061,-205.01347615107392,327.5231970979733,189.3263387856703,297.77552213794473,4.6211032308998785,1.9608916014887552,4087.993615253704,23.832232066364767,1.0
14124.0,31130.42994080861,46528.65740725303,-299.4941233307162,381.64001806003614,181.91792635059736,202.55904433011776,4.228354923396467,1.5790247119012542,4223.475039238725,30.81050135873108,1.0
14125.0,31126.21965699831,46510.527341802335,-338.45272035314116,406.78288700149704,181.14863688360984,820.4950096502663,3.9502738786619402,4.778821345388234,NaN,18.46368273228281,3.0
14128.0,31151.302307158297,46516.177795584445,-291.5971327461613,376.7943713779051,182.27660198351526,236.10327681178163,3.994961896206091,1.6719255956360302,4631.083298333059,28.203046017946992,1.0
14137.0,31277.45754489482,46735.47222765651,15.705215618753215,233.91408407396216,233.15261507407982,636.8501038256089,3.871328503153908,3.59681860471914,NaN,16.020163424107313,2.0
14139.0,31290.08030809014,46696.102890519716,-53.280529250295494,258.2281247930824,215.45954279755063,327.3156699222955,3.8594447843536903,1.6862002554782511,4335.475365443518,20.445514238600467,1.0
14140.0,31248.962964250404,46698.66410465116,-15.383652269058922,244.32492013295746,224.73750854885745,1129.5158034373248,3.8445684922918333,5.5682507486023125,NaN,12.742087329426061,3.0
14143.0,31193.770918631148,46688.6583576979,73.97377866810184,217.17381324644896,251.1651645920025,673.2691224017096,4.447487233380784,4.781007989499152,NaN,17.16421950788421,2.0
14144.0,30544.704681164254,47638.16353366903,221.27413281837738,188.02613115297285,307.3442948137525,148.56773743233225,4.283657777516529,6.067313653458228,15348.580025629148,74.70950316057188,1.0
14145.0,31273.97826930946,46696.58507431742,29.85964621632362,229.50907139003613,237.25459908082397,826.3959543942459,4.152542684992609,4.79546173716904,NaN,14.850767685726407,2.0
14147.0,31278.2891356618,46727.956661092496,10.155198924251327,235.69335683966264,231.5862707142606,320.01343410432395,4.000941231217567,1.678862735836496,3858.7228424955297,20.47499606898398,1.0
14148.0,27985.067397811672,50516.10251288452,-419.5328296856879,462.53759903358076,182.3177245916203,175.16871038234098,4.255636192233966,1.6763617977682617,4563.657537930169,39.19854958082693,1.0
14148.0,31313.237318693464,46728.379440804514,-55.85578003512771,259.2231046902101,214.86963507779978,193.47189167406876,3.9489406315061593,1.4265320607584757,3278.423809612908,27.080410904013874,1.0
14155.0,30797.141756298588,47147.73453847126,-145.89820452170534,297.9442353824076,197.4215625173903,150.71188616934904,3.902460096494527,1.5829542833796553,4284.967547828479,33.53796416694097,1.0
14169.0,30822.26690723942,47167.18379745945,-84.81814608539104,270.8437469799512,208.58333418456155,118.29730908419725,3.80562289153427,1.2131807630450735,3210.7463812042424,35.55571459388893,1.0
14170.0,31181.701171052722,46778.2279023629,54.03613622160533,222.34058423060674,244.5482958732308,685.5174048989456,3.9794005067939544,3.624200951088773,NaN,15.271266934509597,2.0
14176.0,30854.891414227,47184.20931025902,-117.98302359747967,285.1220833690528,202.17000633252357,148.36166000150436,3.672572732360717,1.507822743469091,4536.882081023257,32.99199660150262,1.0
14195.0,30456.53082951338,50750.22034796254,124.60645635413795,204.63550913772372,268.44018364259097,109.27604564258375,3.447318882702739,1.4026858289565831,3772.5047139288827,38.14483808026281,1.0
14210.0,30867.93007278957,47145.21719372679,-74.14864001799211,266.47076802165856,210.82478592992481,196.52838813552222,3.9432246263302666,1.4858685986305085,3048.5459542644035,27.18766964377994,1.0
14211.0,30861.722115580997,47219.25049080287,51.339898139572234,223.09459973693157,243.6981599990229,188.51155777680486,4.3839701368629385,2.16625514751069,6738.762418734967,30.4174668359365,1.0
14215.0,30530.991666230846,47743.12597598614,55.82083955347683,221.8203226931174,245.09391943935657,102.26150149363663,3.8489224980839563,1.355826516801839,3777.5299792736632,39.162463790156856,1.0
14216.0,31080.853908543693,46618.46659791188,-157.37978590949302,303.43129694831356,195.64087902613713,308.1114375951577,3.703128527553497,1.6702768192123414,4687.5938779930275,21.960396321949816,1.0
14217.0,31115.443342077346,46647.70625032365,-20.305223218919473,246.46842708629987,223.80570523672986,580.3821858494789,4.203666528403524,3.8533399932439334,NaN,17.594462267616038,2.0
14219.0,31034.32518855228,46650.73247790519,-69.81766940313739,264.7263185927057,211.75939252456726,355.1146513383281,4.503184624357802,2.907496944470154,8100.361458693216,22.442008796211788,1.0
14220.0,30985.236754511974,46700.34334853847,-50.12210223365353,257.01636625065834,216.18993815201398,354.65873193672286,4.238288536100581,2.7142986927620294,7498.621164973047,21.80917813045031,1.0
14221.0,31016.074699956946,46617.95586252485,-165.9441629523036,307.6051716525935,194.3780450844273,194.36556795310491,3.79494126517853,1.485550837561702,3873.015428966795,28.412801580399343,1.0
14240.0,30441.55391526479,47718.949739420175,87.50758565509865,213.34970074394283,255.40065713130292,161.8625028636905,3.951589797812018,1.4959661850522492,3970.120021920324,30.10519481898003,1.0
14242.0,30467.636888216275,47705.96092643188,164.34431747469986,196.7411030596598,283.57073307708464,123.77452067195775,4.039606234111927,1.332576978185653,3447.3846947947795,35.08919609452377,1.0
14247.0,29304.19540515758,49615.869789849676,-458.0520149388329,491.3765297587682,184.7732846810915,143.55081449905254,3.8531328191252396,1.4416367040200673,4101.309970017073,44.68249309498954,1.0
14252.0,30486.503332251992,47974.167742027676,173.1273057677778,195.19719222126488,287.077322572281,272.7341425000869,4.812937966247864,2.0783764617749223,5204.476711594802,24.012359874574543,1.0
14255.0,30791.678349985355,47097.69363916848,-140.59040053212544,295.4496475701419,198.27870932004123,211.82325521279884,3.8435722284392373,1.584874293599771,4209.39591777936,27.013753868675145,1.0
14261.0,29366.79624383593,49605.14547879778,-499.1421614598366,523.6826831460029,188.6392152030443,163.1554571016484,3.833841069158469,1.6247983380414446,4131.77883301927,45.362311765598044,1.0
14266.0,30737.52752261891,47119.779177778895,-35.586537948694186,251.56093558683114,219.64933229412455,159.91756014984483,3.699593334794562,1.3507154745206111,3424.3429198955023,29.89136305978011,1.0
14270.0,30556.23321106472,47683.09653059971,-107.34629053131958,280.429710133657,204.13559757084812,83.98219866241108,4.054449356163867,1.3990373556179447,3867.426332530764,46.62569556928257,1.0
14271.0,30508.602224324663,47779.350159195914,-2.599806883211141,239.91962025025487,228.09735055032607,79.97460931753145,3.7645902450006026,1.2616161768869132,3164.025471636704,45.16197530595272,1.0
14273.0,29282.69744595514,49649.314344360355,-584.5751571787753,595.9489717092704,200.7959657782197,182.5354865055797,3.8630234204960674,1.5614992010273379,4195.431464590472,47.17149907637375,1.0
14279.0,30477.763301350762,47804.79713886848,211.28006182140433,189.3348774783251,302.99208607589395,111.64770219355094,3.3701210879747197,1.2288481788029026,3411.7530134142426,37.31128343218562,1.0
14280.0,27838.161982819525,50622.879776360554,-523.8615648961188,543.8847603057291,191.5847999582614,285.774479532503,3.9605356386206934,1.606299754424703,3929.842593656117,32.13434117846007,1.0
14280.0,27818.624155041583,50638.8224470588,-671.3386103630047,676.3851325216813,218.8350538603031,344.13605693638254,3.984353199869393,1.5590797526038693,3495.188724048745,35.409037518272605,1.0
14297.0,30774.33683675967,47129.297552190175,-81.07282405557685,269.2964703044658,209.36027023158033,150.54765626378708,3.594812421834162,1.430381293065906,3745.9490027531306,31.809094368194785,1.0
14298.0,30790.492898752575,47181.77531486093,-187.41634033157945,318.46069666201095,191.52791598512113,608.5708552295894,3.9781417637717946,3.48220596687133,NaN,17.582535682698204,2.0
