#Diffusion Coefficient in um^2/s; Linear fit performed on the 4 first points of trajectories > 6 points
#Pixel size= .17um ; Frame rate= .03sec
ROI	Trace	D(um2/s)	MSD(0)	MSE
 1	 24	 .0167729737930239	 .0111108315653145	 .786848080510958
 5	 34	 .020686244449213	 .00775215430153706	 .700982985497366
 3	 44	 .0130125016359228	 .12338030313145	 .00397436077869995
 1	 143	 1E-05	 .013724547849978	 .216165103103181
 2	 170	 .00206341288361313	 .00939886515602694	 .0490341316125876
 3	 172	 .00711973249565092	 .0126326328333471	 .510498087214024
 5	 203	 1E-05	 .0657409280681144	 .0440329502744503
 3	 234	 1.6362002610956	 .00792876316591461	 .991128804836993
 4	 381	 .0202401458170894	 .00560181177654678	 .988944853716394
 1	 383	 1E-05	 .0112712751987096	 .145972291747757
 5	 452	 .00632669084587541	 .0112833661279293	 .805949352503473
 3	 463	 1.27467619720173	-.0514321174831959	 .938197954865041
 1	 532	 1E-05	 .00888958331323374	 .117372668269942
 2	 609	 1E-05	 .0195431517598532	 .872520266857034
 1	 710	 .0051264090474715	 .00620356946300043	 .431006506737363
 2	 755	 .172334955706901	 .0254808770176665	 .904884163310901
 2	 888	 1E-05	 .0279863068061072	 .360707091138088
 5	 891	 1E-05	 .0149321725717682	 .0664623131291598
 1	 1025	 .00227856183007472	 .00569340081096351	 .216537287060043
 1	 1036	 1E-05	 .0210708449706652	 .212998389740853
 2	 1108	 .00615523836200674	 .013212441614482	 .39569591957186
 5	 1164	 1E-05	 .027507397497368	 .282217393303441
 1	 1231	 1E-05	 .00742140200543283	 .531445803462401
 1	 1310	 1E-05	 .00507036026401355	 .421586460890616
 1	 1328	 .0208758329303186	 .00380787307138734	 .927209853284618
 5	 1329	 .00372265088863354	 .0162255223345308	 .0307408703925584
 5	 1361	 .0113048471272422	 .00659690678649318	 .0926906692278732
 5	 1598	 1E-05	 .0173983079606105	 .0303110002593906
 5	 1670	 1E-05	 .0147070762698692	 .186438846108573
 1	 1758	 .0112920241128251	 .0257154658404993	 .224018826957568
 3	 1762	 .00920030372820227	 .00770182990863141	 .84144046601544
 1	 1763	 .00726228665624829	 .0156546620988432	 .667612854129604
 1	 1874	 .00895069118701555	 .00792958557127028	 .559051386527973
 3	 1962	 .737357872625576	 .024338776757608	 .965303280257082
 5	 2220	 1E-05	 .0150667836567164	 .869658611046061
 3	 2461	 1E-05	 .113831385895196	 .513152995071283
 1	 2797	 .00156442535969292	 .0133557923190449	 .00789305768168724
 1	 3036	 1E-05	 .0159151218085216	 .859110070231342
 5	 3072	 1E-05	 .0202719796956792	 .200582807803272
 2	 3174	 1E-05	 .0166637441377713	 .0744812695087391
 5	 3274	 .0108829546819268	 .0147628498105635	 .7018925446412
 5	 3276	 1E-05	 .0307129828653594	 .00635393664229478
 2	 3281	 .0199878586040246	 .0107170801238684	 .439345310884631
 2	 3416	 1E-05	 .0163110682170244	 .00103071058004289
 5	 3540	 .00959838750936502	 .00893159145582217	 .731404168750938
 1	 3644	 1.3831737410603	 .0719730578527398	 .857899013138591
 2	 3652	 .0224887319945557	 .00604802140623999	 .699344975181908
 5	 3742	 1E-05	 .00507660570788111	 .0915597060604683
 1	 3780	 1E-05	 .00666827914117715	 .6246166318307
 1	 3812	 .0154118157609954	 .0594236952210595	 .0288116189003381
 1	 4110	 .811827113292724	 .133324579408922	 .781882193703266
 2	 4151	 .0477680330919712	 .0104761965516834	 .639286107295926
 3	 4165	 .000990843077547526	 .0013286825785016	 .0373973590719807
 1	 4234	 .301357721062644	 .0521451539506848	 .42582245637635
 1	 4386	 .00144153825852584	 .00933715906659585	 .0053469550822498
 1	 4403	 1E-05	 .331433867439919	 .318612055765194
 1	 4513	 1E-05	 .223813273981139	 .0315537417381921
 1	 4662	 1E-05	 .00499580998267894	 .130751970873144
 2	 4720	 1E-05	 .0851015030547141	 .12988575849242
 2	 4737	 .0332958654982344	 .017317916731398	 .679792556291895
 1	 4796	 1E-05	 .0221940652904151	 .274321115842486
 3	 4834	 1E-05	 .0197242342718848	 .823204058057224
 4	 4948	 .0220541309618046	 .00846165324074546	 .457483676462658
 1	 4996	 1E-05	 .020276679618992	 .267233329707982
 5	 5127	 .0417683637463268	 .0200755213746001	 .558623068004138
 2	 5155	 .046269974448442	 .013248506017194	 .819186897357866
 3	 5286	 1E-05	 .00407309808141211	 .283518466344912
 2	 5313	 .00254068391430358	 .0183702126393259	 .00988942127053072
 4	 5473	 1E-05	 .026403392441509	 .0482036369082935
 2	 5530	 .00530239394690265	 .0175240797928139	 .293702279546337
 3	 5545	 1E-05	 .00650306119808727	 1.8433316961719E-07
 1	 5616	 1E-05	 .0636730843992497	 .202508250511515
 2	 5727	 .00891102085457685	 .0300026743036032	 .0280795685076902
 5	 5773	 1E-05	 .0385192366064891	 .00202060499937362
 1	 5788	 .264864318617281	 .0152950056268887	 .971883495321809
 2	 5944	 .00913085823889227	 .0169875365660755	 .0468934647135218
 1	 5973	 1E-05	 .030434473716142	 .011616278383105
 5	 5994	 .0133532647536263	 .0397736667760963	 .0323543198771087
 2	 6059	 .034170624825627	 .081529956856489	 .0797144295276061
 1	 6111	 1E-05	 .0788810090316356	 .198839275430111
 1	 6150	 1E-05	 .0534397927714166	 .497051909526257
 1	 6181	 1E-05	 .0113967923316361	 .0180077603273856
 1	 6226	 1E-05	 .0431767660863424	 .109704639284513
 1	 6290	 .0819061934291068	 .0277545332138189	 .875522848581927
 1	 6491	 .00866167247188824	 .0264587960308842	 .108439012500301
 1	 6503	 .0499776385536453	 .0105437895697823	 .992266748774235
 2	 6619	 1E-05	 .0152412410110317	 .960488862006761
 1	 6712	 .00453559486506581	 .0123625206545162	 .455485325923271
 1	 6724	 .00953549207483127	 .0142304249429202	 .689573536844847
 1	 6727	 1E-05	 .0157171701713596	 .128738354799525
 1	 6790	 .031489627466131	 .0243956492015437	 .603296617170405
 2	 6833	 .169182483179258	 .00699620890764377	 .549399147477502
 3	 6932	 .00103338469517418	 .0068582818675815	 .0516357407450863
 1	 7256	 .047295763007442	 .0233150467576683	 .752695287025732
 2	 7288	 1E-05	 .0118951789270624	 .464428902757125
 1	 7317	 .0150347645333405	 .0295107561756339	 .183064378218699
 3	 7337	 .000390842771837485	 .00534400407941849	 .0532438191632759
 5	 7343	 1E-05	 .0233466995286894	 .590706245144096
 1	 7424	 .101857778967406	 .0171703253407322	 .970216026942546
 2	 7431	 1E-05	 .0321783054307414	 .629833749035715
 5	 7560	 1E-05	 .0308591296523463	 .823154402043089
 2	 7581	 1E-05	 .0255721023483643	 .6007317181589
 1	 7676	 1E-05	 .0722213855844889	 .0417380398083086
 1	 7794	 1E-05	 .0393832525891912	 .138311693092429
 1	 7917	 .00862038046833967	 .0382560743559643	 .0394542351373951
 4	 8002	 1E-05	 .0136923903318572	 .759447847230569
 1	 8090	 5.01934080994796	-.482581003439136	 .991341642981865
 1	 8215	 .824385069617821	 .0992480882342002	 .916660097884896
 5	 8232	 1E-05	 .0219547721743846	 .166238680863342
 2	 8260	 .000371877087682569	 .0180246387759941	 .000946690155697483
 2	 8383	 .0409325046199191	 .0131659728348768	 .229937878948605
 5	 8400	 .0230771503533937	 .0232604060081997	 .117441186212714
 5	 8401	 1E-05	 .0112357831879906	 .137666762049576
 1	 8444	 1.02890769849318	 .0227148285671362	 .988643836798047
 3	 8448	 1E-05	 .00511929152979962	 .0140174982276898
 4	 8555	 .00542714727892522	 .00222324862013173	 .944403021165667
 5	 8610	 1E-05	 .0207165944784522	 .492038530257995
 1	 8655	 .312580128301649	 .1303639158912	 .921467528978155
 5	 8706	 1E-05	 .00999366666041072	 .75909785459778
 4	 8765	 .000901313138781529	 .00818173911205196	 .030844907308181
 5	 8908	 .0169654043731354	 .00805643004879809	 .389018885107733
 5	 9074	 .000936708534556688	 .0106742065251873	 .140421386441133
 5	 9137	 1E-05	 .0385276064736957	 .786930420900104
 4	 9227	 .000172617669453804	 .00430681805352915	 .00655201258889371
 1	 9237	 .0114112480353897	 .00789711102827026	 .484732645907187
 5	 9257	 1E-05	 .028686324418542	 .000136207424605073
 5	 9293	 .00411903354778928	 .0126993511427603	 .293309630701216
 2	 9591	 .0175756176197964	 .0233116560785938	 .161010326335407
 1	 9602	 1.32740402478973	-.0174207135634665	 .996770979403532
 5	 9633	 1E-05	 .0305137288916144	 .00411329381343961
 2	 9683	 .0112330843100575	 .0268662523650578	 .0329568352107461
 5	 9755	 .00835118300870308	 .00868544349317252	 .90645903940603
 5	 9762	 1E-05	 .00919796903412759	 .000310078027038307
 1	 9832	 .0374878519390079	 .0127700453388953	 .928528887534517
 1	 9841	 .118839815818077	 .00801445568557465	 .778576343660215
 1	 9955	 .0852929557221721	 .00657624447852639	 .791576841140625
 1	 10094	 1E-05	 .0581459758330342	 .75500568420083
 4	 10184	 1E-05	 .00820365054296309	 .464947075831197
 5	 10311	 1E-05	 .0273380524831578	 .110231351973987
 4	 10339	 .000572388473285652	 .00274054072079469	 .0979489217368213
 1	 10449	 .0289725223479949	 .0291698351907787	 .245489453015711
 5	 10452	 1E-05	 .042815063403797	 .210339191001984
 2	 10549	 .00131800659705588	 .0223416262015222	 .0183790648822459
 1	 10610	 .111368369366177	 .0168995156295502	 .649896939985544
 3	 10803	 .141080138843769	 .0443134890204527	 .788525386299275
 2	 10804	 .0510433207835254	 .0704713194056769	 .618357028221855
 3	 11061	 .0043060497673636	 .00391484047594927	 .821459811177698
 4	 11107	 .0660097341260708	 .0276323253265818	 .746882897500801
 1	 11208	 .0395467947664774	 .0343748949493664	 .284756629809954
 3	 11235	 .626176323638201	 .109596375857901	 .826701273174459
 1	 11304	 1E-05	 .00367647313929667	 .0831936899287843
 3	 11388	 .0106086230232827	 .0196349688420582	 .109703469602977
 5	 11415	 1E-05	 .218422138339007	 .605197498619747
 1	 11602	 1E-05	 .0585795624665113	 .0197929092562742
 1	 11628	 .00510655140978513	 .00706128893921827	 .791411110168382
 4	 11651	 1E-05	 .0563621461122996	 .105718430197998
 1	 11713	 .0568576068617474	 .0511806915830239	 .233236197049266
 5	 11755	 1E-05	 .0911454289170414	 .981959746503274
 2	 11841	 1E-05	 .0243359676432165	 .0234359694989303
 1	 11874	 .00890279089019555	 .040161007485765	 .0959037492322558
 5	 11981	 .0049032694963788	 .0153491151209725	 .887940690172086
 5	 12156	 1E-05	 .0406970439313972	 .209000992215698
 4	 12638	 1E-05	 .0113251422177183	 .289685137205998
 5	 12708	 .0899788350598377	 .0460377946309887	 .507948986825494
 5	 12709	 .00495387800525132	 .00893702441049678	 .463728210227554
 4	 12883	 .0238952066144453	 .00668828371932838	 .731521426409124
 5	 12889	 .00496758671763805	 .00692324192262452	 .154878190879249
 1	 12963	 .00177036969295145	 .00314013795121978	 .251879070256195
 4	 13023	 .00104721973876994	 .0134896899380972	 .00489462694465082
 2	 13206	 .00139377105682313	 .0177162424654832	 .00564319888745068
 5	 13236	 .0106930458495383	 .0109662173072398	 .818190852258148
 5	 13255	 .00954116928802143	 .0102817363613814	 .178589746979492
 1	 13290	 .00258219091782392	 .0149367125816069	 .0524287865193875
 5	 13457	 1E-05	 .0128768337599293	 .491012866445138
 5	 13476	 5.54618535964772E-05	 .00949193750852866	 .000206942608858895
 5	 13529	 1E-05	 .0136070492852987	 .461483772059861
 2	 13630	 1E-05	 .0292046098526604	 .694974830686467
 5	 13776	 .0501971880290955	-.000441157082448958	 .994629631337591
 5	 13817	 1E-05	 .0104340522062018	 .170973712592572
 2	 13868	 1E-05	 .013220095884337	 .329861976482503
 5	 13988	 .0467075677813865	 .00891021341697717	 .884324877684062
 2	 14056	 .0454089955975829	 .00533450371536641	 .9041648365065
 5	 14142	 .00294963467620152	 .012747882459068	 .0258904846395777
 5	 14203	 1E-05	 .0402848058455757	 .00707090052013659
 3	 14207	 .0178387335369146	 .0947598039235356	 .028003407205334
 2	 14266	 .00371598789918586	 .00573216809532821	 .256274293743642
 3	 14345	 .00460510632635285	 .00334553016834369	 .888919272394556
 5	 14403	 .00243742728886248	 .0241388920661987	 .00384151662617771
 2	 14478	 1E-05	 .0345393044658667	 .105443489240772
 1	 14525	 .0108190193258446	 .00538660351961018	 .983529556576476
 3	 14538	 .0106273650411114	 .043686167110379	 .0528578291780704
 5	 14786	 1E-05	 .077561098710656	 .234739171391194
 5	 14862	 .00887073401575666	 .00826998824924848	 .316492624093351
 4	 14902	 1E-05	 .00554443375553872	 .354135838926594
 5	 14989	 .00669029512373239	 .013899077153777	 .405243952258386
 2	 15004	 1.39649864420673	 .003136450566215	 .845617092717486
 4	 15036	 .00628356219315461	 .00280607564129351	 .703386949685108
 2	 15063	 .140766183918443	 .0576654326108489	 .844752032487718
 1	 15142	 .00323853042349801	 .00890782570975197	 .175418635050421
 2	 15164	 1E-05	 .0422559007207956	 .50993638218871
 5	 15221	 .00554938112373258	 .0118682132914162	 .142315121533114
 1	 15246	 .0061993261976746	 .00449160838909568	 .988177073835016
 5	 15297	 .00124584531006604	 .00874826111356862	 .00461535821335102
 5	 15328	 1E-05	 .172747381237699	 .112651540095716
 4	 15435	 1E-05	 .00566329760883271	 .197000451873222
 5	 15449	 .132530332945037	 .0276425019418009	 .963513969515332
 1	 15456	 .873900708968224	 .0387968757834875	 .860455184047033
 4	 15468	 1E-05	 .0032506069295389	 .123683254202348
 1	 15497	 .00155756266928907	 .0184325611483224	 .0329998506068058
 2	 15501	 1E-05	 .0742226875175718	 .0183931404889833
 2	 15644	 1E-05	 .013663902733222	 .00516529127478471
 1	 15674	 .191638586054554	 .0957161251399215	 .941956127009803
 5	 15693	 .780261524402091	 .0609158093670197	 .955119829414868
 5	 15743	 .00935518877271863	 .0107098486344756	 .829512651151788
 1	 15847	 1.20852733812446	-.00755356399659025	 .993195572882094
 2	 15948	 1E-05	 .0172367768353799	 .243640762676178
 5	 15960	 .0354286765702758	 .0404868860218149	 .46369805847449
 1	 15972	 .326785105013656	 .116637247798382	 .748310112574084
 4	 15975	 1E-05	 .00473903568773237	 .0014588958925621
 5	 15997	 .0740757150905159	 .0272189342854382	 .876876786772801
 2	 16092	 1E-05	 .0491047642910571	 .0492730109695741
 2	 16150	 .100648513531379	 .0426078854378419	 .702477348370545
 3	 16215	 .0149432536375408	 .0296721871561445	 .119839322568102
 5	 16261	 1E-05	 .122289459507239	 .827082038334792
 3	 16355	 .0288817425249527	 .0476960251665371	 .895876439741607
 5	 16410	 1E-05	 .0812475359692552	 .123011696865952
 5	 16422	 .00418957087886656	 .0373256461492909	 .00272140613943084
 5	 16426	 .0044297500304038	 .0101911433988767	 .541342632802389
 2	 16448	 1E-05	 .0174583882352953	 .291764842225695
 2	 16473	 1E-05	 .0393356720889321	 .0502184107349272
 2	 16530	 1E-05	 .0302015828035058	 .000234982673299133
 5	 16540	 1E-05	 .0701730376465805	 .469837783868352
 1	 16638	 1E-05	 .00708575837853415	 .249510389173833
 5	 16645	 1.79141906476188	-.156707605692368	 .980794689927129
 3	 16738	 .0673114705086685	 .0286136746998097	 .675411650062988
 5	 16796	 .0895530453255593	 .0339086571338617	 .0985885407838026
 2	 16851	 .0116275360863264	 .01865292250035	 .873017775250969
 2	 16911	 1E-05	 .0162369107294033	 .901863808093271
 5	 17001	 .0276126579641632	 .0250761536560502	 .728163723027561
 5	 17002	 .245204180711328	 .0816338773543662	 .696609131286209
 2	 17015	 .00233075321017278	 .0132038445718251	 .0632198296494447
 2	 17020	 .023107227570397	 .00554905659491094	 .621879005812579
 4	 17076	 1E-05	 .00359480775213427	 .253159169546334
 4	 17201	 1E-05	 .0758958612868257	 .045875371133219
 2	 17266	 .0256685347426701	 .00534270069675822	 .860683842067559
 3	 17291	 1E-05	 .00510867061267153	 .117125598776946
 5	 17310	 1E-05	 .0123812067064658	 .0115829652455075
 4	 17314	 1E-05	 .077544919454944	 .578256652559781
 1	 17324	 1E-05	 .0412893634249939	 .10238040570638
 2	 17329	 .0170454178256809	 .0213969152030179	 .190293349836858
 3	 17352	 .00236642098273786	 .00616065353377656	 .0590872556419394
 2	 17406	 1E-05	 .148731371169737	 .763655102821557
 2	 17521	 .00473687707859403	 .00650978277985415	 .728185214512063
 1	 17544	 .0341685454961486	 .0226403220548072	 .227673158013095
 4	 17576	 1E-05	 .0425890969565119	 .00854134934027306
 1	 17638	 1E-05	 .0502525273414132	 .0311169306155262
 2	 17692	 1E-05	 .0256304575404334	 .000297551880261149
 3	 17709	 .00529307669685428	 .00992848210100764	 .186899212395052
 3	 17713	 1E-05	 .0058187509045572	 .0652678530067187
 1	 17789	 1E-05	 .0141020996593331	 .357886675478521
 5	 17967	 .0397419873736702	 .00459950332754885	 .889377743824366
 5	 17968	 .0229241579574151	 .0287634921108167	 .607916901340482
 1	 18068	 1E-05	 .0302290642711666	 .359896683780459
 5	 18136	 1E-05	 .0149194229292097	 .19529128749276
 5	 18333	 .0313770705228247	 .0665608383769029	 .238725924747386
 5	 18361	 .19699947282482	 .102880884456151	 .276272973998706
 5	 18377	 .00344839741024691	 .0113954981428572	 .0247693816042417
 2	 18415	 .0068371645725961	 .0366229648965363	 .0424280972656075
 5	 18418	 1E-05	 .0229213587155937	 .481906539329518
 1	 18482	 1E-05	 .0283524586904378	 .735797306226169
 1	 18590	 .0185135404796584	 .0642871885033183	 .0638270545430184
 5	 18603	 .0220700902712409	 .0102599034274311	 .739652053987546
 5	 18934	 .0131172364480115	 .0108422171802448	 .571789718191309
 5	 18951	 .615412390162015	 .0492883828921835	 .985608798614022
 1	 19124	 1E-05	 .0100328946483136	 .559108985974997
 5	 19226	 .030246400441868	 .0773423581859924	 .423527273037061
 2	 19238	 .00398839168617846	 .0044517516088271	 .563094396068762
 3	 19257	 .446769755903992	 .0372091736511491	 .789070108640399
 3	 19307	 .00706267646252856	 .00837765319546513	 .927586264220645
 5	 19363	 .0198461103008322	 .00906817274151588	 .990244787826692
 5	 19410	 .0777757826928688	 .23687440486549	 .0205967561551526
 1	 19416	 1E-05	 .0358731013951268	 .0590176390785794
 1	 19462	 1E-05	 .0194208464946883	 .111852711185121
 3	 19525	 1E-05	 .00565606710859974	 .222450899890683
 1	 19533	 1E-05	 .0291921505291483	 .860118136279921
 5	 19629	 .0858216766014747	 .0258074492533899	 .936992268531686
 2	 19766	 .30250218566678	-.0127341786373318	 .990098150735522
 4	 19784	 .0162230027622937	 .0151491088270456	 .361166455863509
 2	 19977	 .0449697492075805	 .0142785940811201	 .986433483677272
 1	 19980	 .0191381027010223	 .0319851785440926	 .631737698242637
 2	 20162	 .024366165623363	 .0122131005311816	 .689649140520977
 5	 20259	 .210350570257425	-.0124336479947278	 .950894332898855
 5	 20304	 .0764323426218762	 .0655675098743416	 .394111482585304
 4	 20312	 .00945883646522465	 .0266637726855572	 .0667483000477116
 1	 20323	 .153622802498695	 .0211185948294071	 .964657817956064
 5	 20398	 .0390112117900864	 .0133397347698013	 .970343449483319
 5	 20464	 1E-05	 .086289676499693	 .832744235808997
 5	 20465	 .0149684507298455	 .0173451047933543	 .194269958179605
 3	 20508	 1E-05	 .00440422672805801	 .201317397068268
 1	 20550	 1E-05	 .0600465926729654	 .3615950689903
 1	 20557	 3.37721414525646	-.349723291077296	 .979062424214648
 1	 20673	 .305798882657857	 .112803481066828	 .466844602229253
 5	 20693	 1E-05	 .00930283318988462	 .032311857455484
 5	 20710	 .0416546951218609	 .048063562706617	 .812161974357781
 1	 20795	 1E-05	 .0415569686193417	 .205013530514236
 1	 20965	 .0331201505994659	 .035193127979548	 .791625446190802
 5	 20988	 .0685963310860277	 .0349803921079203	 .663110105152249
 5	 21038	 1E-05	 .0491051225289667	 .487821210833748
 4	 21214	 1E-05	 .00406719548275019	 .300794758430433
 2	 21239	 1E-05	 .0209113425370807	 .500740906419462
 5	 21270	 .00729697434286133	 .0179337449906355	 .098531977793416
 5	 21428	 .020616355976476	 .0314439668379249	 .094063490539685
 1	 21441	 .0131971962533882	 .0344176998089409	 .220445540652433
 4	 21522	 .000637573337079442	 .00195645927519629	 .0972631391641623
 5	 21544	 .0153993069674751	 .00831714404923067	 .803277379002677
 5	 21577	 1E-05	 .00800113761649837	 .0688211254207767
 1	 21603	 1E-05	 .0520611024961046	 .174703317191955
 2	 21643	 1E-05	 .0205057264972083	 .015383859665276
 1	 21707	 1E-05	 .0257122071859588	 .00200310966338368
 1	 21779	 .0144011829283652	 .0981105996262951	 .0102253436896848
 1	 21813	 .0220542653299754	 .0127061120403034	 .875544284029139
 2	 21903	 .0146483718566611	 .00254461264601565	 .854419845963035
 5	 21904	 .0527184679413432	 .0144597455000423	 .975228920356855
 3	 21967	 .0101527858622889	 .0210912162688207	 .332071516733852
 1	 21984	 1E-05	 .0279343444824989	 .889842497745734
 1	 22028	 .105712023570193	 .0793344312671175	 .747934670807067
 5	 22041	 1E-05	 .031816990595676	 .0140375243763889
 1	 22101	 1E-05	 .0843085118209484	 .521810224728813
 4	 22112	 .00291704287930539	 .00422440169967218	 .741450432603407
 3	 22149	 .0284411155389434	 .0147251533943389	 .48996537980768
 2	 22198	 1E-05	 .0216603262726651	 .276046232724357
 5	 22212	 .00530280162686902	 .00676132276901352	 .893222046153465
 2	 22393	 1E-05	 .0190484398807864	 .0013426878061934
 5	 22440	 .0126609795002219	 .0156391490415802	 .866529259790598
 2	 22597	 1E-05	 .0750265353482208	 .00254346807424688
 5	 22804	 1E-05	 .0148831916992464	 .547263477373274
 5	 22910	 .0211423924572847	 .00524389954479978	 .969720730687851
 1	 23026	 .0219121385384943	 .0387703441368088	 .764572428682567
 3	 23147	 .153293334678578	 .0426819676077077	 .644695813248026
 1	 23199	 1E-05	 .0329327126448366	 .0482411236927831
 3	 23238	 .00496645130918572	 .0152090798395423	 .0218189490097357
 2	 23249	 .367825032793926	 .0120475372925008	 .95299871281656
 2	 23316	 1E-05	 .145134464062702	 .0807895724782836
 1	 23441	 1.81775436356026	-.0401729830250969	 .986737652852385
 5	 23529	 1E-05	 .0564718641169985	 .0381315033989289
 2	 23604	 1E-05	 .0721168545020399	 .220737396442701
 2	 23633	 .864958900740923	 .0530615074730198	 .924315538512864
 5	 23660	 .030927602754043	 .0224655034022795	 .429329407020488
 1	 23700	 .147850843958938	 .125710127759141	 .200373426006474
 1	 23795	 .145094001249171	 .04517759021809	 .403388240702319
 5	 23817	 1E-05	 .00737891863044953	 .221990079792469
 2	 23829	 .281484535622812	 .143352772484707	 .318691502075275
 2	 23875	 .0304925678884298	 .108300721747083	 .0888822310281153
 5	 23942	 .0216517979768631	 .0233024428895058	 .372092913260958
 2	 23957	 1E-05	 .183581328736744	 .279248283322344
 1	 23980	 2.84751072235446	-.214876234577116	 .989096940690705
 5	 24013	 .00200364651601522	 .00694198535387685	 .259176473475391
 2	 24031	 .324486909600935	-.0141278637543072	 .931664229184678
 2	 24065	 .0322712316826674	 .0621908350216098	 .145780278581044
 4	 24075	 1E-05	 .00663918415243062	 .419044496594946
 2	 24135	 1E-05	 .121062817422643	 .213153252731581
 4	 24174	 .00470192878819248	 .0026032909410403	 .943606856526893
 3	 24257	 .0576811996929097	 .0743393845848099	 .325110575159684
 4	 24279	 .0126854077449634	 .000924141515064907	 .740258419905958
 2	 24293	 1E-05	 .0267251510602243	 .908451994908135
 3	 24370	 .0232743603149402	 .116465975284083	 .00478917261305944
 2	 24397	 1E-05	 .0333439987231234	 .315291694232347
 2	 24399	 1.71559417187803	-.0836769136658186	 .834139685737035
 2	 24461	 .0793320580528669	 .0545180916820466	 .347984953490981
 5	 24486	 .0380370903129889	 .000215984726081141	 .932989954393358
 3	 24502	 1E-05	 .335387045425477	 .132509685295905
 2	 24537	 1E-05	 .203218010512136	 .500869076750916
 5	 24546	 .0312546418469262	 .017744466371972	 .22778441724637
 4	 24547	 .0127501891871101	 .0154994805900683	 .148965129244696
 2	 24589	 .00986877154830723	 .048386059081127	 .0479968041419531
 5	 24617	 .0114680906128054	 .00690568365508745	 .386432415118921
 4	 24665	 .0226816711895675	 .0263201427002711	 .725279458034062
 2	 24701	 1E-05	 .0252715663642885	 .0175399858966283
 2	 24710	 .0200223497714542	 .0243731123228558	 .548757350507567
 1	 24754	 .0601891173466311	 .023745225311009	 .710554180459243
 5	 24822	 .0124865003342058	 .0159753584560882	 .647344207284089
 2	 25019	 1E-05	 .0791411158953266	 .27634366400052
 2	 25048	 1.78523121146133	-.0785411385108017	 .999269656105626
 5	 25228	 .0233732913077979	 .0164784644573859	 .774759381684377
 1	 25251	 .00130835584753315	 .00838368316613745	 .00413590165684297
 4	 25255	 .032869415892761	 .0471174141779643	 .387469404827867
 2	 25256	 1E-05	 .163457476747896	 .0138305943844476
 2	 25269	 .111825162605458	 .0167362084193351	 .996695453945298
 2	 25378	 .0796617196381	 .144601396267179	 .714797975068249
 2	 25425	 1E-05	 .0902911662829643	 .917116536359999
 1	 25467	 1E-05	 .0360661933735562	 .000281675494580691
 2	 25476	 .574233779480369	 .0782007684034976	 .665815605249347
 2	 25586	 .0512637685576547	 .0567436197617184	 .189679849417363
 5	 25624	 1E-05	 .0106336301832781	 .560621680740186
 2	 25782	 1E-05	 .0537696270091237	 .654357023278689
 2	 25797	 .0426065236984874	 .0303087685899392	 .655145879283853
 1	 25810	 .0308646988229454	 .027059857490372	 .618226100516478
 3	 25876	 1E-05	 .0659765819940345	 .420649739189261
 4	 25933	 1E-05	 .023343212334847	 .985282890236256
 3	 26064	 1E-05	 .0407812816551251	 .571126992023482
 1	 26314	 1E-05	 .0203514472141638	 .558803464885372
 2	 26570	 .107760902664767	 .00511666296507026	 .878125181272498
 5	 26611	 .00526846021975828	 .0109497151237767	 .141693216750183
 1	 26698	 .0572517260251555	 .045602024091128	 .23544052507253
 2	 26705	 1E-05	 .0424903451533587	 .32283666367573
 5	 26724	 1E-05	 .0296816496959693	 .361697024104667
 2	 26749	 1E-05	 .0506155001114788	 .188079929229439
 2	 26765	 1E-05	 .0144571373275312	 .0444839019654468
 3	 26824	 1E-05	 .0181742825866383	 .633979981715364
 4	 26825	 1E-05	 .00702799921798134	 .00589953280945232
 5	 26848	 1E-05	 .0173398446601934	 .00626019251257837
 1	 26912	 1E-05	 .0152215624698982	 .393884929890072
 1	 26914	 1E-05	 .0273127618245067	 .878830673107971
 5	 26959	 .0339212346831105	 .0191849053798764	 .381559323595552
 2	 26988	 1E-05	 .0151571203566226	 .0455130017627629
 5	 27091	 .106591902128606	-.00607033270846497	 .947415922559033
 3	 27169	 .346239629156551	 .0600869302801795	 .914203101134652
 2	 27191	 .0352552298903352	 .0130012941908365	 .945948140322682
 3	 27338	 .0967905971122108	 .0949372651476755	 .49660445882362
 4	 27363	 1E-05	 .0333209349488463	 .839995232882934
 2	 27465	 .00555380731881765	 .0165314924299153	 .165013372030823
 3	 27477	 .249888434564661	 .05065917083648	 .955003572019016
 5	 27501	 .0801709034185171	 .00924511641794695	 .836159864793405
 4	 27575	 .0311569140139637	 .0243486306539078	 .318661006972317
 3	 27592	 .00852394438546897	 .0444581086194244	 .195664370731134
 5	 27619	 .0125286036645875	 .0124025691271976	 .156494220419949
 1	 27854	 .112817823568589	 .0421861493694142	 .291510563368635
 5	 27885	 .044547098999812	 .0165314808582113	 .702262433645911
 2	 27908	 1E-05	 .0474407733523931	 .246696562782584
 1	 27942	 .000353496394384309	 .0122349429886393	 .00072880370202566
 2	 28124	 .117963629628542	-.000491879053192994	 .892066595481627
 1	 28136	 .0213279293382225	 .00988613233180707	 .985978948733499
 2	 28245	 .855860894585735	 .0182972060148488	 .966733393282663
 3	 28423	 1E-05	 .0133943443639695	 .0526894143871247
 2	 28522	 .00578814799294918	 .00767155550127638	 .115420576859427
 5	 28619	 1E-05	 .0113206496406128	 .228542951616669
 2	 28675	 .0283579142186558	 .026276287404032	 .39328826511013
 2	 28693	 .0173855480089453	 .0157681018929017	 .379650518654355
 4	 28837	 .057017431904774	 .0165972883545493	 .9399600960684
 4	 28895	 .00731591436895378	 .00286844431798388	 .994086124183641
 2	 28911	 1E-05	 .0996328786142022	 .152222787124078
 5	 28954	 .00183575324702632	 .0156410957116733	 .00665772892544303
 4	 29136	 .00293151365906157	 .00643041466222889	 .0832987895914501
 5	 29145	 .00423222954116173	 .0135169583320477	 .215197127701772
 1	 29239	 .0097762789699185	 .00342839239868205	 .988255845434068
 2	 29249	 1E-05	 .0225077575126817	 .293949538283867
 2	 29286	 1E-05	 .0117605209904365	 .0994976551956439
 2	 29350	 1E-05	 .01176453932417	 .267519670168453
 4	 29414	 .00336152684932718	 .00402719628058305	 .710706237829611
 5	 29432	 .0109746336526639	 .00848491130246676	 .810517892219756
 2	 29449	 .0119886660730086	 .00119964769158753	 .993141832508035
 2	 29534	 .16445452859403	 .0578679658711445	 .465150601241597
 3	 29601	 .00957038447201694	 .00515486956115919	 .222028867560258
 2	 29654	 1E-05	 .00682883024772387	 .393429335373052
 2	 29715	 .00649136555108837	 .00870957129366221	 .0398782081388562
 1	 29738	 .0162701823354542	 .00302051316150424	 .813100669223988
 5	 29860	 .144283162167369	 .0377102656808274	 .684528272641937
 5	 29874	 .0118174965068923	 .00629434270439182	 .723167056982795
 3	 29916	 .0059708881173281	 .00674296023475625	 .761205540974578
 2	 29920	 1E-05	 .0203607171592771	 .0242417585876441
 2	 29945	 .00393878869744388	 .0125905743199221	 .0862250816367228
 3	 29953	 .0018041501231694	 .0319375559334743	 .00633996452590846
 5	 30019	 .0539587757208871	 .00623293198010708	 .647282758928137
 1	 30097	 1E-05	 .0053309967895453	 .0465293717027209
 2	 30105	 1E-05	 .0183088883489399	 .175033902983377
 2	 30120	 1E-05	 .0132033192567266	 .0670037101531546
 1	 30151	 1E-05	 .00978527857102162	 .0238693320589384
 5	 30163	 .012987347387639	 .106259563818344	 .0118240703720176
 2	 30345	 1E-05	 .0068884854937488	 .100792112077114
 5	 30354	 .0101499785392836	 .00711481234912335	 .280487168466691
 5	 30388	 .0462771074610401	 .00527650187091568	 .717290066923956
 3	 30429	 .00272426753740906	 .0052038193175127	 .410114166854774
 1	 30443	 .00014697450492412	 .00967321773534308	 .000798118412271176
 2	 30456	 1E-05	 .0252212688939354	 .355654460689662
 1	 30509	 1E-05	 .0118961244197862	 .0300297111022894
 4	 30585	 .00333260739627529	 .00277998161808021	 .835569417002978
 2	 30611	 .0749992748286704	 .000210858004952339	 .881066481944775
 1	 30644	 .0634814528349095	 .185671154220072	 .0733361105773374
 2	 30699	 .00471162755597015	 .00615409561847545	 .0274110895382648
 1	 30784	 .0422627514975187	 .045073850043903	 .751940413501807
 1	 30809	 1E-05	 .0350511356283102	 .219751327460867
 1	 30833	 1.43224284744263	 .0928885072565789	 .936740193213337
 2	 30985	 .0163132302959895	 .00632224703947704	 .422905772105652
 1	 31022	 1E-05	 .00842207965505861	 .0442770099341454
 1	 31129	 .00191270137892158	 .0046650676686401	 .434600900126191
 5	 31147	 1E-05	 .0179226590537886	 .778231751023731
 2	 31177	 .00905504306776888	 .00810738800327953	 .142400993665192
 2	 31269	 .82307495571344	 .0528336133503197	 .9413418061853
 5	 31318	 .00513576645619722	 .0111864677454514	 .0666317007365227
 3	 31350	 .0651394502801942	 .0615151146867783	 .642030375676311
 2	 31515	 1E-05	 .0170989407481622	 .441527627872335
 4	 31525	 .0330445401418731	 .0505782421668908	 .086025585614206
 2	 31593	 1E-05	 .0316770803092321	 .179898820853958
 1	 31603	 .0165629253618187	 .00618877835347739	 .881326952577825
 2	 31624	 .118479308169261	 .00269974205279014	 .99768806808296
 5	 31637	 1E-05	 .0206663179339311	 .086883990183686
 2	 31744	 .0594156907580056	 .0648070200680766	 .557708488071092
 5	 31760	 .0930596404044694	 .00564347477469	 .861766494718727
 1	 31801	 .0035258202115412	 .00367387681758601	 .567694116123282
 2	 31802	 1E-05	 .0150731896710997	 .126703086232549
 5	 31815	 .814787621014433	-.0410269140656756	 .99901203815463
 1	 31844	 1E-05	 .0474991656957356	 .717793588369851
 3	 31859	 1E-05	 .120896942876114	 .0743396031593618
 2	 31904	 .0328803310802298	 .01219178749491	 .685919971653365
 5	 31910	 .00185582395968107	 .0259178331583581	 .0110644807720158
 1	 31951	 1E-05	 .228389335178226	 .400124529372262
 5	 31985	 .00116482173226802	 .0146207712580641	 .0362825774631937
 3	 32034	 1E-05	 .15667563036494	 .0298822834448946
 1	 32072	 .704030977463719	 .0140590172487096	 .948729520140074
 5	 32126	 .0830950225936699	-.00142182221468986	 .99209069081264
 4	 32157	 1E-05	 .077667705019582	 .335608179501439
 5	 32215	 1E-05	 .0539162686041489	 .180583914525287
 5	 32244	 1E-05	 .0368532075843715	 .0570624728398248
 1	 32296	 .255031543895833	 .00499063825560491	 .969045856740604
 5	 32299	 .0643763773445351	 .0145939498500675	 .593152695633269
 4	 32309	 1E-05	 .0682572929691066	 .994867129610158
 5	 32311	 1E-05	 .0391595827361906	 .751582717655673
 5	 32393	 .00780130585787679	 .0189574648301767	 .108342425827358
 1	 32417	 1.99198138557922	-.119085050194736	 .936701565934959
 5	 32438	 .181394326697393	 .100881913531893	 .656538501750927
 5	 32460	 .0298514284389029	 .0226497421625759	 .670218558758667
 1	 32567	 .422240526759951	 .148389391877207	 .725583313916876
 5	 32576	 .0377396521969798	 .0112177515454146	 .728699736292847
 5	 32743	 .00832874659149223	 .00636138508573332	 .895198167289705
 1	 32805	 .023337125995224	 .0169307961611401	 .849705319374101
 3	 32814	 .00576717530807077	 .0145135034611201	 .0708402352036703
 4	 32870	 .00853907709337356	 .00764573930044385	 .506375545779474
 5	 33008	 .00577367658831535	 .00979339237069421	 .402239124656581
 1	 33111	 .118665974914161	 .0577951982121609	 .275836255191639
 3	 33485	 .00345453237244524	 .0101362157781186	 .117682745230571
 5	 33580	 .0424952123260158	 .00843875855679359	 .982781154701903
 1	 33774	 1E-05	 .00958265164935445	 .290611034104735
 5	 33776	 .0115495015064487	 .0138534864661219	 .632705635715348
 3	 33832	 .00454584349765147	 .0093305558242424	 .706212345021608
 4	 34120	 1E-05	 .0529813679429482	 .440621041369782
 5	 34262	 1E-05	 .027843081779795	 .563586455094267
 5	 34430	 .000341718998788996	 .0211864483812927	 .00165367809310524
 1	 34480	 .00385747780082938	 .00514506698322152	 .736444903946501
 5	 34611	 .0192874724435283	 .0110275542201342	 .441760185556742
 5	 34622	 1E-05	 .015202337801888	 .490758818519152
 3	 34706	 .0286198414147459	 .0369129825596945	 .428726308817295
 5	 34764	 1E-05	 .0153154474841805	 .0100356141241651
 5	 34793	 .00767998943432276	 .0104419008271866	 .153369841552681
 3	 34835	 .249339180338318	 .0660926584506526	 .991647313304387
 5	 34912	 1E-05	 .076361563575595	 .0912214103813663
 5	 34932	 1E-05	 .00942885361947295	 .0973844986094687
 5	 34964	 .00679667799561769	 .019675379217242	 .16345713757342
 5	 35011	 1E-05	 .0282761686056006	 .366537765261747
 1	 35348	 .00212117862230924	 .00511915122911404	 .0339881811264093
 5	 35354	 .00620699725189492	 .0101247312229089	 .808587728342542
 3	 35396	 1E-05	 .0137132091855255	 .479725558439194
 3	 35445	 .00501266861188523	 .00912010211312726	 .582845441618986
 1	 35595	 1E-05	 .00718954275909177	 .188530303752083
 2	 35702	 .649734906490315	 .085039822961042	 .951294239363226
 5	 35707	 1E-05	 .0287305349963808	 .00462580997508488
 5	 35790	 .000591259209864901	 .0100671393316395	 .0435496294093907
 2	 35797	 .0202905828500625	 .0131568362007669	 .989494739222143
 1	 35838	 .00428499920769863	 .00640506101941137	 .349382445584775
 3	 35887	 .0238886250639449	 .00942260904557306	 .429212396766549
 1	 35888	 .0064595242409014	 .00759692127141638	 .883896287403385
 1	 35905	 1E-05	 .07970292282907	 .0420752690892512
 5	 35940	 1E-05	 .024345426017045	 .0200055466412367
 4	 35983	 .0125446449010105	 .00504636134072084	 .956115837049957
 2	 35987	 .0257270714248013	 .00653792197582061	 .984280229120875
 5	 36026	 1E-05	 .0299463065747239	 .799056189758834
 2	 36033	 .0760399569321516	 .158695912094959	 .0971912330809661
 1	 36037	 1E-05	 .054607142002884	 .691151453981402
 1	 36064	 1E-05	 .00744503419097021	 .0301779123499514
 5	 36174	 .00634781139690052	 .0182280429177627	 .0420761436156627
 1	 36189	 1E-05	 .0368094441631054	 .0115019900484915
 2	 36206	 1E-05	 .0318238575426253	 .121863091147829
 5	 36336	 .00755435026174187	 .0110921266505047	 .100389859535022
 5	 36352	 .0506963003848513	 .0140393387549089	 .872344383788055
 2	 36355	 .0289876863404902	 .0151447590154748	 .422486121343514
 2	 36498	 .00227515634290382	 .00695533101541012	 .0399821112265326
 1	 36506	 1E-05	 .0094402104916083	 .280640196442671
 5	 36515	 .00684945782607175	 .00551895320988456	 .286422062826974
 1	 36604	 .00332807746160661	 .00376891817751831	 .83045783158311
 2	 36680	 1E-05	 .0286266095712744	 .395833250371923
 5	 36682	 1E-05	 .0301805587650429	 .0357383611767103
 5	 36685	 1E-05	 .00849318024703264	 .00688593713485885
 4	 36780	 1E-05	 .00428706404592119	 .352165345847812
 5	 36862	 1E-05	 .0118763316298761	 .890334430029278
 5	 36991	 1E-05	 .00860890838608245	 .192870403997793
 5	 37035	 1E-05	 .0309443156880106	 .000488587552194053
 5	 37063	 .00505564832700068	 .00841389194287445	 .988275316049006
 2	 37088	 1E-05	 .0378860076284181	 .826397486051736
 3	 37203	 .00901552895710115	 .00919889027015257	 .830667028480469
 5	 37209	 .0282754931628725	 .0298595225229832	 .180843328928739
 1	 37258	 .0118227378096972	 .0148796643693046	 .842186385013539
 5	 37276	 .0741296387453616	 .00436720237373883	 .876883714535633
 2	 37353	 .00836428050405207	 .0197853541935773	 .847204531897182
 3	 37358	 .0764302568892292	 .0157747278193975	 .87703739541717
 2	 37395	 1E-05	 .0111868777182557	 .292302709290244
 5	 37416	 .00863786381501413	 .0223675469814704	 .0660575931981777
 5	 37478	 .717227648909056	-.0482608186699778	 .984676121330492
 2	 37517	 1E-05	 .0109311980004354	 .428014872982059
 5	 37615	 1E-05	 .0132082867364891	 .179413525238801
 3	 37628	 .00303801526354135	 .00620025255938976	 .283913469268135
 2	 37696	 .0234230315949269	 .0126876742367462	 .492494345173769
 5	 37709	 .490967803966054	-.00437116538683008	 .968220388993479
 3	 37843	 1E-05	 .022228595007978	 .589864965345656
 5	 37848	 1E-05	 .011591400288757	 .192596496775208
 5	 37877	 1E-05	 .132609407768526	 .00228564620225324
 2	 37884	 .00473022237115219	 .0181597836426766	 .0263632198587799
 1	 37920	 7.26042837375585E-05	 .0103069032997296	 .0018817822375069
 1	 37926	 .000578800799234149	 .00912934522378486	 .00178967146935805
 2	 38046	 1E-05	 .0264807188271953	 .741657269768255
 5	 38085	 .00634866038056069	 .00729217412416351	 .974869372848305
 5	 38094	 .421170891476285	 .0448347782826373	 .983003330244069
 4	 38141	 1E-05	 .00664993472899052	 .000493025435739813
 5	 38162	 .0300113446537552	 .0502137722417999	 .111057668123795
 5	 38200	 .00486741988240455	 .0360317243380811	 .0126677393239929
 5	 38267	 .683925620006787	-.0534983901297554	 .997499921156132
 1	 38315	 .00974056380559045	 .00630140075732334	 .852225399813243
 1	 38327	 .0116777995502267	 .0258613303426394	 .464474805759676
 2	 38395	 1E-05	 .0274920521555699	 .500290726191034
 1	 38507	 .00213148744604332	 .00385299470733283	 .0717716323854896
 2	 38544	 .00257683756821758	 .0200708508056171	 .210608353448948
 4	 38618	 1E-05	 .00691256887798672	 .0531246002432746
 1	 38873	 1E-05	 .144239566301431	 .016810245554072
 2	 39055	 .0235404320612335	 .00882566271602178	 .376919810722219
 4	 39062	 .00221630293844877	 .00418448890431578	 .439730639174425
 3	 39250	 .00322200054722527	 .00759349203551365	 .182663758636626
 3	 39280	 1E-05	 .00389279625341108	 .261891933589395
 2	 39375	 1E-05	 .0389755732901631	 .00720453441025415
 2	 39462	 .119586235031397	 .0448317062648985	 .884474627356537
 5	 39497	 .00285917046830258	 .0114295813361173	 .268687583278161
 1	 39565	 .0175003751010821	 .00803086189824613	 .77748136984183
 1	 39626	 1E-05	 .0214685694979409	 .560688716853102
 5	 39667	 .0159503185889072	 .00360019707498208	 .712513694886507
 3	 39844	 1E-05	 .0103205169780819	 .132695288451018
 5	 39952	 .0161413414344169	 .00209909743194283	 .961140409564542
 4	 39962	 1E-05	 .0431779231795507	 .014676686142037
 5	 39986	 .00160216332394056	 .0153426102648889	 .0415076826508795
 4	 40015	 .00209578895191025	 .00326327619065751	 .656026099020435
 5	 40182	 1E-05	 .0206251412030942	 .0159011345414048
 2	 40338	 1E-05	 .0456865939166988	 .433345545664531
 1	 40561	 1E-05	 .00508487280023808	 .108060935429074
 3	 40605	 1E-05	 .0391620822699245	 .799229105373998
 1	 40814	 .00242265391190984	 .0129136243903213	 .144885925326206
 1	 40846	 .0143985566020081	 .0107013958487202	 .428642216308555
 2	 41066	 .00572261790584081	 .00552260420609399	 .235782931321701
 2	 41221	 1E-05	 .0543466916899592	 .0657690974939277
 2	 41354	 1E-05	 .0571477760128334	 .598047731953225
 2	 41463	 1E-05	 .026661962782919	 .293542274970711
 5	 41625	 1E-05	 .0610285055038543	 .73299229125329
 5	 41696	 .0220179011880688	 .0113244198085997	 .373415583193877
 2	 41745	 .0477264303859279	 .0150896209894291	 .757065508302436
 1	 41878	 .00265932094576274	 .00613010871074734	 .680198899280913
 2	 41915	 1E-05	 .0765446543002508	 .483787896972516
 2	 42035	 1E-05	 .0220506972582255	 .775330592298455
 5	 42115	 .282528108755644	 .00430637590325877	 .995349424920799
 4	 42187	 .00152242666306851	 .0114674838509315	 .047111947089464
 4	 42289	 .00416049884691761	 .00569815545334736	 .765761397341363
 3	 42297	 1E-05	 .010905031260634	 .165984682792352
 2	 42301	 1E-05	 .0293166388730996	 .0371488681018322
 5	 42367	 1E-05	 .0092043316777917	 .0762392742591675
 3	 42383	 1E-05	 .00813841592261994	 .118392504725538
 1	 42395	 .327490719269362	 .00560850463810116	 .9988331530931
 2	 42435	 .0139053878732776	 .0550984423281064	 .00940165030675577
 5	 42531	 .388061162670547	 .0388222332394209	 .999881597508262
 1	 42600	 .004840953939459	 .00564625026683305	 .703781993708553
 2	 42668	 1E-05	 .0111977374329154	 .347207298158943
 4	 42710	 .00443601791755672	 .00468372106815116	 .53854514229811
 3	 42732	 .00559131621961135	 .00319136558586451	 .750218232694727
 2	 42779	 .0349213259528949	 .023779782792892	 .957191803856939
 1	 42864	 .00307670829167412	 .00905624374626733	 .548970558801604
 3	 42914	 .00865368543962262	 .0336354750254662	 .023006413368754
 1	 43008	 1E-05	 .00829193960071976	 .0424413734703432
 4	 43072	 .00579770765992401	 .00343007297173905	 .734177814186184
 2	 43179	 1E-05	 .0318315818160561	 .00193390131819071
 3	 43181	 1E-05	 .0594141164178261	 .435247419167045
 5	 43240	 1E-05	 .132967744664393	 .368080851503342
 1	 43289	 .00749475110966482	 .0102629072870682	 .768535102379738
 1	 43381	 1E-05	 .00911888493367021	 .72346618405957
 1	 43439	 2.88573603192378	-.270932915498528	 .979296398396966
 5	 43566	 .000788860769284333	 .0249119507425047	 .000171682079419644
 4	 43600	 .00450682215554695	 .00722258012821179	 .567157207805313
 1	 43677	 .0916363207626805	 .0178607619160879	 .661895856048284
 5	 43764	 .0279854153536884	 .0185717962491218	 .976723520259029
 1	 43773	 .583858084309699	 .134349390577754	 .777948754872325
 2	 43843	 .181987799104948	 .0396927922597437	 .997027608637466
 3	 43888	 1E-05	 .0403819508486077	 .48663779406686
 5	 43902	 .0786399389548721	 .00189754044508793	 .878076253437118
 2	 44018	 .109344594403357	 .0270399424701971	 .692946596082384
 5	 44112	 .0438507631238776	 .0268727780765731	 .908717073484852
 2	 44228	 .0803898717714546	 .0220257323857564	 .986149544336107
 5	 44229	 1E-05	 .0171952021066712	 .0716181414835199
 5	 44337	 1E-05	 .021609831958033	 6.77081797928469E-06
 5	 44509	 .0195078465146489	 .0168993012223193	 .2276523055367
 1	 44541	 .00664887958031402	 .00703669730874478	 .607329718659497
 2	 44645	 1E-05	 .0236393280822283	 .203117347925476
 1	 44892	 1E-05	 .00902074140512184	 .132940655170527
 1	 44996	 1E-05	 .00669869846864207	 .00264067398469015
 1	 45278	 .000459267188893073	 .00339413625632895	 .015372278849911
 3	 45316	 1E-05	 .00924478076123893	 .041884672313475
 4	 45436	 .0069005126875579	 .00717763809690827	 .437732412120854
 3	 45444	 .00236195356906062	 .00614261574847649	 .534984275771199
 2	 45502	 1E-05	 .00737656153803108	 .0732667108967683
 1	 45553	 .000418576627012101	 .00495832322783551	 .0100272742910039
 1	 45688	 .00288357607092675	 .00752135869812523	 .197665200361423
 2	 45859	 .259347433335216	 .0267126775242336	 .884303837237522
 3	 45872	 .00393568018210516	 .00841277688754537	 .669367927984235
 4	 45954	 1E-05	 .00749079308701338	 .151805944692515
 3	 46104	 .0845233654497001	 .00911453402502551	 .998352289757797
 2	 46276	 .258384801660681	 .0507180433141045	 .767454075975778
 5	 46301	 .0293229110961819	 .00623750478871563	 .981866162707332
 1	 46315	 1E-05	 .00693317657084914	 .0606564014475667
 2	 46365	 1E-05	 .0407641147055923	 .295549281251266
 2	 46429	 .305026641141693	 .0685682200920938	 .830978040489745
 2	 46473	 .00868019480329576	 .0696953771493292	 .0410459733784356
 2	 46499	 1E-05	 .027464491601984	 .27366676867542
 2	 46585	 1E-05	 .0350332422024886	 .934001472141508
 2	 46588	 1E-05	 .0206721621389561	 .0337610333446915
 5	 46593	 1E-05	 .0218117790187062	 .905795015313875
 3	 46798	 .0156290151775913	 .0155158749096876	 .224434009006157
 5	 46823	 .157345038087932	 .0102318403360883	 .803577408276445
 2	 46887	 1E-05	 .0152170391567839	 .340261507995935
 2	 46913	 1E-05	 .0261008324188244	 .227519926527264
 2	 46970	 .611393907917486	-.0179418025734038	 .995684457356029
 1	 46975	 .00163465819318401	 .00611221110580288	 .361330339911102
 2	 47127	 .50825491814134	-.00358260493376159	 .989059393761691
 1	 47253	 .0028635427375957	 .0120811409499467	 .485022584927633
 2	 47273	 .161626380582553	 .0175834898210733	 .991352256052207
 3	 47293	 .032627911796011	 .0461336303178709	 .0845366723414462
 4	 47332	 .000645490400294138	 .00393205838333457	 .0298842994041479
 1	 47398	 .00196893407276709	 .00873950699206377	 .0621123514744463
 2	 47471	 .0494743136392735	 .0439453501067735	 .324591142530023
 5	 47474	 1E-05	 .0177402589146604	 .98151563549197
 2	 47598	 .0375837401157285	 .0126784979075799	 .289116497711313
 4	 47628	 .00128416467983522	 .0040477669699778	 .304888742635454
 1	 47629	 1E-05	 .00834249998820154	 .000477965679518966
 2	 47714	 1E-05	 .0555674440918952	 .289988416265034
 5	 47880	 1E-05	 .0133838033502142	 .0703527561150845
 1	 48001	 .0910224819985982	 .0576967737784185	 .567105835376121
 2	 48053	 .00404562286902465	 .0120156352346274	 .0300360616362136
 5	 48060	 .00245797444802518	 .0111015117603022	 .132984915796464
 2	 48157	 1E-05	 .0132197606290173	 .078685881018965
 1	 48373	 .000679103651500801	 .00309343695126361	 .595851108117596
 3	 48591	 .00295966717131874	 .00558908594451893	 .899652042391875
 2	 48639	 1E-05	 .00524844664109075	 .030511022577088
 5	 48648	 1E-05	 .0147400320420936	 .0418674453992477
 2	 48653	 1E-05	 .026824217754596	 .514943924383964
 5	 48867	 1E-05	 .0283517296579663	 5.00548409565482E-05
 1	 48942	 .00141462034382092	 .0175915210837735	 .0131622622583524
 5	 49003	 1E-05	 .187483170118275	 .880142140967803
 5	 49094	 .00144376514306748	 .00831645451888714	 .0755020989260035
 1	 49248	 1E-05	 .0112796087059878	 .612833729575243
 2	 49407	 1E-05	 .141379521683753	 .480726960595656
 4	 49416	 1E-05	 .00489629230682089	 .73318541399258
 3	 49477	 .204929334770081	 .0628715547630954	 .908849818069311
 2	 49548	 1E-05	 .0158524608869552	 .0253133829636554
 3	 49560	 1E-05	 .0742154639339998	 .613827927564603
 1	 49585	 .00273910787053203	 .00500040091023621	 .0433780169324886
 1	 49643	 .579829444342724	 .031042465932656	 .86369695559178
 3	 49735	 .0897531684205763	 .209203399222244	 .0142914172626999
 1	 49777	 .00452168427669739	 .00999692894096683	 .243088253788961
 4	 49895	 .00371114031322345	 .0236604586850519	 .221542739817553
 3	 49978	 1E-05	 .148496436416456	 .108471443020874
 1	 50075	 .00369216022062667	 .00643028206813276	 .226888999179385
 1	 50181	 1E-05	 .0225985851959051	 .00085145376593232
 3	 50536	 .0099842266006927	 .0035587069991361	 .821856751823777
 1	 50650	 .000132069365717022	 .00582901812145003	 .00116775315046413
 4	 50935	 1E-05	 .036701685302306	 .0835253243063173
 5	 51066	 1E-05	 .0497037112771283	 .463947989193766
 1	 51074	 .0183329287123612	 .00855364496480278	 .857014695238267
 5	 51223	 8.52762696307064E-05	 .0188697906323637	 1.83289453429269E-05
 4	 51518	 1E-05	 .0344511081806115	 .513984632524435
 5	 51520	 .0189139058728153	 .0227567097792009	 .67932361907805
 1	 51611	 .0138979956110799	 .00497030132582491	 .841446682806734
 4	 51612	 .00683875478488822	 .00904183589768509	 .30269866322398
 5	 51716	 .0211170927091814	 .0141727559896326	 .280812906033215
 4	 51807	 1E-05	 .0339055619575153	 .0703477307869533
 5	 51811	 1E-05	 .0328520187034457	 .666057824089279
 5	 51818	 .00132104404666859	 .0138945863915648	 .0050516465715813
 1	 51908	 .0161109026160124	 .00790384630786441	 .857222573581097
 3	 51927	 .0125321620831635	 .0166975515644427	 .51160489527484
 4	 52009	 1E-05	 .0276091950720797	 .988111026329632
 1	 52069	 .0168261444579563	 .0150280997948572	 .489203017767687
 4	 52100	 .00251148341398358	 .00477628942698645	 .492221125619452
 3	 52318	 .00380887282490939	 .00880384464196044	 .787987101286706
 5	 52477	 1E-05	 .0242294287923798	 .586059215446683
 5	 52526	 1E-05	 .0080211825904639	 .00377704112382793
 4	 52549	 1E-05	 .0353928341654375	 .0823073180949682
 4	 52803	 .0154994601239682	 .0019191315615312	 .666671135252933
 1	 52874	 1E-05	 .0111431588173255	 .189616641319328
 4	 52981	 1E-05	 .0859976561809056	 .142666208986059
 1	 53123	 .039815850622302	-.00187411857097717	 .886005764008267
 5	 53306	 .00450322378161414	 .00811132112612506	 .0740297238200358
 3	 53475	 1E-05	 .0270643395855719	 .715663194046347
 5	 53481	 .015233656278992	 .0130651491166583	 .961334130885386
 5	 53546	 1E-05	 .0062145449006656	 .0482153254831179
 3	 53573	 1E-05	 .0121035581682306	 .356950253478348
 5	 53687	 1E-05	 .0109431771661526	 .0243805930945998
 5	 53705	 .0163037150486769	 .0105253901568325	 .770008704529449
 1	 53737	 1E-05	 .0275123070069577	 .713361073750782
 1	 53928	 .0267538958117345	 .0106449461420271	 .725975313008514
 5	 54011	 .0069683278999332	 .0253863860886832	 .0820436264271238
 1	 54130	 .0904514918266061	 .0560890200213413	 .275037887114617
 2	 54763	 .00284558625968686	 .0177036691706377	 .196553237249732
 3	 54812	 .0147575752844804	 .0176348123106708	 .180625806003671
 2	 54813	 .0521402117940234	 .064640906477257	 .548439961336018
 5	 54827	 .000582438599253017	 .0204524649405665	 .000498663951504774
 2	 54884	 2.21160547820325	-.121979321530459	 .983520703148784
 5	 54916	 .00428186809552238	 .0102793300403766	 .0304409597290792
 3	 54943	 .0555414238587226	 .0276682657400729	 .523921096563743
 2	 54955	 1.30120531182004	-.0949616238831285	 .989768773771411
 2	 55032	 .0479170368598409	 .00544342757831971	 .657352144107817
 3	 55052	 .00526224909235902	 .0231980595555284	 .0281854208909128
 1	 55118	 1E-05	 .0464621623813764	 .00397208391874726
 2	 55173	 .395357362734755	 .00820186532898401	 .979907521488787
 5	 55175	 1E-05	 .0190249382571263	 .0503824353195491
 1	 55187	 1E-05	 .087996601217474	 .0826188292046037
 2	 55193	 .0220923815790074	 .00564019627368077	 .236683823846984
 5	 55262	 .00984362184266881	 .0102277660765509	 .283681789904836
 5	 55286	 1E-05	 .0203137359290559	 .302616303687008
 4	 55290	 .00207226835796031	 .00365173195533705	 .907475234749748
 2	 55293	 1E-05	 .0405289627179579	 .884736822602889
 5	 55340	 .031529359095443	 .0147207627878686	 .11997085131588
 2	 55431	 .0122339440246642	 .0526832897561616	 .109429690929363
 5	 55445	 .0763921103506423	 .0340515248056589	 .873333435095187
 3	 55591	 1E-05	 .0220098888453887	 .81895113936513
 5	 55648	 1E-05	 .00883426944078548	 .0134972890466948
 1	 55660	 1E-05	 .00830514075140039	 .1608831987084
 3	 55742	 1E-05	 .0272493772654305	 .0041234757762677
 1	 55773	 .00791610232639761	 .00837389884483592	 .150788700673314
 2	 55790	 .0154314553401481	 .0189188597738707	 .136636049571994
 5	 55898	 .277256435315338	 .038045230211165	 .98670333760277
 2	 55992	 .0207773507114527	 .0272329149438435	 .0956718439400345
 3	 56005	 1E-05	 .0881289155443494	 .0139408711833093
 5	 56011	 1.46001112921323	-.0766198352430532	 .967579452589817
 1	 56066	 .00237725710746232	 .00789963139976245	 .177015398065679
 1	 56119	 .00285187588185114	 .00686159277561385	 .192753732002895
 3	 56160	 .0453629548876252	 .0255148624968865	 .613851555329336
 5	 56161	 .011782999582751	 .00974193384538714	 .882688039057924
 5	 56174	 1E-05	 .0167057048825992	 .226470707281587
 2	 56192	 1E-05	 .0547110304370592	 .238389345256923
 1	 56255	 1E-05	 .053475283929049	 .26586663544552
 5	 56313	 1E-05	 .0161143790519566	 .316844963934528
 2	 56351	 1E-05	 .0534307761932207	 .199620107579467
 2	 56357	 1E-05	 .0158509316678635	 .773898952887336
 3	 56377	 1E-05	 .014209079333046	 .205107400306228
 1	 56384	 1E-05	 .0510108483921254	 .0324911334901594
 1	 56398	 .165449368016934	 .017596324099304	 .995563406544899
 3	 56446	 1E-05	 .115639707511724	 .0441039611344388
 2	 56471	 1E-05	 .0298623100733956	 .753795809879416
 2	 56508	 1E-05	 .0143135983402927	 .765274627823249
 5	 56514	 1E-05	 .0104789376375022	 .116546607190505
 1	 56560	 .0202576505893683	 .0556693472131539	 .478792517573363
 2	 56562	 .000557206809863122	 .0165038435721514	 .00112692437444772
 1	 56576	 1E-05	 .167982603887754	 .479401849100708
 1	 56667	 1E-05	 .096095260945824	 .00888679414258753
 5	 56691	 .00222005851264478	 .0176964121859583	 .00400423245697024
 4	 56700	 1E-05	 .0052498133722165	 .00186023645330002
 1	 56733	 1.46030310312704	-.0214199258758581	 .911531678166052
 2	 56802	 .0181230852686622	 .0220218725189388	 .799506461954579
 5	 56846	 1E-05	 .00807720982316341	 .714461144959277
 5	 56862	 1E-05	 .0104864876774792	 2.98067538839764E-05
 1	 56869	 .470406138986303	-.0155040632107218	 .796541462640439
 3	 56879	 1E-05	 .0253933394757869	 .541826517783289
 5	 56942	 1E-05	 .0110370779964021	 .587880333253885
 1	 56961	 .776565466473607	 .144689575340488	 .969370830885304
 3	 56996	 1E-05	 .0130534170130411	 .77040880096344
 1	 57110	 1E-05	 .0389000509065189	 .090699678350585
 3	 57113	 .0082636898352042	 .0112548596554702	 .795466203504563
 1	 57123	 .150590560471276	 .12364513913175	 .442494852913419
 5	 57124	 1E-05	 .0556475701151906	 .24167929164439
 5	 57159	 1E-05	 .0168949918887056	 .0882450600938054
 5	 57174	 1E-05	 .0235200905028112	 .443231262421501
 5	 57271	 1E-05	 .0197373061792186	 .519230434723175
 1	 57272	 1E-05	 .052849292062388	 .856724233948434
 1	 57277	 .0231890401215756	 .0109726712400392	 .723956883246324
 5	 57303	 1E-05	 .0107582042666854	 .470429128795668
 3	 57305	 1E-05	 .0535079241858468	 .0832695570431882
 1	 57372	 1E-05	 .085934585901192	 .164740803085394
 1	 57460	 1E-05	 .0479863786549836	 .299031338824112
 1	 57503	 .0125161666796676	 .0184555383540975	 .461023550515847
 5	 57539	 1E-05	 .00765460799420729	 .538315433925989
 2	 57566	 1E-05	 .047458090988664	 .417622413004011
 1	 57604	 .174742562808397	 .02679188730595	 .93774920673793
 3	 57658	 .00126300077582123	 .00823114268965187	 .0108825640411676
 1	 57751	 .0779860370490292	 .037410413986447	 .887777044000358
 2	 57768	 1E-05	 .0283375521038821	 .578418196194392
 5	 57785	 .0105625487427398	 .00934559829190208	 .82822211152975
 3	 57793	 1E-05	 .0382721992998279	 .55642980009014
 4	 57814	 .00634387891804168	 .00202207268873571	 .970869590066233
 3	 57951	 1E-05	 .00728568382909651	 .897420996771994
 5	 57958	 .00270377634810488	 .0112939061914864	 .645411309144855
 5	 58120	 .0166477639937007	 .00398652722012287	 .964551800817698
 1	 58135	 1E-05	 .0076382244225806	 .0241682453689731
 1	 58150	 .0143625574431713	 .00380807953325713	 .73781992972365
 5	 58237	 1E-05	 .0122734886096525	 .14351086207262
 1	 58314	 2.17755283414619	-.171966969455184	 .976477776700643
 4	 58326	 .0755630157782869	 .00501265597546551	 .997662275508503
 1	 58344	 .290561652436086	 .0281843187909159	 .94834063480422
 5	 58411	 1E-05	 .0294818791463075	 .166066398816032
 1	 58433	 .0224572584737209	 .0560687443218073	 .161864194068286
 1	 58442	 1E-05	 .0744181383428403	 .792205502656657
 2	 58525	 .466960457110407	-.00433311232591288	 .973511375023904
 1	 58544	 .0495632598194294	 .0332712906716286	 .511886780683656
 2	 58573	 .0322137640046999	 .0148967474925099	 .269142710765795
 5	 58601	 1E-05	 .0369829458784521	 .341232819567582
 1	 58603	 1E-05	 .0390871857114215	 .90224097837085
 5	 58628	 1E-05	 .00774325995589698	 .0488849190742129
 2	 58660	 .0702720224164415	 .0342809006600572	 .875334983392568
 1	 58685	 .155447386911187	 .0963055853573214	 .279086187948991
 2	 58695	 1E-05	 .10518165181277	 .763336102084511
 5	 58748	 1E-05	 .0229627002205385	 .0698156489634832
 1	 58765	 1E-05	 .0302835076328509	 .279927811464943
 2	 58773	 .0937998346653684	 .0324373203094686	 .900124358331113
 1	 58798	 1E-05	 .0805690004528152	 .614603029902352
 3	 58850	 .0199439498605263	 .00242916307041301	 .911427749905832
 5	 58872	 .0300230814454999	 .00743151629975969	 .972263218278687
 1	 58907	 .00715153013383724	 .0295142066468947	 .0273459113961426
 2	 58959	 .0648406348344798	 .0695104458409605	 .916668441989739
 3	 58969	 .00989717453918539	 .0256478982644186	 .246656383583735
 1	 59013	 1E-05	 .00652166259873217	 .0482719143216653
 5	 59017	 1E-05	 .0394775364763302	 .754754792035024
 2	 59032	 .0688259694427598	 .0281235047122442	 .987114936728746
 1	 59036	 1E-05	 .402393307294246	 .323426915784635
 5	 59095	 .0917649931204729	 .0127423489957147	 .682043815195254
 5	 59176	 .00908389940890315	 .0135959815491276	 .300055679872425
 1	 59179	 .0678031968120824	 .0669093951528274	 .925638968600951
 3	 59191	 1E-05	 .0681619370254002	 .622635468577004
 2	 59200	 1E-05	 .0221123660430662	 .678943088913942
 3	 59276	 1E-05	 .009759102635578	 .196282139842573
 2	 59356	 1E-05	 .128119490689969	 .10415642209354
 1	 59376	 .028961252475112	 .078509048877815	 .149066645537631
 3	 59422	 .00811676937181244	 .0144475310263234	 .887382500876977
 2	 59461	 3.85479170473924	-.342279952750186	 .986750479001764
 1	 59493	 .000402722732682842	 .032922536467288	 .0002088926026379
 2	 59583	 .167414671593885	 .172160164855137	 .425523105500476
 4	 59620	 1E-05	 .0125156122894331	 .401517626405543
 5	 59622	 .0111369154607761	 .0116815219712734	 .58178975088155
 1	 59701	 1E-05	 .0550839656374774	 .0182627754321025
 5	 59812	 .0546850137599553	 .0255177704350506	 .460945408281202
 3	 59849	 .0030722276906748	 .0108621589253529	 .0130787094099835
 1	 59865	 .0808799995807991	 .0116243346240192	 .970862649848422
 5	 59874	 1E-05	 .0139650017821333	 .468483821647983
 3	 59917	 1E-05	 .0194648221498454	 .535014324314339
 5	 60086	 .0241619848313847	 .0219724915899822	 .40589051704754
 5	 60327	 1E-05	 .0129517308074257	 .0112480571456143
 5	 60500	 .0157430931281283	 .0264017678362522	 .179122677029792
 1	 60539	 .0125185822961155	 .0752734334887179	 .023633176314944
 4	 60547	 .000926233722248848	 .00374230007527186	 .480606337873547
 1	 60583	 1E-05	 .283206608112397	 .221182759941939
 1	 60736	 1E-05	 .152296717500385	 .847237028706958
 1	 60839	 1E-05	 .0562037238020561	 .595668618185409
 5	 60845	 .0154118355483892	 .0114115836689756	 .28659002606493
 3	 60886	 1E-05	 .0317909241591034	 .856252860387483
 5	 61013	 .00627152582898976	 .00687905151531347	 .951987982134166
 1	 61150	 .0227239844287031	 .0203530498435469	 .0755825301967225
 1	 61228	 .113236575870657	 .0903475426073257	 .294432919304601
 1	 61309	 .169445635712463	 .026676567295044	 .970534142089359
 1	 61432	 1E-05	 .00895820037715039	 .393492980872019
 5	 61572	 .00127791063166478	 .0151783826827915	 .00946474556237076
 2	 61645	 .0162048726571614	 .0439939572644919	 .168249694504557
 2	 61726	 1E-05	 .0521763319189601	 .209685897917016
 1	 61757	 1E-05	 .00541610774340011	 .0256067501212555
 2	 61815	 .0216161074118077	 .175105704288458	 .00497648651865779
 2	 61938	 .0185590034011938	 .0352397451113059	 .652314404135964
 1	 62039	 .0022128262648587	 .00479422127247829	 .0474926495241765
 5	 62045	 1E-05	 .0721723457415753	 .389852609504571
 4	 62050	 .0029934089704758	 .00212511437896495	 .811498415217283
 2	 62206	 .366419906373713	 .151926590642622	 .698312194585642
 3	 62279	 .661130128489724	 .0200367329687194	 .952523994660697
 5	 62288	 .00857304704957003	 .0194593075233322	 .274629472117212
 2	 62328	 .272156133844539	 .090170202656465	 .877139509540454
 2	 62422	 1E-05	 .0307287227731346	 .333522959034262
 5	 62495	 1E-05	 .0368850471980263	 .0251887307156284
 3	 62649	 .0510018801622505	 .12267663464759	 .054921171678407
 2	 62655	 1E-05	 .353266008535618	 .468226701333947
 1	 62813	 .00284814045594646	 .0091087486247057	 .573624301719048
 3	 62825	 .155245866639915	 .0391858449066236	 .961724864511626
 5	 62857	 1E-05	 .024265539708969	 .152137357349302
 1	 62959	 .00241287723346911	 .00454629755756659	 .403202880613914
 5	 62997	 .00928943190189093	 .0227971653840297	 .0442817261497751
 5	 63206	 1E-05	 .0303908764351708	 .389809448491311
 1	 63215	 .0276261070807902	 .0595620564895617	 .122335917017441
 5	 63310	 1E-05	 .0107584720259811	 .398936833231021
 5	 63373	 1E-05	 .0121753583884198	 .0270655596018532
 1	 63437	 1E-05	 .0571961150939164	 .0447788828617823
 5	 63465	 .00928387177711652	 .0116919990314132	 .600660380181201
 1	 63526	 4.78612235862005	-.359009764727137	 .994121468270677
 2	 63612	 .00759353912894968	 .00928246894661275	 .384125504007743
 5	 63656	 1E-05	 .0420924852597018	 .0106831239891971
 5	 63665	 .00492517034303373	 .0178570950548772	 .0239589873808788
 1	 63734	 1E-05	 .1565117786876	 .293508964701923
 1	 63750	 .00499170385997009	 .0102447193093493	 .164601439499374
 1	 63850	 .0860532993126112	 .0785599357643172	 .12921338910235
 5	 63887	 .00130595868381821	 .00566506332220955	 .225983122890531
 4	 63926	 .000260490773725723	 .00558438717322262	 .0449507521808536
 2	 64005	 .00894352955394301	 .00406663532605437	 .484023309230577
 1	 64054	 .00157772575037316	 .00826672966427877	 .0546643598345236
 2	 64119	 .0672367300746324	 .041552117017565	 .54448780209617
 5	 64155	 .0506845769919975	 .00913420579338406	 .370001266706131
 4	 64239	 .00037011532131987	 .0062110816793093	 .0166892162260875
 4	 64240	 .00527528095360562	 .00405326993792666	 .690155469735401
 5	 64317	 .0689587106282412	 .111615820788441	 .523877291520854
 5	 64356	 .0270288680955013	 .015541794424763	 .543228307803158
 4	 64490	 1E-05	 .0212289385285827	 .0837189083269626
 5	 64520	 .0399035393916506	 .0239373648224981	 .234771033394673
 5	 64573	 1E-05	 .0146162784801296	 .329858652508086
 2	 64618	 .312786879484657	 .00832109744411442	 .988405071584967
 5	 64645	 .129304654117491	 .161487533499352	 .567328774260017
 5	 64655	 1E-05	 .00932001086574669	 .505548334188644
 2	 64718	 .226812348778166	 .0792079176732223	 .668212826000768
 5	 64720	 .0224964664493391	 .0631180783397645	 .0330240885273079
 5	 64727	 1E-05	 .0394067134264576	 .442262095113879
 4	 64821	 1E-05	 .00840758241465008	 .127549012571845
 5	 64887	 .213947122406954	 .0362464925710542	 .529148904812085
 1	 64909	 .00543091758812877	 .00448252613198778	 .451648809790752
 2	 64945	 .466098062824153	 .0648396768054564	 .997066678093406
 1	 64947	 1E-05	 .0109359368799265	 .0301705652760584
 2	 65112	 .0360778131485771	 .178598201143576	 .00546759647405948
 5	 65179	 .118522730542152	 .101853587794111	 .108914834968001
 2	 65239	 1.24707007154962	-.0838484958180416	 .99399910472323
 1	 65299	 .0365150136180087	 .0894046754527502	 .567988406680435
 2	 65311	 .00920592465155399	 .00741125007738812	 .651260496602234
 2	 65312	 .98473432929514	-.0626666063368257	 .98587855292863
 3	 65376	 .106032181053602	 .0287204725146369	 .820681662179201
 1	 65506	 1E-05	 .141213130085275	 .0148674205175695
 2	 65511	 .139255543374418	 .0373351655973533	 .836555442699046
 1	 65579	 1E-05	 .0287207110206142	 .114298140248216
 5	 65774	 .0206023362377854	 .0148989516187471	 .249467010267387
 1	 65835	 .111323430515641	 .0217791194672874	 .535008409555453
 1	 26	 .108007129521912	 .0182875927829713	 .564821255736469
 5	 35	 1E-05	 .0116750830790134	 .454617731242664
 2	 44	 .0664961885332017	 .0216662083399608	 .403298096798142
 2	 48	 2.11858914405649	-.100979444529123	 .996738215954413
 1	 84	 .000408255806378962	 .0104440574399592	 .000786288196767737
 5	 157	 .0328914858554801	 .014702111841265	 .299217797629048
 2	 166	 .179628039208328	 .0272638793933535	 .835892775713851
 5	 178	 1E-05	 .0072173313368127	 .048287223810906
 2	 243	 .161369122112633	 .0216648402248487	 .881209701910741
 3	 261	 .0166279351806366	 .00359689746358368	 .83933890093178
 2	 268	 .00848740026691943	 .0148995501588772	 .465005186485757
 2	 378	 .281553312190447	 .00653276176734235	 .948794222727649
 1	 426	 1E-05	 .0201396641534157	 .315061141759925
 3	 427	 .0332684373224537	 .0102794548104001	 .795512737276019
 5	 429	 .0176039988314058	 .00825357294356646	 .510521843421085
 2	 448	 2.27344233136966	-.198372827817132	 .986383610001182
 1	 474	 1E-05	 .0480112730256275	 .331108882938134
 2	 564	 1E-05	 .180179513073971	 .33315304770339
 5	 641	 1E-05	 .0232849330135117	 .241825937243229
 3	 643	 .0033810799511933	 .0100318679651598	 .145038680181013
 3	 696	 1E-05	 .0163585251961743	 .198216529489565
 2	 698	 .158467402814017	 .0124262771232508	 .97888059159441
 1	 749	 .0147851815756091	 .00715407870538505	 .909142441657389
 1	 769	 1E-05	 .0199941967022882	 .951938636600652
 1	 862	 .00588399567830634	 .014221878150293	 .778357953814479
 4	 917	 1E-05	 .00993785960819659	 .116844607813246
 2	 945	 1E-05	 .0578353352663969	 .00033943954429605
 3	 956	 .0109367666104377	 .00676884270312552	 .647229768272382
 5	 1019	 1E-05	 .037532391159648	 .0714406474673461
 2	 1061	 .758713022688586	-.0333370162645695	 .981979793629761
 5	 1115	 1E-05	 .0213874531863051	 .569788728658785
 5	 1132	 1E-05	 .0165012708909363	 .219062331907397
 2	 1150	 .0365195455765096	 .0420379559961659	 .543730964974113
 5	 1325	 .0113174912433839	 .014024721849017	 .979278374416096
 1	 1342	 .021498595630299	 .0120652162451164	 .6184493668378
 1	 1386	 1E-05	 .0069240373543741	 .324769261517565
 5	 1596	 .000327692730778341	 .0114537843197492	 .000441360212652619
 5	 1673	 .0188077764392509	 .0421971644376574	 .340079259372651
 5	 1690	 1E-05	 .00715866163360511	 .000182060941143147
 3	 1721	 1E-05	 .0112594113113235	 .0024600756877563
 2	 1753	 .387543262519218	 .0332588297826136	 .940643115194514
 1	 1770	 .0139970869975945	 .0158295697029718	 .63320408766123
 2	 1830	 .00970015232638425	 .00876399386489025	 .889953286309672
 1	 1895	 .0460357818486236	-.000711834215221128	 .969664907565893
 2	 1963	 .0690456301685162	 .021070621783308	 .944035444871743
 5	 1964	 .00786865164916874	 .0102532591623079	 .497319603178378
 3	 2006	 .0164418708966644	 .0151817528483014	 .586789385850613
 1	 2174	 .0317077336674613	 .0281449284395678	 .995709506978776
 1	 2192	 1E-05	 .0123591798653736	 .462400369862818
 5	 2229	 .600619684931764	 .0705648184739966	 .916162395651504
 5	 2318	 .0197904677777926	 .0212376990828741	 .10964294824727
 1	 2390	 1E-05	 .167237546099878	 .523768280641788
 5	 2430	 .00689921023920811	 .00484929524162451	 .684943727867624
 5	 2464	 .0123006635313046	 .00935205102301125	 .581699032183897
 1	 2589	 .00952768424075789	 .0144880821778621	 .700862748230709
 5	 2685	 1E-05	 .0143949588561331	 .250748345443327
 5	 2690	 .0139794158393019	 .0207206715443164	 .0773754981878697
 5	 2698	 .0249937170958871	 .00923434704827962	 .973478646778635
 1	 2746	 .00678303691280289	 .00445519050837222	 .976781748932105
 1	 2958	 .00474616583442471	 .0108970987816175	 .214972386431568
 5	 2983	 1E-05	 .0137203893573353	 .208230588702436
 2	 3060	 1E-05	 .0311252199777522	 .12048479977173
 5	 3071	 .00231095494018278	 .00763038532907029	 .196227985339604
 1	 3109	 .00591043090458672	 .00464783430297198	 .393396633539681
 2	 3189	 .00719439321827912	 .0249106829864567	 .0332577750929869
 1	 3212	 .0529122893317364	 .05329206915848	 .122949426376939
 1	 3225	 1E-05	 .013154556293873	 .396464326058156
 3	 3247	 .00601491839618708	 .0107090861386566	 .48819047101053
 5	 3498	 1E-05	 .0111453921256887	 .437894909002067
 3	 3509	 .0272800623450096	 .00766263787323711	 .920141701433695
 5	 3547	 1E-05	 .0340421471158889	 .535649161218473
 2	 3606	 .306566872181847	 .00996738628905214	 .987123888401788
 5	 3610	 .00500309707780415	 .0094964159335802	 .107870260089309
 5	 3683	 1E-05	 .0358922315521496	 .0344720219245384
 3	 3726	 .0240263233210207	 .0271306600903399	 .712964985479918
 5	 3765	 .0328030935196073	 .0169149434146226	 .459423593901569
 5	 3821	 .00203240119017634	 .00354277251439874	 .509888403680739
 1	 3844	 1E-05	 .00285817704000968	 .108639480748611
 2	 3884	 1E-05	 .0526059706356307	 .411815962862301
 2	 3894	 .478772862054602	-.0151731356381204	 .995875449222385
 1	 3903	 .00133827978690324	 .00653801110945433	 .158355733210752
 4	 3920	 1E-05	 .0143072700319212	 .589256291606908
 3	 3942	 .0272207534159912	 .0199840044817826	 .699072575085419
 3	 3993	 1E-05	 .0051484184287274	 .0391998489566802
 5	 4126	 1E-05	 .00850662227447133	 .0015749003875476
 2	 4133	 1E-05	 .082628461451448	 .155483193177404
 2	 4160	 .000303623120709194	 .0366979298598176	 .00033703808276353
 3	 4162	 1E-05	 .00764429127354269	 .646392445828986
 1	 4281	 .0287802256595638	 .00531047328202109	 .96351122086101
 5	 4286	 1E-05	 .12572011110471	 .0446708381743178
 5	 4339	 .0524105930406244	 .144229684324471	 .0484519955287982
 2	 4340	 .201246477829649	 .0350592019888254	 .97160262633641
 4	 4360	 1E-05	 .00728172731744672	 .277981399543052
 1	 4396	 .00389860251289152	 .00335027825636219	 .869139849032109
 5	 4438	 .0620248678380166	 .0317033624765109	 .826793628028717
 5	 4465	 .100936542474763	 .0459669844259479	 .762341990298117
 5	 4559	 .0656832039881716	 .00691397172065115	 .970460348942872
 2	 4578	 .0578512472626931	 .0391307843010465	 .871551279135281
 5	 4737	 1E-05	 .0792435170100779	 .285401889752502
 5	 4778	 .0286668540303604	 .00805025585453191	 .360919771936237
 1	 4851	 1E-05	 .0387688721538115	 .765638323979891
 2	 4916	 1E-05	 .0210013948053316	 .43077622772208
 5	 5011	 1E-05	 .036762046615471	 .194278777720768
 1	 5034	 1E-05	 .0128848590944806	 .0433650934948568
 3	 5057	 .0069969758966638	 .0058229329470653	 .53915543061909
 5	 5087	 .112560415143668	 .0778843826904306	 .927045030840734
 1	 5178	 .00519808610375804	 .0245017804602138	 .0559409744958893
 2	 5215	 1E-05	 .0131097802935291	 .212705608958376
 2	 5321	 .00193946202881714	 .00716090949040075	 .0598620240740035
 1	 5322	 1E-05	 .062777947876354	 1.80710284914953E-05
 1	 5330	 1E-05	 .0114960308843308	 .00888096974007047
 1	 5346	 1E-05	 .00627445846977994	 .18268104697854
 5	 5432	 .11067957653869	-.000366334379804045	 .989071391686215
 4	 5464	 1E-05	 .00693570905563342	 .187882452864606
 1	 5554	 .00598303322079778	 .00810563023301048	 .627102517906427
 1	 5567	 1E-05	 .00917223928595759	 .0598231400166976
 4	 5660	 .00508330075308705	 .0152921608277672	 .340775963438661
 1	 5661	 .0028489429484054	 .00385227592462925	 .856485933514975
 4	 5678	 .00213824542932355	 .00812267055425315	 .29810463511042
 2	 5793	 .0236731378027167	 .0113605537688645	 .215781556191932
 2	 6017	 .0374389867391266	 .0169473041265328	 .517410148232641
 4	 6024	 1E-05	 .0099593829239922	 .0176998982701266
 5	 6085	 .0203752973557495	 .0128102525649376	 .738068490954887
 2	 6156	 1E-05	 .0620880683135737	 .0883026491824656
 5	 6215	 .0732425848829494	 .104548314341342	 .767085400837349
 2	 6244	 1E-05	 .0161206468699885	 .0966128835115807
 5	 6270	 .0156752031373365	 .0326226895948198	 .050582405767817
 2	 6361	 1E-05	 .0518315348084167	 .569426052671691
 2	 6406	 .210147599352413	 .0453617733514024	 .853869401165418
 1	 6410	 .00281997956904583	 .00999354926465805	 .195366449240809
 5	 6429	 1E-05	 .0292847469711496	 .106594021745395
 5	 6433	 1E-05	 .0442312543824741	 .160334177477743
 2	 6519	 .00962103217098741	 .122570781901611	 .00383003896322365
 2	 6526	 1E-05	 .0644650201483214	 .319504796902026
 4	 6642	 .00306285785419082	 .005513876175091	 .114493183495908
 5	 6667	 1E-05	 .0422630614489483	 .0308417387536202
 2	 6686	 .191304592194149	 .0469183492721195	 .988533638931742
 1	 6706	 .0567164038454057	 .0847622641429649	 .99446956597714
 2	 6722	 .0744877595202919	 .0589375270249187	 .275219683956342
 5	 6754	 .0624977226607898	 .10442537169822	 .128389409274596
 2	 6835	 .0211785016273518	 .0470016759847442	 .349163374974325
 2	 6892	 1E-05	 .154931405981259	 .528658686792388
 4	 6989	 .00162710555629409	 .0045680573287589	 .961767491984132
 5	 6993	 .0164941141006152	 .00322467468775953	 .916401529996878
 5	 7103	 .0130633495018037	 .0070715875685051	 .827136899678592
 5	 7215	 .00908119397727226	 .00865051820048567	 .789149768163038
 2	 7263	 .199771817623129	 .0203718669642324	 .91143078208599
 1	 7284	 .035352456050512	 .217627969868343	 .00484562485426476
 1	 7343	 1E-05	 .00674090315798145	 .875642614120846
 2	 7356	 .00926065222288802	 .0435838064338218	 .0385072048241735
 1	 7363	 .350144440323272	 .0901453391543888	 .928725043631932
 1	 7473	 .0132604529790231	 .020333868567205	 .427351328784504
 5	 7529	 .00211606600753366	 .00870305211925333	 .0677107755618096
 2	 7600	 .0707127919318059	 .0294740958669875	 .232345201450822
 2	 7650	 .021694561161439	 .0884136037673755	 .0803834620075885
 1	 7681	 .056164511990456	 .0227901783172925	 .689497614137276
 1	 7705	 1E-05	 .00931523522527732	 .725491707870515
 2	 7813	 .023734156118121	 .0451411835088642	 .122767261196331
 5	 7819	 1E-05	 .00980874263372832	 .621195572067818
 1	 7826	 1E-05	 .022916147338043	 .299251255996988
 4	 7852	 1E-05	 .0134966556882026	 .975558801612547
 2	 7856	 .0359665164811709	 .00531614905264819	 .875164531004402
 2	 7954	 1E-05	 .0125938699600514	 .253075707724917
 5	 7960	 .00887417299913457	 .007673491647887	 .201728956524316
 1	 7965	 1E-05	 .0082008873550619	 .621995697696898
 4	 7969	 .0286925065997747	 .021283606858291	 .802504399646
 4	 7978	 1.25587107569468	-.0302622140736377	 .972334141372054
 4	 8035	 .00820918442312258	 .00403057251033105	 .180464328668947
 5	 8074	 .00298957693342688	 .0117713219046816	 .1038755045607
 2	 8086	 .0512547808019101	 .0326452307537879	 .412418117462028
 4	 8098	 .063289673157526	 .0108166487683899	 .97566171499731
 2	 8131	 .0115350519006072	 .0509670000658783	 .0286923905426774
 1	 8224	 .0519406513733009	 .0119036867365622	 .918593854145157
 5	 8311	 1E-05	 .01139637048463	 .0269895982501561
 4	 8378	 1E-05	 .0372489997564474	 .00158487675749175
 5	 8437	 .00302293278598862	 .0103417641736148	 .0961973585896784
 5	 8483	 1E-05	 .0125779330244205	 .620621992708609
 1	 8488	 .017994954078357	 .016855569804618	 .902527091315849
 3	 8516	 .00185464960965328	 .0158248634573393	 .0325978624587483
 4	 8601	 .0353277575110259	 .0356834734308412	 .287618717632238
 4	 8685	 .0153656126672743	 .0127151950285803	 .718031880959626
 1	 8738	 .00141175819183789	 .00708941422664833	 .357949276693277
 2	 8810	 1E-05	 .044237444674962	 .429162611217196
 5	 8843	 1E-05	 .0185441806696922	 .613074091549937
 2	 8936	 1E-05	 .0616590191475381	 .0193450596833924
 5	 9007	 1E-05	 .00817455649926528	 .145115434271831
 1	 9089	 1E-05	 .00886543164508003	 .504952159732606
 2	 9112	 1E-05	 .0363662978715996	 .49589339909209
 5	 9210	 .00309265158823132	 .00953433363878209	 .279925869462309
 4	 9253	 .0167165493636321	 .00869579022181935	 .853005683598986
 2	 9373	 .0249186354966689	 .0259740873463602	 .286368037379326
 1	 9415	 .00677971456468979	 .00700161731602677	 .849132057754224
 2	 9488	 .0331870038859762	 .0414929729795918	 .840986899487044
 3	 9581	 .225845671189423	 .0194787690900488	 .883014095867182
 5	 9802	 .0140973585541853	 .00777679714126195	 .797678767088519
 5	 9805	 1E-05	 .0125966927875666	 .505033231823409
 5	 9848	 .0153328757784722	 .00845234364137293	 .379356022862978
 5	 9933	 .008993136093283	 .0116386385334351	 .545479961972083
 1	 10060	 .00589713116415719	 .00554034604685037	 .922427590041566
 2	 10098	 1E-05	 .0120261972031594	 .0716270517552449
 4	 10189	 .00889644091393593	 .00318770324565181	 .790304445552157
 5	 10319	 .00417104391443238	 .00894819615512886	 .619708862749155
 4	 10385	 .00889432742652984	 .00697350022745786	 .838436836698781
 1	 10413	 1E-05	 .00610671338898365	 .129008698702303
 1	 10414	 1E-05	 .00376983517887487	 .296731995081225
 5	 10494	 1E-05	 .0135277988955945	 .0637299686963261
 1	 10518	 .0039731424987287	 .00483292546008599	 .375192906738424
 1	 10520	 .0930475556012142	 .000775388899528515	 .932690430827371
 2	 10534	 .0608301149849059	 .0128428759603899	 .766539722382247
 5	 10631	 .00283674328027514	 .0176773788027455	 .0179905295106888
 1	 10645	 1E-05	 .0295385908444689	 .56307706980387
 5	 10668	 .0225029609397462	 .0129834152417608	 .815396848596635
 1	 10723	 .029185031208388	 .0672833566662148	 .147375130214366
 5	 10763	 .00356208764066018	 .0104118164105672	 .245910116515162
 5	 10793	 .023935602146989	 .00639199956659842	 .553018323762897
 3	 10796	 .00552526091209429	 .00905531870078627	 .414169674286203
 1	 10855	 .10325360366152	 .0320451622967294	 .291249695605636
 1	 10881	 .00520511697449938	 .00448939313943418	 .842667651508277
 1	 10988	 .00161239129113085	 .0054999885306099	 .319169180589134
 5	 11031	 .00209521899935139	 .0103186263035768	 .0417555003725363
 3	 11037	 .0236645450810083	 .007372118976906	 .939314198611202
 1	 11045	 1E-05	 .0056776716612581	 .626519333697176
 1	 11162	 1E-05	 .00515543662372885	 .347247833411761
 3	 11172	 .00814308942787851	 .00356024855355606	 .537829695706116
 5	 11199	 1E-05	 .0289443261787222	 .303598154551805
 4	 11285	 1E-05	 .00535137044829379	 .0964368166296382
 3	 11348	 .0584495550441049	 .0109307039126843	 .892623409082862
 4	 11403	 .00836841171144972	 .00274976242955856	 .616860585194337
 5	 11423	 .697239682471399	 .0246593877718258	 .972006086550368
 5	 11482	 .0324340150069791	 .0315533408202208	 .185192450454255
 5	 11545	 1E-05	 .0124177531632384	 .738147100002021
 4	 11602	 .000656316473352019	 .00892478785486884	 .00588601160333657
 5	 11636	 1E-05	 .0367525962265004	 .602241200177209
 3	 11726	 .00623115728555408	 .0105993017085027	 .416336747630981
 5	 11767	 .0150693614921434	 .0122956736558084	 .443464869897897
 5	 11791	 .145873831938931	 .0791632494144746	 .406674703006227
 1	 11806	 .0109142197940742	 .00857103889836979	 .314896360556795
 3	 11873	 .00360165475586267	 .0038254979974865	 .276184983010044
 3	 11986	 .000945503487441696	 .00956597757470359	 .0148409516182335
 5	 12039	 1E-05	 .0297128481092511	 3.69999070036764E-05
 4	 12051	 .00033129150765443	 .0209396483211249	 .000258177721478847
 5	 12135	 .00689433794440561	 .011353217492954	 .736591463112198
 5	 12193	 .0360670345551822	 .0650161013285666	 .977850120030706
 1	 12227	 .0694345629272949	 .0245408161251637	 .794239635607815
 1	 12233	 .0044741840333419	 .00710930589201252	 .568877537455015
 1	 12350	 .0197266394418933	 .0468731770434818	 .152671753889313
 5	 12354	 1E-05	 .0261513737662645	 .0163399128904996
 5	 12371	 .00289822882931744	 .00994790533401215	 .834597527991562
 3	 12434	 1E-05	 .00857862340351055	 .0882572655191642
 3	 12473	 1E-05	 .00810730463149732	 .0489073450834182
 5	 12492	 1E-05	 .0470904645698639	 .133713034955671
 4	 12524	 1E-05	 .00638006283669598	 .280823125346068
 5	 12590	 .0284793418142832	 .0156280154879839	 .987178297866501
 1	 12607	 .00367999727625338	 .00316345995664706	 .182251143751766
 3	 12637	 .00213916149646817	 .00743757013022793	 .108234691101498
 1	 12681	 1E-05	 .00704823711472567	 .149410562725863
 1	 12709	 .281478415916275	 .145327516460986	 .591909670454279
 5	 12710	 1E-05	 .00609067111656776	 .284004058106359
 1	 12748	 .00729833864887014	 .0100913863954873	 .148175276878417
 5	 12865	 1.5349305533436	 .114572007432525	 .956949749452447
 1	 12924	 1E-05	 .00852905814945146	 .036792092507977
 1	 12932	 .000375290485140469	 .00803691197077922	 .000222930804697041
 4	 12962	 .0023084198418858	 .00415653759143536	 .0755247333660829
 5	 12977	 .0429269654398994	 .00499437505978701	 .884039461508295
 1	 12984	 1E-05	 .0095313557414959	 .802697910146875
 5	 12990	 1E-05	 .188377509345554	 .766462467322301
 1	 13041	 .0594142003555835	 .0126132886508187	 .959425939908447
 5	 13073	 .0464202532156258	 .0143366881129316	 .70606697619844
 4	 13100	 .0119972191128539	 .00970823265138133	 .936216480109593
 1	 13101	 .000554229194663199	 .00792510178616233	 .00816411060909483
 5	 13121	 .179943633792401	 .0752673997109507	 .361945093597891
 3	 13133	 1E-05	 .00562291901414653	 .121090251364141
 4	 13207	 .00227977610729209	 .00429452969606008	 .895475305947667
 1	 13232	 .00471284005064015	 .0068982247456058	 .387060117274672
 3	 13245	 .00190700714420416	 .00287993948329734	 .176573333947583
 2	 13253	 .0188991244030561	 .00900170016747938	 .982742358616286
 1	 13325	 .0013939046506337	 .0109135785859637	 .533270589301562
 5	 13373	 .00516638880233778	 .014509109027426	 .311154183558808
 3	 13389	 .00340779683141683	 .00986632754131923	 .0581620800678224
 1	 13438	 1E-05	 .00560603504355794	 .20767164443371
 5	 13488	 1E-05	 .0314896093324898	 .00106451909571004
 3	 13581	 1E-05	 .0337365756232921	 1.2660979264778E-05
 4	 13588	 .0015872163063303	 .00422102538816467	 .997281474313023
 5	 13603	 .0290495046275859	 .00307083915310877	 .952633485555161
 1	 13685	 .00233034680279675	 .00740750495525037	 .112670746012152
 3	 13767	 1E-05	 .0113601264425916	 .264478045787828
 5	 13793	 1E-05	 .0396336485339423	 .00193839994013267
 5	 13858	 1E-05	 .00718198851456535	 .0144067848649334
 2	 13868	 1E-05	 .040719345048923	 .382725748508245
 1	 13880	 1E-05	 .00742809873198494	 .762344793426949
 3	 13926	 1E-05	 .062102221285486	 .135241104855807
 1	 13965	 .00206026077928297	 .00633150431110063	 .159316013314991
 2	 14021	 1E-05	 .036560251440189	 .0852076753648494
 5	 14028	 1E-05	 .010286979035085	 .0352362200342918
 3	 14034	 .00578875911046752	 .00677585122946322	 .812724382206666
 5	 14073	 1E-05	 .0125077585822062	 .0324043420374128
 5	 14143	 .0214352888150697	 .0516493755345235	 .0841965078879625
 2	 14223	 .0159698294271032	 .019269402945179	 .576229664468634
 5	 14280	 .0312183965214258	 .0411588033856358	 .951854594827945
 2	 14298	 .296392303610522	-.010495213006082	 .99912291852495
 1	 14330	 1E-05	 .0229386861668125	 .0246393876459856
 3	 14331	 1E-05	 .00823510609145081	 .644911950056889
 1	 14369	 .00118690433789235	 .00266276642739527	 .0876625563866414
 2	 14381	 1E-05	 .0527554848198366	 .814515340615086
 3	 14412	 .00773026441981189	 .00348499837581682	 .641228790518205
 1	 14454	 1.17587624420119	 .0212842391441624	 .955847560936545
 2	 14474	 .192830523110257	-.000131410340128939	 .952830445930709
 5	 14515	 .102824815287827	 .0681959800740872	 .506142318295306
 5	 14544	 1E-05	 .0627658438872499	 .251308638437661
 3	 14562	 .00967682589355152	 .00388082199464405	 .600412297377923
 5	 14648	 .149263709716807	 .0280224327337839	 .864434842532247
 3	 14699	 .00391279902694625	 .00459594748004692	 .313799787825424
 5	 14743	 .0506821174683753	 .0325688676335385	 .807943247548548
 4	 14786	 .0060734760955312	 .00332565254211099	 .790034660766591
 2	 14806	 .019993655467862	 .00761533396723783	 .921466556959554
 3	 14838	 .035740917287827	 .00871493851799692	 .875530568864849
 1	 14877	 .00406021323694759	 .00886599578064617	 .923516247787893
 5	 14949	 1E-05	 .0456043870405923	 .825789532608252
 1	 14980	 1.37480007003158	 .039325036919229	 .976682729690629
 5	 14983	 1E-05	 .0342484739512266	 .629204123948667
 4	 15020	 .000206539775583651	 .00834977922472083	 .000377453859496835
 4	 15106	 .0119728953410393	 .00385043087932942	 .665964928019625
 5	 15107	 1E-05	 .0217817909855655	 .447938275083505
 2	 15184	 1E-05	 .0195106003909186	 .767629023305032
 2	 15186	 1E-05	 .2126704475824	 .19124348810637
 5	 15205	 1E-05	 .00866977049174063	 .404385965074033
 2	 15244	 1E-05	 .00735282838828041	 .295898081915437
 2	 15319	 1E-05	 .0172350571752165	 .65171888082966
 3	 15329	 1E-05	 .00629818460218603	 .206547939510234
 1	 15362	 .000957355573944442	 .0102169672841182	 .00582298647862223
 2	 15375	 .00646781543602667	 .0108315788520007	 .136719980162114
 5	 15448	 .0338079897592793	 .0280960594868645	 .948594864296961
 4	 15592	 .0020272194939071	 .00680305706837908	 .0606223674554628
 2	 15594	 .00161390229982209	 .00359729102491131	 .280331736633375
 1	 15641	 .00712385532754797	 .0086169274651529	 .484412035394154
 2	 15702	 1E-05	 .252042568630803	 .263833186628974
 1	 15769	 .00452811961565036	 .00519417532985663	 .694445611097085
 5	 15772	 .0990591243076731	 .0149568917144738	 .863651966736889
 1	 15786	 .000132269156173186	 .00564166777638863	 .000271935751405494
 3	 15812	 1E-05	 .0252341399054549	 .395649324063651
 2	 15837	 1E-05	 .0138157397760297	 .536846759777302
 2	 15850	 1E-05	 .092764781631556	 .0194884985823052
 2	 15877	 1E-05	 .0205088983416755	 .377312783866068
 3	 15896	 .0133452202920886	 .0120452251043657	 .433491595180452
 2	 15954	 .0143626217125686	 .00984053032724532	 .223871788815813
 2	 15961	 .00465053895461891	 .00895065863063893	 .290925286562308
 3	 15993	 1E-05	 .0208366667979354	 .00343468070255559
 3	 16109	 1E-05	 .0118930842006612	 .0376819804333081
 2	 16128	 1E-05	 .0163744880149541	 .202798331422915
 5	 16311	 1E-05	 .0152532863748682	 .886938824573665
 1	 16330	 .106859741070285	 .00818708778969872	 .98352093159576
 2	 16383	 1E-05	 .0194719204216869	 .601267191733138
 2	 16391	 1E-05	 .0289926048749396	 .107800318909327
 5	 16404	 1E-05	 .0147517639931617	 .858987858967842
 1	 16477	 .000105614919592007	 .0061525969130589	 .000305340650343711
 2	 16494	 .00652794777214835	 .00591368156051167	 .648991200449529
 2	 16556	 .00315025712984573	 .010920502458305	 .0307380867778179
 3	 16607	 1E-05	 .00566030416214993	 .414572419581731
 1	 16641	 .00214989661413867	 .0101695707545701	 .0795680041483359
 2	 16652	 1E-05	 .0220320413737299	 .489834026487388
 1	 16663	 1E-05	 .0218613918314762	 .0563116852555755
 5	 16685	 .0304376089821263	 .0107884458753704	 .568125681525705
 2	 16711	 1E-05	 .0117032929874506	 .0574434129379077
 5	 16752	 1E-05	 .0362015447970679	 2.55722256825575E-06
 3	 16804	 .0371372027581017	 .0153915601267515	 .907921972877319
 2	 16869	 .0218369398874613	 .0386527806994224	 .110784595404737
 3	 16918	 1E-05	 .0141417678315242	 .486324600041064
 2	 16940	 .0237839351865155	 .0539948618752971	 .43539856466474
 1	 17059	 .022005817499436	 .0146112754994819	 .917688971081317
 2	 17067	 .21079787621558	 .0169508616777114	 .922876161528546
 3	 17103	 .370578432304006	-.00798961606812447	 .97542417397019
 2	 17168	 .0373097521571652	 .0105164624826199	 .553196706695619
 1	 17188	 .0668716601602746	 .027827011777018	 .986224667592176
 2	 17296	 .0541339499081057	 .0581020592081781	 .166862207277509
 3	 17335	 .0160536467759249	 .0149255452719362	 .710378640655836
 3	 17340	 .000205329062495063	 .0104502743361315	 .000159104711222047
 2	 17383	 .578496012318628	-.0547031784829063	 .958454751298228
 3	 17391	 9.03319475436939E-05	 .00555347412134907	 .000576020627034768
 2	 17434	 .0169276966253645	 .0403928731573527	 .248488806672759
 3	 17437	 .0366165078518581	 .0151230873670907	 .941494411886496
 4	 17461	 1E-05	 .00451815824941305	 .0208550202472503
 1	 17474	 2.61691223144314	-.0647760680324232	 .985665499359749
 2	 17479	 .0240539638155259	 .0289629149417115	 .134566607414164
 1	 17522	 1E-05	 .00710633902865717	 .240240040152351
 3	 17540	 .0496316204664219	 .0141844136529403	 .861874068799878
 5	 17543	 .0914860973099699	 .0098163516616938	 .988147240764474
 5	 17620	 .0122105421518316	 .00860435878054448	 .596918445623794
 2	 17632	 .0969013001110674	 .0381822597631484	 .970223450598429
 2	 17639	 .00796422389309464	 .0135107985669282	 .125281457349202
 1	 17650	 .139811411554607	 .110252122961466	 .456459560323034
 1	 17716	 .526991663892292	 .142497916362372	 .939663791890413
 4	 17718	 1E-05	 .0151930176268066	 .168135806102371
 5	 17760	 .015240438542858	 .0177461507734288	 .171181337842031
 2	 17801	 1E-05	 .00847310766096859	 .361811418077669
 5	 17824	 .0106794465054211	 .00338291614008438	 .876505261585777
 4	 17902	 1E-05	 .00632237804806901	 .103091773662299
 1	 17915	 .454584191413099	 .229141368949615	 .309045581033771
 5	 17943	 .0104111991770205	 .0152304940066227	 .961130569278929
 1	 17946	 .00354287456498302	 .00833290855122482	 .888829661608915
 2	 17952	 1E-05	 .00579817422001221	 .309860594125743
 3	 17957	 .00388261677507144	 .0098874924128095	 .612455148531972
 5	 17975	 .00631068070815975	 .0139234960067756	 .0890961673116822
 2	 18093	 .00233119120235892	 .0164351052987984	 .0399797792685062
 4	 18128	 1E-05	 .0174722125554626	 .202475669758084
 1	 18133	 .0538074567035846	-.00118216535698008	 .932723830027681
 1	 18144	 .413296602771016	 .0805861071964594	 .662925241279467
 3	 18148	 1E-05	 .00599685574841206	 .272568150593526
 5	 18152	 .00721186160318695	 .00713244403183725	 .983830957854235
 1	 18223	 .145577217628575	 .0160826935251189	 .934085348370304
 2	 18290	 1E-05	 .0124258484222478	 .14380158549002
 5	 18302	 1E-05	 .123116568521575	 .365393965249267
 1	 18326	 .0138072711143068	 .0054801481919954	 .514847465102757
 1	 18387	 .0329835712301241	 .00388193795815102	 .936128001885661
 2	 18399	 1E-05	 .0149957086830761	 .278921237974269
 5	 18480	 .438140295998554	-.0253304128221999	 .998223314265254
 2	 18509	 1E-05	 .083599675613763	 .491384795102662
 5	 18631	 .0566149904453897	 .0247423567650293	 .403127092013123
 4	 18642	 .0143457601992427	 .00184826149098709	 .990414369980109
 2	 18669	 .0185189677564126	 .0263988810770033	 .208324572197024
 1	 18712	 1E-05	 .116592969609301	 .598422081927414
 2	 18921	 1E-05	 .0188610503932656	 .158584482412769
 5	 18974	 1E-05	 .0316375133715342	 .164611361324866
 1	 19078	 1E-05	 .00843553638359738	 .388340862890925
 3	 19099	 .00538216092678669	 .0106307942693689	 .166460117644004
 1	 19130	 1E-05	 .187877066866284	 .384765920600898
 2	 19132	 .00303734382201222	 .00741214243174348	 .552732143878786
 1	 19155	 .00556080074483409	 .00516629835345888	 .15976399272566
 1	 19203	 1E-05	 .0149667762947514	 .700987905217296
 1	 19290	 1E-05	 .0156318314004442	 .466726860684669
 1	 19293	 .0164125726067879	 .00593389431800896	 .983982322787251
 1	 19308	 .00831205155471753	 .0131127234585925	 .946788515502698
 5	 19312	 1E-05	 .0703364701457054	 .0148636461297099
 2	 19333	 .0159772328986732	 .00731802776566169	 .197190509487103
 3	 19523	 1E-05	 .0130803001823676	 .132662105899537
 5	 19639	 1E-05	 .0387281096260522	 .114237065989309
 2	 19711	 .0384314943246089	 .0419004858351205	 .118635509957594
 1	 19712	 .00298208636508729	 .0260026168830471	 .0211482047308904
 5	 19837	 .00018929829653525	 .0222464154913293	 3.77300392195856E-05
 1	 19890	 .695188483629442	-.0174478988191513	 .99740421693894
 3	 19955	 .00991957536826107	 .0175059885568116	 .204051991137981
 1	 19995	 1E-05	 .0313902868109405	 .00587944965981702
 1	 20026	 1E-05	 .0328693669652154	 .0561140049354361
 1	 20115	 .0042483554340763	 .00461297933001809	 .124715820462542
 1	 20189	 1E-05	 .00579666841702775	 .130697027654734
 4	 20240	 .00961530032821362	 .00949717802256117	 .622462623421098
 5	 20262	 1E-05	 .0324211287930319	 .12620756944865
 2	 20265	 .0725407431513087	-.000617663727594715	 .820690112188694
 2	 20275	 1E-05	 .0514092218528084	 .949750434411854
 1	 20277	 .0251127812129478	 .0131157118309237	 .863270848775827
 2	 20336	 .0154586359814716	 .0092793708123631	 .407646800894572
 1	 20341	 1E-05	 .018301868413048	 .0771399607305109
 2	 20376	 .20344537366438	 .0299374523893536	 .859568291107875
 5	 20389	 .00380751447064991	 .0236536812813711	 .00485956043938207
 2	 20411	 .000636908673454751	 .00796254288078227	 .00387022486176469
 5	 20431	 .000251701012110179	 .0130307581547228	 .000257041417691672
 2	 20448	 1E-05	 .0176180393547782	 .744551364806181
 3	 20457	 .275692005006797	 .07638261337804	 .909032153164366
 5	 20518	 .0117793272298236	 .0128147862690737	 .13066614166608
 5	 20587	 1E-05	 .0256626948800933	 .18871443321395
 3	 20619	 .0116567598077045	 .00792011443495251	 .900028692943117
 5	 20664	 .0241647899878758	 .0112636873958649	 .859319441606893
 1	 20678	 .0248390438694905	 .00226026622990858	 .989372772912606
 2	 20771	 1E-05	 .0240478497277244	 .509419453167221
 2	 20772	 1E-05	 .0113515941667741	 .711178373808796
 4	 20800	 1E-05	 .00700940687640929	 .770681550420351
 1	 20856	 1E-05	 .044708833835473	 .901680057058978
 2	 20974	 1E-05	 .0355162805924698	 .951787866235753
 5	 20981	 .00326814188296086	 .0051162879199671	 .440649764701548
 1	 20991	 1E-05	 .0360177976321207	 .609526860862922
 5	 20992	 1E-05	 .0176571092770513	 .0245377020717453
 1	 21068	 1E-05	 .0308835896827317	 .0012406500266513
 5	 21146	 .0103876306040714	 .0133761845792803	 .475507889775197
 5	 21165	 .0260222879418299	 .00423380221789487	 .597150341351865
 2	 21220	 .0118878916539483	 .00917164804786625	 .957774363696359
 5	 21261	 1E-05	 .0287593907740902	 .6327824594351
 1	 21370	 1E-05	 .0608966779424985	 .219380904497145
 1	 21406	 .0612409755746418	 .0491289656401429	 .882567108959751
 1	 21478	 .687609503364695	 .120624821188716	 .620817813042675
 5	 21530	 .0595678090280901	 .0164982962257807	 .860755167165016
 1	 21571	 .00284813946216227	 .00375837273200072	 .191342447440723
 1	 21648	 .54539762562689	 .0896889664130614	 .866859396880357
 1	 21688	 .000286336746504788	 .00176021100575432	 .00616071663366424
 1	 21806	 1E-05	 .0111220032235406	 .0332982561419943
 5	 21832	 1E-05	 .110377259719745	 .555761204918161
 4	 21935	 1E-05	 .00686912343416252	 .468997202438178
 1	 22044	 .00839564637019035	 .0377781494566024	 .0822086899921046
 5	 22109	 .00511000920651382	 .0156376046952543	 .0410890538977424
 5	 22128	 1E-05	 .0107607898764828	 .0184169533539317
 2	 22207	 .301476880726667	-.0137685521461041	 .996959655954072
 5	 22220	 1E-05	 .0553562038924817	 .00286561270504604
 5	 22261	 .000941208548090801	 .00716122898950774	 .00508568895483963
 2	 22281	 .100047475818584	 .0726656639062669	 .6733267331698
 2	 22340	 .00843801188824862	 .0234495404415896	 .0870961776449127
 5	 22482	 1E-05	 .00911434767931616	 .265093310899155
 2	 22579	 .00580971877090559	 .0070863731568248	 .161866136932623
 1	 22638	 .00340097724996354	 .00667861769361649	 .316299407094442
 2	 22642	 1E-05	 .0187385534584693	 .0246791574195647
 5	 22694	 1E-05	 .0229501522152351	 .298227842135956
 1	 22700	 .0333986329429323	 .0336484016834926	 .663164261637113
 4	 22740	 .0567168787996786	 .00487223810739841	 .772932949509974
 2	 22786	 1E-05	 .00905593266103195	 .115542078287896
 4	 22813	 1E-05	 .00626871411138842	 .288333665221116
 5	 22854	 .0071332333341903	 .00690658102292677	 .893287482839382
 3	 22883	 .0185176710448934	 .00776485748966678	 .24869852455589
 1	 22929	 .571275616748233	-.0109224005601739	 .998010204827674
 2	 22988	 .0353754713103018	 .00804998263971827	 .787555202996064
 1	 22991	 1.81598191684484	-.116371061271965	 .954091369173127
 2	 23031	 1E-05	 .0143513855063364	 .428993961497608
 1	 23035	 .0026941031222329	 .00839264060371651	 .484766688298915
 1	 23072	 .00774329745255602	 .0128826768692546	 .358211369111677
 4	 23087	 1E-05	 .022607479951473	 .421234108946876
 3	 23120	 5.22346048481752E-05	 .00586121434711486	 7.04407389015005E-05
 5	 23136	 1E-05	 .0110253662193183	 .237823197642063
 2	 23137	 .0406506502556185	 .00572296615357066	 .564941451449573
 3	 23169	 .00378443669692928	 .0176980386863213	 .0150690427311303
 5	 23184	 1E-05	 .0185596286788666	 .0454796838204431
 2	 23211	 .012238797835683	 .0230473666764881	 .113317960551488
 3	 23236	 .00149229483424176	 .00523087602699288	 .64641538568397
 2	 23314	 1E-05	 .0130802359752815	 .0268545828880888
 3	 23353	 .0127225103150949	 .0147908039440714	 .251170020643635
 2	 23383	 .11270116465962	-.00367081276940656	 .949204896844756
 3	 23434	 .00137950774086849	 .00483320305633181	 .291321283683636
 3	 23445	 1E-05	 .0196377844202119	 .627410296689188
 1	 23453	 .0245856286755784	 .00274390694812792	 .944107656136412
 1	 23554	 .00573129192377351	 .00546908117922733	 .779546604493013
 5	 23607	 1E-05	 .0181242039978757	 .86329474303496
 1	 23608	 .0194126671075048	 .0380664842163693	 .285570952846399
 2	 23610	 1E-05	 .039251017952695	 .370751953589987
 3	 23625	 1E-05	 .00542663322511638	 .000516661271483643
 2	 23691	 1E-05	 .0120419069176901	 .0139841300145028
 2	 23802	 1E-05	 .0125585934187041	 .0116457677773266
 3	 23808	 1E-05	 .00653675600363966	 .244908576276697
 1	 23846	 .108427689295495	 .0108889100434338	 .993681433396766
 5	 23925	 1E-05	 .0195271898634106	 .00434132702294554
 1	 23982	 .00169008858247929	 .00508506529246635	 .519552483536086
 2	 23986	 .010873041588614	 .00534189450611739	 .555061279358612
 3	 24030	 .159491629144156	 .0126778041419813	 .959493471459635
 1	 24057	 .00579422165589528	 .00520800292237013	 .299852187438592
 4	 24069	 .00304964054147396	 .00653798026174551	 .275342329273694
 4	 24155	 .104447630079526	 .0772060979172468	 .223247241648401
 2	 24203	 .023744516854816	 .00436081350946462	 .954227950538339
 1	 24284	 .00438368453586316	 .00670586047706237	 .315473863109633
 2	 24358	 .0244097287363705	 .0104580773887198	 .984868875781304
 2	 24394	 .0254004243480127	 .0122444213125578	 .956186125900067
 4	 24459	 .026596061605859	 .111018426501359	 .00926914364375053
 5	 24499	 .0659983910186152	 .0236312761223178	 .655649751930625
 1	 24516	 .00569652525001611	 .0192113084813125	 .128103641131797
 1	 24607	 1E-05	 .00678210743509132	 .848419390500715
 4	 24666	 .395233194682534	 .0181300311734912	 .961795496261664
 5	 24799	 .157006958832581	 .0427401877838482	 .963624251717167
 2	 24803	 1E-05	 .0269170170339367	 .161455928133892
 4	 24817	 .00488374305568781	 .00716053649963139	 .488681672623747
 5	 24826	 1E-05	 .00788686497204998	 .106489070707264
 1	 24917	 .194788392250549	 .142622470847181	 .656905189631954
 1	 24918	 .151636486026578	 .00857563737658082	 .914780844851837
 1	 25055	 .452453049294761	-.0290834017249575	 .984430649212292
 2	 25082	 .0230455199536115	 .00632457354734387	 .546547411927862
 1	 25103	 .00609975300593642	 .011039133296167	 .298481062985753
 1	 25106	 .0703413211649389	 .017094879463119	 .731649811442051
 4	 25155	 .0260217485681783	 .00867376228817531	 .887125680907292
 2	 25259	 1E-05	 .0147328308458336	 .392622679991543
 5	 25266	 .0690673710600527	 .0180753178863815	 .686815087575776
 1	 25301	 1E-05	 .0227574821890603	 .536090104719355
 3	 25310	 .00319474459024436	 .00234825309201306	 .83957987932489
 1	 25315	 .136742207340472	 .0147948421139512	 .99237076086693
 5	 25323	 .00490298346695555	 .0104141771460105	 .0595656490749409
 1	 25379	 1E-05	 .00690247446612577	 .00112832955764719
 2	 25385	 .00383810101824614	 .0141956545569971	 .0913349091319483
 2	 25404	 .00341063095677537	 .0137289235067987	 .060120292055084
 1	 25412	 .0195519053604346	 .000426504499965788	 .984994995710476
 4	 25416	 .150682561557427	 .010542918074403	 .993934544397884
 1	 25436	 1E-05	 .0194669741892683	 .807059607983447
 5	 25470	 .0190579663392307	 .0228604719752095	 .123067824213468
 3	 25519	 1.83164994590226E-05	 .00654894580935992	 8.60936862536743E-05
 2	 25568	 1.44745031116008	-.0771550672191415	 .913431535262867
 5	 25578	 1E-05	 .022465226886737	 .211383369640892
 5	 25647	 1E-05	 .0129176768554404	 .00190945641137275
 4	 25665	 1E-05	 .00338336354393624	 .0125921691853261
 2	 25682	 .00336284128932768	 .0105562908449086	 .0136460534634797
 5	 25718	 .666789362914992	-.00782816720451074	 .996682027440393
 5	 25748	 1E-05	 .0155861228124717	 .153108422732697
 2	 25810	 .00025350602797814	 .0136473716473349	 .000283750340204003
 5	 25847	 1E-05	 .025397136551228	 .520482667513342
 5	 25870	 1E-05	 .0593421850412987	 .446132364339375
 1	 25873	 .0721070176131638	 .0538747646987339	 .782761566729059
 5	 25898	 .00400734832891904	 .00945719676382581	 .182456535964742
 1	 25969	 .227549810796704	 .0113642219271297	 .966891001727368
 4	 25984	 .0102104314086076	 .00496360645909776	 .889018994201435
 5	 26055	 1E-05	 .0126842973478026	 .176214587159332
 1	 26137	 .00765141845673058	 .021515265896544	 .135875021204626
 5	 26139	 1E-05	 .00884515655162193	 .151975311597003
 5	 26207	 1E-05	 .117656523107253	 .285050472114122
 5	 26323	 .00892707402164036	 .00699249954859246	 .482002069262034
 5	 26348	 .0407299758211189	 .0445408445023247	 .377458979800792
 1	 26381	 .0102865943513816	 .0193500550904385	 .172998265162967
 5	 26495	 .0788833601061849	 .0586993328939685	 .715578851220356
 1	 26503	 .00983467827126913	 .00652943883854007	 .406752571864296
 3	 26527	 .0366619687116466	 .0203191596671243	 .692999054234176
 5	 26558	 .0125173778365082	 .000948237633545551	 .939563306978704
 1	 26564	 1E-05	 .00678759570123937	 .42685708818364
 4	 26591	 .0160051246183542	 .00523050577005142	 .845262964299776
 3	 26604	 1E-05	 .0184655949629753	 .122237072921595
 5	 26662	 1E-05	 .0199657078741865	 .597652486217407
 5	 26663	 .0844403410638369	 .0306563231961154	 .845595112560209
 3	 26748	 1E-05	 .0153254123907514	 .0888585264524644
 1	 26780	 .0105817854721178	 .0192395449133849	 .073269549269846
 3	 26829	 .00248441018932752	 .00478749695343232	 .333088445442329
 5	 26856	 .00137013499782889	 .0106107178141831	 .641165468447647
 3	 26922	 .00700893495136606	 .0645517011668028	 .00812821224455218
 1	 26944	 .00386585486689705	 .013456670465892	 .162459941632333
 2	 27012	 .00729865393979214	 .0262412982650896	 .112622722435431
 5	 27053	 1E-05	 .0758752065217689	 .200374878228281
 1	 27127	 .00262050801335305	 .00634437617828012	 .0127448593698555
 5	 27153	 1E-05	 .0370637346728882	 .000629133105779722
 5	 27187	 1E-05	 .0309297843986631	 .250697074167071
 3	 27287	 .0177163314847595	 .0162795880333848	 .69711389813736
 3	 27381	 1E-05	 .00575859874285619	 .00880152169187187
 3	 27401	 1E-05	 .0184574739333285	 .0330765294293793
 1	 27418	 1E-05	 .0409289403439923	 .13323647665819
 3	 27526	 .0102262279621428	 .017034815505675	 .559939038462992
 5	 27593	 .0223561206731751	 .0179103935948777	 .468414183056097
 1	 27734	 .594298810261567	 .00447825287794273	 .991290685828651
 1	 27861	 .00535592460563477	 .00812684534913948	 .816360552679585
 2	 27880	 .0335570977636657	 .0168627948607776	 .501906704510642
 2	 27973	 .0457392132260735	 .00743450621771445	 .963887477164877
 3	 28013	 1E-05	 .00535985627270523	 .0260032570599787
 2	 28024	 1E-05	 .15739196833038	 .0228642366585983
 3	 28051	 1E-05	 .00773433015924477	 .731627327393645
 4	 28058	 .145009109170474	-.00987054592316203	 .978731055362156
 1	 28097	 .0557503277484871	 .0314289900673068	 .39234944480469
 2	 28204	 .0821665560886448	 .0323687995806208	 .83044258699315
 3	 28248	 .00568146197733299	 .00181921409300273	 .856110022104181
 2	 28287	 1E-05	 .0285331256767678	 .019352723568123
 1	 28288	 .000977701205900456	 .00276144471556309	 .0354620270346013
 4	 28311	 1E-05	 .112489353037596	 .033284542550313
 5	 28415	 .00538469590097475	 .00464557593241796	 .530647433215664
 5	 28419	 1E-05	 .0372303694944291	 .15600662246812
 2	 28448	 .00831495439083774	 .0535377315133322	 .596094497082502
 5	 28520	 .0036358181164341	 .010049473970501	 .261810221382503
 5	 28521	 .0105052702376875	 .0115092212279667	 .917055571419461
 1	 28563	 1E-05	 .0116563886203429	 .0947494842501211
 1	 28569	 .114328553636468	 .010968800740348	 .99088417871769
 5	 28571	 .485865042161725	-.00932600249634263	 .997178776822551
 1	 28588	 1E-05	 .0201492819390334	 .253262043141214
 3	 28644	 1E-05	 .0202994899311898	 .977871040416991
 3	 28661	 .0151180840920873	 .0177492045086967	 .993105405054923
 1	 28712	 .0016785521468519	 .00725502519195345	 .263788608949178
 1	 28750	 1E-05	 .0247110378933902	 .520459445423251
 2	 28800	 1E-05	 .0264503101338091	 .912838359540014
 1	 28804	 1E-05	 .00480616183213165	 .0542933608536675
 3	 28827	 .0015742133817576	 .0101335072979931	 .0758577847996763
 5	 28848	 .020708900913832	 .0391754925443383	 .0470110162518962
 1	 28928	 .0136334688176637	 .0169610810838955	 .104371302761291
 1	 28943	 .187606037333691	 .0161206636617803	 .762668526095737
 2	 28945	 1E-05	 .0151240367067067	 .134836516755789
 2	 28964	 .118255338856077	 .0507794029971644	 .309539776652084
 1	 29030	 .00309725438398869	 .00408840994787415	 .15734243296285
 2	 29032	 1E-05	 .0163461459587628	 .564891936071405
 5	 29062	 .068515880488295	 .00848932346878173	 .880498448910212
 2	 29086	 .029902056463748	 .0427079344353646	 .992496590724493
 1	 29104	 .0190439385340107	 .0122607854887019	 .87149582282024
 2	 29136	 1E-05	 .00973740593236501	 .00358103456408565
 1	 29222	 .0392508821419367	 .0816133671375883	 .334395778043495
 5	 29267	 .152110952789414	 .0179967947507171	 .749097955996136
 4	 29275	 .00331051278403971	 .0118725695550782	 .119796216881247
 5	 29321	 1E-05	 .0269406074760876	 .567154255199544
 5	 29452	 .0261554451347186	 .0169447678590181	 .305309658851231
 5	 29457	 .763637326806553	-.020964784993452	 .977998637939691
 4	 29476	 .0400953551280119	-.00415345413166777	 .92226782933026
 1	 29479	 1E-05	 .164035400743369	 .0608453943984895
 1	 29494	 .16886403774659	 .165627337915998	 .0993522217459855
 1	 29557	 .517041664296452	-.000225395428253004	 .997735650072227
 1	 29590	 1E-05	 .0439653008824058	 .299997203542695
 5	 29594	 .0660113848715775	 .111261588607115	 .149092008045332
 1	 29648	 .236031991316298	 .00323453476570956	 .97031702517747
 5	 29757	 .00383537039910194	 .00662663433672945	 .815033946872475
 1	 29775	 1.48712498166365	-.132428913234326	 .98641790609336
 1	 29791	 .0786870369802005	 .0773294849966621	 .531467939449187
 4	 29861	 .0725735342316665	 .0315028689956304	 .918810262741119
 2	 29923	 1E-05	 .0188134393542719	 .73937353844869
 1	 29963	 .0193939697711193	 .0939519963477837	 .0108105568070125
 2	 30003	 1E-05	 .096623452663385	 .0845772329981219
 5	 30044	 1E-05	 .0153932773218934	 .957949346060538
 1	 30057	 1E-05	 .0702184377091163	 .455756134102504
 2	 30107	 1E-05	 .00483208824688237	 .216691215134809
 1	 30119	 .00273955765212289	 .0100275904445188	 .573706054215941
 1	 30198	 1.00731499371664	-.080793279155284	 .9836167161549
 2	 30293	 .0242377872594604	 .0456905332100191	 .436762708240019
 1	 30303	 1E-05	 .11818566447947	 .121544047976268
 3	 30309	 .00462074202278052	 .0198325990273672	 .610102658147969
 4	 30346	 .010291817760792	 .0109508431669836	 .55467964875735
 2	 30389	 .144580825215141	 .110316782574334	 .334154373582009
 2	 30497	 .00350817547962785	 .00496632947945418	 .224405612325524
 2	 30537	 .177788196366432	 .0675998713535286	 .508401375903191
 5	 30562	 .00655525201540991	 .00510012720943328	 .954887333589966
 2	 30623	 .0142401090391924	 .0113349079654857	 .874109318689031
 1	 30634	 1E-05	 .00632358447306584	 .0123412937096015
 3	 30660	 .00380695693371733	 .0074426193151596	 .842490850903567
 4	 30674	 .00853863309519187	 .0166183303926435	 .427635526827617
 2	 30742	 .0100386363240821	 .0387630145974024	 .0280611940251434
 2	 30862	 .10183063449588	 .00386469618227432	 .94208586201026
 4	 30889	 .0825345337348749	 .0175053801560567	 .613185650951741
 2	 30911	 1E-05	 .266298823580808	 .556098021405341
 2	 30997	 1E-05	 .167575393032592	 .161755160467268
 2	 31069	 1E-05	 .0241992590278556	 .399457160544695
 2	 31136	 .00200511358004463	 .00940361896449641	 .0483448874547453
 4	 31192	 .0431746235927399	 .0137297569638574	 .69364889602496
 2	 31233	 1E-05	 .0155897170175044	 .118907277877687
 2	 31239	 .0441958303254067	 .0419590700652069	 .309826776869114
 2	 31400	 1E-05	 .0671032341747335	 .0633092966150862
 3	 31409	 .00318572462103433	 .0102708831182824	 .0660415042660594
 1	 31452	 .00764989549828557	 .0200583806915739	 .832199494560065
 4	 31463	 .0049084082369074	 .00346364172676913	 .844501266020703
 2	 31510	 1E-05	 .028488889518515	 .000494956502798738
 2	 31545	 1E-05	 .0454608684547354	 .234747108261944
 1	 31586	 .0226072789777097	 .0130670328746228	 .999599074358924
 2	 31622	 .00504165605882702	 .0233697367119971	 .0155320374827453
 5	 31698	 1E-05	 .00620630701348106	 .00263383267616957
 2	 31699	 .0949717547090988	 .0413506372352191	 .291706776726444
 4	 31705	 .00236200351981147	 .0122311172111553	 .00866013469131321
 1	 31726	 1E-05	 .285125390401811	 .0115285254193175
 2	 31824	 1E-05	 .086804141340723	 .00320815485685233
 4	 31862	 1E-05	 .00504600016253775	 .214616407864643
 2	 31863	 .154646139733605	 .0501384222869475	 .811144108514207
 4	 31952	 1E-05	 .00472721355068915	 .258627547452198
 2	 31987	 1E-05	 .101165323959659	 .204644329012077
 4	 32008	 .00512549540570355	 .00352784115116155	 .933827816019573
 3	 32009	 .00235877122869655	 .00723961975617422	 .0144635485418606
 5	 32027	 1E-05	 .0339953537969491	 .710742603359233
 2	 32067	 .38116735581691	 .0258326352647093	 .922500600778224
 1	 32071	 .00398937820074071	 .0301941835616229	 .00556678683606182
 3	 32166	 .0222296927097366	 .00755200237307527	 .988681924081286
 5	 32219	 .00534446118406874	 .0400608112891834	 .42622339685041
 3	 32262	 1E-05	 .00905582444977171	 .0935508066274797
 2	 32402	 .104842266591242	 .0332408810469722	 .753947106567457
 4	 32510	 .00579324420758852	 .00737993873186723	 .696896859936505
 1	 32550	 1.13018063755888	 .08223638831147	 .979681094031782
 2	 32574	 .0164968698710661	 .0131114403602062	 .459325704024613
 5	 32613	 1E-05	 .128421545932444	 .538491657595879
 5	 32694	 1E-05	 .0925455160522266	 .54533189514038
 5	 32760	 .00209500459579	 .0154218373471596	 .0421844597847072
 1	 32869	 .306265572189305	 .0783482825196404	 .941403482965739
 4	 32899	 .00333571151334268	 .00538488069645018	 .242821656666544
 2	 32935	 .0152744046317051	 .0135264736861139	 .605410988486494
 4	 33162	 .00413826605088427	 .00385607742968005	 .895446404118572
 3	 33347	 1E-05	 .0100712140035148	 .0541407572496688
 1	 33468	 1.55949178390138	 .0746239154208399	 .989944253458972
 2	 33541	 .0164985756977793	 .0454200292463506	 .0683186389849976
 1	 33557	 2.61937902929904	-.196124987522938	 .88411734913357
 1	 33616	 .0640274883120811	 .0223000689272932	 .908243071284927
 1	 33642	 .019399087508096	 .307068428961019	 .000685932532736189
 5	 33872	 .0383467319794651	 .016341531644348	 .619600022128599
 2	 33903	 1E-05	 .0460443396319454	 .0787755341650102
 2	 33927	 1E-05	 .0148705299418513	 .207740993513714
 2	 34037	 1E-05	 .0107005948650527	 .518777947340959
 1	 34140	 .0978451658931445	 .0646276997562076	 .507331357462098
 2	 34162	 .0729757916509551	 .000859937933814787	 .953869838154112
 5	 34189	 .00124058774333735	 .0149465973601587	 .377113122297427
 2	 34258	 1E-05	 .0171200103814725	 .206195369974203
 1	 34265	 .167876796242361	 .0244577132808704	 .668114617524803
 1	 34343	 .0703473061044922	 .0435163999804118	 .181285749409866
 4	 34375	 .0194985458342089	 .0210056883505525	 .77649925056359
 2	 34410	 .565491454562202	 .227538267996341	 .356728503069904
 2	 34437	 1E-05	 .0877053816280203	 .341881711268712
 2	 34518	 1E-05	 .0954825515005507	 .555168860336759
 1	 34544	 1E-05	 .14076929950273	 .724812487163418
 2	 34551	 1E-05	 .0153319490040154	 .6791132955633
 2	 34585	 .114335154484228	 .0583867234472772	 .621892271078556
 5	 34631	 .0720102568426988	 .00698176513198933	 .985248877819231
 1	 34649	 1E-05	 .030891097230506	 .656607329333109
 1	 34661	 .0139262369515371	 .00814484138095893	 .601813991388752
 5	 34662	 .0478815002367449	 .0285663050566337	 .699133946926618
 2	 34716	 .00642582974823161	 .0639901541237941	 .00687758763609214
 2	 34754	 1E-05	 .0232628558759688	 .360276695870343
 4	 34810	 .00353185964658957	 .00659757819331766	 .286393853615463
 2	 34869	 .0032116131115879	 .0140561512121591	 .00593859441946576
 2	 34879	 .0841716753795185	 .0703592929003373	 .755581924475653
 3	 34923	 1E-05	 .00677279487696476	 .647571118486484
 1	 34935	 .00155306012041982	 .0155007651467227	 .0545697457497506
 1	 34949	 1E-05	 .0196964915057346	 .910187969304564
 4	 34965	 .00102517531242495	 .0157437630570757	 .819085738589389
 2	 34977	 .00938602304542849	 .0092168366212921	 .427630700127725
 5	 35002	 1E-05	 .0257620515229466	 .761012537096853
 2	 35072	 .0336239528386732	 .0259808963224674	 .276259102509354
 3	 35085	 .00458702677651926	 .00701078816538249	 .822197137780406
 2	 35143	 .147632019218442	 .0167615262750707	 .839857562335352
 2	 35236	 1E-05	 .0107699402295645	 .00363347340552944
 4	 35246	 .00869958881501079	 .00464166155764573	 .63329198283426
 5	 35248	 .000566173850832925	 .0115569480289237	 .0240063073417409
 2	 35284	 .593715991106242	 .0718894698425807	 .983089295015562
 4	 35346	 1E-05	 .029275281779886	 .463798918939059
 1	 35358	 .029486687572373	 .0207452629100286	 .999227779572957
 2	 35373	 .00605823170911223	 .123787250687831	 .00168505382553119
 5	 35437	 1E-05	 .0234664793543745	 .00190195879333543
 3	 35461	 7.82244583139037E-05	 .0127633215552689	 .000144333440971978
 2	 35527	 1E-05	 .144796768757804	 .494551964213363
 2	 35558	 .00764694353218447	 .0191719875006802	 .0163183698877508
 5	 35579	 1E-05	 .015079771221176	 .853451028872427
 5	 35583	 1E-05	 .0595865048844021	 .251505769537957
 4	 35584	 .0189785741572293	 .0452681083062393	 .056858139993696
 4	 35614	 .0524492824575338	 .0033776370037746	 .828655509186966
 5	 35656	 1E-05	 .00887180524098806	 .142383386974408
 2	 35690	 .263675472488814	 .0737569887008556	 .772207727194946
 1	 35702	 .108416223708024	 .0242885214109595	 .864227336345424
 1	 35709	 .0251064125798585	 .00933296442389558	 .903115333695668
 5	 35744	 1E-05	 .0435919313068256	 .29462284776605
 5	 35782	 .0280034074756659	 .0218253383444437	 .34200655421553
 1	 35860	 .037142542538486	 .0164675330093134	 .999456639217098
 1	 35868	 .0112627324880421	 .00899592408356901	 .547821885843236
 3	 35909	 .092854228959297	 .00130630612618669	 .995732809535153
 5	 35912	 .00258684992451629	 .00844370311130701	 .692615878094041
 5	 35969	 .0628218665335468	 .0142774830919895	 .932305805753664
 5	 35987	 .030274255947309	 .0169623543956785	 .99903193817321
 5	 36113	 .0891504726747354	 .0232678109244684	 .535965643617961
 4	 36150	 .00233560158303274	 .0210936156345997	 .0346039088604876
 1	 36176	 .0231733096530826	 .00868969907045891	 .564996266694918
 1	 36193	 1E-05	 .00628360931134295	 .00893103203101264
 5	 36202	 .000730812655253129	 .0127215145824366	 .00539036184206931
 1	 36253	 .0697965980015179	 .00648836854009939	 .986750189660861
 5	 36306	 1E-05	 .0608212223788042	 .19826228442824
 1	 36322	 1E-05	 .0623894716041875	 .233402319046955
 5	 36330	 1E-05	 .0099895421324855	 .390427447258467
 5	 36422	 .120983919179084	 .0409652770858239	 .603325145310748
 1	 36477	 .0274062991469034	 .0333293239293129	 .363718298934199
 5	 36585	 1E-05	 .0249415062237336	 .0291918551359075
 2	 36657	 .0547306496950904	 .0166040072817041	 .247311238170075
 1	 36679	 .0101861153268334	 .00802074291712749	 .856728153797268
 5	 36693	 .0072511795816878	 .00996959878936179	 .69292365817425
 3	 36787	 .00398865622340615	 .00621448170320028	 .555932605779069
 4	 36793	 .00633324631157372	 .0136045176285701	 .412688328981475
 3	 36842	 .00130654543084655	 .0152879773307766	 .019138410655563
 1	 36862	 1E-05	 .00627735557190928	 .218838686228369
 5	 36868	 .126738104345431	 .0343853697302105	 .913784149240209
 3	 36892	 1E-05	 .0120561494242009	 .116939946128727
 2	 36933	 .07473699352721	 .0458114276854233	 .351115715952649
 1	 36989	 1E-05	 .0553115904859351	 .116388653533476
 2	 37024	 .0385713909836303	 .0293483684408621	 .807775323744567
 2	 37032	 1E-05	 .0117881393920824	 .107986662817637
 5	 37041	 .0228519125272922	 .0169503446726126	 .310665357980673
 1	 37185	 .101568391008581	 .0311823567842254	 .668953950106318
 5	 37200	 1E-05	 .0244872010017682	 .24614487382026
 5	 37204	 .00185510620467968	 .0090724298921453	 .572329690428594
 1	 37280	 .0112425960442466	 .00830319209736171	 .558237695529717
 3	 37381	 .0030941892103769	 .0033893052398781	 .627278553845415
 2	 37407	 .12941724913996	 .0245126584411089	 .991974599085866
 1	 37500	 .00616191000808348	 .0106699777538495	 .171902569881829
 2	 37608	 1E-05	 .0908350133969918	 .362553931146209
 5	 37633	 .0286290641436886	 .0099453818160578	 .332616510463015
 4	 37731	 1E-05	 .0387852145681383	 .392216101351852
 2	 37801	 .0150932161414026	 .00325038955620547	 .623595854519297
 3	 37956	 1E-05	 .0352201199078877	 .924090053258301
 2	 38023	 1E-05	 .0332737547578643	 .0738169536534262
 1	 38027	 1E-05	 .0104148840617691	 .0562426628593208
 4	 38059	 .015093704263738	 .000426352069977925	 .920122451782738
 1	 38145	 1.39903774145884	-.0280893976924958	 .964525718919215
 2	 38273	 1E-05	 .0228341465592684	 .152212603093171
 1	 38281	 1E-05	 .0125864234113077	 .000871300479867831
 4	 38396	 1E-05	 .0418205136023714	 .168324306447786
 4	 38408	 .0077987340065647	 .0203886081541026	 .159150888993348
 5	 38420	 .00465166328969474	 .0208983488353855	 .0157927863989943
 1	 38435	 .0532917979184737	 .0245983714015472	 .962328853562053
 1	 38550	 .191678716588545	 .0701104507700225	 .909267970072537
 1	 38579	 1E-05	 .255804559024277	 .313627425777123
 1	 38606	 .00690573091610086	 .00117218162691112	 .832704249459203
 1	 38645	 1E-05	 .340445759470318	 .084502473711851
 5	 38660	 .413054011890398	 .0152730509469428	 .96956452824742
 4	 38693	 .00454847171129141	 .00345631136289616	 .714535732178682
 2	 38728	 .352027392918245	-.0247090970560671	 .999243823134732
 1	 38752	 1E-05	 .0537632701657104	 .437746944584553
 2	 38792	 .155687245018617	 .0274137019658651	 .888502047066173
 4	 38805	 .0132199808643206	 .0231137024799954	 .920591561817753
 2	 38969	 1E-05	 .119914999174062	 .0158924976562904
 4	 39221	 .0072005163803829	 .00296083892141472	 .349729555469779
 2	 39226	 .609925699405752	-.00486840265942645	 .988719246330712
 2	 39305	 .00219669116782072	 .0427520727207261	 .00843876088212148
 1	 39312	 .13618728741141	 .0189342499933249	 .848967159706674
 2	 39313	 .0195817266779597	 .0358588923580333	 .0522712129745149
 4	 39357	 1E-05	 .102042092419617	 .605587928128341
 5	 39374	 1E-05	 .074424218682366	 .215316864889418
 2	 39412	 1E-05	 .0389292572028312	 .332067090252707
 3	 39447	 .00517174337679671	 .0104106608261202	 .0459579136446424
 3	 39480	 1E-05	 .0238536737297016	 .140440962791261
 4	 39481	 .0589990730012052	 .0203759723632968	 .73918739857725
 3	 39485	 .0137925425037917	 .00515933297643905	 .783653606526029
 2	 39516	 .0765512960174025	 .0424885500157078	 .820815834910401
 1	 39562	 .00535037323959483	 .00416554642284587	 .949417006998707
 3	 39564	 .00305203581696973	 .0104239720814463	 .180796262886755
 4	 39576	 .0494077897199591	 .0133631724936679	 .77904371125566
 4	 39579	 .0994200022271481	 .0112070127937136	 .846205145680938
 3	 39659	 1E-05	 .010675978492867	 .136076625061551
 4	 39735	 1E-05	 .0571060369587644	 .110242941168426
 3	 39759	 1E-05	 .0267168430250276	 .0926175980744239
 4	 39778	 1E-05	 .00636669546945639	 .0164426714191112
 3	 39892	 .0299207665048375	 .00955125475256708	 .782666740965445
 2	 40011	 1E-05	 .020852864053582	 .0334584091047879
 2	 40100	 .00683863479931149	 .00948457434562946	 .267526616415605
 5	 40139	 .0628424344615821	 .0203160264064407	 .986255561950224
 3	 40151	 .286579276078505	 .0637579314019065	 .899394055862801
 2	 40220	 .00261106571415183	 .00398681646459194	 .120747248720891
 5	 40225	 .0355021896013971	 .00117255401122004	 .494719894204932
 1	 40277	 .0724724348604623	 .0327997195835995	 .983055387124257
 3	 40297	 .0447996599884083	 .00449364299503908	 .919506945580349
 1	 40355	 .00165513085318017	 .029069300823327	 .893827304372069
 5	 40391	 .00421887914593974	 .00571254311342909	 .454572358738634
 2	 40441	 1E-05	 .0275603570696906	 .779445846714031
 5	 40473	 .00334207473222512	 .0141847556041823	 .864784722118331
 2	 40482	 .026082120071154	 .0352670900399748	 .373961338691746
 5	 40574	 .0195908417815657	 .00467892850381608	 .958184152198263
 4	 40584	 1E-05	 .00598398551888884	 6.78048711177937E-05
 1	 40612	 .0732326431684127	 .035975401101577	 .734381165093993
 1	 40653	 .258965899471999	 .0493625699770571	 .956212943420096
 1	 40692	 .105095784914604	 .034419881181542	 .750912735795984
 5	 40736	 .00484389056252413	 .0079789692799172	 .123243974659126
 2	 40742	 1E-05	 .0200182385380885	 .726968596387163
 1	 40774	 .155990211049859	 .0207193100220645	 .974944944728065
 4	 40785	 .00293858582850081	 .00482911461021945	 .627550249457594
 2	 40825	 .0874834728425294	 .032683894173148	 .685779720160429
 2	 40938	 1E-05	 .0194765242957986	 .431869378774737
 1	 41029	 1E-05	 .0509747104479379	 .571665773854994
 2	 41032	 .0143629198022882	 .00437528754796055	 .890993800845902
 1	 41046	 .016012764977496	 .0290398225151457	 .0496162247139136
 2	 41095	 .00545997672632458	 .0100644386268337	 .071572986095404
 2	 41159	 .0267573867423316	 .0469422374346267	 .983306338205881
 3	 41265	 .0325997906431435	 .0127745073727715	 .328866115624238
 3	 41325	 .454445502569378	 .133838071311627	 .951271116486705
 1	 41350	 1E-05	 .191709909279222	 .276049242982543
 2	 41375	 .119728610577369	 .0536949055104535	 .527982740501343
 1	 41420	 1E-05	 .005142061976247	 .0145402073635368
 4	 41447	 .0222172610643671	 .00827500719442722	 .8681809471405
 3	 41456	 .058478233505182	 .0770519726254336	 .210472123081375
 2	 41504	 .188907523932413	 .120677733782097	 .578494103523702
 1	 41530	 1E-05	 .00585295910562371	 .000874296475786296
 5	 41531	 1E-05	 .0079451154492248	 .28610098180342
 3	 41561	 .0989570355902703	 .0102895941302174	 .979432754418462
 3	 41585	 .722056619317793	 .125328500253556	 .60433841500255
 4	 41593	 .0103900928354855	 .00148053539009818	 .996801144805546
 4	 41614	 .0109898318152047	 .000750994124022154	 .475718589675997
 5	 41642	 .00851166754830467	 .00986599290214144	 .879259268931009
 2	 41654	 .0758255403045451	 .031659671504972	 .382008675325211
 2	 41698	 .00661019821340506	 .0874486740506958	 .00974688285332881
 5	 41726	 .00920456877705287	 .0139862359348923	 .215361855025574
 2	 41745	 .00196064139593522	 .0174986115278035	 .0162761507919281
 5	 41885	 .06490994401705	-.00232044460872047	 .991623554166725
 2	 41912	 .0113256453992604	 .0325277829523898	 .0746359508555022
 2	 41918	 .0412496149650932	 .0305517421502622	 .465211393891994
 4	 41970	 1E-05	 .0562127015148546	 .69488377900957
 5	 42090	 .00762671138434823	 .0116193895322519	 .149463152716928
 2	 42097	 .0220990448139486	 .000305518865370691	 .971636045282176
 2	 42124	 1E-05	 .0169926088489636	 .0247735763620885
 2	 42225	 1E-05	 .0281157172461465	 .474714068171574
 4	 42283	 .0294078446697932	 .00641010698220384	 .969643229539394
 2	 42356	 1E-05	 .106858262372775	 .404984157154356
 4	 42375	 .00111013128936898	 .00279516815496201	 .356112536664141
 1	 42396	 1E-05	 .0951027309042655	 .707773372406352
 1	 42423	 1E-05	 .0413219064972929	 .0903593557496609
 2	 42502	 .00303909106221568	 .0412008021084573	 .0414947037284384
 1	 42525	 .039718161716264	 .0252818909097245	 .337920623235832
 1	 42629	 1E-05	 .0503098665789677	 .0416751612167831
 1	 42633	 .00222040002149134	 .0437502621246394	 .0195787184245324
 2	 42733	 1E-05	 .0649564292745366	 .0234267457664037
 5	 42748	 1E-05	 .0146829545848984	 .00690181588558036
 2	 42824	 .0757480758479547	 .0597938556004359	 .262320189019755
 3	 42838	 .00193657382435656	 .00313575462424584	 .0976901191767463
 2	 42893	 1E-05	 .0512194914331498	 .605726569371765
 4	 42910	 .0341324396550529	 .0076433918149208	 .958967673897208
 2	 42962	 .00429872392247563	 .0326707909866604	 .0284130129657042
 2	 42990	 1E-05	 .0135353474524916	 9.03689593432233E-05
 2	 43017	 .177247558743729	-.0148486474058993	 .970774758957357
 1	 43025	 .907097485049119	-.0276547920621612	 .969893611162828
 2	 43118	 .000832379740294052	 .0167610408621512	 .000637193175643591
 5	 43136	 .0482058698555034	 .0160636491429226	 .91947524157891
 3	 43161	 .0174788474269805	 .0306667820023182	 .259087647737382
 2	 43169	 .0328904330037495	 .0109980489252778	 .810553599217601
 4	 43208	 .221139410110839	-.0150022186192047	 .94001454195275
 4	 43231	 .0387372580440904	 .0209227332175639	 .994169436989178
 2	 43345	 .033051682633535	 .0103873113079949	 .819959091167464
 2	 43430	 1E-05	 .0229082432225449	 .187792975790912
 4	 43441	 .11325589851609	 .010832935231596	 .993600594146668
 3	 43464	 .0312647241573162	 .00840355949670683	 .440266266598702
 4	 43478	 1E-05	 .0277568940854018	 .307383691987037
 5	 43570	 .108812036295619	 .0140031987253032	 .884395373054204
 3	 43629	 1E-05	 .00667786592040247	 .0259723876886028
 5	 43681	 .0597798214503971	 .0562488694632041	 .534864746143055
 2	 43682	 .0321575624348994	 .00356966550278134	 .614318254014435
 3	 43756	 .0175178845868654	 .0104407625321033	 .436572848365832
 2	 43766	 .0310933773587714	 .0461765589705154	 .286304386363626
 4	 43841	 1E-05	 .0104048821361499	 .021180740578492
 5	 43864	 1E-05	 .0700894415706488	 .232833135607462
 2	 43880	 1E-05	 .0136149403004991	 5.23246509454012E-08
 5	 43900	 1E-05	 .0916648231704651	 .280113896249865
 3	 43905	 .0119034525713604	 .00520487827478586	 .776940557514789
 3	 43935	 1E-05	 .00894627903767247	 .206225709378962
 1	 43985	 .199908848011105	 .173278172375943	 .346374640208901
 1	 44131	 2.6387617372258	-.212428839579534	 .950377345075105
 2	 44139	 .0726305467311232	 .0762069549147142	 .538399819760383
 3	 44151	 .0112461932024982	 .00614762751327819	 .552505902020734
 1	 44239	 1.83746284647746	-.100834908984301	 .97787635382998
 1	 44253	 .00673552148427899	 .0131678978811868	 .0845305889356901
 5	 44283	 .72414707224756	-.0557141067186646	 .928921027800859
 2	 44301	 .000264215959637538	 .0119475607411544	 .00214110477011253
 2	 44302	 .0624414091980433	 .0764097902371519	 .297866443493574
 1	 44317	 .317871148335408	 .0559153487580858	 .748690455968243
 2	 44432	 .1203328947031	 .0254713793437551	 .598812737590988
 4	 44453	 1E-05	 .217606821663946	 .0176953031717983
 5	 44609	 .0360167309911943	-6.50290966658009E-05	 .844907874959631
 4	 44615	 .016535366333339	 .0150530914436754	 .941655639062656
 5	 44631	 1E-05	 .0160216383492108	 .239183545877729
 5	 44635	 .142894094247294	 .124198476468983	 .394525226904084
 3	 44637	 1E-05	 .0139332335776341	 .0622637777394559
 3	 44646	 .00458478984717381	 .00536656700881365	 .59039592269192
 2	 44651	 .010854760173964	 .0145285931426183	 .121099216863382
 2	 44667	 1E-05	 .0136314712387443	 .0514863424232563
 3	 44709	 1E-05	 .0106924471116304	 .777167764189662
 3	 44711	 .0042034924260235	 .0166959209532461	 .377322064075536
 3	 44722	 .112536031038036	 .0169259877762806	 .92726339802407
 5	 44732	 .727512532818577	 .0154033617155032	 .892253445644788
 1	 44780	 .00762555124073583	 .00596364826623176	 .61393287955718
 4	 44795	 1E-05	 .0193069646122322	 .100444370033485
 2	 44844	 .0257891607856113	 .00842517364395673	 .754934154805562
 5	 44869	 1E-05	 .0358155366188788	 .241208199522599
 4	 44904	 .124094685149551	 .0514123293959187	 .710545727185822
 2	 44961	 1E-05	 .0150832468249949	 .299010592666575
 5	 44962	 .0936511174263276	 .0139113222129925	 .734561933398409
 3	 45021	 .109539802691428	 9.15417911253163E-05	 .986001659682672
 3	 45051	 .0177187769028628	 .001634880592844	 .970774513002457
 5	 45064	 .0227049893186037	 .0148575776655341	 .272402772956711
 3	 45094	 .0129832672965089	 .0156088433387553	 .473268539663508
 2	 45111	 .0153356056081181	 .0107969216207715	 .923378339352063
 5	 45129	 .116695511069106	 .0259843120486681	 .836929055086854
 5	 45155	 1E-05	 .0878638649983224	 .320654502491536
 1	 45330	 .00401359806324062	 .00434261965296156	 .998105246936784
 5	 45485	 .330961769393242	 .122122053533204	 .569927353747444
 5	 45583	 1.0025485641502	-.0455050373258667	 .99318625385283
 3	 45637	 .0283341736353031	 .00802087249901883	 .756969193897887
 5	 45644	 .109722303050252	 .0196400055929941	 .831803241956088
 1	 45690	 1E-05	 .0123516427768777	 .41799703708871
 2	 45710	 1E-05	 .0215065125267261	 .0828127646305392
 2	 45779	 1E-05	 .0200654675919439	 .16106366933837
 3	 45805	 1E-05	 .526210505089921	 .0729178839903433
 2	 45831	 1E-05	 .0232976062444975	 .0202440111928326
 5	 45852	 .0057511579460469	 .021046707438551	 .0274759943351799
 3	 45854	 1E-05	 .0386317413544017	 .101308351579239
 3	 45896	 .0308575778890513	 .00896356362393249	 .696563370836677
 2	 45932	 .0542779295363816	 .021567273402769	 .809764898895459
 5	 45940	 1E-05	 .0133690297042157	 .00267058577364632
 2	 45942	 .103949902448376	 .0615671828342269	 .344083886168897
 2	 46027	 .186032039044627	 .180104139998211	 .119719446747033
 2	 46101	 .0401142221902504	 .150962127508543	 .0386653042028204
 2	 46103	 .01795425227418	 .0564234227590624	 .178500017761216
 3	 46110	 .00393087681367869	 .00886039017559575	 .0880507228611874
 5	 46115	 .00659701157233606	 .0161106520363337	 .128643482387954
 2	 46159	 .309088349523036	 .0444469566000686	 .577650199626655
 2	 46164	 .0378328793890627	 .0135571054746978	 .627292576649866
 3	 46189	 .00186787703479631	 .00715174066731251	 .106030134431316
 1	 46190	 .0128562765489431	 .0472527792539478	 .0781529916571854
 2	 46318	 .00629868155682766	 .0622127378552601	 .0060889247350181
 5	 46328	 1E-05	 .0401658336920152	 .0149705991734098
 3	 46365	 .488501413478062	 .0822734325029124	 .445490061842481
 2	 46379	 .00104314471216984	 .00760500523362286	 .0176924815730437
 3	 46471	 1E-05	 .0110839048719556	 .0151496231697039
 1	 46484	 1E-05	 .0154071322558478	 .251922147201798
 2	 46495	 .0170953094762641	 .00493318134956082	 .742082772654496
 2	 46514	 1E-05	 .102369602293485	 .306229578939316
 1	 46558	 .00363595349431205	 .0159636899934982	 .202951357743688
 5	 46585	 1E-05	 .0483815095370758	 .690046906009713
 5	 46603	 1E-05	 .0432426790362303	 .443636761920621
 4	 46621	 .0356537978769363	 .0187578525022466	 .916791191452265
 1	 46624	 .0523611602883891	 .0292941516731672	 .586306368740422
 3	 46635	 1E-05	 .0930857208383734	 .0176040800722744
 2	 46688	 .00612543324876851	 .00998589137100611	 .170402126197049
 5	 46723	 9.04177160246135E-05	 .0242318267174002	 3.0902357794016E-05
 1	 46725	 .00378182601752657	 .0241749987463577	 .313799014211029
 1	 46726	 1E-05	 .0461106798013002	 .788257698204182
 5	 46815	 .0648105433781755	 .0302339542792981	 .74452436671879
 3	 46840	 .452068932106319	 .0364591756362038	 .990319747289163
 4	 46874	 .00661819007701901	 .00793625331199201	 .1550723452157
 2	 46876	 1E-05	 .0411793691485523	 .00427629991025491
 3	 46910	 1E-05	 .169695994324293	 .328701380967544
 3	 46914	 1E-05	 .0904427111315875	 .0318082904493812
 2	 46962	 1E-05	 .0155316526175045	 .685396251038619
 3	 47032	 .0488214220008203	 .0147968280300489	 .913543727279299
 2	 47038	 .0680050581156899	 .0174501184886024	 .988434798165632
 2	 47050	 1E-05	 .0184781147325395	 .40056936537144
 2	 47063	 .00911761063530508	 .0148108039922791	 .613575770628232
 2	 47121	 .00216260428687046	 .0196485066311144	 .00969871836670344
 5	 47157	 .00743521372574353	 .0264717939616326	 .166843092546204
 3	 47218	 .00757445658802755	 .00618190960807849	 .989088253528055
 2	 47253	 .011645585175795	 .012243611521872	 .796254368027928
 1	 47264	 .0299494011965576	 .029755075024799	 .657544345793837
 3	 47266	 .00946753483415553	 .110839311216953	 .00146839528367781
 4	 47287	 .0129661461331008	 .0133118622144714	 .898841112507399
 1	 47292	 .047434516742359	 .0214886475758308	 .939787076932028
 1	 47386	 .285419548166775	 .0489150824423552	 .808305009364038
 4	 47391	 .0190355635929061	 .0257515232118371	 .193456970764541
 5	 47392	 .00346205254122585	 .0185492640966228	 .00783368338597568
 1	 47430	 .0734472247310193	 .0180652404788608	 .780439906325151
 2	 47465	 .334050876175969	 .103337154735342	 .701612425367916
 2	 47485	 1E-05	 .0299128115413943	 .0847288197257237
 1	 47506	 .00538283023722862	 .00994847843229448	 .534385421301689
 5	 47517	 .0233406223938866	 .0155097407156053	 .711453397792079
 1	 47531	 1E-05	 .212087749170607	 .0154196382075804
 4	 47544	 1E-05	 .0363593910962079	 .457008529945416
 5	 47585	 1E-05	 .0134683652014094	 .195405203203757
 1	 47594	 1E-05	 .00441283240444127	 .0541198453162979
 4	 47605	 .0302209884524035	 .00211584433577621	 .94835153748293
 5	 47628	 .0204016979424383	 .0240984754070406	 .981631054886957
 1	 47629	 .0206506397177473	 .0330283731258697	 .600134224263918
 2	 47644	 .0236613682731864	 .0102261796911418	 .96900065865641
 5	 47710	 1E-05	 .0221804870036964	 .000736616411183499
 1	 47755	 .232599915049759	 .199143524341937	 .31920695560093
 5	 47779	 1E-05	 .0177768097599829	 .0882452791833589
 3	 47780	 .0262291869508472	 .0102305386043874	 .697207186326229
 5	 47895	 1.82873045187613	-.0498273862333023	 .972762553807659
 3	 47899	 .0167705831328739	 .0111436474952861	 .713324625937676
 2	 47973	 .0285573911503145	 .023973055747191	 .773232231473362
 3	 47988	 .349008077880992	 .00351623669103928	 .997839175590243
 5	 47990	 1E-05	 .0965578525610604	 .94751875362896
 4	 47994	 .000381687248416984	 .0033800760176331	 .0150190264147889
 2	 48007	 .480020395381038	-.00508856480372683	 .986582077036999
 1	 48028	 2.93117760612613	-.215354038570129	 .955356881766223
 5	 48102	 .0200627561948249	 .0125824881994708	 .663383325601665
 3	 48123	 1E-05	 .0338098807954003	 .0127986206919835
 2	 48185	 1E-05	 .278913365450995	 .521301653656137
 2	 48215	 .706013615060537	 .0188459351289125	 .998092447392214
 3	 48220	 .0866231257538172	 .0612457329137587	 .602004494589469
 2	 48224	 1E-05	 .0390921096748543	 .20666736668093
 2	 48337	 .161644146367502	 .0382120215697259	 .673735565138678
 2	 48344	 .00605308780836374	 .0239677841608517	 .368006249498903
 2	 48359	 1E-05	 .0260805799619391	 .000116998470224838
 3	 48387	 .000457441021489893	 .0060193984419291	 .0437791948987498
 4	 48405	 .00367796374945584	 .00580298044146612	 .278526927864943
 3	 48419	 .000924960836340985	 .0140816610388816	 .000586673785709424
 2	 48484	 .335472486534013	 .0688380043646855	 .915351149696278
 4	 48518	 .00647510158846957	 .00366103977929384	 .948259620589229
 5	 48533	 1E-05	 .0100880625395208	 .448715077920938
 5	 48557	 1E-05	 .0321151091339026	 .156955815992209
 3	 48575	 1E-05	 .0080814291124234	 .276788952248111
 3	 48588	 .00572497063789726	 .00741836168957312	 .309245173277199
 2	 48599	 .00937690903066939	 .0116629779252148	 .251143879758629
 1	 48618	 .00797277594055543	 .008638398273015	 .856354571326347
 5	 48733	 .0165208903590657	 .00794177998050448	 .415710096014816
 2	 48739	 .0358005819962793	 .0942575055223873	 .116771341635838
 5	 48746	 .0156773944604258	 .0347566374009485	 .53463524183203
 3	 48780	 .0733984192548523	 .0833702377201375	 .186039075639672
 1	 48808	 .707120096609863	 .0945440013326013	 .953699098933549
 2	 48873	 1E-05	 .0101109255837884	 .0471553855560732
 1	 48938	 .0183152308651851	 .0312215992014838	 .28557542882839
 4	 48983	 .000346187426600325	 .00242827688598445	 .108903405494566
 3	 49003	 .00786085640112518	 .0369927753982892	 .0530903503348306
 2	 49021	 .00291279617484202	 .035597133251873	 .0134712998398621
 1	 49034	 .0350485170317922	 .070122651062125	 .161412286052621
 4	 49173	 1E-05	 .0156435787861287	 .0964485492717353
 3	 49192	 1E-05	 .00626762226695726	 .0034272329354641
 2	 49226	 1E-05	 .0500703438221878	 .420199551303975
 4	 49282	 1E-05	 .0110147642883486	 .247684526806246
 3	 49333	 .00204143408676135	 .00399107565181539	 .0489794677095358
 1	 49426	 1E-05	 .00533684171621641	 .487401744421529
 3	 49428	 .00580474591942354	 .00442894291462082	 .629817640896081
 1	 49459	 .691099264550145	-.00686235871824021	 .982709541493109
 3	 49470	 .380432568829194	 .144640931154854	 .714230700334232
 1	 49478	 .0113646197591829	 .00624177337854297	 .832717844107807
 2	 49519	 1E-05	 .00925410280153675	 .525847069177017
 3	 49520	 1E-05	 .00903824040025142	 .986376675218025
 2	 49526	 1E-05	 .0477281022448724	 .295271306565467
 4	 49563	 .000864120507915989	 .00649968764539354	 .0239540175296377
 3	 49636	 .712960635950359	 .0134328712969649	 .966481124120305
 1	 49643	 1E-05	 .0546411375445692	 .0920125599272631
 4	 49680	 .000524698514999148	 .0109814705151297	 .000854002731917269
 3	 49768	 1E-05	 .0100444211031811	 .222165358038823
 2	 49780	 1E-05	 .00919600262939912	 .0165339233561081
 4	 49787	 .00156641858735385	 .00921035483755458	 .166876375871186
 1	 49808	 .00565238874531903	 .0193368821113547	 .122693928023577
 3	 49853	 1E-05	 .0103359058140972	 .192797834397232
 2	 49858	 1E-05	 .0540405739145181	 .673357652844846
 4	 49912	 .00259211676234014	 .00493820225868344	 .240427746889761
 3	 49940	 1E-05	 .0480887201474929	 .0959676482276618
 1	 49968	 .0130397737843568	 .0186283188448299	 .227187914932212
 2	 49986	 1E-05	 .046301045741421	 .419812456253496
 2	 50033	 1E-05	 .0505501422991155	 .329084621753196
 3	 50132	 .000521892855998852	 .00906169741587496	 .000643846611797172
 2	 50145	 .0571438631494943	 .0541274967741994	 .753777330640995
 4	 50174	 .000895271723754191	 .0117710471075521	 .0183638941042332
 3	 50181	 .0939557336566967	 .0713508827798126	 .583790294298
 4	 50221	 1E-05	 .0745304035613159	 .149062749843227
 3	 50293	 .0310294511146866	 .0137758665022779	 .912305153406302
 2	 50383	 1E-05	 .0351057987364625	 .338759817649962
 3	 50415	 .123608505223153	 .0339289284905538	 .485682680427937
 1	 50437	 1E-05	 .0189482024786385	 .0811335261269418
 2	 50493	 .059004343445109	 .030262504181769	 .802935860786344
 2	 50506	 1E-05	 .0353875908526409	 .761183435542116
 1	 50547	 .0330974210117232	 .00210033396301235	 .979333104722695
 2	 50612	 .0324910690065349	 .00402589217838714	 .576311100678873
 3	 50623	 .00366010718329642	 .0126080234511225	 .158389497877845
 2	 50636	 .0163160423269183	 .0106826636062223	 .72661481654606
 2	 50659	 .0931293216802247	 .0385955395961883	 .977723692922761
 1	 50696	 .00394438751433423	 .00379260835427208	 .805647526844336
 1	 50783	 .0103497051548543	 .00485996634135743	 .862419436051454
 4	 50808	 .00662058765318656	 .0152697709794799	 .0181726017912535
 3	 50845	 .00470472435254646	 .0144728116272533	 .152929022970401
 2	 50910	 1E-05	 .0339311635449882	 .454951883579859
 4	 50935	 1E-05	 .0266547258561988	 .000278743540885973
 1	 50958	 .0486002575188488	 .0200885480750111	 .785260850911298
 2	 50991	 1E-05	 .0310517353382765	 .522667973158338
 1	 50992	 1E-05	 .0239372511241178	 .2563650341099
 1	 50993	 .176382041303826	 .262756891259602	 .0536116792171386
 4	 51063	 .0481666590298595	 .0159379740560677	 .891129465253756
 2	 51079	 1E-05	 .0286589130778422	 .011643885526041
 2	 51203	 .0118962073964125	 .0188233922773913	 .0336395378526615
 1	 51298	 .00080083018405416	 .00729122752580182	 .00628148293938591
 4	 51328	 .0278882769428485	 .040769901918671	 .537250977437895
 5	 51352	 1E-05	 .00690369455463432	 .11804858292974
 5	 51389	 .0141193997430664	 .00446262445921521	 .497495300737472
 2	 51431	 .00500763599297624	 .0273401441470238	 .0442342905476857
 2	 51432	 1E-05	 .041329492081965	 .525900498051594
 1	 51464	 1E-05	 .00665087056808165	 .41790958417563
 3	 51480	 1E-05	 .0388754525070384	 .000642427251982602
 2	 51548	 .189735908201756	 .0140309671567813	 .830622784290136
 1	 51564	 .0264794445036026	 .00840547140091452	 .890328856389817
 5	 51586	 .0169722231325877	 .0206260846136653	 .469310946981871
 1	 51629	 .020437982852455	 .0182812812652721	 .704307880743203
 3	 51671	 1E-05	 .0281233848696868	 .316039153591817
 2	 51675	 .0441074582787801	 .00681974060833985	 .836336287681587
 2	 51683	 .0416334395334728	 .0335619942695288	 .687187745000601
 3	 51719	 .0166534876295211	 .0125007478809903	 .791674664268423
 3	 51755	 .0171663909008867	 .00576853427588374	 .909678448199495
 4	 51783	 1E-05	 .00521691008604042	 .00118820727950408
 2	 51868	 .0292931298447518	 .0255404703471545	 .918094108039313
 5	 51873	 .0261550910166015	 .0115985805597651	 .591124334461186
 4	 51949	 1E-05	 .0404017197104489	 .305257655090115
 2	 51960	 .000244481293038813	 .0169196189931345	 .000273214714322179
 5	 51968	 1E-05	 .0173448322022026	 .731792248576111
 1	 52036	 .0722010689548202	 .0298184956382897	 .816199409650526
 5	 52075	 .0220965253182933	 .00652158036862166	 .924029830601709
 2	 52085	 1E-05	 .0430462519374205	 .0845940668251756
 2	 52093	 1E-05	 .0262665710807135	 .708838787109943
 4	 52143	 1E-05	 .0382620277471391	 .0265211932793668
 3	 52164	 .00834327156257349	 .00848009992891647	 .866588404549561
 1	 52232	 .0256113213207011	 .0221012733968503	 .965901689405774
 5	 52248	 1E-05	 .00432899263838158	 .387368024455767
 2	 52323	 .00177505090806524	 .0326414197068913	 .0518096892923716
 5	 52364	 .0130512031647633	 .0133126137410136	 .921902672077334
 2	 52425	 .00172421013282003	 .0121842868700365	 .0167688276594404
 2	 52561	 1E-05	 .0902151283842949	 .967385068772296
 5	 52625	 .00338010858592733	 .0133327526657209	 .0902171294729484
 2	 52643	 .0103025974004508	 .0132274219387293	 .688777886405458
 4	 52656	 .0061635866265858	 .00668846447341668	 .750646681969315
 5	 52676	 1E-05	 .0181138628019788	 .111130725526808
 2	 52693	 .281744669981039	-.00777825216324854	 .920333910750591
 3	 52821	 .00348043889046889	 .007072532510234	 .242596141468155
 2	 52823	 .437355072344385	-.0201427551086448	 .980422541163908
 2	 52889	 .334434734635535	 .0406296022591744	 .958390331629342
 5	 52906	 1E-05	 .01394974372678	 .0108724928551438
 4	 52947	 .0191866255894021	 .00549475107160725	 .884901604118008
 5	 52965	 .11274377016655	 .00104891777521223	 .907906635106058
 4	 52993	 .0323251088713971	 .0238569873615859	 .999287723862624
 1	 53007	 .203799589566426	 .0286856583433554	 .761335371455397
 2	 53013	 1E-05	 .0137071213840754	 .0176672214411228
 2	 53015	 .154662371376547	 .0340547799382595	 .698267960543513
 1	 53056	 .637817706072159	 .0124852261116439	 .995230088365778
 2	 53121	 1E-05	 .0678356606703728	 .0270633290051785
 1	 53200	 1E-05	 .0878522466825181	 .0643122803707402
 3	 53243	 .00251635498216269	 .0056730562670351	 .306105843742861
 2	 53278	 1E-05	 .0250483314506208	 .0056296054939946
 1	 53293	 .00192816935003817	 .05108093415597	 .000922068028505363
 2	 53380	 1E-05	 .0256637763452353	 .41831305959076
 1	 53429	 .127114944751701	 .096244451992644	 .494348675182712
 2	 53508	 .0512565947132504	 .0403650406143743	 .578744700183461
 3	 53538	 .198717488067221	 .177667900783274	 .283712912442703
 2	 53666	 1E-05	 .0146023221812602	 .235400378187114
 5	 53739	 .00135456620712459	 .00901211051308634	 .010463127046288
 3	 53763	 .0247569394277628	 .0132331667912384	 .668853906685859
 1	 53772	 1E-05	 .0450872299807297	 .323365502667575
 5	 53824	 .0131717395556548	 .0156378234006657	 .848284768767896
 3	 53828	 .0571427408787656	-.000848112540822584	 .980603988079496
 1	 53850	 1E-05	 .293150037208949	 .0412782306146439
 2	 53914	 1E-05	 .0328277981136612	 .122273230220797
 3	 53952	 .000758388849245675	 .012856292262978	 .00692897316551566
 5	 53956	 1E-05	 .0227098854222373	 .0269586834659953
 2	 53979	 1E-05	 .0403693345536017	 .401119258400573
 5	 53988	 .0132932692862058	 .0124552988310894	 .410028195778741
 1	 54018	 1E-05	 .0907559066677772	 .0963178272401756
 1	 54047	 .0167088310084253	 .0268326788694431	 .117627229017627
 2	 54073	 1E-05	 .0146311056680334	 .0610977932342223
 1	 54125	 1E-05	 .0551019150798553	 .550048924257955
 4	 54142	 1E-05	 .0445714916893989	 .000946976738712579
 2	 54188	 1E-05	 .0748684106449726	 .148940979743286
 2	 54198	 .137829356387489	 .0574030878802969	 .842453666857983
 3	 54212	 .0220917848883324	 .030715879280125	 .394530808466437
 1	 54238	 .185275741783981	 .0940718450637256	 .936811137480671
 2	 54323	 1E-05	 .0125533684968243	 .399873475496375
 4	 54330	 .19548563871523	 .098233174104253	 .63999038473655
 3	 54336	 .049691225013454	 .316016628193932	 .00181583938197116
 1	 54369	 .00212083231811266	 .0604348192102366	 .000457611059540675
 3	 54394	 .0260375902638434	 .0214651051881923	 .213269215979473
 4	 54400	 .00483814933795065	 .00771595165498512	 .843813066691879
 5	 54435	 1E-05	 .0183242143318322	 .00226686988988878
 2	 54461	 1E-05	 .232258044939037	 .048313787272633
 2	 54478	 1E-05	 .00923432623008467	 .316475470280955
 1	 54501	 1E-05	 .0116960130668928	 .00351923010539723
 1	 54555	 .0261269318014373	 .0259310113335696	 .739884487759308
 2	 54564	 .0195634318216789	 .0174491372512066	 .590552781315344
 1	 54611	 .0514947701944525	 .0227662735530289	 .471001104548562
 3	 54641	 .0587309225521992	 .0112088466073526	 .918720294629126
 1	 54690	 .318073297433617	 .0511844813534892	 .937559083535066
 3	 54705	 .0656351572933298	 .0322222545573787	 .996948117278089
 5	 54711	 .0347199525354957	 .00560901471823409	 .774401602983425
 2	 54722	 .103437319797941	 .0140587607690155	 .678957130460519
 4	 54762	 .000211126648540396	 .00262192305240335	 .00122012425668128
 2	 54769	 1E-05	 .0169763571673589	 .489649989788488
 5	 54813	 .0296410523543962	 .0122996676733848	 .57572446814621
 2	 54883	 .00440879326136528	 .00491818565641786	 .293637502455183
 2	 54903	 1E-05	 .0173777713479991	 .011741714881034
 5	 55000	 1E-05	 .0357348136972108	 .542171099910576
 3	 55015	 .112352237091936	 .0470438205885641	 .912705897032486
 2	 55029	 .0231784189827748	 .00901277676282819	 .609741748441748
 5	 55040	 .0252706134451466	 .0346921263766486	 .741400249107457
 1	 55068	 .00474578436298693	 .00570299334693391	 .555042815310919
 4	 55192	 .0924314459045882	 .0287619680600242	 .973627827489761
 5	 55202	 .0036698059588783	 .0151877822177594	 .0586882978985558
 2	 55268	 .0645030905253748	 .0783027742545755	 .48662624378484
 1	 55293	 .00246748659321876	 .00525171512852437	 .172121094733107
 3	 55303	 1E-05	 .061462103071478	 .547180875975848
 2	 55317	 .0103603477671039	 .00539610308643488	 .643018164859943
 5	 55328	 .011750774587007	 .0134277741207625	 .299531865860858
 4	 55455	 .0180701036184108	 .0489737007162082	 .0191075543154735
 1	 55483	 1E-05	 .0428960086157031	 .104669207335277
 1	 55498	 .150032708663665	 .0416546931576406	 .980438828184984
 2	 55551	 .186659582023912	 .103131302493639	 .562872725083733
 2	 55560	 1E-05	 .00225351240326741	 .325556252303887
 5	 55663	 1E-05	 .0184205026828874	 .00746014505511161
 4	 55689	 .00215346722893528	 .00370748225523214	 .183681416856464
 1	 55820	 .23989209998753	 .0936290944866984	 .681898199367846
 1	 55874	 .03586294252929	 .0221308626720082	 .512418178280644
 1	 55980	 1E-05	 .0298607423210306	 .182373837251126
 5	 56093	 1E-05	 .0226980176373316	 .407451698198427
 2	 56109	 .00272381191641762	 .0301196528444854	 .0559973015553984
 2	 56161	 .00408398056951624	 .0102730557601283	 .264102954212594
 4	 56237	 .00364231197216578	 .0079517113319518	 .276626454216178
 2	 56245	 1E-05	 .0421423459159645	 .313343937790609
 5	 56266	 .0109633832114898	 .00925899069738608	 .908643442219734
 4	 56312	 1E-05	 .0489352704606038	 .0131155574090631
 2	 56319	 1E-05	 .00832618259992273	 .0571929710537358
 1	 56354	 .0198432980830302	 .0473284502036808	 .126230094164984
 3	 56438	 .0104736941482579	 .0116504104645129	 .356567669622141
 5	 56490	 .0721851709366111	 .00816898925754755	 .627428566405773
 2	 56588	 .00413940014824856	 .0105721097791519	 .0658161881619105
 3	 56635	 1E-05	 .0225425112226284	 .809332329765186
 2	 56758	 1E-05	 .0381209523333062	 .00640699454891425
 1	 56776	 .000898759878860941	 .00355536592086357	 .218906202517479
 5	 56798	 .106409554357985	 .0623168850053597	 .761647000332621
 5	 56839	 .0123792103581149	 .0213290526488148	 .225036350826251
 3	 56881	 .472200552585784	 .117811598841729	 .866175845812232
 5	 56927	 .0115652649400255	 .00447457076520682	 .932747476430935
 4	 56944	 .0108946924249145	 .0184950311380051	 .680450654627931
 1	 56977	 1E-05	 .0713081126315159	 .150580225398564
 5	 56996	 1E-05	 .0166577082560743	 .0379505509813582
 5	 57014	 .043343375302198	 .00953305577738723	 .705546369093432
 2	 57060	 .00927154848991611	 .0234184176287908	 .113458770476525
 5	 57104	 1E-05	 .0142595609012175	 .109575095764811
 5	 57107	 .0103856877749953	 .0033542850743612	 .970402807196123
 1	 57161	 1E-05	 .0793838172974289	 .113160733988438
 5	 57219	 .0295668845357595	 .0122819991065327	 .605339300753722
 5	 57222	 1E-05	 .0044271867261364	 .585214420876918
 3	 57290	 .10918056388245	 .0524058952827335	 .787237119856398
 2	 57381	 .540308349751621	 .0761369665603377	 .951344377356002
 4	 57385	 .0707972703200062	 .00925214053719717	 .685493468832908
 5	 57400	 1E-05	 .0110190369701566	 .14238705352448
 5	 57428	 1E-05	 .00425042281132883	 7.89034976209635E-05
 5	 57498	 .0259033382126996	 .0166749684629888	 .198720029989825
 4	 57505	 .103052344467352	-.00410778431387851	 .985692298900773
 5	 57564	 .00109874224385144	 .00590449947606417	 .0249048043024409
 3	 57653	 1E-05	 .0202057168242949	 .00959228602349227
 5	 57655	 1E-05	 .0114793169891922	 .595935323714982
 5	 57678	 1E-05	 .0435733255674681	 .097453045163625
 1	 57689	 .00173243270251392	 .0266993132167188	 .120505911236085
 5	 57734	 .00576997705733754	 .00651685540687138	 .729811309305294
 2	 57797	 .229809723606894	 .040321403530568	 .931097575902958
 5	 57801	 1E-05	 .0151069410389166	 .100205236773128
 5	 57879	 1E-05	 .012960955533566	 .524620617506948
 4	 57889	 1E-05	 .00957962900411284	 .236943914153565
 5	 57953	 .0282785529768054	 .00736602111218725	 .711022192169242
 5	 57968	 1E-05	 .0114346511856873	 .475526423227606
 1	 57969	 .0052616239931667	 .0205382007304695	 .209634507940046
 2	 58026	 1E-05	 .0196870670331071	 .00647288647989963
 5	 58073	 1E-05	 .0103231667157044	 .429633952385605
 5	 58081	 1E-05	 .00975677783505001	 .378371452734387
 5	 58174	 1E-05	 .0162438709342884	 .434940511263136
 5	 58200	 .0119428148683552	 .0152740537516923	 .502000020842562
 2	 58206	 1E-05	 .185677257497961	 .607514471664696
 5	 58247	 .0135379589412934	 .0149190095526535	 .740058357890427
 4	 58259	 1E-05	 .070122054324545	 .0108884305046372
 3	 58262	 .000740192618788981	 .0071151839045755	 .0579796240084665
 2	 58296	 .288979600391647	 .0175856042228889	 .999848881126567
 1	 58307	 1.04251469678428	 .00710824429175645	 .957394613340759
 1	 58426	 .466586498663158	 .100754989655628	 .592208205445048
 5	 58442	 .00649025667662229	 .0184672652421148	 .0841929072287052
 4	 58479	 1E-05	 .125411167632371	 .213685626999089
 4	 58526	 .00650423272286967	 .00800676506580573	 .0475996546129468
 1	 58538	 .000206938198281022	 .0100579652329025	 .0124343286197303
 5	 58618	 1E-05	 .0150705841723949	 .300587512939319
 4	 58625	 .0575625177241637	 .0156623378947439	 .963607573478723
 1	 58640	 .232174126468821	 .0351274424832954	 .982964716388456
 2	 58724	 1E-05	 .0323111211930242	 .259180129918281
 1	 58736	 1E-05	 .0782680025813537	 .255978532895269
 4	 58792	 .279446789650573	-.0114274417768433	 .997675883261006
 2	 58799	 .0546087626180116	 .0263537129605352	 .282284335255659
 5	 58801	 1E-05	 .0377058833084412	 .459833186132871
 1	 58840	 1E-05	 .124474355662933	 .495503188797782
 2	 58846	 1.24818854196518	-.0911577101300746	 .974443041670315
 4	 58849	 1E-05	 .101659572041836	 .00125688940998181
 2	 58903	 .000715518251630015	 .00999132693744387	 .0189771863974614
 5	 58922	 1E-05	 .0221144081203659	 .271865995439676
 1	 58932	 .312793590282374	 .162285472571338	 .196812290105132
 4	 58958	 .285110125752605	 .017235120482304	 .995299116513156
 1	 58978	 1E-05	 .0098647201839633	 .46987085583938
 1	 58995	 .00312259423384239	 .00868109192836373	 .208660931204457
 1	 59031	 .102766489339416	 .0697276662816788	 .30222139303386
 2	 59047	 1E-05	 .0426741567566562	 .153243356500573
 4	 59065	 1E-05	 .00937499785748102	 .790337770765487
 1	 59132	 1E-05	 .0105196309843615	 .0752470809670291
 3	 59161	 1E-05	 .0071561593072483	 .0931590393436624
 5	 59193	 .139997680467223	 .0163866551551733	 .839476097961958
 4	 59254	 .0375369687952277	 .0426863583519468	 .750426349682132
 5	 59274	 .00432569438359817	 .00457489625621856	 .902166561725261
 5	 59284	 .000974908750776696	 .033465284074914	 .00115314030021363
 4	 59326	 .000779059385115404	 .0103044294939508	 .0396638924462436
 2	 59344	 .000835623868046838	 .00460914872691877	 .0115652088380783
 4	 59355	 .0288348452774799	 .00253746457286643	 .994750434525499
 1	 59400	 .133572643620027	 .0109592777753805	 .994322989897436
 3	 59433	 1E-05	 .0140083914729756	 .903400433324471
 2	 59465	 .0185185370583074	 .0164478924447096	 .143176644208919
 2	 59500	 .0645176536857823	 .0419347905616928	 .937294618166009
 5	 59503	 .0307410118453658	 .0106493763996632	 .96019609075844
 4	 59505	 .0435789733021237	 .011821021827209	 .532988307570041
 2	 59569	 .0020654578805118	 .0128818060640856	 .0660593900864399
 1	 59603	 1E-05	 .0108863143489086	 .139357373692014
 2	 59605	 .0334611130423695	 .187038457391513	 .00804917589480536
 4	 59643	 1E-05	 .0490450433027002	 .55693687957563
 4	 59825	 1E-05	 .0455207663955952	 .222121954127226
 2	 59915	 1E-05	 .0680942432509523	 .674798467349886
 5	 59933	 .261141417677458	-.00717388203901486	 .946239130386458
 1	 59941	 1E-05	 .0335562778354336	 6.53282556902779E-05
 2	 59963	 .0125771447404971	 .0587928124262248	 .068358088057517
 4	 59997	 .00804613528390177	 .0050081072034602	 .900511036098415
 4	 60028	 .0275595898502979	 .0205336042173846	 .298981632982895
 5	 60036	 .0159236736674141	 .00797244719047032	 .124758854321395
 2	 60140	 .927471358667881	 .0264797005227809	 .952629642369403
 5	 60199	 1E-05	 .0212576425020058	 .603549859748488
 2	 60216	 .00397672359233311	 .0221538391390514	 .0949559481179835
 4	 60250	 1E-05	 .0193399779146429	 .000766737073056967
 1	 60255	 1E-05	 .0217893754773003	 .514429531708378
 5	 60344	 .0868787367160024	 .00367608724086712	 .967015285192421
 2	 60361	 .00239117822958514	 .00760234945619314	 .102915249817044
 3	 60374	 1E-05	 .063052146546387	 .0135891530121818
 3	 60398	 1E-05	 .0119777186445095	 .1450477394252
 1	 60467	 .37428161134259	-.00487330289169835	 .945283858641281
 3	 60477	 .0205498416857591	 .0328847099653658	 .0299598563446161
 4	 60489	 .000387369123703901	 .00210723393598627	 .00824921773959786
 5	 60492	 1E-05	 .0555029789655699	 .067319704972659
 4	 60502	 1E-05	 .126009112761206	 .0824165049770728
 4	 60533	 .0436959463870946	 .0403809035532791	 .463566638304247
 3	 60574	 1E-05	 .00911564194148995	 .599975906874805
 3	 60585	 .0625139389985745	 .0327985432763697	 .908531431333327
 1	 60611	 .104782141365845	 .0256900190412727	 .91331351812505
 4	 60622	 .0360524840774379	 .0237480648686482	 .974567586131016
 1	 60625	 .0884232738357486	 .0617886092458406	 .211184538006824
 4	 60635	 .564451893458073	 .0386977666705961	 .988988544295286
 5	 60643	 .00563424260498354	 .0210352412114991	 .0118197900742882
 3	 60647	 .0518684942542964	 .00239019692217303	 .983900212605777
 5	 60673	 .000792634856409337	 .0128701399993605	 .0086689681557045
 2	 60719	 1E-05	 .0362632644221161	 .015991795290374
 1	 60722	 1E-05	 .246747374086864	 .856364276241211
 5	 60767	 1E-05	 .0583319525361241	 .432573049927003
 4	 60791	 .588924616646236	 .0171838305674113	 .970540943193887
 5	 60830	 1E-05	 .0190601273290517	 .0205558761828293
 1	 60836	 .0605430417232422	 .0406113150477689	 .369042889030029
 3	 60838	 .0011978324781505	 .00574559889070246	 .0715463791911722
 5	 60843	 1E-05	 .209223658686267	 .889906139507252
 4	 60878	 .236209121442125	 .197153530511555	 .603162866492098
 1	 60975	 .0669050512688476	 .0155135274727212	 .99107305278005
 1	 60980	 .660299321578703	 .184202404035102	 .601109594532595
 2	 61059	 .509906553210981	 .125191675205417	 .793039275373647
 5	 61069	 1E-05	 .0281777952585527	 .0453255602981097
 4	 61078	 1E-05	 .123096279547203	 .445340428890145
 3	 61087	 .00818085954435947	 .00520323917560569	 .78681085296022
 1	 61092	 1E-05	 .0307957169426007	 .186966908337393
 3	 61120	 .00394527467930567	 .0119970516761339	 .348165940093569
 1	 61130	 .00219930205701551	 .015863518069876	 .00296158462949447
 4	 61160	 .121981482439608	 .00515240591725683	 .983432706230685
 1	 61172	 .311317119856063	-.0124336860497547	 .959354191665751
 1	 61219	 .00259621261565983	 .00726884390643888	 .0855977424659889
 4	 61252	 .0119492112606612	 .0123581060529482	 .251380693279065
 5	 61331	 1E-05	 .0135897785501091	 .500867316012923
 5	 61347	 .15054390969832	-.00380430928715232	 .867116835679036
 1	 61372	 .0482148351202604	 .0393771854934082	 .749160100585908
 1	 61457	 1.24789625653765	-.0143494128514716	 .979270308564372
 5	 61459	 .000187898773631862	 .0189353074975631	 .000694055467785004
 4	 61539	 .0786689754924263	 .0198303078970171	 .751438734452098
 1	 61574	 .0293378239442439	-.000621805664913033	 .593213674562351
 1	 61580	 .579956662921269	-.0255205249164209	 .910869011609192
 5	 61590	 1E-05	 .01894929564959	 .125725439108854
 2	 61684	 .00436239311773258	 .039746965489978	 .00144179084759077
 2	 61698	 .00180033870345613	 .00908296844686135	 .00990610250658108
 1	 61705	 .0393079612166548	 .0126210203263372	 .620103414779594
 1	 61737	 1E-05	 .160319284759776	 2.57598936087566E-05
 5	 61790	 .0150749053396538	 .0214572066383351	 .234306647244987
 3	 61793	 .167564770307821	 .021507111488417	 .87825575349075
 4	 61823	 .0656431292841538	 .0123414277122839	 .83753464272795
 1	 61826	 5.76530827464277	-.626516592146746	 .989588750478101
 2	 61845	 .110403729597944	 .0988930526200187	 .392070497760849
 5	 61849	 1E-05	 .00901972067353545	 .34893185025019
 5	 61883	 .000112353398832067	 .0121119558235324	 5.56683060651819E-05
 4	 1	 .0701682825083642	 .00552357503585556	 .985314855779635
 5	 12	 .116691860510893	 .0140700750186217	 .920737993381468
 5	 40	 .0239417643888934	 .0291661568438068	 .254011007167423
 5	 57	 .00202938242545098	 .0227798004275382	 .736264275173688
 5	 59	 .036884617395676	 .0216090300071783	 .807123899273078
 5	 62	 .0934980689799507	 .0601654906872594	 .682933459394294
 5	 65	 .00720973752401183	 .00994177495190151	 .65479723412645
 5	 81	 .080550346931459	 .0119106441397228	 .894002667462906
 5	 82	 .00400899636392904	 .0247706667566925	 .325523674620402
 5	 84	 .0081450907143729	 .0520169675467029	 .0884714920390968
 5	 96	 .0410357963182036	 .0257060960590813	 .955926991316622
 4	 99	 .00620589049675426	 .0188800940922995	 .322863466838803
 5	 103	 .104077672787272	 .0381499402436577	 .803741412875107
 4	 105	 .00847068967360526	 .000108821500092908	 .968265025233084
 5	 124	 1E-05	 .0102159656368944	 .389929858253361
 3	 129	 1E-05	 .0115919681477714	 .00356730317015008
 5	 163	 .0380847339852668	 .0392670289134726	 .420088992575041
 5	 196	 1E-05	 .0225776012887227	 .240098145610686
 5	 346	 1E-05	 .0339333059776072	 .377173845850977
 4	 357	 1E-05	 .00597361793866348	 .43823297953669
 5	 370	 .286249563311692	 .059833572416018	 .864670245742137
 4	 488	 .00684046411029481	 .0174634491924049	 .144439744124321
 5	 528	 .701992077227985	-.0398217393316218	 .951416145073864
 5	 593	 1E-05	 .136224905572064	 .649936566341336
 1	 607	 .0408090124638289	 .0812829930692262	 .958553565562033
 4	 616	 1E-05	 .0149059665610919	 .321079385388798
 5	 617	 .289031501926711	 .0322148237655686	 .963853862593501
 5	 726	 .48473399133835	 8.66139291808251E-06	 .998334335680627
 5	 727	 .670984262005955	 .000143847643485183	 .969103150195576
 5	 777	 .00447057254045671	 .00746422727857972	 .678114400361857
 5	 779	 .398379470931729	 .013918269604637	 .973948301307788
 5	 794	 .0134869310961024	 .0648534333493344	 .421212155316761
 5	 804	 1E-05	 .0263688839718823	 .00193757904414604
 5	 844	 .0128181610023255	 .0878090587910389	 .0306802167226993
 5	 905	 .0566329178003852	 .0433776649094319	 .535475941969025
 5	 917	 .0170610725307417	 .00830791975280314	 .524167873645298
 5	 998	 .148106508229499	 .0601364061972385	 .923952236882765
 5	 1004	 1E-05	 .0957407594591097	 .0116291812556752
 5	 1015	 .21034014823597	 .0465350371838169	 .641747035495903
 5	 1038	 .338622527109866	 .0771865830568222	 .958988304934166
 4	 1063	 .104250818377723	 .0510863764848854	 .64966552475682
 5	 1163	 .665199451400777	-.0629893346179772	 .975026385514513
 5	 1189	 .144822886985662	 .0313451236644216	 .871166324052564
 5	 1198	 .0386054746573842	 .153282572681593	 .0103492549035095
 5	 1259	 2.29326332593375	-.137953447646842	 .961537579144923
 5	 1298	 .473309031174874	 .0906574917233527	 .82169402679144
 5	 1317	 .221826225421317	 .0176040053042601	 .997509031174095
 5	 1333	 .386586957010992	 .127618143230984	 .534435923626281
 5	 1345	 1E-05	 .0520884924638851	 .491368952430768
 4	 1365	 .0104571701886087	 .0068935418255127	 .301095151075536
 5	 1430	 .0498040421644277	 .0486690788142518	 .472388962091121
 5	 1433	 .593954469203196	 .00365283378986525	 .956078708157843
 5	 1474	 .126887927249881	 .0615915415116414	 .856689002064507
 5	 1506	 .0649830803786471	 .0313550543074836	 .677222554790928
 4	 1536	 1E-05	 .0140724549825125	 .633370285316306
 5	 1543	 .196020997014897	 .129421840698574	 .214383584173454
 5	 1605	 .35566636883482	 .188156411997131	 .691066830295262
 5	 1647	 1E-05	 .0153181903050141	 .425404114622899
 5	 1658	 .00493151871834964	 .0201032425379555	 .0802566448582019
 5	 1665	 .396020765760115	 .00984908082959568	 .994635930069329
 3	 1673	 1E-05	 .0137719390738184	 .262722237236204
 4	 1744	 1E-05	 .0135342590852169	 .0310066702003631
 5	 1850	 .0986131782335002	 .00660836319566767	 .877300819327555
 4	 1894	 1E-05	 .0173660908579145	 .0450412180363101
 5	 1897	 1E-05	 .120523580195317	 .22458124687823
 5	 1898	 .00443074165633541	 .0121670342368076	 .659952466843444
 5	 1899	 .0128550108777272	 .0658233167676548	 .0100623113123105
 5	 1989	 1E-05	 .226293304658873	 .27788686326477
 4	 1998	 1E-05	 .00749365497351548	 .180451411149332
 4	 2010	 .0300013355093053	 .00406018078281469	 .861711747280971
 5	 2017	 .578695452433639	-.0172466400983947	 .994646937553298
 5	 2065	 .0818927515534449	 .106261665691876	 .221775688116565
 4	 2075	 .0232174876659989	 .0321344872636379	 .234909066514291
 5	 2094	 1E-05	 .0131275671396448	 .0486664023037197
 4	 2117	 1E-05	 .0137660748578897	 .616371624073311
 5	 2133	 1.81303204724475	-.0734617124811541	 .988885366876846
 4	 2140	 .00681484152320709	 .0150923664661415	 .433365998217331
 5	 2234	 .878236527895086	 .0468082304626577	 .910360613931751
 4	 2305	 1E-05	 .00749421120019796	 .00890078171257958
 4	 2332	 1E-05	 .0224622232466011	 .567192383456309
 5	 2355	 .061479786749342	 .0502731100010903	 .755058826311411
 5	 2362	 .00733687791976408	 .0205103166534596	 .941112597166803
 4	 2385	 .00813587158426209	 .00679269114050288	 .750761305428993
 4	 2456	 .0167123647480945	 .0194922528904181	 .31398676749225
 5	 2459	 1E-05	 .0654875837856015	 .685729818251208
 4	 2499	 .00567188473455607	 .0044673901640216	 .217107820534224
 5	 2525	 1E-05	 .4466859330297	 .398024553638879
 5	 2562	 1E-05	 .00933890128098494	 .740225824855105
 4	 2610	 .181617952973407	 .064619887168526	 .844020348081584
 5	 2762	 .0252497841015654	 .0591236891377977	 .419254603823548
 4	 2799	 .000501704669929747	 .0139987108269325	 .00106216985029861
 5	 2801	 1E-05	 .0727138719151987	 .893030525399551
 5	 2859	 .590591273460485	 .0256395665784048	 .98090209568279
 4	 3011	 .00100354025928808	 .00863210099805997	 .0177285040862012
 5	 3013	 .041292707728649	 .0168974863109226	 .848145785622234
 5	 3112	 .0739163131668135	 .0438590942233952	 .80659678647586
 5	 3155	 .249477837704516	 .112809734446414	 .765696326529661
 5	 3198	 .158875568750621	 .0202162339305367	 .885846434166649
 5	 3199	 1E-05	 .234398319455736	 .0252158811970149
 5	 3244	 .0199798423257137	 .0261406846263561	 .820207321703623
 4	 3288	 1E-05	 .0346673068768433	 .156003490779823
 5	 3341	 1E-05	 .165500309829299	 .00851123941994492
 5	 3369	 .0396951965140346	 .0626111371811641	 .238184642887579
 4	 3377	 1E-05	 .00594066704988412	 .888620700127707
 5	 3379	 .00745926036111676	 .0298134443026384	 .0280700366691539
 4	 3404	 .042082803100671	 .0657440134702609	 .663567937095832
 5	 3407	 .632474157320709	 .0911232525952158	 .759204816112319
 4	 3411	 .00518249776963691	 .00981179068553885	 .873836643133558
 5	 3444	 .0709118236849803	 .0837994768404781	 .157134348822575
 5	 3517	 .285638666061438	 .014463662450511	 .94293551419886
 5	 3544	 .952310423633326	 .129784135379909	 .755542094916247
 5	 3562	 1E-05	 .105304202298599	 .178599141576909
 4	 3625	 .0187441817004237	 .0174859874906307	 .722380934730624
 5	 3665	 .300634336817425	 .00442355162836039	 .990301487770608
 4	 3721	 1E-05	 .0362396761361554	 .54726492152481
 5	 3754	 .0855701417950474	 .0265266939602262	 .710072694739044
 5	 3802	 1E-05	 .122434680882252	 .118070527753627
 5	 3876	 .113210981504823	 .0315618883386601	 .608900555141856
 5	 3893	 1E-05	 .0291701757078631	 .101633798195541
 5	 3974	 .0364756840582567	 .0205432694130678	 .808147955463522
 5	 4001	 1E-05	 .0624966054968215	 .215507376411884
 4	 4008	 1E-05	 .0137008349953597	 .0680228685064236
 5	 4011	 1.1756436532046	 .00127320133339218	 .945021460112933
 4	 4115	 1E-05	 .0104007940194174	 .163452619197266
 5	 4117	 1E-05	 .301395506156916	 .434434199393382
 5	 4126	 .0606483892682513	 .0209296774644826	 .360290227929911
 4	 4150	 1E-05	 .0119874291247332	 .0268934345153855
 5	 4163	 .830644444465595	-.0492588037494476	 .997605246002209
 5	 4194	 .498549866429246	 .0298194428882162	 .965454634183613
 5	 4216	 .0133665149388207	 .0149861511302763	 .438225943858362
 4	 4252	 1E-05	 .0189200616716665	 .0712446314397408
 5	 4320	 .0117004467526716	 .0316315768609187	 .438443538282113
 5	 4342	 .00991288516458716	 .0128509259686059	 .640231123230258
 5	 4347	 .939901075936418	 .0196048101532758	 .960245005571812
 5	 4423	 .000508140500362569	 .0127314802571326	 .000314480430770647
 5	 4439	 1E-05	 .229722028481161	 .693336308055707
 5	 4528	 1E-05	 .0375149172979429	 .683146817087113
 5	 4534	 .0129228261436547	 .0284111103234942	 .131458647205471
 5	 4549	 .232433561518011	 .111640420744121	 .615230317493337
 5	 4586	 1E-05	 .0165916380048546	 .374135606243466
 5	 4589	 .00367549340117242	 .0281735445222144	 .0145021271875612
 5	 4611	 .0191158147260012	 .0147939837636717	 .571192884157226
 5	 4634	 .990334049167294	 .26988722177808	 .647894346642577
 5	 4692	 .101133353664668	 .0359950062037801	 .897617165534115
 5	 4709	 .068631222933167	 .0371348983066183	 .611428960572594
 5	 4735	 1E-05	 .0290304295235046	 .792836192870626
 5	 4736	 1E-05	 .0434490434253325	 .0320735528980064
 5	 4748	 .00198091771383766	 .0188379655858259	 .0113036583783718
 5	 4813	 .00438261654526494	 .0289977641464161	 .00921570567251107
 5	 4814	 1E-05	 .0361859605624544	 .840686772077102
 5	 4844	 .020352907075002	 .0210250546183706	 .410208104015535
 5	 4867	 1E-05	 .0649798431857716	 .00343718491515921
 5	 4909	 .399262461992401	 .00347907475126923	 .960255410093141
 5	 4913	 .00133446238936855	 .0144043519901734	 .0310577573975581
 5	 4938	 .00464724833324793	 .0196189626416672	 .0883148871290954
 5	 4970	 .0104470758554951	 .0185252120240104	 .759013505262113
 5	 4983	 1E-05	 .0788517441169634	 .456104497100569
 5	 5001	 .000809974142296872	 .00617492171257064	 .0272268946640203
 5	 5061	 .00904688287430595	 .0184081456421385	 .517729543809405
 5	 5067	 .069618474372909	 .0743694472109943	 .583364556853196
 5	 5138	 .0340194199747389	 .177711813888492	 .0291924228708029
 5	 5156	 1E-05	 .123990923117914	 .436962494964612
 5	 5242	 1E-05	 .0113882442394368	 .0594781113525427
 5	 5250	 .00488647135333865	 .00949221034715978	 .133273699163454
 5	 5270	 .412430604039246	 .0253414557335928	 .990287902838026
 5	 5322	 .111714261321855	 .0775217525898938	 .668880782307191
 5	 5433	 .0348689938667508	 .0172015889291521	 .922146096394859
 5	 5458	 .286448104656762	 .102400102646346	 .666130142396897
 5	 5472	 .367211631633193	-.000426933242874687	 .975692859709491
 5	 5524	 .0997650520433197	 .081122783124701	 .560741922913041
 5	 5580	 1E-05	 .0650177224144813	 .435817169863038
 5	 5612	 .257753973136004	 .129122636817978	 .564551503710125
 4	 5619	 1E-05	 .0582535999383599	 .372427542995168
 5	 5689	 .0140380307899656	 .0277873658315374	 .0884324552461135
 5	 5690	 1E-05	 .0673897793095093	 .256850753995443
 4	 5755	 .0609281605791775	 .0259298492875546	 .764661436201807
 4	 5794	 .00256038468038346	 .00789385139791991	 .049805592432013
 5	 5823	 1E-05	 .0649438670565951	 .2458486721322
 4	 5861	 1E-05	 .0201121169498042	 .467570518748193
 5	 5864	 .159804220201689	 .0112445355150068	 .968733163303364
 5	 5896	 .0520886213041661	 .0256269715181069	 .645149318639815
 5	 5949	 1E-05	 .0262583627258845	 .00067101272857395
 4	 5996	 .00172715760235036	 .0243126155193515	 .0669605750950842
 5	 6013	 1E-05	 .0185586846830618	 .110774021112414
 5	 6049	 .598732567086419	-.0343772563194897	 .946879438095841
 5	 6077	 .00818408965864995	 .0202094793175014	 .497250109834908
 5	 6117	 .0198915100695707	 .105081037902277	 .846924269186571
 5	 6123	 1E-05	 .024127941402521	 .353499775889874
 5	 6225	 .279384675972936	 .0471776515135824	 .812400268925825
 5	 6243	 .00260487658203324	 .0265812108930005	 .0543654465954997
 5	 6257	 1E-05	 .0283340205868995	 .463826775676971
 5	 6287	 1E-05	 .0923833062317565	 .117853879765516
 5	 6305	 .0181567394630828	 .00123853675724811	 .982927412083902
 5	 6311	 .0541655445863791	 .00602540374635409	 .614951071880329
 5	 6340	 .2809932169591	 .0514213600880952	 .954686072479721
 5	 6351	 1E-05	 .0119211056502151	 .399824568407244
 5	 6382	 1E-05	 .0787936655610156	 .509172429535116
 5	 6394	 .00657011390808009	 .00663906883009256	 .22154130749817
 5	 6418	 .00588781323943054	 .0148137285382399	 .787724640304661
 5	 6439	 1E-05	 .0121258181954705	 .00499354082802439
 5	 6469	 .351376816197239	 .0828714895522723	 .812312600770263
 4	 6523	 .0668891371207662	 .00461556176414171	 .967188869740981
 5	 6558	 .509846422301308	 .0448157016985815	 .910256142188751
 5	 6616	 1E-05	 .0403181005323718	 .289901537964457
 4	 6624	 1E-05	 .00883334867521961	 .0417889732852523
 5	 6625	 .041008722582584	 .0213787755943717	 .262705273200439
 5	 6648	 .630248133715543	 .0330472543471943	 .931765890254477
 5	 6660	 .00214737821976971	 .0257701497041551	 .00641860386195414
 5	 6676	 .098515707264476	 .036807141481386	 .828466379774475
 4	 6707	 .011649704153243	 .0114340699768336	 .422143856064291
 5	 6711	 .0371831741751343	 .0849201714696689	 .237150043404869
 5	 6749	 .0235841341485153	 .024416284110993	 .936906937186223
 5	 6759	 .00407809132398834	 .00286151728514074	 .194415311540625
 5	 6760	 .3407470444421	-.0107884904923721	 .973962957623067
 5	 6845	 1E-05	 .0269734997694138	 .00258917231448419
 5	 6862	 1E-05	 .0218654575309587	 .113509215022983
 5	 6885	 .00355561300750557	 .0287655316663754	 .0119905741072476
 5	 6914	 1E-05	 .0301597848932721	 .187827927115291
 5	 6918	 .00221285734880058	 .0116306544451431	 .0511195332115524
 5	 6919	 .181600316371747	 .00457495722030899	 .714878501208428
 5	 6947	 .00108299856411195	 .0267038108176071	 .00118342258034143
 5	 6949	 .181170007002569	 .088273627331707	 .799166764130381
 5	 6965	 .00489700586588046	 .0101928488765693	 .364706774803083
 5	 7001	 1E-05	 .0310907600157713	 .226711602606078
 5	 7014	 1E-05	 .0147486774569138	 .0897903929799133
 5	 7033	 .890049756573464	 .0744618444377724	 .998731417035699
 5	 7097	 .0140445085287326	 .0207929262658626	 .927685400361989
 5	 7125	 .0152156317949564	 .0361969759916867	 .0582911133221014
 4	 7175	 .00277206909630233	 .0164140095669604	 .020871962516553
 5	 7196	 1E-05	 .15831461266643	 .713830962609111
 5	 7198	 1E-05	 .00795274194836913	 .153946683347936
 5	 7203	 .0278094128573332	 .0328719461347106	 .605037047489239
 5	 7252	 .120197482050959	 .0476290207138734	 .944833719624158
 5	 7260	 1E-05	 .021845829964817	 .250514620237363
 5	 7296	 .0107313240498487	 .0150934888792056	 .172571024876663
 5	 7303	 1.1975065189894	 .0218183462232712	 .997613661592142
 5	 7346	 1E-05	 .0158478736983721	 .0609351784622435
 4	 7356	 1E-05	 .0352088039840329	 .0565075623186416
 5	 7379	 .296616864127688	 .0089595802166549	 .97471625778387
 4	 7434	 1E-05	 .0366468314326915	 .103019827775877
 5	 7459	 1E-05	 .0184144151460469	 .0583278061052581
 4	 7523	 .0206386037219617	 .0172787710361014	 .563868430402088
 5	 7529	 1E-05	 .00348405197313919	 .403621211427265
 5	 7562	 .0449318774784083	 .0126862777811233	 .492806898335724
 5	 7590	 .233524976244522	 .0426244814577266	 .816976150275547
 5	 7603	 .0435639616452074	 .0250525992045211	 .424337775233313
 5	 7608	 1E-05	 .0128149395629606	 .766148012915888
 5	 7664	 1E-05	 .0118399026019681	 .413035317712943
 5	 7701	 1E-05	 .0238753714590325	 .759388191977506
 5	 7731	 .00520377101399075	 .0121178277375083	 .316362290424292
 5	 7745	 1E-05	 .0329046204665537	 .198900102056949
 5	 7777	 1E-05	 .0166281401161001	 .736100202345735
 4	 7799	 1E-05	 .0203448249869942	 .543232132199949
 5	 7849	 .00737302408590345	 .0171423650133731	 .414880477134605
 5	 7891	 1E-05	 .0135650534890902	 .763991808022186
 5	 7927	 1E-05	 .0116557958889479	 .0338100029300014
 4	 7982	 1E-05	 .0288155322980423	 .363332267059319
 5	 8043	 1E-05	 .0947511813132673	 .174035552648877
 4	 8079	 .058496485313105	 .0220075582358818	 .895067952612845
 5	 8095	 .00410309372442386	 .0185862770317592	 .137397870104229
 5	 8107	 .461283931601175	 .254666440816503	 .395808076198782
 5	 8139	 1E-05	 .0207552588433123	 .601625566758452
 5	 8143	 .00998259885256727	 .0386797569762057	 .00681948582148617
 5	 8164	 1E-05	 .0391700938136054	 .655521879044441
 5	 8208	 .30355972194014	 .0683029238081328	 .595022126503549
 5	 8220	 1E-05	 .0225226971738456	 .125917099961761
 5	 8257	 .0435342560451657	 .0798956499958838	 .063439588215822
 5	 8278	 .219576272110942	 .00997982574635369	 .976694649173727
 5	 8306	 1E-05	 .0170569560496457	 .363475828643379
 5	 8321	 .00993379680831432	 .00894953793727718	 .954190947899841
 5	 8353	 1E-05	 .0564819904510821	 .230706873857531
 4	 8372	 .0223787661887467	 .0112423222699999	 .900029733190393
 4	 8390	 1E-05	 .0467726320327311	 .249878272137127
 5	 8399	 .0436671713265779	 .0217951977423081	 .236538966957638
 5	 8433	 1E-05	 .0496030731786533	 .775341535303376
 4	 8449	 .00863739851127254	 .0234282805823658	 .986745807079144
 5	 8504	 .143382510247439	 .103594324865254	 .196000989897133
 4	 8508	 .0317868205529935	 .0124446757399271	 .362242490903318
 5	 8567	 .00995587275615907	 .040804080382712	 .0106773362479939
 5	 8600	 1E-05	 .0331671047505019	 .00606587521459312
 5	 8677	 .0491586929782173	 .0264964643131239	 .399127044397942
 4	 8684	 .00295688066736689	 .00662516433081079	 .470009019120041
 5	 8750	 1E-05	 .128302470605106	 .0464750096971798
 5	 8757	 2.30068026024681	-.0673775783258177	 .948873795909848
 5	 8870	 1.10890007402959	-.0879071044772013	 .988240911009381
 5	 8911	 .0470432587806738	 .109270080769362	 .0501755872064563
 5	 8927	 .00347552086436589	 .01220688802872	 .0487416073691085
 5	 8982	 .00777331892247608	 .0276607318643654	 .111949859856471
 5	 9008	 .00411711721112815	 .0155962811902354	 .0224210479806823
 5	 9023	 2.12607035209762	-.1766083365669	 .993507115823519
 4	 9043	 .0364042288349579	 .0256494121381221	 .898005160334146
 5	 9061	 1.02496171536493	 .0258222360703726	 .856885744937276
 5	 9065	 .025472570403443	 .0227041775039245	 .125081577071033
 5	 9123	 .00392958684395551	 .0159826290705158	 .0564232984651509
 5	 9126	 1E-05	 .0553553604537366	 .217893492236899
 5	 9129	 .378163219078299	-.00489922630060121	 .949030728001645
 5	 9143	 1E-05	 .0381400663226811	 .410335170245109
 5	 9166	 .226027532655459	 .0354027316821654	 .979773828859037
 4	 9203	 1E-05	 .0435500725722465	 .587607384025572
 5	 9211	 .606762367081598	 .0553911833201892	 .956059196475198
 5	 9212	 .014832883357608	 .0148444237242605	 .874883422895015
 5	 9258	 .103250766241	 .0491771645746945	 .891336787619276
 5	 9264	 .0101672121890375	 .023876601735626	 .31327889030335
 5	 9276	 .485472865736914	 .0171241338036367	 .923839921505908
 5	 9282	 .0378888583196998	 .00786106907229081	 .492497098145774
 5	 9314	 .67717699555239	-.0214614448611903	 .992350398185965
 4	 9324	 .0443704340402133	 .0145722487131815	 .617211387141159
 5	 9328	 .00127239607886872	 .00995103409329164	 .201600855180506
 5	 9369	 .00868928529592602	 .0194921168936428	 .448295135351443
 4	 9382	 .000983644870638209	 .0190264802372755	 .000365372850606116
 4	 9408	 .00171209237077422	 .0195716703845067	 .234829593977365
 5	 9435	 .0795138098771138	 .0263811334617845	 .785391545715166
 5	 9437	 .0201768310212689	 .0133979984607117	 .910818571215317
 4	 9476	 .00040567869317406	 .00508630757313545	 .0176314376669758
 5	 9487	 1E-05	 .189412409747268	 .917099604257382
 5	 9499	 .00439035642907606	 .00719814380960624	 .652416940699569
 5	 9516	 .0139063623726551	 .0158390442388307	 .798717937566339
 5	 9525	 1E-05	 .0135729076407517	 .26671053484916
 5	 9536	 .0331316874773512	 .015625388205255	 .693959448202137
 5	 9550	 .0696632615438404	-.00167621226233437	 .864813660216067
 5	 9596	 1E-05	 .0768561803213042	 .0646481413657392
 5	 9618	 .0215141629473731	 .00726423778462087	 .369974676125345
 5	 9630	 1E-05	 .0393141896770402	 .0565671818753817
 5	 9655	 .824949885838477	-.00960776123145181	 .990563807858685
 5	 9674	 .417521763213409	-.00980229900163401	 .956842764533239
 5	 9681	 .00544645611592717	 .00641078236445718	 .25170867140111
 5	 9718	 1E-05	 .0206503059687109	 .510068999543301
 4	 9784	 1E-05	 .0273263614284714	 .0161595646965403
 5	 9808	 .0442642598866446	 .146831852496498	 .0182273390567279
 4	 9811	 .0319315026865937	 .0373120151303231	 .136135395242926
 5	 9834	 .224810786055019	 .000940600924437562	 .966888081019717
 4	 9837	 1E-05	 .0379602608469469	 .0507943868923496
 5	 9867	 1E-05	 .331145854804161	 .895220831468719
 5	 9886	 .0840121533318854	 .257531876277861	 .233125059150592
 4	 9920	 .00308555231344549	 .0132330695116017	 .289616627013466
 5	 9972	 .563651507316442	 .0143035877423951	 .749878648681227
 4	 9975	 .331828312739481	-.00792670114138641	 .999613708506677
 1	 9991	 .0453061238274964	 .0420236742768381	 .424429140331913
 5	 10004	 .0177621045118778	 .0545707697149364	 .62237055582883
 4	 10025	 1E-05	 .0529769784683097	 .361738372932111
 5	 10152	 .0210899006325358	 2.10989883784681E-05	 .600667411564846
 5	 10253	 .113376491715937	 .017696895206789	 .897653400400582
 5	 10348	 1E-05	 .0234390815477296	 .375846254936175
 5	 10372	 .390848021225168	 .0362239051592883	 .989081327642829
 5	 10394	 1E-05	 .0262156556691326	 .258991939191145
 5	 10429	 1E-05	 .0178227262877223	 .962456557297196
 5	 10468	 .0056667317446503	 .0228690475606077	 .0237589094049709
 5	 10484	 .824925020912311	 .149603045856192	 .808547526977995
 5	 10489	 1E-05	 .00963057844588228	 .00923316469909974
 5	 10538	 .0292200084250288	 .0105216829015507	 .718915343313903
 5	 10582	 1E-05	 .0259454751332412	 .738869821945324
 5	 10583	 1E-05	 .0336081567616354	 .733250472773383
 5	 10634	 .000227005822888339	 .00663262791803694	 .00015880890886999
 5	 10636	 1E-05	 .012371135439959	 .689364920826459
 5	 10647	 1E-05	 .0063439469900077	 .483645239837248
 5	 10659	 .687303499102232	 .0155075026526359	 .983632169039122
 5	 10671	 .382939367092439	 .0197277343578348	 .923356443620507
 5	 10689	 .0157506206929102	 .00888342180513082	 .669328189091705
 5	 10695	 .940862574733446	-.0549346079334779	 .984315438013705
 5	 10712	 .00888448120054921	 .00941794309390605	 .672789360628431
 5	 10731	 .00838624545072796	 .01306468935339	 .227135360333191
 5	 10750	 .139086551349496	 .00870675712655721	 .994051165360416
 5	 10778	 .494575555813491	 .00477263846896868	 .984449588918241
 5	 10782	 1E-05	 .0278612920318046	 .0044540035666526
 5	 10792	 .00219890545674818	 .00648159510441749	 .120050339154594
 5	 10795	 .0293202128039437	 .0671343198811982	 .213094616721568
 5	 10797	 .00604989167554506	 .0110575340390878	 .810809152823263
 4	 10832	 1E-05	 .0242389615547488	 .03451325942411
 5	 10842	 .00547583338948849	 .0202960002182258	 .0324607231324853
 5	 10845	 .0288253847639326	 .0265231784155057	 .130724895545224
 5	 10864	 .0468365710394978	 .0316485974119194	 .908024173444321
 5	 10890	 .0213697159972959	 .017934086561925	 .711017906348273
 5	 10930	 1E-05	 .0121333999340312	 .0133096951465008
 5	 10934	 .023902358652736	 .0229153531522919	 .556144624144116
 5	 10960	 1E-05	 .114110138654901	 .147388268605178
 5	 11032	 1E-05	 .0414145633658189	 .296881374909846
 5	 11049	 .370414111291456	-.0140121708568929	 .987709209134556
 5	 11061	 1E-05	 .0571000971470527	 .236901325459313
 5	 11084	 .236876062913852	 .0506251556620086	 .895213186284593
 4	 11129	 1E-05	 .0707960389210538	 .441555432638633
 5	 11140	 .0980379764873326	 .080183582374303	 .158522562110273
 5	 11141	 1E-05	 .0168985295933768	 .016021996975633
 5	 11196	 1E-05	 .148993617033367	 .236652263248242
 5	 11234	 .388492618751309	-.0132359559791632	 .99429916171744
 5	 11264	 .00292956661033955	 .00567255607985334	 .0775037269955307
 5	 11294	 .250704647454247	 .118518358513936	 .352118995878188
 4	 11300	 .00289450910597771	 .0126442093934838	 .203194535743017
 5	 11301	 .00890312077488369	 .0095242048634717	 .289393301138149
 5	 11322	 .00525398022860194	 .00510647800249976	 .432828269548391
 5	 11342	 1E-05	 .145663172343409	 .300659587055157
 5	 11363	 .0118696840265681	 .0509447107601503	 .462901352389022
 5	 11378	 .224676052281873	-.00207434512410022	 .989096538186302
 5	 11381	 .0521555992592503	 .0451417119665946	 .908291243807974
 5	 11431	 .00531827198522053	 .00821747327966412	 .104401984397076
 5	 11445	 .00474778807020053	 .00375461482951252	 .199732271159969
 5	 11480	 .0162544544107767	 .00428011142687279	 .868038530748211
 5	 11495	 .0190544305708646	 .00642300432937023	 .305170236362371
 5	 11509	 1E-05	 .30979553043087	 .685659499052098
 5	 11516	 1E-05	 .0129147317951671	 .0212345290334481
 5	 11532	 .00958691430825256	 .00817495940262843	 .397576856176918
 5	 11563	 .00965703241304386	 .0282469427476725	 .0708335377909417
 5	 11589	 1E-05	 .264367245637631	 .0902793988691152
 5	 11594	 1E-05	 .0155097101944241	 .144208027796156
 5	 11595	 .060546524553552	 .05276405318456	 .220237917845038
 5	 11601	 1E-05	 .00984400395304911	 .547162485439224
 5	 11627	 .0398668457689774	 .0020458002906298	 .982125422132165
 5	 11640	 .00136870889138929	 .0070585353418538	 .0276265383250165
 5	 11680	 .121217616762079	 .0208252726114121	 .980015074351847
 5	 11718	 1E-05	 .0270653756049884	 .785770806257496
 4	 11721	 1E-05	 .0213377686922159	 .163401154059937
 5	 11728	 .00364452142263871	 .0112864026688339	 .179834801222291
 5	 11751	 .0634532619995422	 .0184101006970256	 .829529010201524
 5	 11766	 1E-05	 .00620362920877547	 .509938781763159
 5	 11778	 1E-05	 .00683499548870505	 .0208851959615067
 5	 11843	 .000109663807002259	 .0185783331065262	 1.26585240952659E-05
 5	 11854	 .00984430634626177	 .0316424300074604	 .0220533614859172
 4	 11906	 .0799597803462028	 .0333990304928192	 .588542590443941
 5	 11915	 .0179445128162638	 .0726298366398649	 .00816024199005916
 5	 11945	 .00644874367337634	 .0158686806005941	 .20531458318263
 4	 11949	 .0135425967328276	 .011733305843937	 .690322359215804
 5	 11969	 .00361393498885187	 .0107940533362885	 .373034642507672
 5	 12016	 .00401226868082315	 .0153533081548288	 .316829463799373
 4	 12027	 .0302104438432802	 .0372430865291097	 .667722337668183
 5	 12053	 .0162489373501572	 .010723851587341	 .703754546668599
 5	 12065	 .00602377575108772	 .0108740939431466	 .642039741788069
 5	 12090	 7.12333096932357	-.782177992663425	 .984919595972872
 5	 12124	 1E-05	 .213838635607824	 .792037157541496
 5	 12141	 .0815288873454871	 .00998742678868192	 .698738250273623
 5	 12147	 .0163891104403785	 .0289599159400619	 .510693700113872
 5	 12170	 .0451537924603489	 .000959226883978308	 .909031645116593
 5	 12184	 .0307932198008946	 .0290162098869876	 .136743060948471
 5	 12197	 1E-05	 .0651272139597336	 .123130464582925
 5	 12219	 .00808044176827205	 .0211606776573973	 .245560172651776
 5	 12226	 .0899107729538302	 .105427951914586	 .340399951268607
 5	 12270	 .0340862094679508	 .0237975265522419	 .599005513060904
 5	 12271	 1E-05	 .00983632109255086	 8.16653116575417E-07
 5	 12281	 .183559956779939	 .0169278368356684	 .957772379471587
 5	 12288	 .1111919999677	-.0047211128655911	 .945390467517884
 5	 12326	 1E-05	 .0127314765334349	 .443386424566471
 5	 12334	 .418544960833509	-.0144794970625137	 .931259481288469
 5	 12336	 1E-05	 .0299304146037145	 .0471117971109728
 5	 12337	 .130571186798644	 .0189210558313168	 .874625125559082
 5	 12354	 .0287366818747097	 .0208394260474955	 .250989454382951
 4	 12360	 .0198371440378083	 .0285240726209192	 .548282516516835
 5	 12374	 1E-05	 .0168374268609637	 .0120236684250531
 5	 12398	 .0145669286548223	 .0108826370638076	 .573403959600577
 5	 12430	 1E-05	 .0496013574947052	 .137119474721547
 5	 12450	 1.39117271042528	-.00487114952866547	 .986015139877088
 5	 12458	 .257753022130895	 .0755110469969983	 .96618532543986
 4	 12462	 .0264784280872501	 .0107368639590581	 .822147434582385
 5	 12483	 .242858775682556	-.0122239568586181	 .998022578278025
 5	 12513	 .00750098175124477	 .0110484854485409	 .142537209973983
 5	 12524	 .00891038572013553	 .01679582845733	 .435208933595107
 5	 12534	 .0755928660416365	 .0514017030182974	 .348812581527752
 5	 12536	 .0107594121051559	 .0202118162389393	 .302553911626897
 5	 12581	 .476601572224235	 .0435776606019847	 .979355633319865
 5	 12585	 .0472231766117819	 .0114891105011851	 .843696553873617
 5	 12596	 .778915349050472	-.0629706811395066	 .977947888243487
 4	 12600	 .0226728160225523	 .0431509126473278	 .931961192687037
 5	 12660	 .0106477106662332	 .0106397478457377	 .149278920175817
 5	 12666	 .470776449716979	-.0189904181929286	 .985603048185246
 5	 12678	 .00646206019350716	 .0171437954691004	 .215037691512289
 5	 12679	 .855009475309508	 .0146383865856638	 .992911903636755
 5	 12696	 .0186401337964742	 .0245603950767955	 .19268934978332
 5	 12734	 .0274467841564878	 .0136573754555699	 .624472452477431
 5	 12745	 .175367793353463	 .0218548474481664	 .969619373216517
 5	 12760	 .00931727160166252	 .00445742592787815	 .842030793149703
 5	 12803	 .0425712264935002	 .0375551531236285	 .701402053290183
 5	 12819	 .00914722940069335	 .00551935610944042	 .835395901243041
 5	 12831	 .0199969976551525	 .038937342077116	 .405683896504503
 5	 12832	 .449895684379353	 .0739767832223271	 .656572931550884
 5	 12837	 .0106803327969477	 .039273442113047	 .0175369785686922
 5	 12855	 1E-05	 .019588243027053	 .335790630082622
 4	 12911	 .0128031320045923	 .0382051088081403	 .0502084294275803
 5	 12920	 .019434322535453	 .0234715194120209	 .568740881691467
 5	 12941	 .00339874805602157	 .0926785403042168	 .000666213542289129
 5	 12956	 1E-05	 .278289590599721	 .226273423016103
 5	 12979	 .812735876370276	-.0106438261614853	 .999054166414245
 4	 13022	 .0654076017532076	 .00479960335045876	 .976449961927078
 5	 13034	 .661091192228249	 .0397682853499032	 .975660300929573
 4	 13049	 1E-05	 .0411573264344981	 .0872664585269805
 5	 13092	 .00717222431090599	 .00278370289648983	 .284258937573969
 5	 13094	 .871331232677576	-.057605344432764	 .980115147152122
 5	 13143	 .00271982986497487	 .0106526611478423	 .0280060944179884
 4	 13155	 .0123355421926259	 .0491606496795004	 .0521702643050581
 5	 13170	 .973822431711601	-.00956327182186228	 .977580952591876
 5	 13197	 .0073465441327306	 .0124303774441292	 .299151987992497
 5	 13226	 .0332132140333241	 .00985431775279228	 .943729533027159
 5	 13249	 .0117165254697256	 .022399518976699	 .421735148613095
 5	 13275	 .433737485600839	 .0479214702551578	 .933936621729948
 4	 13338	 .0454217133779088	 .0341098665318291	 .782772691511602
 5	 13472	 .0779819211099859	 .0392615428819839	 .776262338249918
 4	 13487	 1E-05	 .0313070671605154	 .00018759963264825
 5	 13489	 .17372157626868	 .00591460336046372	 .527183899498406
 5	 13554	 .037852573287671	 .0125441966836378	 .871395998770482
 5	 13579	 1E-05	 .010033787033407	 .00519769383254809
 5	 13597	 1.57352725384034	-.0846255729218015	 .995106741318132
 5	 13627	 .0736351103483481	 .0320236342749163	 .775341652243822
 5	 13655	 .201680385586676	 .125541814144981	 .601043352280865
 5	 13664	 .106990278952848	 .00505617194107391	 .99710845326323
 5	 13666	 1E-05	 .124924722799617	 .0550909404018124
 5	 13684	 .00219606207752685	 .0205625686644403	 .0389223851998154
 4	 13716	 .180113985538914	 .0438891769226798	 .850073508734024
 5	 13720	 1E-05	 .065255792384765	 .719789049838683
 5	 13746	 .0351606753412135	 .0075515604459114	 .937356342362059
 5	 13755	 .0198095250258866	 .00390800138436407	 .669750154142435
 5	 13806	 .000575473753850443	 .0120340769923286	 .00200506681128698
 4	 13814	 .0213216831915154	 .047471672053586	 .231645016133956
 5	 13859	 .38290886029348	 .155951180661161	 .923661076759641
 5	 13946	 .0117578015180221	 .0114943654904867	 .495798117550846
 5	 13947	 .00439819707167695	 .0122004318255298	 .0485382297036541
 5	 13973	 1E-05	 .0225301006194039	 .333374678056414
 5	 13988	 1.12876362632708	-.0515567906087491	 .99682405708444
 4	 14000	 1E-05	 .0199747012833609	 .236265332783067
 5	 14009	 1E-05	 .0582969714953341	 .162929276683971
 5	 14013	 1E-05	 .040397627760778	 .00633384957721017
 5	 14023	 1E-05	 .0569160823322634	 .274669431913294
 5	 14041	 .00963623683654989	 .00454359705672845	 .454105111469304
 4	 14085	 1E-05	 .0334419267831664	 .828755041827642
 5	 14095	 .158287435745419	 .0341521712112491	 .925370178908327
 5	 14118	 .000108134595618842	 .025528492189962	 .000342464149294619
 5	 14130	 .0114646209554944	 .011821033317824	 .0667873437285406
 4	 14172	 .00677404264485394	 .0239283186489818	 .217292283736605
 5	 14175	 .0149636982644798	 .0104516399886921	 .984350170786877
 5	 14232	 2.06063868582062	-.145161494061386	 .965068513800768
 5	 14252	 1.09660980793311	-.044254618017748	 .97989362948686
 5	 14292	 .00307445962483892	 .0143102080614496	 .0320433804639629
 5	 14294	 1E-05	 .0124672377252213	 .113363725958224
 5	 14334	 .495041307731264	 .0537226942757514	 .994726102295419
 5	 14346	 1E-05	 .0147699531419474	 .00102714971592555
 5	 14363	 .0969370107836661	 .00969323203043091	 .844108307427294
 5	 14444	 .0140649177136251	 .0250810802348057	 .108532927371671
 5	 14448	 1E-05	 .0163079243208041	 .0198176952474086
 5	 14453	 1E-05	 .00847965350433354	 .0319861676381167
 5	 14514	 1E-05	 .0249267986539555	 .580620347631395
 5	 14520	 1E-05	 .0242153021181967	 .0473095920735243
 5	 14527	 1E-05	 .0243049374606981	 .0508662897141006
 5	 14528	 .0118435519006364	 .0065538533465289	 .999008466833321
 5	 14549	 .00607163377234613	 .00471443926549216	 .750721601150506
 5	 14563	 .0147049497023783	 .00638286487631285	 .785652387942515
 5	 14594	 1E-05	 .036967784731526	 .247122699707028
 5	 14606	 .0101213605395613	 .0249673284596984	 .438376468156796
 4	 14623	 .00858447528120556	 .00982821910866325	 .506319523526686
 5	 14632	 .0144275670832492	 .00442862617021257	 .854846612758368
 4	 14656	 1E-05	 .0244147020306281	 .150282846028805
 5	 14723	 1E-05	 .0140082448370097	 .0234383862378783
 5	 14732	 2.06601620833328	-.0969927432528677	 .965099638073668
 5	 14739	 .0273462144639846	 .0420951116731385	 .572994046381473
 5	 14770	 1E-05	 .0219181890812293	 .733451063899165
 5	 14779	 .149281690073666	 .0844294697748202	 .910105467898727
 4	 14782	 .085059303938781	 .0310450339879647	 .920948376503426
 5	 14801	 .0558291951751909	 .0197190549102666	 .431421319139858
 5	 14825	 1E-05	 .0305693232120335	 .614470522285342
 5	 14833	 1E-05	 .0965864013500177	 .793226869456191
 5	 14838	 .132241984102165	 .0154644910300011	 .833120129526253
 4	 14860	 .000666599002929376	 .0112376624357098	 .00322049618777498
 5	 14881	 1E-05	 .0170605021008299	 .634779431769186
 5	 14899	 .0741036833473587	 .0203824225347524	 .617284690702415
 5	 14952	 .0261263126049912	 .0330919698333645	 .882499091755125
 5	 14983	 .00352889435144466	 .00456930990645674	 .485165794906179
 5	 15023	 .197400896978437	 .0590258378679438	 .970492009933153
 5	 15045	 .0134471268954553	 .00835282095796067	 .768469874181186
 4	 15072	 1E-05	 .0724312767439075	 .161264213121606
 5	 15073	 .00971672511624091	 .0330749519786401	 .0815948426451801
 5	 15100	 1E-05	 .00739990490744991	 .365731022337889
 5	 15101	 .00229972975335255	 .00522579401615679	 .0535029331059323
 4	 15107	 1E-05	 .0456734490222593	 .219437491342524
 5	 15110	 1E-05	 .0268142060304461	 .00810654298576274
 5	 15123	 .0877008832947991	 .0217859296494372	 .998758697176202
 5	 15128	 1E-05	 .0619596317630227	 .156876160100013
 5	 15135	 .0194296524755138	 .0118958567748105	 .166514639241331
 5	 15138	 1E-05	 .0113676219692868	 .037047918054808
 5	 15199	 1E-05	 .0332516668674	 .494367156016661
 5	 15213	 .0223787462333846	 .00854487862754571	 .901613608677424
 5	 15219	 1E-05	 .010955832208675	 .315837227674304
 5	 15234	 .171309045565364	 .0590381852536678	 .986256593010302
 5	 15241	 1E-05	 .0414090144991565	 .457704694671065
 5	 15247	 .0074406539401748	 .00972539672305132	 .0899418755250289
 4	 15253	 .0192289339245887	 .0198838813410124	 .357274926003908
 5	 15317	 .000488134736092256	 .0391949271079857	 .000202514422160571
 5	 15323	 .0733067512518598	 .00220544128467201	 .877200257883131
 5	 15361	 .0224179324304341	 .0322183014204174	 .269893513246484
 5	 15384	 .113151046304646	 .0754982151711801	 .942684524686709
 5	 15393	 1E-05	 .0186190750245803	 .540013000321613
 5	 15400	 1E-05	 .010372177357082	 .573533524854519
 5	 15429	 1E-05	 .0114327290269859	 .0171219098532266
 4	 15456	 .0513752182871934	 .0371621472870167	 .88679775700624
 5	 15464	 .00246854936908254	 .00467298454925111	 .15332746748955
 5	 15489	 .538034315146568	 .0155756752011392	 .974522196553076
 5	 15498	 .0101557071023808	 .00641864321818372	 .995526383292598
 5	 15523	 1E-05	 .0264551142372218	 .422834484013301
 5	 15530	 1E-05	 .0721341549460988	 .151417303862822
 5	 15539	 .334915016893171	 .022357498952441	 .842347529466378
 5	 15561	 1E-05	 .0152061733240186	 .230088736291498
 5	 15563	 1E-05	 .0433917004064777	 .323798410005789
 5	 15576	 .00741148501415908	 .0133635522778384	 .53201821232169
 5	 15584	 .000117637124115177	 .0109061796590539	 .000300025998997255
 4	 15585	 .0283572461580189	 .0408540250780756	 .152561194413374
 5	 15590	 1E-05	 .0124262810337068	 .00316033644703761
 5	 15635	 1E-05	 .0164664085393647	 .418314712681746
 5	 15637	 1E-05	 .0112861430617384	 .200972346441165
 5	 15667	 .0714515023197773	 .025442282730031	 .972660748577321
 5	 15671	 .932194593719498	-.0559009588844148	 .998896354528421
 5	 15688	 .0184125157385245	 .0309230414195926	 .460677454350475
 5	 15715	 1E-05	 .0261507458598044	 .196693058547769
 5	 15741	 1E-05	 .105602928015088	 .00555534760720744
 5	 15756	 .0117518516922648	 .0100319376046185	 .192637114524989
 5	 15802	 1E-05	 .0170500456004578	 .0540317385314975
 5	 15803	 1E-05	 .00839918921929647	 .193727865579719
 5	 15839	 .113317154523808	 .00710490467810554	 .973945939479226
 4	 15850	 .00521266061152749	 .0517711193396985	 .0171627294084001
 5	 15881	 .0127238458130207	 .0207882691763238	 .132488641167468
 5	 15912	 1E-05	 .0260220014957646	 .00245726067540752
 5	 15953	 .00619538028513332	 .0189893640653677	 .623170157732796
 5	 15966	 .0178608107133724	 .042065325505703	 .282243689238851
 5	 15969	 .0247822101290388	 .00629395007496373	 .939814042464792
 4	 16017	 .0211216547874148	 .0535439523851452	 .197118937406735
 5	 16051	 1E-05	 .0482616706993863	 .0481766807071389
 5	 16099	 .11790566870378	 .0910391609279148	 .36009645031916
 5	 16161	 .0469243158401589	 .00193630479856231	 .914219778434384
 4	 16167	 .146863358460736	 .0555315160136897	 .915253614759982
 4	 16190	 1E-05	 .0594809023403798	 .393660569702102
 5	 16222	 .0902901961507453	 .101495942277027	 .393333473309286
 5	 16224	 1E-05	 .0101300153733715	 .237955729569439
 5	 16229	 1E-05	 .0042791238445345	 .00319920823332032
 5	 16263	 .267097047799872	 .0543587359931934	 .971609273545291
 5	 16307	 1E-05	 .0164430757214943	 .586015084836701
 5	 16326	 .180216492710786	 .0340275255816056	 .842450209979994
 4	 16366	 .0835047964081635	 .036875295056775	 .513958851944229
 5	 16382	 .208420335418942	 .0571385750042012	 .936144086289063
 4	 16421	 .102140682569193	 .0452817195537282	 .834026400222814
 5	 16426	 .46687529171613	 .0433455728935304	 .995301449523383
 5	 16447	 1E-05	 .0133654049863469	 .0621705373071336
 5	 16474	 .00181492286502965	 .0106929412367132	 .0334527538785095
 5	 16502	 1E-05	 .00860758901564791	 .461834107033551
 4	 16513	 .0025644185557913	 .0133278470436351	 .0761587707389826
 5	 16544	 .0426101223461999	 .00384843913079636	 .993165702280495
 5	 16552	 1E-05	 .0862836521971612	 .363642550771009
 5	 16570	 .00269204401355416	 .0098338731817544	 .0415105150164682
 5	 16582	 1E-05	 .0285511508369426	 .973661753880329
 4	 16585	 .0389698423297431	 .0256801497953652	 .814609385311848
 5	 16586	 1E-05	 .0485209193071781	 .731190022981558
 5	 16643	 1E-05	 .0275409297499598	 .135666097569799
 5	 16661	 .00974604076534133	 .0145574258571702	 .160739741911267
 5	 16665	 .672504084328504	 .118674510867919	 .915252373595198
 5	 16678	 .220096358017693	 .0246100418455821	 .933973293839393
 5	 16720	 1E-05	 .0479718774907031	 .124242883260728
 5	 16742	 1E-05	 .0343226090263607	 .549133071942195
 5	 16788	 .00475277913896931	 .00832404288535795	 .729164122593138
 5	 16790	 .393638399048447	 .0398997444167064	 .974895236408248
 5	 16801	 1E-05	 .0806788182231253	 .227011967779358
 5	 16813	 1E-05	 .0709201645634573	 .795505618516419
 5	 16819	 .00988036847268218	 .017564157694712	 .077778394850414
 5	 16827	 .0182782072910442	 .0109296593358196	 .298348982972937
 4	 16848	 .292626101635777	-.0232973044155205	 .972997112165143
 5	 16851	 .0129430001142435	 .0108184314514571	 .972767894126179
 4	 16860	 .0223131222561776	 .0127589481292124	 .92694039889743
 5	 16871	 1E-05	 .0440555860894338	 .013935338232161
 5	 16877	 .0830719405787398	 .0112869207387341	 .98657731979016
 5	 16896	 .00288591851659117	 .0122704664086638	 .0524281934831303
 5	 16918	 .0273477904033188	 .0090431476344774	 .55978072430687
 4	 16919	 .0713764030918961	 .0346465452456858	 .792895293420099
 5	 16989	 .0120901612860985	 .015134037490699	 .760669397841976
 4	 17026	 1E-05	 .0553526016963613	 .0804505480957896
 5	 17028	 .00627219405567201	 .010031465328311	 .140508903673023
 5	 17033	 .0971839740480225	 .0241720225408966	 .997411188908964
 5	 17059	 .0182970570538449	 .00746402949749056	 .590501960045041
 4	 17105	 .0677384938198656	 .0133364898754262	 .983214357862079
 5	 17107	 .00895484108243466	 .0190589502128431	 .126466141917118
 5	 17155	 1E-05	 .0105917506979035	 .472563753836774
 5	 17187	 1E-05	 .0239387516568353	 .510138306477128
 5	 17189	 1E-05	 .0308066723738233	 .128136778337503
 4	 17199	 .00316597928462278	 .0352011712044376	 .003607326465909
 4	 17220	 .00970324585982986	 .0294345094795235	 .212479971154434
 5	 17243	 .0286334785713406	 .0267977836392769	 .893816951105424
 5	 17280	 .00359387697215302	 .0176280331372604	 .113712117050604
 5	 17414	 1E-05	 .0647944966003439	 .944050830413688
 5	 17439	 .113176941140186	 .0704756638216975	 .572752913006965
 5	 17457	 1E-05	 .0200501044013944	 .107200047755822
 5	 17514	 .037022491964572	 .0154913329689944	 .940865464143627
 5	 17518	 .00158301702133734	 .00676624618611543	 .0416409702588658
 5	 17522	 .0057965114505942	 .0220795039875805	 .0676068838010151
 5	 17526	 .0115149262726837	 .00968450670519953	 .52693869386381
 4	 17540	 .0314926115631582	 .029647667495675	 .998442433976923
 5	 17548	 .0117304859091109	 .00749049082719119	 .881247051737263
 5	 17586	 .00584322362915197	 .0116102094008684	 .208892976716448
 4	 17615	 .0400599086990796	 .028819005511847	 .458780865902047
 5	 17635	 .00112795139391043	 .0105691995475473	 .00499070021219195
 5	 17640	 .0184344584647475	 .0156577584735919	 .319013858135161
 5	 17697	 .0612714421948386	 .0276588561532434	 .554739969223672
 5	 17699	 .01809977546044	 .00571410136665728	 .935326822705174
 4	 17720	 .030157104855942	 .0409344154984961	 .227290886869878
 5	 17734	 .0174829408020187	 .00161426791157772	 .862371852108362
 5	 17752	 .0173718196055734	 .0144046211002216	 .60965970115231
 5	 17766	 1E-05	 .0132731635664252	 .167229688163675
 4	 17772	 .0414510679728822	 .00887088671141244	 .877991455464905
 5	 17787	 .00760697955494092	 .00982075834065042	 .334886302921863
 5	 17792	 .01681174232898	 .00923103856591504	 .593216325956345
 5	 17819	 1E-05	 .0449967038129507	 .419166013530573
 5	 17822	 .00586334328675473	 .00890595526434224	 .603852962506327
 4	 17870	 1E-05	 .0594196825918487	 .550298265149056
 5	 17871	 1E-05	 .0272198709153248	 .372891356790541
 5	 17878	 .000850128151746446	 .0107151827948582	 .0137998831575363
 4	 17887	 .0165792122878694	 .0259648060816577	 .334514792541344
 5	 17912	 .0048372287733653	 .0096555468128003	 .164118595968378
 5	 17934	 .0590185178158078	 .0194850591738096	 .855300964187473
 5	 17977	 .0135333079602704	 .0206068540333006	 .294019721341552
 5	 17998	 .00238722920229533	 .011869150526339	 .0117818065869311
 5	 18007	 1E-05	 .0134521335848852	 .270105319487655
 4	 18016	 .0529150205857671	 .048344614222422	 .665315713095274
 5	 18026	 .216104037617621	-.0069125333163097	 .904717904319014
 5	 18051	 1E-05	 .00389000978285542	 .0654948780552872
 5	 18062	 1E-05	 .0112014491354402	 .81391968122179
 5	 18082	 1E-05	 .0142720920763481	 .086860345805854
 5	 18085	 1E-05	 .0293101988110636	 .0669080153529208
 5	 18095	 .279510864829531	 .0369866771792211	 .781134094054274
 5	 18102	 .018117067817996	 .00434701360633063	 .532918675108695
 4	 18126	 .0334441540120185	 .00951763332184983	 .936898992389589
 4	 18181	 .00314503095874045	 .0468180111457505	 .00844786255189134
 5	 18190	 1E-05	 .0251721496847515	 .723955965480626
 5	 18219	 .0216216948898158	 .0395930790682657	 .40346210298798
 5	 18277	 1E-05	 .0137093989491397	 .480084131815796
 5	 18281	 .00338999866406968	 .00298676079475952	 .222231973403546
 5	 18287	 .00144746315803732	 .0178333224498506	 .00923741902187158
 4	 18301	 .0177770026497668	 .0176046945826173	 .670990770572176
 5	 18319	 .538644179158554	-.0121489521051006	 .99803978997012
 5	 18346	 1E-05	 .00286517397387108	 .00187186527444472
 5	 18354	 .00986379187366149	 .0091024101466611	 .695099530619494
 4	 18358	 .0955385565304216	 .0735543333096911	 .317993921608889
 5	 18361	 .00533949977361482	 .0173194687649621	 .147005306369855
 5	 18374	 1E-05	 .0140750986609655	 .2153151250023
 5	 18380	 .0194474125639911	 .00964374465459559	 .314003816641583
 5	 18407	 1E-05	 .0553634016794407	 .737593861826582
 5	 18414	 1E-05	 .00736257283960001	 .98143883170248
 4	 18424	 .102037950198949	 .0429587571403791	 .850210463204915
 4	 18435	 .0242358655637257	 .0371934630965538	 .423931654914908
 5	 18459	 .320218629360012	 8.41932073340462E-05	 .999469279361673
 5	 18474	 .00502377226812625	 .0125497327484359	 .353893661180741
 5	 18520	 1.49909666579309	-.131525214286713	 .972620450224451
 5	 18530	 .000861187714173067	 .0256412983195031	 .000518854736722973
 4	 18538	 1E-05	 .0504699395256778	 .392407230755
 5	 18550	 .00634986087262886	 .0147415060319258	 .0904750246651261
 5	 18560	 1E-05	 .0144016107350605	 .599370861071727
 5	 18569	 1E-05	 .0122450468339228	 .0474982325156309
 5	 18611	 .0214196469905104	 .0214463379368406	 .839190218540189
 5	 18629	 .0122234055156198	 .0109678519869664	 .123551612207052
 5	 18644	 .227143729834514	 .123683044072028	 .383654315833575
 5	 18652	 .0131972392408285	 .00346521095126625	 .905085712616652
 5	 18668	 1E-05	 .012810458595491	 .0410749482237976
 4	 18690	 1E-05	 .0214374570694907	 .0499065885048712
 5	 18700	 .00782818335196091	 .00723085821934133	 .371429881932205
 5	 18704	 1E-05	 .0133543557152611	 .0697555690685616
 5	 18745	 1E-05	 .00958078893357084	 .00244478958936778
 5	 18770	 .00304124911332324	 .00614459706530791	 .134635596581306
 4	 18777	 .288165347845575	-.0082372514884978	 .985135681781679
 5	 18818	 .058733456701904	 .0255666707920948	 .721428999587507
 4	 18829	 .0350942428635096	 .0384535852952232	 .771148493193261
 5	 18856	 1E-05	 .0187747366101457	 .64659361691607
 5	 18867	 1E-05	 .00838497580942081	 .214121594888828
 5	 18875	 1E-05	 .0223060163827667	 .452279601615832
 4	 18879	 .135173506848149	 .0295216932952917	 .963301316482002
 5	 18929	 .0820927330680887	 .118498865147595	 .118646833351966
 5	 18943	 .0530504724927894	 .0815839535751986	 .600284965260081
 5	 18960	 .0461015015807076	 .0505829238801251	 .82974877684042
 5	 18962	 .118860387654144	 .0759171468027134	 .433572134290493
 5	 18965	 .00245213288376128	 .0198866427473133	 .0152985414392145
 5	 19027	 1E-05	 .0218767544261179	 .84432810367505
 5	 19030	 .0252110359717738	 .0721886769654475	 .189622989592713
 4	 19054	 .277694578156324	 .0460189004304534	 .98605459288951
 5	 19059	 .0101384181955781	 .00430099347808349	 .846461279234091
 5	 19094	 1E-05	 .011462265566668	 .973805996759774
 5	 19115	 1E-05	 .0255650592144321	 .306741283718872
 5	 19123	 .0126193833777767	 .0122272293416098	 .86617118133591
 4	 19151	 .199962913513729	 .0339587456856011	 .962143539967253
 4	 19177	 1E-05	 .0177579168907429	 .11962401790057
 5	 19189	 1E-05	 .00909295917756989	 .0160469722256172
 5	 19204	 .353636933061891	 .154747961557541	 .474040579176188
 5	 19240	 .0282365251068011	 .0708996378081388	 .0793370488614463
 5	 19272	 .0132102861269956	 .00930115875971392	 .507663370950738
 5	 19295	 1E-05	 .0427027687282395	 .927486252320412
 5	 19311	 1E-05	 .0362491628513942	 .0416459502521932
 4	 19333	 .0303405045388596	 .0127228730542107	 .943118442744389
 5	 19345	 1E-05	 .031765146355304	 .0024487784152617
 5	 19352	 1E-05	 .0273763927656547	 .00353101450974058
 5	 19356	 1E-05	 .0180435604689359	 .133041386948344
 5	 19385	 1E-05	 .0270147253824556	 .638059528002134
 4	 19392	 .161109195746416	 .0257077184570433	 .997143016467922
 5	 19409	 1E-05	 .00927180439041684	 .444128677918193
 5	 19417	 1E-05	 .00791891427193535	 .164993171471437
 5	 19421	 .0187305224638766	 .00727442510025286	 .815407312226825
 1	 19446	 1E-05	 .0375537377552353	 .494511107450961
 5	 19456	 .00932963543690496	 .0115170035186633	 .638144801588194
 5	 19477	 1E-05	 .00839030542242007	 .547384703619674
 4	 19502	 .042502974739735	 .026643363692158	 .572824835156854
 5	 19505	 .011976087808775	 .00917672473207765	 .837322669607923
 5	 19519	 .135058854127885	 .00276711598121211	 .836572993294596
 5	 19556	 .00626266996004873	 .00558885724910122	 .400067452520738
 5	 19577	 1E-05	 .0170712061604315	 .0373271487024194
 4	 19589	 .0624336809660399	 .0526653509219632	 .144834389782422
 4	 19649	 .138622001147286	 .0573661208320635	 .234252355572149
 5	 19654	 1E-05	 .118223831881658	 .272897257758995
 4	 19686	 .0315549310700169	 .052616677787238	 .102441590456923
 5	 19708	 1E-05	 .345191295052567	 .580385112252701
 5	 19716	 .0198333025993727	 .0100388242030717	 .872608152711912
 5	 19749	 .477462504125965	-.0233153759179303	 .995346349615167
 5	 19754	 1E-05	 .0964562866303464	 .705406466664341
 4	 19775	 .123797409922523	 .0329827443446189	 .950541666840521
 5	 19829	 1E-05	 .0501377725611444	 .978971752928924
 5	 19830	 .0384726458117046	 .0241156035633964	 .424305383983557
 5	 19864	 .156874420692082	 .248167834522084	 .144620559640897
 4	 19869	 .236901161542968	 .0404427436633762	 .96858892823336
 5	 19900	 .024401637721545	-.00249013166405547	 .945642589089691
 4	 19919	 .00400690165580171	 .0260040157126067	 .109503673043535
 5	 19926	 1E-05	 .0100315942389253	 .190792217069993
 5	 19945	 .00365125161996978	 .00381057484002604	 .443925882298303
 5	 19947	 1E-05	 .0253073171580575	 .147762448889822
 5	 19972	 .243407637247817	 .056193925074191	 .829244615809829
 5	 19979	 1E-05	 .00955967475156948	 .0214046145859061
 5	 19981	 1.35051047637515	-.0937836099241459	 .976696825223911
 5	 20019	 .468280035901624	 .0243227728995648	 .944955895699571
 5	 20050	 1E-05	 .0139311654018747	 .0128618422973226
 4	 20051	 .232529409120046	-.00143410229423667	 .938940125060575
 4	 20068	 .767666589702589	-.0708993235170338	 .979388783667765
 5	 20069	 1E-05	 .112009138849091	 .00578361458418519
 5	 20070	 .0186180608109399	 .0435382265336256	 .0295629308668448
 4	 20115	 .139746289561736	 .0208182405199525	 .984663561178784
 5	 20135	 .00225500663564791	 .0132846050683734	 .0122738119446749
 4	 20141	 .0526495871553321	 .0445505351500191	 .617114675426345
 5	 20165	 .00637517721876474	 .025963416806679	 .0289193369498157
 5	 20181	 1E-05	 .0305522193928931	 .388072927248009
 5	 20199	 .159054240101919	 .0256220015405545	 .937308053617298
 5	 20224	 .00234703586710037	 .00925416324810405	 .0233530725527218
 5	 20226	 .0887875059794463	 .117824872553588	 .0954155123450804
 5	 20246	 1E-05	 .0231727338884538	 .0870117949714559
 4	 20271	 1E-05	 .0489106865698109	 .076929506832575
 4	 20326	 .271171731960616	 .0121126838498754	 .950333976103107
 5	 20347	 .763137970863355	 .1027501696136	 .843711554918737
 4	 20355	 .231493429275706	 .0107931564398362	 .994358980529034
 5	 20382	 .524307472559947	 .148365938110487	 .681002930128244
 4	 20451	 .443219032613043	 .0179450136262452	 .992856362869616
 4	 20487	 .103881363236341	 .039859662498866	 .619877363752827
 5	 20507	 1E-05	 .0350444342498435	 .36638748885023
 5	 20510	 1.22582377897532	-.0115857474980079	 .935449802198952
 4	 20533	 .215062342136401	 .0233134049701126	 .991811584878826
 5	 20577	 .302058422874611	 .0231489035859419	 .81765644288116
 5	 20600	 .431597543541154	 .0221832749772786	 .962778276356388
 5	 20609	 1E-05	 .0123202510103922	 .0234290193064761
 4	 20623	 .0156619205205538	 .0721854853842776	 .113340821456033
 5	 20673	 .00216906655568599	 .0112994304836017	 .13950103708572
 4	 20697	 .117935945940919	 .0387186573245018	 .76364650946962
 4	 20734	 .176973706232384	 .0333906606510187	 .698602015323296
 4	 20744	 .591436922324567	-.0250187002803622	 .998844236326401
 5	 20767	 .738538891509821	 .0354601407219233	 .887995961827136
 4	 20784	 .101293468687247	 .0377683320162622	 .770497319913831
 5	 20833	 1E-05	 .00857736560773804	 .896455769237474
 5	 20840	 1E-05	 .070191900166446	 .986875567907991
 4	 20841	 .0377378869761933	 .0307318689261588	 .261792220473051
 5	 20864	 .452653287619669	 .132664642141328	 .716357509161897
 4	 20866	 .39954356088402	 .0217841763394443	 .992830414876551
 5	 20879	 .233963981636282	 .00871216020554622	 .994826263113726
 4	 20894	 .450694329641997	 .019266793718327	 .985016420489148
 5	 20901	 1E-05	 .211302024759111	 .0294665486212689
 5	 20948	 .0164356185560922	 .030535048330172	 .592729862298359
 4	 20951	 1E-05	 .0465940202955724	 .257950597649886
 4	 20960	 .190699501431097	 .00745917796370357	 .992597841321094
 5	 20987	 1E-05	 .0266500065142687	 .629425920053313
 4	 20998	 .182391125619945	 .0378017973929286	 .878688450618584
 5	 21006	 1E-05	 .150778088691508	 .0198504755616374
 5	 21009	 .00362273292600135	 .00574286784397207	 .244190202276153
 5	 21054	 1E-05	 .0364302119501548	 .691972854817633
 4	 21095	 .0893299239171571	 .0467656552595192	 .927661692024128
 5	 21144	 .0232436933102547	 .105973445994428	 .068524425884369
 5	 21145	 1E-05	 .0234531561941526	 .207062851499603
 5	 21162	 .0426384425443007	 .0174499649997701	 .643615408386216
 4	 21167	 .0625187643338394	 .0227465788194672	 .967699719562556
 4	 21172	 1E-05	 .0382933537748212	 .0138720787406227
 5	 21224	 1E-05	 .0238981140024582	 .768343004353921
 5	 21269	 .00979755074266798	 .0241981689216106	 .313113036571078
 5	 21271	 .00769744113965182	 .0190375538925202	 .0575300807268391
 4	 21285	 1E-05	 .028144567588597	 .116505621567671
 5	 21342	 .0544720523787107	 .00364381548424347	 .882530379862487
 5	 21352	 1E-05	 .0247074891248191	 .338861322908427
 4	 21362	 .253606584585486	 .027281751597204	 .975308734456518
 5	 21377	 1E-05	 .0210489558012199	 .00349392711459562
 4	 21420	 .0618787604102036	 .0264027986245905	 .675605378467913
 5	 21421	 1E-05	 .00997598289634044	 3.07193784319093E-05
 5	 21447	 .00620568022285114	 .0175574708427481	 .254967846422587
 5	 21488	 1E-05	 .0080431900682818	 .0186821764704466
 4	 21537	 .278835880884951	 .0207137742920704	 .977364118546961
 5	 21584	 .0443295828233562	 .0456839364695797	 .237865853462751
 4	 21596	 .104993623614956	 .0275572042879698	 .929090078098268
 5	 21633	 1E-05	 .0282535480684189	 .180772714660703
 4	 21640	 .18377153251441	 .0309121869310326	 .965745070830523
 5	 21650	 .00252730277617881	 .0102492082949385	 .0637909405977982
 5	 21677	 .0277739601876509	 .00877520929003609	 .996818133957844
 5	 21687	 .0466944325254757	 .00330484500058555	 .983684350021335
 4	 21737	 .308538516521593	 .0596605288769507	 .814266828598123
 4	 21789	 .40770142788538	 .010823184848969	 .993884991806635
 5	 21823	 1E-05	 .0160626434745011	 .0145107101689268
 4	 21828	 .151847684288337	 .0431242041132153	 .978127581760779
 5	 21831	 .0616848551159705	 .0163725288214882	 .45266009209464
 5	 21847	 1E-05	 .04258076604783	 .474041210017448
 4	 21894	 .0123114476083105	 .0278871445612855	 .0858049691931899
 5	 21895	 1E-05	 .0196474846038243	 .0478886307563142
 4	 21954	 .0847067857368323	 .086257457314641	 .451243363046377
 5	 21980	 1E-05	 .0045702306129392	 .0121472239330263
 5	 22149	 .0757841871803616	 .0268465762335007	 .581965498005202
 5	 22154	 .0315720121450635	 .0633879281078972	 .0642823057789536
 5	 22160	 1E-05	 .0135762708309499	 .31984444655288
 4	 22180	 1E-05	 .0932292800024266	 .00860046640863632
 4	 22197	 .0761397830485109	 .0303680323836607	 .723216801712115
 4	 22231	 .286607615612583	 .0331231512888828	 .989838965117069
 5	 22244	 1E-05	 .0660790812513625	 .951415570046663
 5	 22258	 1E-05	 .0378347304416551	 .885975857121577
 4	 22264	 .0531200380455854	 .0123163955287547	 .952050198681594
 5	 22283	 1E-05	 .0221712091500234	 .403209468622979
 5	 22306	 1E-05	 .0252543871270992	 .062609117262942
 5	 22308	 .0900047302080866	 .0473686739799205	 .973361902143736
 5	 22320	 .00385258874443646	 .0219231426022327	 .00378553092567202
 4	 22346	 .0918165890270948	 .0169980305132084	 .977945745060207
 5	 22365	 1E-05	 .00808237394243544	 .0066977076885969
 4	 22440	 .00406729964202256	 .0440095977098413	 .00289703648115447
 5	 22447	 .0155647858214688	 .00396914472648648	 .862418141761005
 4	 22448	 .0325574128640474	 .0246318837144885	 .507146233257048
 5	 22454	 .0365348915993988	 .00336099268651442	 .978868299605011
 5	 22481	 1E-05	 .0126321095537156	 .0265714732550427
 4	 22506	 1E-05	 .0532270627848337	 .0544387985372108
 5	 22512	 .564172616536936	 .0800730958066595	 .908558019248534
 5	 22531	 .0923317715401755	 .199767120613026	 .196682141637146
 5	 22539	 .0151778347857386	 .0130769230571095	 .908106099116897
 5	 22551	 .0155842769694728	 .0149714961422614	 .245969154189063
 5	 22581	 1E-05	 .0836136531149264	 .37535703062837
 5	 22602	 .528828554375118	-.0101795884192224	 .9976935024489
 4	 22634	 .112054549563919	 .0341700931512171	 .795873893743509
 5	 22665	 .0208009719211295	 .000133409620676035	 .908385493040252
 5	 22667	 .00531899075619757	 .0277939051157656	 .0373161577851445
 4	 22709	 .0731398888795376	 .00680939238585944	 .949805604597173
 5	 22719	 1E-05	 .108029422817948	 .642260704638397
 5	 22739	 .0740868407370534	 .0192046334694087	 .956560349434361
 4	 22749	 .338050644631358	 .00317472735796702	 .959335000101699
 5	 22777	 1E-05	 .0718124213727853	 .358805756731399
 5	 22786	 .000336031242004975	 .0134222951649399	 .00015341550369341
 5	 22797	 .0184144886414541	 .0175536865475538	 .780827874125759
 5	 22805	 .0444074123364686	 .0131012719670234	 .894528507800313
 4	 22806	 1E-05	 .0601622582593256	 .00147471948150957
 4	 22872	 .0884545185959718	 .0276047938083967	 .971792063089296
 4	 22878	 1E-05	 .0933250138546167	 .435238063825577
 5	 22903	 .0218997977321118	 .00722489337619141	 .775812956686131
 5	 22907	 1E-05	 .00536435492271344	 .341433362209681
 5	 22914	 .00399152730208551	 .0107880958663942	 .0588345083265848
 5	 22970	 .114433513989553	 .00298864837648927	 .941932188662322
 5	 22973	 1E-05	 .070841299066725	 .112173241825008
 4	 22986	 1E-05	 .106681840309644	 .134416943109426
 5	 23031	 1E-05	 .038821653651483	 .000495868441759639
 5	 23040	 6.7905563510841	-.775070654599492	 .975201682221477
 5	 23068	 .085799798054224	 .0106690731695691	 .96337980535881
 4	 23082	 1E-05	 .0959969373667326	 .934539625078086
 5	 23109	 .00308746761635642	 .014445956311594	 .13025913976908
 5	 23114	 .2435806888724	 .0343220991445045	 .90200597654795
 5	 23136	 .0757673927386784	 .0854175799467514	 .281457070174519
 4	 23146	 .04639315577091	 .00936891129228443	 .927931889015179
 4	 23151	 1E-05	 .149801308524856	 .00171190843937064
 5	 23158	 1E-05	 .0193671780832419	 .0951331186789355
 5	 23201	 1E-05	 .0210300825146711	 .159653044374608
 5	 23204	 .00683646144121431	 .0170441059065609	 .0498413727002197
 5	 23222	 .0104701163345596	 .0294591757644443	 .24613726361278
 4	 23233	 .0178238333673877	 .0318087005386561	 .169120541386245
 5	 23282	 .0348660177267796	 .00211528603477946	 .999961055972424
 4	 23308	 .0404592761572443	 .0389738160143378	 .362332973886158
 5	 23317	 .184582944498884	 .165912951567164	 .0387570502197098
 5	 23343	 .00708845371329998	 .0100085958194276	 .525587721675328
 5	 23365	 .030032630176329	 .0112101340459369	 .883565476487352
 4	 23366	 .0253582622761915	 .0154817477807456	 .609461838014141
 5	 23401	 1E-05	 .087629508036223	 .0196294544008953
 5	 23409	 .23801420554847	 .0260086251661954	 .913850980797237
 5	 23411	 .35919613829994	 .0763165081192957	 .993499392341882
 4	 23420	 .0147982295340826	 .0320712136153623	 .124794398162007
 4	 23422	 1E-05	 .0284494134910371	 .147867041760397
 5	 23431	 .00250477636882161	 .00823123227060077	 .111724815519036
 5	 23485	 1E-05	 .0716100131958992	 .00436882555918439
 5	 23488	 .00497468707426211	 .00753114170244586	 .327470941911404
 4	 23495	 .166644942201031	 .0276492890070885	 .965459102564861
 5	 23530	 .00850804521673448	 .0206573627282239	 .129067910616665
 5	 23535	 1E-05	 .0276996852303046	 .62339263264954
 5	 23538	 .580527871666556	 .00145888629985686	 .997681340712437
 4	 23553	 .0509828643366994	 .0575362924174009	 .632846656475268
 5	 23562	 1E-05	 .00662764663701232	 .592744691909622
 5	 23597	 .0250615147517241	 .006796805513401	 .72154892813437
 5	 23607	 .00506448811019254	 .0554708348168349	 .00907136817550225
 5	 23619	 1E-05	 .00762605363436368	 .059447086519398
 5	 23654	 1E-05	 .0131218235484977	 .119097919325264
 5	 23658	 .00207323597433687	 .00412080841667035	 .0194602030185801
 4	 23662	 .00206585535133374	 .0450926162963959	 .00890392872228529
 5	 23683	 1E-05	 .0149343101757875	 .558282793690229
 5	 23699	 .0114678366077277	 .0173978897629054	 .380341845778662
 5	 23714	 .00335267135159313	 .00774954650741236	 .108608837390038
 5	 23738	 .00512810863886645	 .0314790994220638	 .252901418929769
 5	 23741	 .00234819765606397	 .0159381893721792	 .00981966504110865
 5	 23766	 1E-05	 .0184130672230743	 .0336619414110403
 5	 23787	 .228592763603075	-.0125885857593494	 .706033011848082
 5	 23793	 1E-05	 .0157627435294745	 .0712583439325869
 5	 23810	 .00859764384803741	 .0233473365759545	 .176461027728392
 5	 23838	 .0384341269973155	 .0194660792618678	 .86842353330119
 4	 23849	 .119393933857506	 .0241286985501889	 .793847594892044
 5	 23867	 .00197445387717756	 .0118607300247353	 .751924898630616
 5	 23873	 .0637372297534911	 .0233437567122528	 .990698240788029
 4	 23874	 .0237806505137613	 .0392665079880764	 .463274179024589
 5	 23886	 .0053656982694862	 .00801817398610485	 .50705745183101
 5	 23920	 1E-05	 .0379723694357095	 .73739735888953
 5	 23943	 .00786020210553137	 .0146183863172217	 .295893933340514
 4	 23952	 1E-05	 .129727218684336	 .0374225730185515
 5	 23953	 .0187057384037067	 .00782302425407134	 .46767552513474
 4	 23989	 .0240089105014926	 .0256841227825317	 .327134142523337
 5	 23994	 1E-05	 .0297658615842391	 .0145698796744781
 4	 24004	 .0329760048035714	 .0248399673023839	 .964308958279463
 5	 24028	 .00110847244068248	 .0125951698422622	 .00423600147993375
 5	 24076	 .018359027594009	 .00899471887202823	 .938227209432094
 5	 24080	 1E-05	 .025078467658839	 .433379919881444
 4	 24103	 1E-05	 .0548733125122073	 .117527106463427
 5	 24138	 .0167642673202218	 .00993703234718336	 .767389503079496
 5	 24143	 1E-05	 .0391573561294418	 .38235865279402
 5	 24163	 1.10855785333855	 .0282494050142711	 .873759384340973
 4	 24186	 .0213466418684386	 .020543028908193	 .914720357733775
 5	 24196	 .0309224031903049	 .0141672514615888	 .913903891778474
 5	 24254	 .0145729481311418	 .0123129705802235	 .330278274463128
 4	 24296	 .0875832574729841	 .0822960462060428	 .274985207989188
 5	 24378	 .00583837822892226	 .00464422340315983	 .579116169760978
 4	 24387	 .0435516046387344	 .0532273849172021	 .174066972991504
 5	 24452	 .021746428736182	 .00668160945560722	 .921737826577323
 4	 24462	 .209941175667831	 .0253044201581174	 .94242620742792
 5	 24474	 .0147673795160453	 .00945787381298288	 .964866491017629
 5	 24490	 .00360691309022352	 .0155738947208902	 .393023639472824
 5	 24512	 1.45988722985255	-.138101612007955	 .968258426684929
 4	 24539	 .0330073860892699	 .0709777514874867	 .19527312992579
 5	 24560	 .736981563423006	-.0651586154833663	 .994046425776579
 4	 24662	 .145697210025481	 .0185826879656769	 .983315318033313
 5	 24670	 .00163699726333979	 .0108848189245139	 .145211190541327
 4	 24685	 .756806396522036	-.0583305280138813	 .960987519813747
 5	 24718	 1E-05	 .0262724089951633	 .00420644413025351
 4	 24788	 .205834102909798	 .102428979259345	 .325841142686115
 4	 24836	 1E-05	 .0749134027779931	 .0436885812115007
 4	 24884	 .252726926536665	 .0345581060166486	 .88677708363434
 5	 24905	 .00220590488477248	 .013269108235485	 .0559046240889201
 4	 24931	 1E-05	 .0219168909933704	 .846291413815561
 4	 25023	 .0342364005691886	 .0639712418142291	 .236722958052341
 4	 25052	 .0217006023509797	 .0409514235689993	 .300483866910873
 4	 25164	 .0432184593602381	 .0127067205572369	 .883941717334691
 4	 25180	 1E-05	 .0660771252677066	 .135591928306283
 5	 25188	 1E-05	 .0425481270570391	 .657929129958134
 4	 25235	 .0797827519436496	 .0270093597030393	 .371383458531356
 4	 25250	 .0907002221393452	 .0294439805343218	 .272737433625244
 4	 25270	 .135715985606593	 .00640339679312831	 .984649748801095
 4	 25295	 .536744216414336	 .0429670463233802	 .930573090341282
 5	 25307	 .0397401448603764	 .0092794335333896	 .929227717068067
 5	 25318	 .00188074898567721	 .0635261314711853	 .000144516225855318
 4	 25359	 .447504451028894	-.00975878770689015	 .996662589668609
 5	 25373	 .0216421661382246	 .0160437217713543	 .139990852230697
 4	 25397	 .681204058700685	-.037372731269038	 .993746950442955
 5	 25400	 .0123250892021072	 .00710989410606663	 .513990381197985
 5	 25420	 .0710918679170294	 .00244590403803677	 .977140301301496
 4	 25443	 .25652758846289	 .0106459755901631	 .98285796079319
 4	 25492	 .145196163495734	 .0373462298449912	 .676759812674015
 4	 25531	 .582738716270661	-.00671445591255695	 .970503062791471
 4	 25561	 .0818033644675233	 .0082946204067455	 .734566430860571
 5	 25567	 .0304986833652611	 .00562898267600067	 .999811526441604
 4	 25596	 .317908374808458	 .0132635174703391	 .984702587358826
 4	 25641	 .351199711605444	 .0150476903788169	 .985869593969648
 5	 25656	 1E-05	 .021098220683956	 .209953074190186
 4	 25681	 .148514786640374	 .030310894436448	 .931836825167797
 5	 25693	 .206323337313526	 .00431705596762626	 .991971431436569
 5	 25702	 1E-05	 .0128632500988527	 .270598015174854
 5	 25708	 1E-05	 .0178186177075262	 .0226683410175997
 4	 25727	 1E-05	 .068561397869838	 .120175966191853
 5	 25739	 1E-05	 .104948167513953	 .172121259659779
 4	 25749	 .30115560234776	 .0326034517604265	 .995515289081395
 5	 25798	 .0807547926040188	 .011941656651085	 .981611939715625
 5	 25800	 .0585410319756663	 .0157813978039998	 .869080246535004
 5	 25834	 .0289727212360957	 .0116097626969153	 .93268226294682
 5	 25841	 1E-05	 .0414022038297636	 .227732190792622
 5	 25846	 .259831578828729	 .0127514026153249	 .78744020130957
 4	 25848	 .115335424421856	 .0144377964691354	 .661047687340859
 5	 25849	 .00624540857531362	 .0114137681512775	 .765222895457376
 5	 25850	 1E-05	 .016388982111208	 .331564514538686
 5	 25871	 .0514875802446331	 .00283666720149409	 .966690994053734
 5	 25883	 1E-05	 .0422285928497507	 .353934599452442
 4	 25884	 .493062067043317	-.0241393541904113	 .979072291738453
 4	 25960	 1E-05	 .0261589236998918	 .342164535287143
 4	 26001	 .218640208906676	 .0311460710574147	 .922504102229523
 5	 26006	 .0418121223127813	 .0463538714325542	 .596128412775601
 4	 26025	 .196628240274403	 .00483903931936709	 .979472747160453
 5	 26044	 1E-05	 .0320708553623981	 .136856618334793
 4	 26091	 .398633678860622	-.00375050481490569	 .929197190544807
 4	 26128	 1E-05	 .0357373730037717	 .0334860967862641
 4	 26132	 .433223786067077	-.00771949745020029	 .971545747570607
 5	 26161	 1E-05	 .00832917868857511	 .16956303590421
 4	 26175	 .766776055749142	-.0441839560079927	 .964875610978824
 5	 26189	 1E-05	 .0127020362295062	 .521489839440233
 4	 26201	 .257000269134213	 .015900475277681	 .998917981176325
 5	 26214	 .00753541481453202	 .012448200887544	 .261139023440445
 4	 26227	 .165244432252028	 .0273998026231178	 .903937268928378
 5	 26228	 .00124156701486604	 .0169751445212317	 .00949683156302139
 5	 26231	 .00309918009150622	 .00551254716895671	 .585206037593808
 5	 26251	 .00255588812780311	 .0106085837086165	 .0478405803598443
 5	 26257	 1E-05	 .0531166746077471	 .436265556316906
 4	 26326	 .471967294282895	 .0210944429211554	 .976905917131401
 5	 26351	 1E-05	 .0130083476388068	 .140309278580205
 5	 26352	 1E-05	 .0614357037260313	 .581596423561396
 4	 26377	 .046070961489426	 .0776373470680655	 .0825647027990911
 5	 26399	 1E-05	 .0225740964779675	 .0163697400013355
 4	 26420	 .596115211204294	-.0299130124022924	 .973270796958637
 5	 26421	 .0141481997735381	 .00526583304407196	 .57125357599065
 5	 26422	 .0220093945784245	 .0101498646858321	 .756939062908883
 5	 26429	 1E-05	 .0111707048321541	 .397551377557469
 5	 26454	 .0625166833258148	 .00429951812680836	 .63617161866026
 4	 26455	 .0262805965642167	 .0867391747379073	 .00767362586467024
 4	 26491	 .0354344947680289	 .0300280656764711	 .470036511556275
 5	 26501	 .0230177565750635	 .067707184828514	 .0568914380560915
 5	 26562	 1E-05	 .0141731168873635	 .336290656025328
 4	 26569	 .0697334887911429	 .0460068302779838	 .733572165469999
 5	 26575	 .0179820471231941	 .00842776139511906	 .555596885996281
 4	 26592	 .103133823366672	 .0128446814022087	 .742484229208559
 5	 26606	 .0112906385068513	 .0102130738731454	 .106318242573506
 5	 26636	 1E-05	 .160492161327916	 .0981488693426666
 4	 26637	 .020722338166473	 .0332382146847322	 .513300405925567
 5	 26648	 .0501629075291143	 .0330074713964959	 .267806953613754
 5	 26662	 .01800667005946	 .00849976887107878	 .996331581260375
 5	 26676	 .0138327588204088	 .027448605002197	 .848878374906
 5	 26709	 .070678214140894	 .0119538716541183	 .967026023368722
 4	 26759	 1E-05	 .106741646736822	 .69937538212188
 5	 26761	 .0161069199894631	 .0057548653401182	 .425205996483048
 5	 26778	 1E-05	 .0157698480174139	 .900928166348236
 5	 26816	 1E-05	 .024546865043395	 .00593301648336153
 5	 26896	 .000550958148413457	 .0129020457200691	 .000502608745445499
 4	 26904	 .0488761805654249	 .0299824608306069	 .767557118437386
 5	 26951	 .0229387364320918	 .00528115181936723	 .873484695807752
 5	 26975	 1E-05	 .0124396850927084	 .327132538757113
 5	 27013	 .0991623084413981	 .023112509022009	 .687850375233551
 5	 27088	 1E-05	 .212189013554345	 .454763372876563
 5	 27150	 1E-05	 .0205594353004213	 .620929855225481
 4	 27248	 .0689770089411087	 .0175240494304758	 .869146996622521
 4	 27260	 1E-05	 .134372286813582	 .537391748154385
 4	 27278	 .00726862293957397	 .0563322154093575	 .0431083399463617
 5	 27364	 .00894160117313381	 .00521231062048515	 .53753262284247
 5	 27384	 .0027234339685759	 .00892909419636724	 .273828164869164
 4	 27391	 .362859495165694	 .0108822217170781	 .998565868252761
 5	 27425	 .0823463715761773	 .0288656559852242	 .692561376171592
 5	 27431	 .00260774749072792	 .019078527129523	 .0865212855443545
 4	 27436	 .193890918926906	 .0149776302591051	 .942428560600721
 5	 27464	 1E-05	 .0124604243650784	 .210493944834792
 5	 27467	 .0246189999104098	 .00707948279932072	 .754219598084056
 4	 27503	 1E-05	 .0204600528366157	 .00969881860991162
 5	 27541	 1E-05	 .0147999918987931	 .0754342582397463
 4	 27570	 .134471618336514	 .0166202441531953	 .987766756038191
 5	 27578	 1E-05	 .0246723876325916	 .4494883874838
 5	 27581	 .0797781825547783	 .0170268342583359	 .980713430319783
 4	 27589	 .222450072720276	 .00366166502052086	 .942530036842061
 5	 27619	 .049712649980401	-.000828200878499544	 .834118328764983
 5	 27622	 1E-05	 .017626916765191	 .684116292266843
 5	 27625	 .00747492190149613	 .0207243424878599	 .103025212470076
 4	 27663	 .0167533179177075	 .0358789125935148	 .222421845842867
 5	 27694	 1E-05	 .0440691503556802	 .0924019454792552
 4	 27696	 .226400938163371	 .0553550294826651	 .759843165394186
 5	 27728	 .174667109837742	 .030092531372932	 .920582520516878
 5	 27730	 .0782379298559581	 .0736653071976052	 .400958832921108
 4	 27740	 1E-05	 .0583348719413654	 .0156847610251445
 5	 27803	 .0568061952587347	 .150030972675008	 .0489371781977401
 5	 27806	 .0074303388706194	 .00703566059143697	 .70172526134173
 4	 27813	 .204735463487279	 .0267966638140915	 .964295047082022
 5	 27858	 .0011734381687784	 .0902887062797704	 6.44251351439307E-05
 5	 27867	 .0205619517290869	 .00842947589949394	 .931427832838432
 5	 27923	 .000617385195188557	 .0069565920652735	 .00451669540811628
 5	 27935	 .0118525383653739	 .0143983756719505	 .940404679196196
 4	 28027	 1E-05	 .17995474337296	 .077049055087518
 5	 28044	 1E-05	 .0351142493266172	 .38811639167558
 4	 28061	 1E-05	 .139334045390285	 .00660351194708608
 5	 28083	 .0096220526174778	 .00195677734794023	 .947224263207995
 5	 28103	 .0329874341048269	 .00819248674101242	 .925539275946807
 5	 28108	 1E-05	 .0161050644541482	 .129679857982253
 5	 28129	 .0788629510501302	 .0535861625961076	 .979040164081153
 4	 28130	 1E-05	 .0781479468264878	 .0828001990129961
 4	 28179	 .54758017431028	 .00858223281354906	 .998124433375574
 5	 28180	 1E-05	 .0347445776157394	 .720366529758857
 5	 28188	 .00287854192572551	 .0125437607634591	 .0467922661925998
 4	 28192	 .621395890731764	-.00339825441818876	 .850193495101167
 5	 28216	 1E-05	 .0301695130409146	 .229981076727564
 4	 28229	 .0364267418609803	 .0238622145372074	 .637195852064294
 5	 28235	 .272616037899693	-.0129428633115689	 .990176840331427
 4	 28262	 .151199385458969	 .0802670120945178	 .7625088288466
 5	 28286	 1E-05	 .0751831194329595	 .745457471817241
 5	 28290	 .00262082588541809	 .0455731223244951	 .000364489783316602
 5	 28294	 1E-05	 .0146662888008207	 .402656478863938
 4	 28323	 .187345276874596	 .038235114076615	 .992597570898651
 5	 28334	 1E-05	 .0672854958637526	 .488847586847046
 5	 28343	 .14960494492613	 .0807183030638425	 .643901974709912
 5	 28363	 .348477679476616	-.0126357550402423	 .993123388453606
 5	 28379	 .00104713749032623	 .0107459556278653	 .00376002731757907
 5	 28396	 .00241592387045276	 .0068603722738681	 .689554363756268
 5	 28409	 1.12015505702247	-.0428595260145871	 .976419428626657
 4	 28420	 1E-05	 .0984692457244045	 .374109228068143
 5	 28433	 .0935707468208045	 .00726759201686472	 .872919497137985
 5	 28441	 2.62912420451806	-.0743396583719143	 .96135051245499
 5	 28446	 1E-05	 .303229890043471	 .306468024622394
 5	 28462	 .0131272002982668	 .130417221730511	 .00145803176933579
 5	 28464	 1E-05	 .0130951448513338	 .233328348115794
 5	 28482	 1E-05	 .0147551653226915	 .282353394045199
 5	 28494	 .00603277199739615	 .00942148348828206	 .565136417515896
 5	 28513	 .0184890941745893	 .0127150113139869	 .628296119476848
 4	 28534	 .174472899747389	 .0428170774554222	 .867093626044536
 5	 28568	 .042371975111763	 .0300886666423941	 .27179040534641
 5	 28573	 .0252583151714613	 .0504145703966464	 .169278672045649
 5	 28595	 .00420214950189815	 .00605341946752109	 .155703682453411
 5	 28654	 1E-05	 .107755453822204	 .650153744516139
 5	 28666	 .0141744469073782	 .0162882448266874	 .158541977039079
 5	 28676	 1E-05	 .0114050039771639	 .32864829168499
 5	 28682	 1E-05	 .0605860176164068	 .279901678503579
 5	 28687	 .912202662833604	 .0330135478451638	 .995273353149293
 5	 28691	 .148498994218621	 .0145476133542413	 .817795561479222
 4	 28704	 .124615277182566	 .0729485775199946	 .882258244665658
 5	 28728	 .373538637292955	 .0855431311331967	 .968256069179063
 5	 28737	 .164258879270994	 .127850542053527	 .411191475815314
 4	 28743	 .156875721239444	 .0170626480696616	 .97889021030254
 5	 28772	 .00221563049772969	 .0224727557231883	 .0062969606520703
 4	 28801	 1E-05	 .0481348545885799	 .223944863327312
 5	 28843	 .177403896823666	 .0335643984670213	 .959972182274548
 5	 28848	 .0292521164534169	 .00559289990249877	 .919330207990188
 5	 28881	 .194636547405498	 .206497506672166	 .304216153239206
 4	 28890	 .0694096598036189	 .095235533792313	 .332887208162386
 5	 28894	 .0176861338268235	 .0108321835157456	 .568180454684395
 5	 28917	 .00861471348722317	 .00419422022930288	 .64126487009407
 4	 28932	 .0489037936156738	 .024245201445899	 .731200599914708
 5	 28939	 1E-05	 .0230447500841184	 .0369655255628538
 5	 28947	 .0361651770861383	 .0500225919408188	 .340806474780488
 5	 28990	 .0499609266208391	 .00361712847553074	 .914322935502016
 4	 28991	 1E-05	 .0711554061985737	 .126371587711058
 5	 29004	 .241850664505752	 .036958856080741	 .553756268825129
 4	 29012	 .171108548582842	 .0140476458616685	 .953095094755111
 5	 29064	 .128902561309927	 .0125271454936753	 .999506407566072
 5	 29065	 1E-05	 .015470476528264	 .983962496164217
 5	 29082	 1E-05	 .0272715107880211	 .0103905034185149
 4	 29089	 .513971484189199	 .0113530526469982	 .95393423317392
 5	 29092	 .104219787203219	 .112648612778333	 .801281891777019
 4	 29103	 .370084602685877	 .0224776447457012	 .998516355006783
 5	 29107	 .823511856710851	-.0212114811846692	 .999650985871411
 5	 29160	 .0040510009909544	 .00360782617512014	 .096529725088998
 4	 29170	 .00536998143276901	 .0811196545332669	 .00184903363355804
 5	 29211	 .0428641268190159	 .0204553715155131	 .361039020758629
 5	 29228	 .00693119140082666	 .00657107282248875	 .196314620628766
 5	 29247	 .00662985835700045	 .00869707602101483	 .103202996173447
 5	 29256	 1E-05	 .0142562156903677	 .426584662967366
 5	 29260	 1E-05	 .0177589022611043	 .463679207625199
 5	 29261	 .00822457911998229	 .0160427277049859	 .223351538129182
 5	 29340	 .0153766387481292	 .0311199915836465	 .115801413359655
 5	 29341	 .021425465766195	 .00229559923362388	 .623738450867634
 5	 29345	 .728237463525425	 .0487156319848479	 .879458358660989
 5	 29346	 1E-05	 .0124011112907569	 .308365867645509
 4	 29351	 1E-05	 .0847952098498867	 .134579399434175
 5	 29355	 .00581458430267899	 .00984453137390168	 .470836469237846
 4	 29378	 .122181975773888	 .018890414347053	 .97879719391502
 5	 29382	 .173717923710131	 .0382076370901618	 .904294093787583
 5	 29404	 .611436387093257	-.00285872960667024	 .94424697983741
 5	 29410	 1E-05	 .0556733295735622	 .0947195099388221
 5	 29445	 1E-05	 .0166659702389073	 .733077107703915
 5	 29452	 .0297781751287654	 .00504076405076689	 .793655568116033
 4	 29459	 .0904736652928415	 .0209268224228259	 .961237777581712
 5	 29461	 1E-05	 .0510592131881596	 .0149993541248787
 5	 29462	 .0216276184850844	 .0119652426180289	 .16320215612537
 5	 29467	 .0132937169409213	 .00436336632311233	 .732806823197468
 5	 29473	 .113611961083335	 .0332562974911288	 .912433398497031
 5	 29476	 1E-05	 .0123998482437851	 .51926464392187
 5	 29532	 1E-05	 .0288190458132142	 .376700603774377
 5	 29577	 1E-05	 .00888798273147565	 .0480033009513091
 4	 29618	 1E-05	 .0413210299113144	 .0144961769430249
 4	 29628	 .159190889972819	 .00493598946550238	 .955825098944467
 5	 29630	 1E-05	 .0106511396092757	 .371186197846023
 5	 29657	 1E-05	 .0189508604904067	 6.34113413210402E-05
 5	 29668	 .0148695264380663	 .024854323701917	 .64710653546242
 5	 29669	 1E-05	 .0334401608131948	 .241241620203696
 5	 29719	 .00297120139721895	 .0112084093594382	 .107669756871205
 4	 29733	 1E-05	 .0391308523332325	 .0814262459374036
 5	 29780	 .00817812014587711	 .00719450479600533	 .178085435148381
 4	 29791	 .0594779460117119	 .028586061913377	 .292957227005804
 4	 29815	 .223943401230507	 .0152928868579355	 .901059836954317
 5	 29821	 1E-05	 .0109781362684645	 .301679228052142
 5	 29838	 .495010871430561	-.00086767304484037	 .935570364595394
 5	 29849	 1E-05	 .0554082410785575	 .54760910120461
 5	 29856	 .531257449757748	 .00997297851697238	 .995156177416684
 4	 29865	 .0162991139685248	 .0256907736635983	 .983979775408266
 5	 29872	 .0161933310168347	 .0154647131371282	 .874762812020023
 4	 29881	 .261955431526446	 .0220201027509164	 .964116557366173
 5	 29896	 .00836862882028937	 .0128304973181009	 .604571016068299
 5	 29898	 1E-05	 .00956095207309455	 .00381173264094425
 5	 29912	 1E-05	 .0136285100312413	 .571765566898632
 4	 29926	 .02535896841156	 .0694885488463013	 .163636822992129
 5	 29989	 .0213661809597359	 .00846850757726196	 .751127101209359
 5	 29991	 .00682062295888612	 .0122581726895621	 .0451875314684765
 5	 30001	 1.29073352093701	-.114735368100965	 .97542610455617
 5	 30005	 .00709015126537369	 .00458126648639638	 .426142592903175
 5	 30027	 .0474021310622	 .00079924622796737	 .852563168688657
 5	 30058	 1E-05	 .0141420862047875	 .522480679655705
 5	 30073	 .0133056793706296	 .0156523294726957	 .891350193590239
 4	 30094	 .0672821061527239	 .0457466851131685	 .653494859583739
 5	 30111	 .000531398996595632	 .019182036050035	 .000301448023910189
 5	 30132	 .413312377898528	 .0848444855563257	 .797996615895888
 5	 30137	 .00612838872661423	 .00583434392809208	 .0845262979205466
 4	 30156	 .0989721415004854	 .034288833805256	 .955359475761607
 5	 30159	 .0237940349602127	 .0154856573910117	 .544836888928779
 5	 30171	 .0442153009636764	-.000396746704499619	 .890057933236105
 4	 30183	 .0552332761020936	 .00675100241426501	 .76050412936003
 5	 30214	 1E-05	 .0354438908635985	 .112822799313423
 5	 30215	 4.2787678744708	-.298683453355965	 .989691642486651
 5	 30223	 .01011344602491	 .0121053370791578	 .164857390476498
 5	 30293	 .0889067198480824	 .271423908278682	 .0301527673322303
 4	 30301	 .104043995732573	 .00238290223143131	 .774354211717596
 5	 30334	 .107174805200245	 .0388726385733433	 .610579508883337
 4	 30339	 .0479432175242216	 .0429661704231219	 .181393051562824
 5	 30356	 .0235365148943616	 .00852990622052368	 .397078621558979
 5	 30368	 .332498034925631	 .0429941980699143	 .862005149885965
 5	 30379	 1E-05	 .0598882344829523	 .0796591860837479
 5	 30389	 .000240595109229536	 .00922543785635392	 .00235985560131768
 5	 30408	 1E-05	 .0100023529024826	 .365084776048434
 5	 30440	 .0112176376911803	 .00233428064985761	 .625230221782755
 5	 30444	 .233469838819155	 .0435353774730034	 .513187420807905
 4	 30467	 .183763734514615	 .0342150007581231	 .964534598669105
 5	 30525	 .0286347208973062	 .0395996434294377	 .175124563785386
 5	 30542	 1E-05	 .016986418602921	 .665717922703111
 4	 30553	 .0731274511861978	 .0475845672956012	 .44858968681298
 5	 30589	 1E-05	 .0293196348502265	 .0318775745329101
 5	 30592	 1E-05	 .025995746843967	 .0164803092286243
 5	 30640	 .0994620745114306	 .0535834754940888	 .823692912525016
 4	 30642	 .280888352845988	 .155033612887051	 .334168873045102
 5	 30664	 1E-05	 .017125891892969	 .0114631898222078
 5	 30674	 .055369916649771	 .01679634607837	 .896788967296761
 5	 30685	 .00704721503152571	 .00611650409165858	 .898934376087007
 5	 30687	 .0108321023314408	 .00873012847433142	 .863608898494947
 4	 30704	 .016868082140608	 .0204719532555109	 .279502636093463
 4	 30735	 .325326901963435	 .0138165859394653	 .904927384816948
 4	 30752	 1E-05	 .0713877063042276	 .43638979916901
 5	 30771	 1E-05	 .012924713576891	 .455685610317093
 5	 30786	 1E-05	 .0423104144807168	 .206329560560602
 4	 30789	 1.17074706308673	-.0925043113945003	 .976840464947775
 5	 30800	 1E-05	 .0105102350127521	 .952001425646965
 5	 30813	 1E-05	 .0800835294746832	 .00264084345924742
 4	 30822	 1E-05	 .0389743834353911	 .0299061997428446
 5	 30846	 .00293620805043579	 .0321680148527245	 .0049973801504779
 5	 30860	 1E-05	 .0157696816768567	 .0117867750920401
 4	 30861	 .201758226478179	 .0423656503160464	 .732481630186084
 4	 30878	 .397179873223672	 .0539632746786271	 .910130638823276
 5	 30886	 .00152298042635318	 .00933165894197765	 .115776005362634
 5	 30924	 .0137025627674693	 .0287932146938767	 .217147183394377
 5	 30927	 1E-05	 .0170048885666351	 .131515559832499
 5	 30952	 1E-05	 .0105782928235075	 .851335164410186
 5	 30969	 .00665574475585467	 .0116377799965086	 .334446601975043
 4	 30985	 .0833297019072139	 .00783279267258353	 .9872405145506
 5	 31001	 .00861613534231614	 .00881135834272354	 .472265829584039
 5	 31024	 .0146284329683398	 .0260311932510911	 .367401318429316
 4	 31035	 .388345459063618	-.00340973750747887	 .982693452928344
 5	 31074	 .015782448095933	 .0139687719475623	 .239177902470233
 4	 31099	 .129238480554346	 .0515256597510064	 .907725265331808
 4	 31106	 1E-05	 .0727631995574822	 .819184636015538
 5	 31110	 1E-05	 .0179501521725424	 .196163181229948
 5	 31168	 1E-05	 .0108360151591799	 .213025623534833
 5	 31177	 .0701421832330443	-.000714740110132943	 .900940178637514
 4	 31211	 .0191668539469212	 .0448251592273894	 .0361273604204241
 4	 31214	 .0150021354748592	 .0341567071413365	 .0348402253002206
 5	 31258	 .0271044441272625	 .0115914987933853	 .545663206600888
 4	 31289	 .214528035373979	 .0315751669409587	 .984682230613913
 4	 31318	 .0301410150145473	 .020087659437137	 .334505169227982
 5	 31340	 1E-05	 .0182177205783831	 .126376440904961
 5	 31383	 .000139492455652616	 .00965172002062192	 .000602077607634421
 4	 31389	 .0493687366485784	 .0106383433158751	 .979095863425802
 5	 31425	 1E-05	 .0474955834731296	 .233685433575254
 5	 31426	 1E-05	 .0187921135216204	 .80034439586262
 5	 31434	 1E-05	 .0426244787466435	 .156206938711938
 4	 31444	 1E-05	 .073102894439631	 .0285278335655693
 5	 31474	 .0222571632459889	 .0302691492672871	 .539233584184776
 4	 31496	 .0392607994625062	 .0556825001217835	 .154281462860058
 4	 31517	 .334845738501114	 .138326671327205	 .329911683463313
 4	 31542	 .278089900557148	 .0473756304710911	 .890640972593836
 5	 31546	 1E-05	 .0645990810653624	 .203373461509153
 5	 31575	 .0109387507972859	 .0159537210289212	 .679970550722039
 5	 31582	 1E-05	 .0172104013087185	 8.37317086920253E-05
 4	 31594	 .20555341085833	 .0442153320393763	 .98016004168955
 5	 31624	 1E-05	 .0123308202341919	 .0403588369273429
 4	 31639	 .0204850465080392	 .0661584879005666	 .188363495707789
 5	 31688	 1E-05	 .023933319689819	 .474500281377907
 5	 31717	 .0728177041744388	 .0195796894628356	 .503346558488991
 5	 31719	 .185231835009668	 .0179230802997748	 .989496734811491
 4	 31741	 1E-05	 .0292062030756209	 .107688092363456
 5	 31761	 .0350284352935141	 .0671726797133257	 .396517139045494
 5	 31768	 .0421745680354693	 .0031136027760656	 .453900614068585
 4	 31769	 .0312716348804142	 .025905071048958	 .869666472245772
 5	 31795	 1E-05	 .0222280645927451	 .704104688792596
 5	 31814	 .0219036101048471	 .0150279632300245	 .294978795592996
 5	 31834	 .00181983493777365	 .00908679490999204	 .0520109817792336
 4	 31867	 .0659868560980666	 .0382537708804635	 .472337279237624
 5	 31875	 1E-05	 .260689167741661	 .378016658448505
 5	 31886	 .0248860372253265	 .0453830286303945	 .432092408727195
 5	 31901	 .0141167674221096	 .0292804451868242	 .234405633024013
 5	 31902	 .0209551047855271	 .0115779739132672	 .313895306030549
 4	 31925	 .0943033227660846	 .0357549581123256	 .743376743165362
 5	 31934	 1E-05	 .00510433245434621	 .019120108360397
 5	 31941	 .00163580123480134	 .0090383056367181	 .722329982406698
 5	 31955	 .00997863083692286	 .0267168388033965	 .0582522801391478
 5	 31979	 .00113792066634933	 .0223703049397762	 .00228977070548109
 5	 31981	 1E-05	 .0451191384348629	 .874926027331145
 5	 31987	 .0291731008962188	 .0273266666852827	 .483744624595603
 4	 32008	 .164449962137547	 .0204323023788596	 .985166472524337
 5	 32044	 1E-05	 .0232770569781177	 .000255612684972095
 5	 32047	 1E-05	 .00968886970556233	 .643648219633725
 4	 32050	 .243607801334336	 .0363276805798416	 .976454258171116
 5	 32086	 .646788321631925	-.00201388486789122	 .990202017145427
 5	 32096	 1E-05	 .0162424915112711	 .120634170017876
 5	 32131	 1E-05	 .00955500436411744	 .426552063721439
 5	 32134	 .00304220842787016	 .00946673618360653	 .0158040793310166
 5	 32146	 1E-05	 .0400858995132406	 .0527082258135017
 5	 32178	 1E-05	 .0370397267181833	 .382687152990759
 5	 32181	 1E-05	 .0227237710156711	 .491961827322287
 5	 32182	 1E-05	 .0309416423020913	 .505279081297235
 4	 32194	 .181671947278219	 .0250586546470731	 .917791864638316
 5	 32207	 4.98546375874061E-05	 .0243964348718683	 6.61321487660516E-06
 5	 32245	 .0594462051773204	 .0165751280378046	 .979746978605478
 4	 32246	 .141287650900811	 .0299249823540002	 .979311510623447
 5	 32260	 .0216315522687352	 .0254246521375691	 .34267878982168
 4	 32321	 .260557586379287	 .0364895960097843	 .599039870709363
 5	 32326	 1E-05	 .046070997526693	 .37871576501657
 4	 32354	 .0673980939033927	 .0643413015134281	 .418411122721009
 4	 32405	 .228079186930723	 .0101350030073752	 .996857204576343
 5	 32425	 .00109332853374115	 .00530021380929866	 .016232933341365
 5	 32494	 1E-05	 .00740277729684955	 .00669881478408108
 5	 32499	 .0451582588636332	 .00243633530819692	 .984726468301036
 5	 32507	 .0162776455766002	 .0115330802306613	 .344776664209396
 4	 32522	 .307566414819763	 .0308875567933129	 .982141290787313
 5	 32568	 .119944878037441	 .0301475764705138	 .992968774780061
 5	 32588	 .00369803861916398	 .00814002356659508	 .636514652543828
 5	 32659	 .0309929952981827	 .0151572423424297	 .88451494818352
 4	 32664	 .246674867356297	 .034356309974309	 .990456037382968
 4	 32695	 1E-05	 .0510117072915337	 .00330196978170383
 5	 32717	 .0268636779453517	 .0022779298915995	 .965245595083474
 5	 32752	 .00703689896147646	 .0111190056707713	 .125370818432841
 5	 32757	 .0221645229032604	 .00877184710180582	 .658318606340695
 4	 32817	 1E-05	 .0213981232703549	 .00653295903427098
 5	 32830	 .0361044540823274	 .0194809770181336	 .437711627235123
 4	 32842	 .147655307933284	 .0102000166419351	 .932092310934457
 5	 32843	 1E-05	 .0375832023282411	 .677458507010878
 4	 32866	 .0533387560633928	 .0433671559246988	 .866836059822495
 5	 32871	 .0277302862325198	 .0122110863365448	 .998266488088714
 5	 32919	 .109561212315919	 .0262404394623781	 .619834150830353
 5	 32979	 .0378023739806331	 .00842490577390293	 .875726461772405
 5	 32986	 .0337707826375775	 .0210320714461663	 .584286691576546
 5	 32988	 1E-05	 .0220315473390305	 .575843317077972
 5	 33004	 .126430640566755	-.0086089223050982	 .975744524745426
 4	 33040	 .00812999644480564	 .016199660910723	 .0638395488813411
 5	 33049	 .273442709803216	 .0483108265370715	 .95186384712818
 5	 33072	 1E-05	 .0671608145502525	 .003133532894396
 5	 33076	 .0231286758017176	 .0269187987576781	 .431733368652332
 4	 33086	 .177863269919995	 .0195910335538273	 .992609227074495
 5	 33110	 1E-05	 .0565045618936287	 .30832255862454
 5	 33133	 .69571739978126	 .0504853589559982	 .901096407263629
 5	 33154	 1E-05	 .0163854083740261	 .816686817936717
 4	 33163	 .253321289364584	 .0198701787058465	 .999722922755423
 4	 33176	 .016949940425908	 .0298022867352485	 .72323997729718
 5	 33190	 .0216926846269065	 .0207125831568697	 .244010034600611
 5	 33200	 1E-05	 .0258423009171274	 .0617239022485757
 5	 33203	 .0616723495257522	 .00708450709386306	 .863839676884611
 5	 33260	 1E-05	 .0512104559272347	 .15130664297516
 5	 33271	 1E-05	 .0405468837686271	 3.61049439098204E-05
 5	 33298	 1E-05	 .0119428442475775	 .0157475014858656
 5	 33311	 .0151669154419517	 .00607379576657818	 .902666220244472
 5	 33335	 .0323180507504577	 .0128507659064192	 .874836400905063
 5	 33370	 .00154743401233187	 .0225450032912518	 .000608674829995048
 5	 33371	 .0155550694522277	 .0229361989504178	 .610552890946738
 5	 33393	 .207709682717278	 .028794005071243	 .821765813566041
 4	 33394	 .0133241670610216	 .0410680962738733	 .0873645325202211
 4	 33461	 .0213745223753366	 .00826965262751739	 .817601770035781
 5	 33470	 .0145576143404172	 .0139232784365447	 .640327404440291
 5	 33473	 .0220361706027566	 .0167082011122057	 .254461454977016
 5	 33482	 .0139570390552157	 .00939357397135452	 .859912154483888
 5	 33498	 .010049999516051	 .0106667038637263	 .547306413030915
 5	 33513	 .213915176217676	 .0539092819040786	 .787017887150038
 4	 33557	 .171826567721251	 .0301722271768801	 .921189676668247
 5	 33558	 1E-05	 .0125697213209807	 .297502252380593
 5	 33559	 .0118005201415746	 .0320172197663348	 .044501288702502
 5	 33570	 .0732770606336454	 .00129097286542495	 .963265217235039
 5	 33583	 .070746338766786	 .0233889994833023	 .678510214082994
 5	 33606	 1E-05	 .0296184353442837	 .313830019239444
 5	 33661	 .000609682709225625	 .0128916708061802	 .0415678954122777
 5	 33662	 1E-05	 .017295529237591	 .103857118978471
 5	 33669	 .0390073592742526	 .0152890827623181	 .992571082624394
 5	 33727	 1E-05	 .0293768368740623	 .0393708571580264
 5	 33733	 1E-05	 .0112857639826726	 .17698278185324
 4	 33746	 .0103759867053229	 .049431911602144	 .0141081430546173
 5	 33772	 .000924332498490039	 .00390352572049383	 .0195367109984459
 5	 33781	 1E-05	 .0379728765401772	 .333762355637849
 5	 33804	 .106722521049546	 .0347140234199504	 .750875898731017
 5	 33848	 1E-05	 .0172526366351589	 .103599464816383
 5	 33876	 .0342002842730795	 .042100141833946	 .150565467129812
 5	 33883	 1E-05	 .0435985017675855	 .744199462746951
 5	 33894	 .000936443825212435	 .0064782677013502	 .0173755848285089
 5	 33899	 1E-05	 .0246800142104511	 .544265505302904
 5	 33909	 1E-05	 .0154065181964258	 .000634849439135166
 5	 33927	 .78717349934305	-.0283991319709101	 .998850911986311
 4	 33953	 .00738951002205116	 .00828243360323866	 .60375572464812
 5	 33969	 1E-05	 .0128615205311241	 .0259849726892051
 5	 34011	 .0104743493039315	 .0295143864847274	 .0128995472207428
 5	 34026	 .048959658704555	 .0457006127249486	 .263415310099291
 4	 34040	 1E-05	 .0714114002314265	 .205892633969482
 5	 34092	 1E-05	 .0136598952526667	 .0162259724255892
 5	 34152	 .012285127625067	 .0357031147388048	 .259923214976261
 5	 34164	 .0345884782353382	 .00912597903133944	 .712957877084415
 4	 34181	 1E-05	 .0600102106776094	 .66363666098322
 5	 34194	 .00255334683816702	 .0870127153154635	 .00050858835480827
 5	 34232	 .018076733549708	 .00945214573659129	 .960936588725231
 5	 34261	 1E-05	 .0219088091886028	 .0571884083448551
 5	 34372	 .0166013072612359	 .0131678425730209	 .0629511328721983
 4	 34429	 1E-05	 .0355155625580187	 .174450616910556
 5	 34447	 .0251830726371048	 .00961584306448629	 .649710251305542
 5	 34457	 .257063994068046	-.0157707284540648	 .858628019069843
 5	 34497	 .00539363382493247	 .0193516838552094	 .316867059521218
 5	 34508	 .0316611795749404	 .0206913877941111	 .815738854894651
 5	 34516	 1E-05	 .0168494843569999	 .138262534901264
 5	 34519	 1E-05	 .0411419551951532	 .116930918478371
 5	 34529	 1E-05	 .0254503616300203	 .017939114349997
 5	 34568	 .00365576883864136	 .00917130673165792	 .201450594536601
 5	 34578	 .134684412982956	 .0205727246881702	 .900914851962573
 5	 34596	 .00915895323041812	 .0134025416050507	 .31820675365917
 5	 34623	 .559467711937087	-.00944874154613077	 .976401482303711
 5	 34650	 .162100874195487	 .014992161701773	 .95936511984641
 4	 34728	 .0224599937776465	 .0342050125879359	 .204307789626443
 5	 34733	 .0529474411320299	 .00319557109673393	 .820923764987414
 5	 34741	 .000986271342626992	 .00840152998459733	 .013734809078606
 5	 34760	 .431541853174129	-.0231788326706865	 .962847880834771
 5	 34826	 .285084860275951	 .080680473014626	 .925867292123822
 5	 34827	 .0162590002529174	 .0114657759341255	 .721209477436511
 5	 34828	 1E-05	 .0536906356917722	 .0079361629921606
 4	 34858	 1E-05	 .0406063769375289	 .168534932999273
 5	 34957	 .00678615000071078	 .00753232037877255	 .387844262101016
 5	 34963	 1E-05	 .0113517069911655	 .346023914924057
 5	 34974	 .26519817148656	-.00255318005193114	 .990239099299549
 4	 34977	 1E-05	 .0531164415362006	 .012492546231888
 5	 34978	 .00140654184399149	 .00833620905003083	 .0429899734199041
 5	 35036	 .0118875017510176	 .00708756628583679	 .972278995006122
 5	 35105	 .0222163795542243	 .00471706609867784	 .472285064213142
 5	 35126	 .0135070845930445	 .00804127122329746	 .874692888213493
 5	 35184	 .0952776999727598	 .0169140115130751	 .947652235203882
 5	 35205	 .00157680639239956	 .019449914543425	 .00546878199019163
 5	 35278	 .0176526358656533	 .00454798092238246	 .909373440845158
 5	 35282	 1E-05	 .00683073117702275	 .00854816933691904
 5	 35286	 1E-05	 .0134265911890462	 .177728501551427
 5	 35298	 .0163592701022298	 .0200743557623051	 .199527257493331
 5	 35323	 1E-05	 .0699479122322444	 .790751275125716
 5	 35351	 .215066486608377	 .0556271854054637	 .742440018161616
 5	 35369	 2.22910661554735	-.081964437415384	 .980232955629806
 5	 35379	 1E-05	 .0985794100083485	 .0835091347008406
 5	 35401	 .0773813444890611	 .0266442808103554	 .875416092739161
 5	 35405	 .202716300948588	 .113305664509247	 .532701875097997
 5	 35427	 2.74271760569709	-.174612581864155	 .994099970447962
 5	 35440	 .175355009201282	 .0367673644531302	 .90529602807754
 5	 35444	 1E-05	 .0845074162202512	 .0150579035310691
 5	 35483	 1E-05	 .0472836171260816	 .38491998830003
 5	 35501	 .00605720618950659	 .022335797070693	 .0704313951333979
 5	 35505	 1E-05	 .034449543338436	 .0443869560353936
 4	 35524	 1E-05	 .106032985752071	 .750334757711632
 5	 35536	 .00446528666407264	 .00947126784203084	 .840723463815464
 5	 35549	 .0423279896421672	 .0201009332101564	 .960681354343926
 5	 35581	 1E-05	 .0550615204856774	 .929762565898909
 4	 35585	 .0307597867493534	 .0467993955289289	 .815416474679393
 5	 35598	 .0366223002587786	 .0133339538619045	 .431320097213751
 5	 35632	 .226563576964379	 .0923474434603718	 .684114546302703
 5	 35696	 1E-05	 .0866909401754827	 .85816628294383
 5	 35697	 1E-05	 .03051148310654	 .201840984921545
 5	 35727	 .00191050446381043	 .0533634032121814	 .000400277504714941
 5	 35748	 .0303404692179534	 .0159144096601688	 .730384449746053
 5	 35752	 1E-05	 .0495053703984815	 .51097410020198
 5	 35851	 .00638982652711881	 .0126301649051729	 .300913376672734
 5	 35864	 .0922003141936251	 .0317933227438332	 .672278788141451
 5	 35869	 .0048209020242911	 .00698683214321186	 .136110062643588
 5	 35996	 .0290016066884505	 .0109357885040946	 .978073498545879
 4	 36010	 .291838387413881	-.0187370477060174	 .94999826516479
 4	 36050	 1E-05	 .0996980854687397	 .534557250039679
 4	 36111	 .0309877598252124	 .0416222979926642	 .16954128687456
 5	 36134	 1E-05	 .0184426030048068	 .2646308386562
 5	 36143	 .18102815685438	 .0239194191232162	 .999647509474094
 5	 36176	 .0387480465283751	 .0176186113051802	 .727355012159644
 4	 36183	 1E-05	 .0332074276148573	 .0152613370711454
 5	 36217	 1E-05	 .0241440021251559	 .497848330350804
 5	 36239	 1E-05	 .0147598704344979	 .125283843438629
 4	 36253	 .0342610314218729	 .0226798441669266	 .689493043567432
 5	 36271	 .0343714167875105	 .000649761804016563	 .970710644612564
 5	 36405	 .00211946558486951	 .0132056756568051	 .0138293918627277
 4	 36411	 .0662955222265564	 .0324366485131298	 .993595205746701
 5	 36417	 .470703393555761	 .0641572421273449	 .935798309096895
 5	 36442	 .0491421933937031	 .0273361903491778	 .837969652626732
 5	 36447	 1E-05	 .0101145638836101	 .0672187508690867
 5	 36488	 .00729800100244149	 .0193400098286657	 .23224472573041
 5	 36534	 1E-05	 .00916968839220181	 .00657439965115592
 4	 36545	 .0619209536384554	 .0213572728867217	 .574013904516019
 4	 36593	 1E-05	 .0435524238595321	 .296646004386761
 5	 36604	 1E-05	 .168155833401252	 .227154181788169
 5	 36651	 1E-05	 .023103465673264	 .00406477406539563
 5	 36697	 1E-05	 .0122270038283505	 .0239350572087036
 5	 36719	 1E-05	 .00982537642405555	 .0541748527753616
 5	 36747	 .00877240968429373	 .00379187213323913	 .955153910421534
 4	 36756	 1E-05	 .0375740290348274	 .332054972720218
 5	 36800	 .00856858841408398	 .00641148299478029	 .359742830126862
 5	 36825	 .0144808715070298	 .0231843907065469	 .365779882785533
 5	 36862	 .0599421557889685	 .0130309924722993	 .85603345250783
 5	 36883	 .0344881410316233	 .0428966859503523	 .866623034317566
 5	 36898	 .0100564936746952	 .0247112473221831	 .356144140016188
 5	 36908	 .0556164032148945	 .0241413090741539	 .505174578901097
 5	 36956	 1E-05	 .0238158116249871	 .606793032387487
 5	 36964	 .0466670159371115	 .0335196796930888	 .564773074853085
 5	 36980	 1E-05	 .0139464187214929	 .672877946172032
 5	 37053	 .0538309190330457	 .00913976856498976	 .956446928443196
 5	 37058	 .0071206876301764	 .00941946793245141	 .0820005983925879
 4	 37098	 1E-05	 .0508639185653597	 .0259357156250849
 5	 37144	 .00733705907849195	 .0250770863252208	 .0628212920493499
 5	 37157	 1E-05	 .018158270183373	 .173985170123857
 5	 37158	 .00325828239700007	 .0392389633719327	 .00224039391251429
 5	 37193	 1E-05	 .0204142148253047	 .504422560203697
 4	 37215	 1E-05	 .0568291226085813	 .327828735901275
 5	 37231	 1E-05	 .0748937066273489	 .66138724547065
 5	 37249	 .063582105260995	 .0154748564404482	 .945566705253633
 5	 37267	 .0670151106323701	 .0146524987660475	 .667463421653283
 4	 37293	 .421207850885903	-.0338685222990058	 .886520816680222
 5	 37302	 .00917282819999867	 .014676380359023	 .222885688774748
 5	 37317	 .00366952115419996	 .0261758409327875	 .0211072401330586
 4	 37329	 1E-05	 .065161691442167	 .0775127801187939
 5	 37350	 1E-05	 .0147165240092867	 .117266433957976
 5	 37378	 1E-05	 .0388726414231287	 .621493476507584
 5	 37392	 .142937609062954	 .0527491694022342	 .883354806643993
 5	 37412	 .224812966622399	 .0419834637287686	 .922802726387062
 5	 37438	 1E-05	 .110582511324265	 .511687035368604
 5	 37441	 1E-05	 .279193688195292	 .531619826583301
 4	 37462	 .167508523465333	-.00631472650296384	 .9385778898269
 5	 37469	 1E-05	 .0611710896357295	 .0175954049539866
 4	 37490	 1E-05	 .039337623405183	 .755727935500885
 3	 2	 .0100536244511154	 .00727388661781413	 .618929089713783
 3	 7	 .0174408415743996	 .0109692881785858	 .95703237888854
 4	 57	 .00029610232522537	 .0045782969901275	 .238872815276294
 1	 76	 1.32735597911906	-.0753016272806078	 .999638856620476
 3	 87	 .223455874105372	 .0496435524586867	 .874425224519066
 4	 256	 1E-05	 .016253155533732	 .167242308820442
 4	 350	 1E-05	 .092614047863409	 .655727830651284
 4	 401	 .0310614713087016	 .0061112666116409	 .46809714020811
 3	 554	 1E-05	 .0181932650297529	 .14509841338119
 4	 622	 1E-05	 .0177437190149022	 .851886877423486
 4	 639	 1E-05	 .0124104063558593	 .325726868331708
 3	 786	 .0779933421158323	 .0637954113162396	 .981728627385152
 3	 819	 .00285596007100629	 .00805806999000136	 .41640311603848
 4	 932	 1E-05	 .0302664575886843	 .859894657466829
 3	 1153	 .0520535775695987	 .102440503681934	 .234523662127124
 4	 1162	 .00891286255519439	 .00641426367514799	 .451835154888577
 4	 1379	 .00549640630299256	 .00935631462918205	 .162641573181647
 4	 1511	 .00372703712154458	 .00930505966879178	 .0575412669193001
 3	 1608	 1E-05	 .0160402070510632	 .361655132857019
 3	 1662	 1E-05	 .00725046997822198	 .0664644387288167
 4	 1717	 1E-05	 .0203424016276271	 .707519412178303
 4	 1798	 1E-05	 .00672486368122619	 .161467291301644
 3	 1842	 .0247782819880806	 .00767451495939439	 .971394126600603
 4	 1878	 1E-05	 .00811359877929253	 1.18539534211815E-05
 3	 1938	 1E-05	 .201082986760477	 1.35198528183889E-06
 3	 1945	 .00959847134436802	 .00646822777858484	 .49181576486668
 3	 1955	 .033991433784846	 .00913389627481997	 .87087567920143
 3	 2011	 1.87477951769756	-.102343316568607	 .983286216872382
 4	 2036	 .013719877124546	 .0145680575189756	 .834238591839416
 3	 2060	 .00641370093987936	 .00686132134235436	 .322942958126063
 3	 2079	 .00461654163934349	 .00911356898561298	 .154417432583153
 4	 2217	 .0454462214386099	 .00815955859702601	 .824839406032188
 3	 2258	 .07702834393986	 .0186697697074111	 .665296505275772
 4	 2266	 .00332233976314331	 .0115149821823118	 .0891023481680339
 3	 2471	 1E-05	 .473408119656707	 .498857599957433
 3	 2514	 1E-05	 .0228604083995343	 .159447992701041
 3	 2567	 .00678184534331977	 .0113926193191258	 .835363071165295
 3	 2586	 .0799871107850087	 .0608882283589269	 .759624928887188
 4	 2593	 1E-05	 .0158599801614128	 .534634850515538
 3	 2605	 .0103884899723841	 .00807756942417182	 .176733484975149
 3	 2661	 1E-05	 .277571393436951	 .58613059791673
 3	 2748	 .0139972665350513	 .00971698150216096	 .643067014708166
 3	 2883	 1E-05	 .127900213219945	 .193581609465327
 3	 2985	 1E-05	 .019778513424105	 .302008475715479
 3	 3004	 .0263200205244667	 .018005852231513	 .188914679470891
 3	 3111	 .00638535656431069	 .0131170509129711	 .0208771134759657
 3	 3167	 .564553335437674	 .0091675205138903	 .994434132364686
 3	 3186	 .000590334039098794	 .0059514888280121	 .0179324864181502
 3	 3229	 .0147305470822741	 .0140283710930975	 .257176502987735
 3	 3244	 1E-05	 .0322154901426493	 .410229007262775
 3	 3325	 1E-05	 .041923359921555	 .048800670392513
 4	 3352	 1E-05	 .0132847155665585	 .157494268001346
 3	 3390	 .0670185494586575	-.00291031775569121	 .932829286709113
 4	 3414	 .0202225439189326	 .00485181901175521	 .875972923086415
 3	 3442	 .0133841312657459	 .0198539948767173	 .123736493030993
 3	 3443	 .114054813872224	 .0320201301452146	 .87465904396474
 4	 3536	 .00482631305447125	 .0107551854063355	 .400189458082053
 3	 3552	 1E-05	 .0704140289659829	 .698235682294019
 3	 3567	 .320710956260957	-.00502041701738333	 .809144718979298
 4	 3603	 .00184370702260967	 .00528791909827004	 .0391959991501231
 3	 3635	 .131184243143426	 .0511431374034957	 .841534971172827
 3	 3677	 1E-05	 .00865344777652347	 .0258977233174404
 3	 3724	 .0360180749905623	 .0346763393449127	 .506081032963863
 4	 3741	 .00359212020665825	 .0119813403395269	 .0863123905481004
 3	 3790	 .0211404502896606	 .0261464402586754	 .920821652287598
 3	 3830	 .0337303391144636	 .0241173582118044	 .584066214955612
 3	 3900	 1E-05	 .0393003481522199	 .000823483407123793
 3	 3921	 .00631118164879942	 .0173858357491422	 .0367275833244446
 4	 3950	 1E-05	 .00963842190146772	 .0785238840708703
 3	 4028	 .0097034721713533	 .0044304648823327	 .937377886935874
 3	 4103	 .0141686982770579	 .0103580737015303	 .978774352294773
 3	 4156	 .00377342242484201	 .0263344505955589	 .0227835715620101
 4	 4189	 .0206547902058096	 .015621285888324	 .784167028458054
 3	 4264	 .0179257000023575	 .0203287679149398	 .518368200471033
 4	 4347	 .00480630372941035	 .00853387486489781	 .773608133829374
 4	 4417	 1E-05	 .0141980971157279	 .332155801269868
 3	 4450	 .0291977285259749	 .0455589377618492	 .642925242287398
 3	 4476	 .0122220168371717	 .00873197741230266	 .366379522229233
 3	 4518	 .233343550062969	 .0181903249737003	 .969416884993318
 2	 4563	 .0140049301817538	 .0200865601226614	 .0974478011280407
 3	 4708	 1E-05	 .0211642307909368	 .123268397685127
 3	 4900	 .00748478521530841	 .00650871263464027	 .83296515275355
 3	 4946	 .0303570313528687	 .0132809320001432	 .30990666239343
 3	 5019	 .000212023206945499	 .00511115099383413	 .0371935074623376
 3	 5029	 .0872151122374006	 .0174014185821523	 .958014066900581
 3	 5186	 .0196358273255506	 .00996168267231104	 .211900347946147
 3	 5250	 1E-05	 .0220217983126801	 .21564065108985
 3	 5460	 1E-05	 .0437131088195047	 .119778315440794
 4	 5543	 1E-05	 .0222082511398289	 .0020700111944244
 3	 5565	 1E-05	 .0732322715318154	 .0910937783333461
 4	 5626	 1E-05	 .0142225482806981	 .123671374129354
 4	 5726	 1E-05	 .0172232134691218	 .198712220197565
 3	 5827	 .00715760112417622	 .00906841082849256	 .961643530854515
 4	 5890	 .00638432580338327	 .00491537949849917	 .923720699471644
 3	 5985	 .121118847146987	-.00327884685311005	 .824152833917131
 3	 6035	 .0603319600393967	 .0114664545364542	 .952222173614295
 4	 6093	 .0068078889257951	 .0115814311599226	 .896445966402201
 3	 6133	 .033476778025955	 .0312217913265559	 .57712029661065
 3	 6249	 1E-05	 .0120887579121552	 .569650861743727
 3	 6299	 1E-05	 .224177880668061	 .330056614238445
 4	 6311	 .0587647584986572	 .039579354193367	 .946460897340168
 4	 6386	 .0192661122330411	 .00540715830226015	 .715319056157415
 4	 6436	 1E-05	 .0106335339001378	 .591895934465087
 3	 6499	 .00289684570134947	 .00424592118931894	 .26414759030221
 3	 6613	 1E-05	 .00625248843495421	 .207367478176017
 4	 6772	 1E-05	 .00989361579976333	 .00113552653169946
 4	 6863	 .0316170921616828	 .0140540825448899	 .27607315725276
 4	 6902	 .0251864153554207	 .00201559191495419	 .867316324299624
 4	 6960	 .00899746014788672	 .00946327642168779	 .354076297935814
 3	 7061	 .0137888238437515	 .0048141191992799	 .929163071657434
 4	 7082	 1E-05	 .01789132547419	 .0801251126726988
 3	 7132	 1E-05	 .114963326564752	 .533495419563676
 3	 7152	 .0437626661822701	 .0112540782802886	 .870056349624242
 3	 7219	 1E-05	 .0344601665774487	 .244674878942307
 4	 7238	 1E-05	 .0102845072715164	 .528294447648737
 3	 7246	 .0287283213244396	 .0354316469023275	 .277214042125701
 3	 7317	 .00392062415784534	 .0214546086563905	 .834620829556355
 3	 7565	 1E-05	 .0183872878439119	 .0791038485303444
 4	 7766	 1E-05	 .0222814185862817	 .0345765796806002
 3	 7797	 .00258963791631898	 .00660768984075722	 .467938988601084
 3	 7855	 1E-05	 .0225295033000311	 .755561199771196
 3	 8047	 2.35039516999858	-.206115388364295	 .983160499205101
 3	 8135	 .0104238145174707	 .00669756108383487	 .635523323160413
 3	 8244	 .0018646297109438	 .00399835695570355	 .36702747201183
 3	 8357	 .0654772490882773	 .0274977021481558	 .664031540078542
 3	 8452	 1E-05	 .0294377239696431	 .665864803658059
 3	 8649	 1E-05	 .0221809859529598	 .407877275447882
 3	 8714	 .0007240368264134	 .00417749522348905	 .00822523137823528
 3	 8822	 1E-05	 .0352977957477382	 .591600296254873
 3	 8841	 .111138538178815	 .00180667983765121	 .958178302288497
 3	 8929	 1E-05	 .0669683085634563	 .00886198586693088
 3	 8958	 1E-05	 .0286401717205489	 .0345836154685937
 3	 9014	 .0330945508726146	 .00595553810573299	 .984256459329016
 3	 9017	 .459865240681317	-.0331681678954389	 .962066175751081
 3	 9078	 .0746352210867527	 .0122739164656087	 .878727959636809
 3	 9106	 .0025619110685303	 .0137966764584005	 .170134758198169
 3	 9168	 .0234434884305768	 .0198923301798373	 .780909850894468
 3	 9247	 .148757244598882	 .0347002014658018	 .765865445785575
 3	 9292	 1E-05	 .0243140230260889	 .158028818790786
 3	 9321	 .0355590323222626	 .0340628217407816	 .0867462454594818
 3	 9415	 .0500353435035612	-.00258370129391088	 .907145216319721
 3	 9427	 .00659911452683734	 .0138064803148344	 .808090501316426
 3	 9459	 1E-05	 .00755698730088956	 .0266253143890338
 3	 9593	 .177271141667235	 .0600779449712652	 .74130520608895
 3	 9678	 .0741502842521503	 .0512891157173487	 .747573776696984
 3	 9689	 1E-05	 .0274871956534255	 .0928287241334185
 3	 9799	 1E-05	 .0120100187008446	 .107027912684328
 3	 9879	 1E-05	 .0130923307950252	 .244495866825106
 3	 9951	 .0514951964456271	 .0181571232103226	 .895901183815762
 3	 10001	 1E-05	 .00745878702253186	 .0962996149302396
 3	 10053	 .0496511517228291	 .0237437235391923	 .321110499565622
 3	 10064	 .00199308679777314	 .00797925623517359	 .0475238625374117
 3	 10082	 .132226484407142	 .0495675773118147	 .894138312777104
 3	 10130	 .087064289541664	 .0402369691068526	 .741882957520764
 3	 10157	 1E-05	 .0482066737376478	 .674885537320792
 3	 10195	 1E-05	 .0560998658832945	 .216681963144293
 3	 10236	 .267868169564854	 .0165907365919542	 .904285129317442
 3	 10271	 .509649593797643	-.0345694757523745	 .999257460799673
 3	 10320	 .0693810709958366	 .00536586450431307	 .977132685306794
 3	 10345	 .0193213358132246	 .0169936516761496	 .634517619490224
 3	 10555	 .0111633231722998	 .0119107499530254	 .875803660179917
 3	 10587	 .0227458593441148	 .016791733874096	 .763227125857808
 3	 10852	 .282203460637704	 .0400198457594921	 .866780927046757
 3	 11084	 .00653805137831763	 .00132465274208189	 .974336455710598
 3	 11123	 .766282637174305	 .274580492228005	 .538986296521059
 3	 11215	 .00879410110655548	 .00550766037555446	 .929888550004908
 3	 11493	 .0723100535064718	 .0696401681855406	 .490415840699871
 3	 11722	 .00146313134550474	 .00480788470731382	 .192233175621278
 3	 11851	 .00139541878369665	 .00945662502440818	 .0751359407502715
 3	 12103	 .00623885989674583	 .0186309343181494	 .703693485160602
 3	 12438	 .0254777498008451	 .00647194877889018	 .956255752335248
 3	 12564	 1E-05	 .0441690022076739	 .134433011806335
 4	 12592	 1E-05	 .0447990312296547	 .248778621987635
 3	 12607	 .0100397381962984	 .00937175268675183	 .776172516772137
 3	 12680	 .00772084729301683	 .0540393435392321	 .00529069310490704
 3	 12793	 1E-05	 .0620893893697003	 .0245801371643956
 3	 12885	 .0179404965008856	 .00946176075793696	 .943863609087612
 3	 12960	 .00318680658945295	 .00661588973256258	 .515341586460979
 4	 13053	 1E-05	 .0261789151884239	 .242137400834013
 3	 13305	 .283766329016379	-.0102291773199937	 .87397487268211
 3	 13371	 .0159668560980617	 .00105369741075103	 .870504786743915
 3	 13407	 .00400797920571519	 .0102812165338455	 .17647285657806
 3	 13409	 .00342001477133145	 .00540120216600785	 .744851091971639
 3	 13723	 .363950976155634	 .0566313365186957	 .792303490881634
 3	 13756	 .107289294600948	 .017834673239833	 .867341266277923
 3	 13830	 .112820866938029	 7.585695802871E-05	 .983569413440606
 4	 13955	 1E-05	 .0134666471917497	 .463152741665017
 3	 13956	 .00603889358409136	 .013878828028688	 .989638549219625
 3	 13976	 1E-05	 .0150659062882528	 .262346364056645
 3	 14139	 1E-05	 .00729797379762634	 .00516245739485666
 3	 14232	 .0273208892189248	 .00629881146495581	 .900058620542992
 3	 14259	 .00471983583211443	 .00781918458563838	 .273059461850669
 3	 14273	 1E-05	 .0105594932482413	 .0358550877866368
 3	 14278	 .0195156808942699	 .014396669865614	 .745523627280306
 3	 14313	 .0028858076576307	 .00852680810590292	 .27443357330681
 4	 14355	 1E-05	 .0337373232177705	 .543897251185133
 3	 14389	 .0490176004275439	 .0119472827757338	 .968391077309938
 3	 14522	 .353985529658105	 .0289138258346317	 .993751341771566
 3	 14656	 .080539404255226	 .0464094929637908	 .539916173410436
 3	 14681	 .0158525742306363	 .0100487408913872	 .66643743400028
 3	 14687	 .108659361480998	 .0166041038762772	 .964454206834846
 3	 15005	 1E-05	 .0157109394548703	 .184507297526681
 3	 15048	 .0461848506124938	 .0217893350614983	 .792152311312376
 3	 15068	 .267670089323314	 .0928203584586516	 .753947852598395
 3	 15155	 .0789491196828941	 .0190658967929221	 .895313647362199
 3	 15172	 .253004142329168	 .0299897846093219	 .946083616538128
 3	 15259	 .170177290620711	 .0117741565918899	 .947561175226985
 3	 15275	 .0123535916614312	 .0233362951046878	 .0449152465379233
 3	 15331	 1E-05	 .0399815111201681	 .826888806150035
 3	 15337	 .011869979479799	 .0103033131559738	 .353150562367023
 3	 15355	 1E-05	 .0345012643692263	 .58591424793089
 3	 15364	 .114392976866667	 .0236639808236252	 .94564845883894
 3	 15380	 .108257992077114	 .0215829045967849	 .673992707965596
 3	 15420	 .0147509100902204	 .021767682690733	 .701563938139814
 3	 15446	 .00331323001363996	 .0146828592472188	 .256930393521597
 3	 15476	 .112212002598809	 .0207224822197043	 .978854697610635
 3	 15612	 .215465880970491	 .0113311077986527	 .947669518754739
 3	 16138	 .159108644290611	 .10907206553727	 .767880308872735
 3	 16272	 .0158742550738999	 .0204982077582765	 .0896817655930467
 3	 16331	 .0175574803357812	 .0148679261933624	 .838770500651942
 3	 16338	 .0618553311546711	 .0287572228357836	 .795598759739107
 1	 16383	 .00123369978180928	 .0134497904780385	 .00651660478953409
 3	 16405	 .00805005264334522	 .00687737264323809	 .507711796137955
 3	 16466	 1E-05	 .0106426040381299	 .0237982806085739
 3	 16607	 1E-05	 .019375302347618	 .0374590615645355
 3	 16653	 .017618868249166	 .00386427513390846	 .471569334567912
 3	 16721	 .00851609984168014	 .00602625468841636	 .764380775255291
 3	 16815	 1E-05	 .0151491495228397	 .671545480031488
 3	 16881	 1E-05	 .00773145708461684	 .0281887065870732
 4	 16918	 .000369929762669959	 .0103367624454696	 .0581401383755147
 4	 17233	 1E-05	 .011059798537122	 .0485754433955811
 3	 17534	 .322481361224797	 .016021464508625	 .982436825217974
 3	 17551	 1E-05	 .0296978758786655	 .0167097826267845
 3	 17568	 .00348477864710576	 .00603062601554744	 .334961837528421
 3	 17653	 .0017156482295282	 .00833705013604079	 .0683459315860638
 3	 17785	 .0158979139386311	 .00640314670191394	 .883356674743525
 3	 17802	 1E-05	 .0159428242967707	 .740602400931095
 4	 17866	 .000749183884667984	 .0248306219969313	 .000393523001883445
 3	 17923	 1E-05	 .00594948555413562	 .00151340830572866
 3	 18015	 .00284361509910408	 .00734330355954209	 .262149077959003
 3	 18100	 .00981217954569914	 .00713065155235446	 .892733905227643
 3	 18250	 .00124752388091409	 .00531472978921506	 .104513413676724
 3	 18325	 1E-05	 .0138173584262853	 .545664166474309
 3	 18428	 .0023636893862679	 .0145802447136851	 .536840432733019
 3	 18444	 .0254189992480491	 .00832308388687042	 .848720367106746
 3	 18626	 1E-05	 .00985248339375948	 .379944859263676
 3	 18800	 .0570775463353922	 .0510000737803559	 .370424627872136
 3	 18845	 .402453079513971	 .0409978049516726	 .981404576461799
 3	 18876	 .031029285685001	 .0319777256740226	 .73049453720647
 3	 18994	 .0105662081726985	 .0233893468411031	 .677768648501929
 3	 19048	 1E-05	 .0263922581215069	 .201666536467099
 3	 19069	 1E-05	 .0181835164099969	 .581953934477288
 4	 19085	 .00107327632091952	 .0112109665837049	 .0283996382612414
 3	 19124	 .0462196364010331	 .0131672156124265	 .885525193638341
 3	 19507	 .00428380867734606	 .0140615890807761	 .146005361686054
 3	 19532	 .0034000311614363	 .00676681072826427	 .471222364040652
 3	 19676	 .249162050386257	 .0169725606050873	 .619159146373645
 3	 19726	 .024695825865292	 .0482108754551712	 .250742855462794
 3	 19816	 .000382664482476277	 .0194553308691629	 .00293871074762064
 3	 19822	 .136166272192207	-.00154240135921246	 .997249950821542
 3	 19947	 .0176233305188203	 .0246787747680718	 .068262064252534
 3	 19976	 .000493591236720596	 .0124288503781435	 .056731323249517
 3	 20018	 .0141731503210529	 .0233107661780181	 .625545572001294
 3	 20025	 .00424257774005889	 .0690761616104311	 .0519200603070586
 3	 20223	 .0353329261823958	 .0060163930869661	 .993063913515019
 3	 20227	 .0555615174928097	 .0319556383454455	 .651804888519333
 3	 20321	 .0115656792589303	 .043861989298397	 .102723427398297
 3	 20421	 .0129502293974722	 .00619665206514414	 .991116789921111
 3	 20459	 .0170246535980087	 .0103678852752907	 .448031169303689
 3	 20478	 .034627340242849	 .0104525569912061	 .809136014298845
 3	 20546	 .00615185103066634	 .0108335115077726	 .212232888561319
 3	 20575	 .0383552636872681	 .0584886968653546	 .0373806011503494
 3	 20618	 .145871821001347	 .0364778282338931	 .793038964056642
 3	 20704	 .123399022375528	 .00758230473712251	 .972370296413651
 3	 20785	 .0138919027066054	 .0114619607043779	 .666102909678944
 3	 20908	 .0150645690107195	 .0211856735692037	 .385716349418147
 3	 20923	 .662960370388631	 .000604425781906368	 .991598582784535
 3	 21122	 .00341565118212533	 .00833693383212687	 .154941202630593
 3	 21347	 .0557974445184819	 .017221759813042	 .633203807298482
 3	 21402	 .0797322106198567	 .0323083488787878	 .927253355840878
 3	 21674	 1E-05	 .00763410416909784	 .506940747118483
 3	 21714	 .00183022149576142	 .00331166046239113	 .146355149464113
 3	 21722	 .0024842951196662	 .00624173487031541	 .251338343771187
 4	 21730	 1E-05	 .022778622942259	 .00564156389820836
 3	 21737	 1E-05	 .0108928368823955	 .0557308732213844
 3	 21869	 1E-05	 .00946416069652729	 .0231769422388256
 3	 21927	 1E-05	 .0168491728539395	 .393530022936808
 3	 22022	 1E-05	 .0120917122528126	 .314380188440738
 3	 22080	 .0471936062421399	 .0174694000755275	 .879833252210385
 3	 22273	 .0127526720400498	 .0126769287311179	 .861968520219655
 3	 22304	 .108377494040682	 .0361099460783323	 .765214875669504
 3	 22520	 .0575785301553125	 .0397268984555588	 .40125898277365
 3	 22626	 .119874897472629	 .0317706461178915	 .86302290452255
 3	 22715	 .0181336528684736	 .0206070357404724	 .38056155227811
 3	 22753	 .125637977152732	 .0106668897171539	 .924257468860484
 3	 22816	 .027094976493692	 .0690269746569243	 .487406662252512
 3	 22843	 1E-05	 .0263193307848903	 .557032138816708
 3	 22884	 .000602867846092023	 .0107963269975376	 .00137683973632063
 3	 22885	 .0629673950341139	 .0236889538605761	 .816028123680798
 3	 23040	 .0442242836810597	 .0085511485841817	 .805069648581788
 3	 23062	 .084278785767562	 .0100037225357499	 .989719000261894
 3	 23065	 .0117207931778011	 .00704469710889134	 .956705738653303
 3	 23082	 1E-05	 .0757529416552129	 .674685099094332
 3	 23125	 1E-05	 .0483497721519294	 .108978418294251
 3	 23193	 1E-05	 .0069676593208571	 .0620168019176228
 3	 23202	 .0366511075169862	 .0103221246292806	 .974317236723948
 3	 23244	 .0198293293747541	 .0199714469498819	 .122885127372323
 3	 23259	 1E-05	 .0108602359154629	 .00110380777261898
 3	 23467	 .011192183380109	 .00230430241957315	 .825316199918988
 3	 23474	 .0909600448795314	 .00213470367434211	 .816254563908614
 3	 23563	 .0235986498913734	 .00181246587519169	 .966019851099171
 3	 23620	 .028960398688675	 .019013120521271	 .888833853662258
 3	 24004	 1E-05	 .0165805167006396	 .0393947684491196
 3	 24113	 .0693217767833676	 .0111440823603149	 .941447558360895
 3	 24282	 .397168493157886	 .085001531860117	 .847833056830008
 3	 24320	 .149116673964213	 .0153492922682906	 .895313973847702
 3	 24420	 .00355236932493124	 .0219380642910127	 .0598556142476819
 3	 24550	 .0419073449259629	 .0256814618015451	 .823534969199579
 3	 24616	 .0329629835039613	 .0291269450340159	 .696465939787435
 3	 24715	 .00442642364554179	 .00849802067082655	 .8772020383167
 3	 24745	 1E-05	 .0362918320912408	 .207723289376228
 3	 24802	 .0176293298418787	 .0265307130159464	 .41310846073963
 3	 24847	 .172658301871992	 .0134201297499718	 .959016670041948
 3	 24923	 .172008713527155	 .0370676686293552	 .907586800155752
 3	 25021	 1E-05	 .0376468314594366	 .661063723742291
 3	 25093	 2.0600222213321	-.00427005324493947	 .983119831592955
 3	 25172	 1E-05	 .0596725141634441	 .732665815945907
 3	 25208	 .0189839101187063	 .0165867854900013	 .642819928967673
 3	 25261	 .0216844994546931	 .00673569701883496	 .979049806049143
 4	 25326	 1E-05	 .0667888045358071	 .000622558478942992
 3	 25754	 .0523650720571184	 .0964666334822274	 .132955373917901
 3	 25857	 .00526632874420142	 .0121587123609747	 .034548139906285
 3	 25914	 1E-05	 .0111496382261596	 .00229784386398391
 3	 26074	 1E-05	 .0284678502364982	 .584487892797407
 3	 26112	 1E-05	 .309203191058419	 .00565442625325907
 3	 26121	 .00867068210180055	 .00936792077455694	 .885474738542153
 3	 26248	 .996123950027652	 .0226467162267026	 .976402128492874
 3	 26255	 .174500378851658	 .36012133270186	 .0499467595855441
 3	 26532	 1E-05	 .0103115818081921	 .767215208559622
 3	 26567	 .00233205660320741	 .0104916053056416	 .0574718206648975
 3	 26573	 1E-05	 .0154414387527807	 .0216249720692582
 3	 26601	 .00357843937663388	 .00808954559162222	 .169983644262843
 3	 26626	 1E-05	 .0112303083393222	 .0372511853445286
 3	 26717	 .0819968507679125	 .0432459868051587	 .943239384339901
 3	 26728	 .00705780876235838	 .00681962901185999	 .36135388454899
 3	 26737	 .00445251213609877	 .0212093585198708	 .015050169333186
 3	 26759	 .0162483465291051	 .0216709082968553	 .794585586116353
 3	 26812	 .0420282650447017	 .0133370507700979	 .899593928751183
 3	 26849	 .0990715261795216	 .0186447130901215	 .924957302483307
 3	 26896	 .00413064470995155	 .00994583002595769	 .352564946916193
 3	 27063	 .00951592625218465	 .0148784221069356	 .48915311731898
 3	 27120	 1E-05	 .0370913335434103	 .021200307347956
 3	 27130	 .056016673817929	 .00203334214206409	 .924989932829648
 3	 27135	 .000843499236791424	 .0307570128845973	 .00557006301485485
 3	 27282	 .0802918709654773	 .00369635374797688	 .995446364387713
 3	 27349	 .0287633108229988	 .0198063863026196	 .873084456374383
 3	 27542	 .00837637909949715	 .0912118360871383	 .00817789061841367
 3	 27595	 .380828267889529	 .0605245661747232	 .997455793667259
 3	 27755	 1E-05	 .00999658691464582	 .0953020230521652
 3	 27794	 2.26664216518056	-.147478025038938	 .993497768440213
 3	 27821	 .261802094403918	 .0481685047188884	 .337411920031122
 3	 27842	 .309469300685872	 .0667747310657414	 .415377409116098
 3	 27898	 1E-05	 .0105364082734591	 .221688060416161
 3	 27937	 .0108280790483791	 .0112421234520086	 .540319403451798
 3	 28009	 1E-05	 .00734366114916483	 .348686849868713
 3	 28083	 .292755974249879	 .0377703475689872	 .944312095306565
 3	 28109	 .0702626061785789	 .0194361009281087	 .99784721386081
 3	 28362	 .042150503300986	 .0274584031481733	 .523848742977461
 3	 28515	 .013836621976974	 .00481990465830981	 .941940229820727
 3	 28943	 1E-05	 .0199874593539761	 .215622580088568
 3	 29076	 .0040936303388232	 .0161889896039864	 .0515435698183552
 3	 29086	 .0922056012854109	 .329186631826079	 .00831182743901349
 3	 29232	 .000446416685647522	 .0211531779369538	 .00123561363312663
 3	 29318	 1E-05	 .0173850020841123	 .0569231598746329
 3	 29345	 .0131341303381721	 .00882183413606952	 .772868937961523
 3	 29384	 1E-05	 .0108475082794014	 .387908525932707
 3	 29448	 .0418964626703704	 .00939898580218143	 .900943746548518
 3	 29594	 .0129300212364832	 .0143033618527586	 .671934049046507
 3	 29872	 .0111196909064092	 .0115430733543908	 .253860508257832
 3	 30027	 .0163824506149016	 .00318412536259624	 .785256028199936
 3	 30092	 .00572602186549929	 .0110777633608936	 .112703601724725
 3	 30127	 .0854336978978184	 .0162406125719595	 .752459554593508
 3	 30166	 .0190130156800945	 .0163704712924983	 .955862137693567
 3	 30211	 .0105284412577548	 .00878518075332592	 .347131216851306
 3	 30255	 .00776843870734471	 .0167714837153422	 .0475184986607599
 3	 30318	 .000967322572761149	 .00533538385779886	 .165650736403253
 3	 30485	 1E-05	 .0214476702510254	 .586822967217488
 3	 30541	 .00772180680943863	 .0054927079477873	 .956496174371092
 3	 30579	 .00234561577966759	 .0060425993778829	 .0545329917508141
 3	 30679	 .59327917463525	 .136604678282775	 .978209663857012
 3	 30929	 .145529441162764	 .0716895172655024	 .599682267531574
 3	 31089	 .0821467494816575	 .0317186810982962	 .923979547739141
 3	 31185	 .0841892378987747	 .0496894898640713	 .45722489334394
 3	 31304	 .00175168466531717	 .00460352141737902	 .0135216473149856
 3	 31347	 .176442151988996	 .0180300284357664	 .967615314018168
 3	 31471	 1E-05	 .0102104874071446	 .0086084746327465
 3	 31602	 1E-05	 .0113209081993975	 .479173934740179
 3	 31633	 .152952787820909	 .000503460084252665	 .997730872165244
 3	 31842	 .0108379138442362	 .00512215586153842	 .599408895458095
 3	 31909	 .0316825177115271	 .00927557121094687	 .982313021984243
 3	 32023	 .221795496533577	-.0032361078014723	 .997720114590753
 3	 32026	 .332116732326567	 .099597798343463	 .890874344641372
 3	 32110	 1.03308075489405	-.0468501598821377	 .982634261767705
 3	 32128	 1E-05	 .030189379084358	 .711804314690811
 3	 32156	 .575379986578673	 .213446910235294	 .37616836382637
 3	 32280	 1E-05	 .00602888107306129	 .0191817067007678
 3	 32290	 1E-05	 .044737335486845	 3.14351741302898E-05
 4	 10	 .0192781865339071	 .0109567054697845	 .971290929942671
 4	 13	 .12631645595707	 .00468718095937835	 .912342707516316
 5	 27	 .0235270102906388	 .0244891099357408	 .87899527089153
 5	 41	 .00032672967458792	 .00596020398626303	 .00581178685499817
 5	 51	 1E-05	 .0175864071982396	 .239609745456576
 4	 55	 .0043436512523065	 .00618709394453001	 .700326566468605
 5	 68	 .0182690344604918	 .0255618232701712	 .615065079123079
 5	 70	 .312111564826083	-.0144903540202862	 .917663467970498
 5	 73	 .0167860131870474	 .0319057908558713	 .117690322503853
 5	 83	 .0458395743229421	 .0201935234005723	 .865549239024043
 5	 89	 .140518899208267	 .0999635973678249	 .457174834428301
 4	 91	 .00191127917058261	 .00487066574038303	 .781440120679363
 5	 95	 .0132747004269224	 .0104293565302307	 .968559166219586
 5	 104	 .066158283588654	 .0846883941113321	 .308119317405408
 4	 107	 .0609935021686826	 .0236523058112745	 .847497380183219
 5	 110	 .0390306786859963	 .0168208494896261	 .872897089354771
 4	 116	 1E-05	 .014329053914938	 .174171657324433
 5	 122	 .0748944344363987	 .0452722608257593	 .345145550451776
 5	 126	 1E-05	 .0342581718630416	 .340181955586078
 5	 131	 .188209728097014	 .0398643404959144	 .961990469014133
 5	 136	 .116639531847661	 .00853045816529515	 .979217154049599
 5	 162	 .0138984148124335	 .0326174913128932	 .51364659137989
 5	 169	 .0238029093945523	 .054608519183882	 .0843566246107834
 5	 173	 .0757635150565153	 .0890919523770512	 .282741707207324
 5	 184	 .368294776097914	 .0230928737729829	 .972585000021485
 5	 186	 1E-05	 .0781286354598694	 .0888991579114201
 5	 187	 .830851250658036	 .0046156783035013	 .984899152028965
 5	 191	 .00153014667882369	 .0511966681554709	 .00792965246708555
 5	 193	 .000252580387706406	 .0117861974815806	 .00182653269342625
 5	 199	 .2471480381828	 .00311876042106464	 .996462578841935
 5	 200	 .0846258653479122	 .0572727392724383	 .957858300718776
 1	 213	 1E-05	 .0948937009377017	 .0608308529286478
 5	 235	 1E-05	 .0879645823661702	 .633034125577065
 5	 240	 1.18148936609056	-.0883017537709218	 .937977586085449
 5	 244	 .228197790376356	 .0154560330041751	 .938683576347454
 5	 255	 .00177884269333806	 .0597570808410278	 .00111037543879799
 5	 266	 .29984931027415	 .115908058261315	 .29785265867343
 5	 274	 .237168690696298	 .112786993396725	 .746783298172852
 5	 322	 1.11774057571736	 .0224944253883274	 .959859631909963
 5	 329	 .123289966222892	 .0454583315870371	 .838481971054153
 5	 336	 .00469296716882643	 .104465346847942	 .000527374864403019
 5	 341	 .05156850785089	 .0256717313602456	 .329998998917617
 5	 371	 .05326861540245	 .0277413135093762	 .768502348743884
 5	 397	 .0614475836906274	 .0509944008112294	 .768993695907036
 5	 416	 .01856057003735	 .0231243197957641	 .439908487870021
 5	 420	 .132766929804076	 .0659380475911991	 .417898453001042
 5	 427	 .168571652673768	 .0942050979146212	 .508601185568678
 5	 429	 .0815034287202944	 .0242795904431061	 .848389294350764
 4	 439	 .701592388911431	 .0476768972186986	 .825317249422715
 5	 452	 .0817441919433716	 .190018725293098	 .0648871065045247
 5	 472	 .437215919310505	 .0180824697783995	 .77335451848664
 5	 506	 1E-05	 .0352514635498075	 .270338270619243
 4	 518	 1E-05	 .0510637810917149	 .121473976652036
 5	 569	 .113098301468305	 .0372841742668101	 .970387790847
 5	 583	 .410202012431922	 .0665333688858758	 .886532037938785
 5	 607	 .00652230084715794	 .0217919466009562	 .0737070160370394
 4	 616	 1E-05	 .0655176301408728	 .775332011859978
 5	 625	 .108568790232046	 .0362346037407521	 .877272535169968
 5	 627	 .652857956399872	 .218369737223568	 .890996363205805
 5	 635	 1.61626243017385	-.0234067640716701	 .966945177643608
 5	 644	 .393521363289438	 .136390378063313	 .858157392677172
 4	 654	 .110041679548104	 .0161300843875253	 .82846280967115
 5	 685	 .270643103993051	 .0843685483673734	 .845917222642379
 5	 778	 .354674450860399	 .0899383845893866	 .978290292510635
 5	 824	 .0161825600871991	 .00924211902789759	 .506120329336039
 5	 856	 .0554390398247362	 .0203415835416849	 .848211144131613
 5	 875	 1.03450531909307	 .0218417921965316	 .956209993889842
 5	 887	 .242508540204358	 .0343902560408685	 .907235463080055
 4	 899	 .0973891264500533	 .0670291654703873	 .572494179456503
 5	 903	 .456290718517448	-.037445186493849	 .964503034088971
 5	 936	 .296919755593115	 .0145700647925438	 .853128963986969
 5	 966	 1.14339468098369	 .0463705235914155	 .95995628302135
 5	 996	 .0849698073163535	 .0561415819130142	 .74207054808842
 5	 1012	 .140206603188515	 .0334522777266685	 .957479107901183
 5	 1013	 .0197167659668301	 .0653162893715906	 .123742964115972
 5	 1027	 .113314039530889	 .0224414855400811	 .867170071623515
 5	 1111	 .0676942425373094	 .0517382118893721	 .218298610236247
 5	 1120	 1E-05	 .0487533051449966	 .0584098655584857
 5	 1142	 1E-05	 .0592920376749467	 .217083358413963
 5	 1164	 1E-05	 .332131275375874	 .284719572629585
 1	 1211	 .406786854828682	 .0695778361491093	 .994359580833029
 5	 1280	 .974271443183542	-.0098770874609936	 .966784560790198
 5	 1306	 1E-05	 .097044758249014	 .979659292871878
 5	 1315	 1E-05	 .104017622403969	 .197251670486813
 5	 1368	 .168497346129443	 .0369150752874391	 .656990493202026
 5	 1453	 1E-05	 .0710779001666872	 .0011831614720299
 5	 1477	 1E-05	 .153257097940958	 .838795261860509
 5	 1508	 1E-05	 .0243280053818512	 .532987907730565
 5	 1509	 .00489273587541206	 .04616441447218	 .00383945424941901
 4	 1537	 1E-05	 .00698425886031556	 .00603439463608701
 5	 1543	 .165348795512967	 .00433868072091705	 .964151361876291
 5	 1569	 1E-05	 .0147961669546794	 .132330637990078
 5	 1584	 .123007192976699	 .0370837598957118	 .996974419374786
 5	 1589	 1E-05	 .0576776258439048	 .34560263778962
 5	 1591	 .161338362757518	 .122911490086859	 .670037212029955
 5	 1592	 .129450936518005	 .032450780480849	 .97677898588121
 1	 1602	 .0039859819061908	 .0979638729869179	 .000425691111567539
 5	 1625	 .0129994140148292	 .0267684200479859	 .673829458132527
 5	 1627	 .156490155259553	 .0421907895983986	 .924374010131381
 5	 1628	 .281032925874227	 .0127019794586188	 .932181209742575
 5	 1641	 1E-05	 .045348631274344	 .457288584934931
 5	 1717	 .11015953142873	 .0449080578190128	 .738979963106415
 4	 1718	 .183883688453419	 .0681967062360417	 .26414784537552
 5	 1722	 1E-05	 .00904376078442438	 .222838173548789
 5	 1772	 .104050159612516	 .0134393470765867	 .998042784569837
 5	 1823	 .0116177556458603	 .0485878575162272	 .115685784874698
 5	 1824	 .183799111157564	 .0504403698293617	 .988949586131942
 5	 1871	 .206059666939953	 .0644378553601167	 .806225432486935
 5	 1909	 .0616714741783802	 .0354192426371559	 .677951895347799
 5	 1947	 .036654441414687	 .00850873177025817	 .256676882783951
 5	 1962	 .0263677309162673	 .0153567354735569	 .975206927449221
 5	 1986	 1E-05	 .022979726382088	 .15247464473736
 5	 1991	 1E-05	 .0256389814208483	 .382196019549085
 5	 1999	 1E-05	 .0747935201642546	 .36697369596238
 5	 2036	 1E-05	 .0272689794516742	 .0560364935041361
 4	 2058	 .0541711084630962	 .0504900406811917	 .357722569474841
 5	 2063	 .0970172822009518	 .273163356942834	 .0276195998918602
 5	 2070	 .478525774286307	 .0304379426483055	 .953934570813071
 5	 2071	 1E-05	 .0783184535647693	 .633450939426322
 5	 2099	 .0296337399237029	 .00711574036341347	 .903368604452121
 5	 2117	 .0399002065633275	 .012679078024781	 .949736028830727
 5	 2148	 .030490590895903	 .0230014920262699	 .693729102123368
 5	 2202	 .516378700063436	 .049220159883283	 .925164179187999
 5	 2209	 .367611886433458	-.024339547551447	 .994184670447186
 5	 2214	 .0452741581953486	 .0144881547057672	 .673240637085958
 5	 2251	 2.91605547015295	-.307937420167962	 .979728952335728
 5	 2260	 .0606972195307776	 .0466606763720649	 .461701926080795
 5	 2277	 .107540256668827	 .0317592901670139	 .572220297079259
 5	 2293	 .714724526449896	 .206733480944715	 .922707503904753
 4	 2302	 .524046976746577	-.00169919916865547	 .945265248252702
 5	 2317	 1E-05	 .0448468089698621	 .400471639590618
 5	 2322	 .249945053096938	 .142609819251421	 .79675661871654
 5	 2366	 1E-05	 .0470649777125768	 .229290165374352
 1	 2372	 1E-05	 .0596712591321786	 .949566892158463
 4	 2422	 .193651931107045	 .126851933671249	 .802014814275144
 5	 2433	 1E-05	 .0547951352934652	 .459427961658631
 5	 2465	 .124279358626145	 .0387529226082937	 .797877696769858
 5	 2469	 1E-05	 .0202078362954894	 .0385017923883724
 5	 2487	 .0659076003251816	 .000758952444466127	 .802770135664803
 5	 2555	 .054944184906369	 .0520047610524582	 .565940997702042
 5	 2588	 .00382173633131038	 .0238786687949173	 .0754015888717344
 4	 2604	 .126075869209215	 .0208394943768234	 .356978859687447
 5	 2620	 .106055444099928	 .0193725749498292	 .956559190135545
 5	 2652	 .247158908898981	 .0343369048138143	 .775081185385248
 5	 2665	 .0386873740315238	 .022602987206555	 .27988563751862
 5	 2681	 .155674357736206	 .0189298550674284	 .958525163358559
 5	 2682	 1E-05	 .063534007296846	 .326520162119939
 5	 2688	 1E-05	 .0122362918907215	 .83306021593314
 4	 2717	 1E-05	 .0387449929234448	 .477204476577927
 4	 2720	 .0637914661700656	 .0130426269737528	 .59590495430096
 5	 2722	 .212524028076992	 .062803334284654	 .972974641535359
 5	 2738	 .625520398365864	 .271672353978207	 .294398898307072
 4	 2760	 .00285443996612252	 .00541082174416621	 .491901377441322
 5	 2805	 .195919918563011	 .0490926034637855	 .791168137418293
 5	 2817	 1E-05	 .113854012581297	 .0373629336972164
 4	 2820	 .0296784305472799	 .0468159790915898	 .822210389873668
 5	 2864	 .0119617785580494	 .0567028366634191	 .0346680749197877
 5	 2881	 .583007624235256	 .0227960122268773	 .992837509122112
 5	 2892	 1.49087422584344	 .142958119009907	 .971520716772819
 5	 2914	 .14370117463554	 .118940408331639	 .868086767965911
 5	 2997	 .0321225399414073	 .0576310612022616	 .841594759906536
 5	 3018	 .00458777171879875	 .0437540992437838	 .00145609856886153
 5	 3021	 1E-05	 .0409428128460499	 .329484413458893
 5	 3026	 .0560243358992386	 .0416967686399551	 .629223188604007
 5	 3097	 .130161018514856	 .0314461561277057	 .893504544093006
 5	 3109	 .00688930226890253	 .035991085709855	 .0955755771210164
 5	 3139	 .243676291531736	 .0266742479559232	 .986750497234101
 5	 3169	 1E-05	 .0952722579992026	 .749193934919946
 5	 3178	 1E-05	 .372305976387724	 .00587884319392851
 5	 3193	 .000287986211319762	 .0295406784441844	 9.72169324345851E-05
 5	 3196	 1E-05	 .0474779451253018	 .00394437951872451
 5	 3315	 .0291596866391883	 .051435329993707	 .418667533106879
 5	 3318	 1E-05	 .136671190339323	 .807396701501542
 5	 3358	 .0434171463346157	 .012491972584774	 .875950895309364
 1	 3416	 1E-05	 .0822827479467109	 .0470122995524356
 5	 3421	 .032539628363414	 .0361533182380301	 .787726261846969
 5	 3432	 .0552078772543566	 .017331342451867	 .190811457878584
 5	 3497	 1.21282468230732	-.0201852533357003	 .993822964861961
 4	 3574	 .0631214820303624	 .0606445284941658	 .579486758630879
 5	 3621	 2.60343144630831	-.211056004933734	 .954498852874438
 5	 3624	 .0670071076337281	 .0270726024539102	 .196586504323574
 5	 3659	 1E-05	 .215567366683506	 .39646811326014
 5	 3668	 .0610762469871597	 .0296855761615146	 .626468000369162
 5	 3732	 .807938440298859	 .00428733419718842	 .991014262645558
 4	 3747	 1E-05	 .00923898215272464	 .855605513989046
 5	 3766	 1E-05	 .0197340726238685	 .296612422437533
 5	 3768	 .127165831426596	-.00291626455573244	 .952003630541113
 5	 3808	 .0279883537804402	 .0449063830883241	 .476385842054411
 5	 3839	 .0864945331988666	 .0135614149291489	 .995113649567072
 5	 3845	 .450746787655568	-.0397471623025677	 .936745037577341
 5	 3906	 .0436014693003933	 .0284474677909849	 .867900252219095
 5	 3927	 .0256856566530103	 .0262248175051612	 .714381533747403
 5	 3932	 1E-05	 .0302804681715665	 .261397842642788
 5	 4005	 .365651006050341	 .00555221796788319	 .99348263119342
 5	 4042	 1E-05	 .0543017611622674	 .924052436264954
 5	 4086	 .194174497242255	 .0356014462229512	 .894988110389289
 5	 4182	 .00122254251905806	 .00945233561914334	 .00480166249291103
 4	 4197	 .0107782707780639	 .0190021628480213	 .166840132842641
 5	 4204	 .00347133516951359	 .0208588428065074	 .178558195423171
 5	 4222	 1.76118963100766	 .0296088946733131	 .985138036237364
 5	 4238	 1E-05	 .088876175336894	 .165744966544918
 5	 4256	 .0278230680464988	 .0176327519325085	 .889551801171827
 5	 4350	 .917187991548077	-.0542176134601502	 .951111032742817
 5	 4379	 .24557734827212	 .0277365620359704	 .832085183599126
 5	 4381	 1E-05	 .0408425047904611	 .00867834692562963
 5	 4407	 .00408921326715838	 .00773016631106267	 .459846131427179
 1	 4414	 .00771291738164133	 .0245594611819813	 .0394409674953736
 5	 4421	 1E-05	 .0440951566771434	 .257443246619239
 5	 4472	 .0114238555481987	 .00974791376234	 .974381998451216
 5	 4476	 .10494665062219	 .0457858824577749	 .959778731739465
 5	 4500	 .0685117676686353	 .039215916811683	 .874016601435349
 5	 4539	 .458612325698219	 .0692134240886104	 .971735781239123
 5	 4558	 2.00616162873628	-.173220847422752	 .990491350426607
 5	 4640	 1E-05	 .051441315796579	 .825441980002518
 5	 4663	 .0555763462839474	 .043652305871498	 .676861327149353
 5	 4680	 1E-05	 .0321807754696147	 .707081384923646
 5	 4722	 1E-05	 .0368031303631845	 .073317487898775
 1	 4739	 1E-05	 .104837100464784	 .844987083629464
 5	 4790	 .0507584748918621	 .172873995821584	 .0468418081700936
 5	 4852	 1E-05	 .448660049300343	 .555681867629243
 5	 4867	 1E-05	 .150454078908693	 .789146740386241
 5	 4871	 .00520359988521707	 .0232937613944903	 .498619649507331
 1	 4891	 1E-05	 .149197596715021	 .787624755505284
 5	 4894	 .337639565974839	 .22721625358046	 .554544887520867
 5	 4916	 .504194373163158	 .035681315435929	 .719081045183508
 1	 4981	 1E-05	 .0358556078443681	 .653101284934585
 5	 5003	 .0891294145561689	 .0442286352600649	 .83912864348756
 5	 5015	 .310188544559286	 .0598289532497558	 .854121495012077
 5	 5018	 .648732828792731	 .0671768886331896	 .929759695524867
 5	 5035	 .223274850136117	 .08171342699744	 .729575784722883
 4	 5063	 .467995554844497	-.00538827375585135	 .999725746688494
 5	 5071	 1.2605084543708	-.113493699208392	 .958907587029081
 5	 5121	 .00338878897519652	 .0153961489383827	 .489767909541083
 5	 5133	 1E-05	 .0343007833587381	 .133260341134095
 5	 5149	 .0100785811565926	 .011170788417689	 .507808747087932
 1	 5171	 1E-05	 .0470962097662915	 .119903027129663
 5	 5180	 .100911425255105	 .00436284045330051	 .971728137094609
 5	 5228	 .0892074105178082	 .0167369020881797	 .694214805801932
 4	 5239	 1E-05	 .422204947778398	 .430760435350824
 5	 5241	 .00456580631873615	 .0209864267179866	 .448970082157663
 5	 5252	 1E-05	 .0181106472245223	 .0399443436942487
 5	 5258	 1E-05	 .0565729675925257	 .108550389387275
 5	 5274	 1E-05	 .088722016654609	 .280917809384166
 5	 5300	 .0129793628679657	 .0056883631655011	 .30450525029022
 5	 5437	 .338686518167115	 .0167996327603445	 .703957257850342
 5	 5451	 .0433606608979778	 .0165545773978575	 .984012492240404
 5	 5456	 4.90271365672565	-.182961635256972	 .99009883273519
 5	 5475	 .00407236446632167	 .0206258891433735	 .0429379526717408
 5	 5491	 1E-05	 .199471121404568	 .554170378537489
 4	 5503	 .00915659341269129	 .00118381732085233	 .994729722881318
 5	 5513	 .21355039244806	 .105115707218626	 .854983297913163
 5	 5517	 .148963116930196	 .0129436448432819	 .964476042884339
 4	 5536	 .183473924443161	 .00607122588489228	 .99984761350358
 5	 5571	 .0396798165850286	 .0171109239073014	 .283039806238046
 5	 5587	 .0160050708210931	 .0263529294715885	 .647071507047299
 5	 5617	 .0219610151683994	 .0274610989887879	 .924505543305399
 5	 5621	 .0259169917096957	 .0102260192503473	 .400706524988673
 5	 5626	 .0450099947647049	 .0671608048266242	 .549046249792713
 5	 5635	 1E-05	 .0157981396613123	 .495528691596593
 5	 5672	 1E-05	 .0420559348049746	 .784065401509102
 5	 5703	 .00759671905125287	 .0136362058155777	 .115041853535369
 5	 5705	 .0785533127514399	-.00433027168966955	 .904411489736974
 5	 5706	 .769192104595395	-.0859528690716164	 .966752744308344
 4	 5719	 2.31385514992891	-.0579330977676999	 .986065262528744
 5	 5750	 .0107217413077846	 .0404822094349451	 .0898783234438442
 5	 5833	 1E-05	 .0346984554099573	 .588576623219601
 5	 5898	 1E-05	 .0684091763887163	 .473163221253802
 5	 5910	 .00694271164929608	 .0386974855612317	 .0665924261749156
 5	 5984	 1E-05	 .0063888311309594	 .0235643480505788
 5	 6001	 .539271227569753	 .0391885887385656	 .872868721277568
 5	 6017	 1E-05	 .0433710092003927	 .00840602352249131
 4	 6038	 .249618796295117	 .0266006155305401	 .969084215574085
 5	 6059	 1E-05	 .0589210926077778	 .801690986805093
 5	 6076	 .292888383288292	 .0277273485090384	 .620277993543356
 5	 6082	 .0214477741733686	 .0183438406419263	 .887331135369057
 5	 6122	 1E-05	 .129816436224732	 .595003971808013
 5	 6128	 2.08635233115706	-.138386084645734	 .990487738170396
 5	 6174	 1E-05	 .0457930213256472	 .0910613661248677
 5	 6207	 .0264740759324694	 .0150131499296799	 .32286692614213
 5	 6223	 .184477849263946	 .0398662941750947	 .827113211115906
 5	 6225	 1E-05	 .225779266481042	 .21397184574024
 5	 6230	 1E-05	 .0290770874741977	 .858699205894385
 5	 6237	 1E-05	 .076083916305042	 .0394701597196694
 5	 6239	 1E-05	 .0536075655374517	 .471878399211055
 5	 6266	 1E-05	 .0306465324699017	 .45992152277845
 5	 6273	 .0631184229929019	 .0771173334771384	 .911120053184308
 5	 6274	 .323321928499666	 .0869061167079193	 .902027696931302
 5	 6284	 .0901103020537462	 .0198838703502641	 .955307219137185
 5	 6310	 .015534735676236	 .0305770261866713	 .192322572801585
 5	 6314	 1E-05	 .0381767594098315	 .712609973661573
 5	 6319	 1E-05	 .0579403273066123	 .120227717472381
 5	 6333	 1E-05	 .0788647232413891	 .438283287651034
 5	 6407	 .0417533113156023	 .0255508168626101	 .10792403460244
 5	 6417	 .00945561271688177	 .0236434075215092	 .145955108637303
 5	 6465	 .00169542471012879	 .056323572263144	 .000847288629345244
 5	 6500	 .201327613724614	 .0479226481387706	 .811917622487875
 5	 6528	 1E-05	 .0716562783097382	 .739964193846549
 5	 6626	 .0617404087671621	 .030772027061795	 .624582704455207
 5	 6627	 1E-05	 .0582590585297916	 .124094822769872
 5	 6644	 .132394614007966	 .0730359716033922	 .931731143135963
 5	 6656	 .00361823211542208	 .0124126208687522	 .281938400005373
 4	 6724	 .00494976737473296	 .0043411743780989	 .9756512788912
 5	 6747	 .0132968618971285	 .0241240483469018	 .0564924697534909
 5	 6790	 1E-05	 .0122577319907161	 .00124376985470798
 5	 6824	 1E-05	 .0213440104231878	 .00109802271988513
 5	 6826	 1E-05	 .0231794043896803	 .361825016104654
 5	 6829	 .015241459324573	 .082897127833336	 .00917473050402984
 4	 6830	 1E-05	 .195577592662325	 .131144485939761
 5	 6851	 .718124815345616	 .0144089308104984	 .98628205570992
 5	 6864	 .0575901786770734	 .0287902167652773	 .977961407903925
 5	 6924	 .047033282760909	 .0296562861626295	 .695370998888642
 5	 7018	 .026801532714795	 .0713604584588046	 .209744072784911
 5	 7075	 1E-05	 .118322220098245	 .780939633339579
 4	 7079	 .0883110109906521	 .00277569999885513	 .95339902534288
 5	 7085	 .0312375942845818	 .0235780196843786	 .952874959963033
 5	 7204	 .00498622443951124	 .00490194405439177	 .988403068121297
 5	 7206	 .0361001751899649	 .0422039390932003	 .671944728747708
 5	 7211	 .0758628977238703	 .0968973245463752	 .104418268375153
 5	 7291	 1E-05	 .332833975963302	 .28660634369289
 5	 7293	 1E-05	 .0259805509473456	 .00632161367807438
 5	 7340	 .0111627016709907	 .0121246818776396	 .813116384038373
 5	 7352	 .328317667069769	 .0920068616190755	 .900899464053454
 5	 7405	 .0377182307246376	 .0570147408901332	 .718911235874259
 5	 7429	 .107061007155961	 .0623474505365767	 .780245151134929
 5	 7432	 .00531111649517211	 .0222711297392625	 .0862284566875512
 5	 7477	 .164037411426759	 .0545999020275122	 .382830279824656
 4	 7525	 1E-05	 .0359960115432129	 .705182933525505
 5	 7599	 .0812759138397249	 .0729797495374854	 .406124230133776
 5	 7665	 .0485744352643459	 .0432484025802362	 .495400393730562
 5	 7667	 .0135863464229676	 .0254319797524882	 .670062323847721
 5	 7675	 1.24136104183139	 .109914016059536	 .813685074968946
 5	 7690	 1E-05	 .00918078177739986	 .0152666991248518
 5	 7735	 1E-05	 .0727445916854386	 .549767222367988
 5	 7793	 .635160138347828	 .00182883362474161	 .893684804496284
 5	 7846	 .00447235223507655	 .0150899752293534	 .0185175155664334
 5	 7869	 .027402190053503	 .145894061169999	 .141593309378329
 5	 7881	 1E-05	 .0361890142354269	 .0227200804121385
 5	 7891	 .409104801494641	 .0736471903674739	 .882615508618265
 5	 7909	 .0479565573931468	 .0237812558748796	 .485278442193255
 4	 7961	 .0830138147771624	 .0414345450652713	 .718119772403423
 5	 7989	 .0567283275492678	 .0775862798226331	 .312464800051338
 5	 8007	 1E-05	 .0219907488273929	 .353964247177112
 5	 8084	 1E-05	 .0325468335655956	 .360154915345472
 5	 8151	 .194576335446762	 .0219266807889266	 .885044531916683
 5	 8169	 2.12711972935726	-.235023738257906	 .982139150732589
 5	 8211	 .0111011493396424	 .0141208149577052	 .720907094433482
 5	 8216	 1E-05	 .0282936252507233	 .264615097433906
 5	 8255	 .0468612176586966	 .0204815319542439	 .888642744090188
 5	 8256	 1E-05	 .143404770658364	 .163295409251928
 5	 8284	 1E-05	 .0125019620920386	 .12605896809105
 5	 8298	 .0171000035891432	 .0504383202208284	 .561043472359219
 5	 8330	 1E-05	 .0735220361296989	 .567837758018523
 5	 8339	 .064682027491832	 .0241836544320964	 .733291949988467
 5	 8356	 1.06833767648999	-.00859755238288672	 .995027189402328
 5	 8373	 .0109490151690004	 .00648971023848838	 .377348552222341
 5	 8477	 .00308606894906158	 .0152842459834815	 .163744909227683
 5	 8497	 .791695537379573	-.0147971988162613	 .910468151744931
 5	 8540	 .138231811081124	 .0686977707417754	 .927207004507856
 5	 8560	 1E-05	 .152484727028994	 .533251606302268
 5	 8564	 .282808490726594	 .0123147540673955	 .852890309766829
 4	 8593	 1E-05	 .00674466306126693	 .958158290467875
 5	 8611	 1E-05	 .0174574466362483	 .166164696346626
 5	 8632	 .0639683610083066	 .0323258063309077	 .833075739918688
 5	 8659	 1.03810435739883	-.0681542727099723	 .986260735557498
 5	 8684	 1E-05	 .205355913849234	 .64046393401888
 5	 8685	 .153721195562468	 .108061255350634	 .551083182347112
 5	 8696	 1E-05	 .275414379872132	 .326395311102851
 4	 8704	 .000609475529780857	 .007779878515477	 .023249771744297
 5	 8747	 .237013108009668	 .0600834535660317	 .84204726118978
 5	 8764	 .0508067372499217	 .0665815046078275	 .580920714451452
 5	 8790	 .0151601660709264	 .00806523538240391	 .964679823353726
 5	 8820	 1E-05	 .0688171293255288	 .300528505603881
 5	 8824	 .0545325076845842	 .059513344091868	 .188815640983124
 4	 8853	 1E-05	 .00892554128984325	 .00105293445753296
 5	 8905	 .0493911750649796	 .0438755229907067	 .655840989819645
 5	 8942	 .166185744588845	 .0209361490088064	 .997752519096331
 5	 8953	 1E-05	 .0167266333487211	 .0147147556013301
 5	 8975	 .17296305155163	-.00519527049313702	 .943382903329454
 5	 8977	 1E-05	 .0639759777421865	 .333152469532571
 5	 8989	 1E-05	 .141994501117612	 .121475158880388
 5	 9041	 .0395771145265526	 .00721225097890944	 .858867492365487
 5	 9050	 .0124579815623267	 .0135552017573098	 .485314395206824
 5	 9093	 .778565185172505	-.0044037426709102	 .963709988436339
 5	 9117	 .278596663410354	 .0109801493742719	 .998821121369697
 5	 9144	 1E-05	 .0276688749125139	 .403196161419887
 4	 9157	 .0110567418575135	 .00325471964521825	 .87188428001101
 4	 9165	 1E-05	 .00690366072408751	 .00668334957658323
 5	 9183	 .003855770911286	 .00856854962012748	 .931414112268361
 5	 9326	 1E-05	 .0551787275404811	 .121695038280382
 5	 9331	 .196620929212725	 .0015204270297207	 .997072247275682
 4	 9360	 1E-05	 .00754051186474638	 .457462962809828
 4	 9420	 .0140868441442399	 .00630991209077273	 .582341014515936
 5	 9471	 .0145526780872287	 .0063882999577862	 .994347747843446
 4	 9488	 .000391945767719671	 .00375153215450092	 .0876976152591931
 5	 9497	 1E-05	 .0800924359416894	 .302675922249609
 4	 9518	 .0273990386338283	 .0168131005036691	 .332415749171388
 5	 9519	 .037191593356539	 .0221546851648283	 .495449925107047
 5	 9572	 1E-05	 .0355778440536473	 .00292686612980142
 5	 9576	 .026879699880655	 .0170175931192379	 .377022068204468
 5	 9604	 1E-05	 .0105749568419954	 .0113032936963561
 5	 9649	 .0919010471837899	 .0178265401788603	 .864670462977719
 5	 9654	 .031410579628077	 .0370354191606483	 .3842440524712
 5	 9692	 .120107624934815	 .0156355028686997	 .993859853066883
 5	 9701	 .00793731977881065	 .0135457335682063	 .474948780751692
 5	 9778	 1E-05	 .115862390128299	 .0732159820621849
 5	 9808	 .0293776462579522	 .0124042018777213	 .741417396639281
 5	 9813	 .155273953330388	 .0223109761412111	 .868657444772812
 5	 9821	 .0113676963074132	 .0374219307100126	 .0710230949144885
 4	 9857	 .237240654294493	-.0113052875354026	 .731676494786315
 5	 9859	 .0222411022855702	 .0187979788955478	 .746318786442341
 5	 9930	 .337540769681338	 .0217316326535972	 .997593925029816
 5	 9955	 1E-05	 .0990910150900192	 .0139775075090481
 5	 9973	 1E-05	 .0171568985024795	 .860599966981436
 5	 9987	 1E-05	 .03356968406541	 .192649163758272
 5	 10094	 1E-05	 .0173451755170591	 .106001176890371
 5	 10095	 1E-05	 .0894887818497883	 .345299439410776
 5	 10104	 1E-05	 .0145555863378011	 .0233442664270566
 5	 10229	 .0777107790836198	 .0291549767304564	 .803990866159039
 5	 10244	 1E-05	 .0227349017601264	 .181339249925833
 5	 10295	 1E-05	 .024775996081837	 .0944781403703273
 5	 10330	 .06972836817348	 .0760023814323912	 .208539037552548
 5	 10332	 1E-05	 .0222171196005835	 .00160968394302508
 5	 10333	 1E-05	 .100999846080983	 .482082447217328
 5	 10361	 .0490926119288197	 .0110870690113942	 .976979019469867
 5	 10366	 .0596835977495604	 .00858792728872261	 .977911800470582
 4	 10421	 .00381735930599831	 .0185616779483172	 .0561406293088866
 4	 10509	 .00268950768612501	 .00561142833443727	 .3246154365377
 5	 10523	 1E-05	 .0526831802895202	 .468080957464918
 5	 10525	 1E-05	 .0808374018229037	 .405403818095469
 5	 10587	 1E-05	 .0329191077988713	 .384943725509613
 5	 10594	 .0911745429535829	 .0158442727539691	 .931075529445306
 5	 10667	 .0676419866932137	 .0648100675186167	 .389592204455946
 5	 10702	 .181500360042882	-3.39370076470882E-05	 .847262323826793
 5	 10730	 .0504103286226788	 .0278002587192966	 .846812991612834
 5	 10765	 1E-05	 .0148995539548625	 .0461419445937378
 5	 10825	 .467096231460415	-.00332229168789803	 .963780508837371
 5	 10826	 .0626972539252915	 .0155534687648067	 .587195066852226
 5	 10882	 .00480273575099461	 .0439142752110358	 .00375848383434463
 5	 10892	 1E-05	 .054205379728835	 .370360564405098
 5	 10982	 1E-05	 .0173172143903927	 .404428250893849
 4	 11004	 .000491160670123651	 .00337690809301384	 .00840503883235877
 5	 11013	 .00562107742118524	 .0200212812886638	 .504066856289332
 4	 11230	 .315032458323471	 .0592245626380153	 .698232795571149
 5	 11256	 .0042559143341183	 .00861374665440753	 .345713399588706
 5	 11372	 1E-05	 .0730943326465522	 .227137106640462
 5	 11396	 .0406704648485915	 .0806405259828395	 .427502925832216
 5	 11397	 .073293761671559	 .126404320031933	 .0388156169607382
 5	 11441	 .599092605293271	-.00192094790959607	 .714915515276493
 5	 11458	 .0220827881791224	 .0187477611799663	 .786250817807835
 5	 11469	 .0891546455967888	 .0170251953597401	 .979886471551919
 4	 11502	 1E-05	 .00733909099817272	 .302304410421215
 5	 11512	 .601422696778246	 .278314925370801	 .751584993809048
 5	 11513	 .713801111174037	-.0423857479745278	 .993975888603383
 5	 11558	 .0317537135019471	 .0118128733518281	 .799470411585882
 4	 11572	 1E-05	 .0266916077391156	 .462150385773238
 5	 11612	 .00758518928259747	 .0171100811973818	 .120469063141535
 5	 11614	 .0333629452435244	 .00357458287646856	 .957045457447045
 5	 11693	 1E-05	 .0109570699410782	 .0678708142229472
 5	 11778	 .0455124158885722	 .0206512579922569	 .772556684768613
 5	 11791	 1E-05	 .245085941788659	 .306172734364722
 5	 11792	 1E-05	 .0111418999063614	 .228277963162143
 5	 11802	 .0704406936346312	 .0742319534952337	 .351468679012701
 5	 11829	 1E-05	 .0259945590855548	 .00408039469533195
 5	 11880	 .0787971177823405	 .0342807747678076	 .80247417952508
 5	 11895	 .00366482458473463	 .0262821339770902	 .0468565688862196
 4	 11933	 .000153084348595277	 .00500654655499133	 .00702392881922187
 4	 11959	 .000168265716628752	 .00257425068578703	 .129568101892554
 5	 11963	 .0120001420349808	 .0184472554657124	 .361327237381235
 4	 12044	 .0032113435357821	 .0216434847773392	 .00271169380353353
 5	 12086	 .0279630418243007	 .0115207218413114	 .212894824600054
 5	 12087	 1E-05	 .0957160803582688	 .162052869370499
 4	 12139	 1E-05	 .00360491091085614	 .171305703490414
 5	 12155	 1E-05	 .0343137553661408	 .0428242507180001
 5	 12185	 .26817442670779	 .00841881311381138	 .981125001088476
 4	 12213	 .0485989826464416	 .0106261598087583	 .84962068130792
 5	 12215	 .0234072211474993	 .0148843155205805	 .647688324855223
 5	 12250	 .0449516731946973	 .0270920673651497	 .388694414875681
 5	 12283	 .00266895824868961	 .0334515543332199	 .00360251982458226
 5	 12299	 .377253926087395	 .103291593134698	 .862822084362208
 5	 12320	 .280220872644654	 .0557914295051667	 .801667537177217
 5	 12380	 .0153977077227739	 .00618445377130216	 .599700768163705
 5	 12408	 .0241978572217949	 .0406195945849036	 .0331315588788268
 5	 12437	 .021572621585786	 .0255184616802367	 .223784843170324
 5	 12476	 .010336464664691	 .0312964259966415	 .639925138540506
 5	 12507	 .00110052244218814	 .00813302949384018	 .00850453838573995
 5	 12579	 .0495257844959571	 .0383726047008425	 .881776946684022
 5	 12595	 1E-05	 .261466026318563	 .0730929108203802
 4	 12606	 .00656026869433055	 .00340744054467086	 .418409595048619
 5	 12620	 .0331790352833267	 .0258090392758356	 .661579127885383
 5	 12631	 .00783875101192812	 .00342053758653489	 .369693796713761
 5	 12641	 1E-05	 .00385454973420549	 .193149814226586
 5	 12712	 .275948711169053	 .0824350245305222	 .971046809370528
 5	 12752	 1E-05	 .0355255357780915	 .663414607997749
 5	 12772	 .736760495580805	 .0546935594398771	 .934662987144869
 5	 12774	 1E-05	 .1696313682744	 .482303656407739
 5	 12775	 1E-05	 .0208633321090051	 .325765920321215
 5	 12810	 .0512538391379262	 .116640137846967	 .0357555512553095
 5	 12835	 1E-05	 .0200838225200939	 .076492249849052
 5	 12860	 .0115600426502061	 .00767645893364143	 .193750502813165
 5	 12895	 1E-05	 .0413858969218687	 .141705390139383
 5	 12914	 1E-05	 .0328230017041706	 .863428570917426
 5	 12917	 .0827398286004229	 .0648966469445679	 .499840911811971
 4	 12945	 1E-05	 .00289698579915445	 .160134999973333
 5	 12951	 1E-05	 .11992920831622	 .158938932691509
 5	 12954	 .221015619761739	 .114006974917479	 .823769688059255
 5	 12977	 .0532303522937772	 .0322149424312003	 .683996082890094
 5	 13022	 .0152891681184761	 .00459873809015082	 .708127365069296
 5	 13074	 1E-05	 .0482372244531408	 .279302425196273
 5	 13097	 1E-05	 .0313113839308472	 .200196736231239
 5	 13144	 1E-05	 .0115742579530173	 .307850312470458
 4	 13156	 .0025511520195397	 .00407158381040046	 .227460371623815
 5	 13245	 .0219735332590324	 .0266877453537057	 .664784322940099
 5	 13265	 1E-05	 .0308290331692591	 .158164310359068
 5	 13274	 .00161701314214738	 .00992124680046761	 .0157852413106537
 5	 13293	 1E-05	 .0117355430608346	 .273410987945215
 5	 13361	 1E-05	 .0860443517819853	 .00185443230411253
 5	 13371	 .00982386736316047	 .0241328876950228	 .420753726570136
 5	 13526	 1E-05	 .0280283683189136	 .0242313704250855
 5	 13565	 1E-05	 .0935418959979442	 .0343360921642437
 5	 13620	 .0253751276318933	 .026447572383136	 .382414041609835
 5	 13632	 .0375121560548889	 .0178215752406989	 .932484266474998
 5	 13649	 1E-05	 .00565487952541282	 .00271467415120963
 5	 13659	 .0173588426811209	 .0173049597647097	 .98103094994265
 5	 13700	 1E-05	 .0151745004331686	 .409716649773701
 5	 13746	 .00233456397932301	 .0100669080010155	 .275651974663706
 5	 13783	 .313694212260078	 .237769468998548	 .134007489848365
 5	 13818	 .133373287789769	 .0384088845979754	 .993927397834683
 5	 13876	 1E-05	 .0131154150201999	 .0420544431882781
 5	 13931	 .0126915122334709	 .00498618369757466	 .867097628249099
 5	 14060	 .327152167070441	-.00655267230226223	 .999209361696568
 5	 14063	 .187624142778337	 .0973356445821858	 .648951479624483
 5	 14126	 1E-05	 .00682214948840704	 .0339864312660443
 5	 14130	 .0309742220023289	 .123325881312269	 .0136267360245325
 5	 14143	 .00330220629577988	 .0120794869025769	 .0602044037590922
 5	 14204	 .046299168741943	 .0271038135284149	 .846360253100995
 5	 14254	 .0105088862387572	 .0293090484358832	 .709647645183055
 5	 14302	 1E-05	 .0496177409586339	 .236811438704351
 4	 14380	 .0166243198166945	 .00405188382640626	 .952287522684506
 5	 14409	 1E-05	 .0124931967010715	 .281324032144558
 5	 14412	 .0181849256434467	 .0356096548156373	 .353404973391369
 5	 14429	 .0106059086609031	 .028327098722959	 .0269530314072264
 5	 14439	 1E-05	 .300870563301704	 .519137726501649
 5	 14462	 1E-05	 .102401046015984	 .11132223694826
 5	 14463	 1E-05	 .0151662518932637	 .0132109406668742
 5	 14526	 .0851219932910822	 .0701358342339943	 .439901023890415
 5	 14545	 1E-05	 .0129157753161487	 .278389956860039
 5	 14546	 2.11416083302554E-05	 .0214924117810244	 3.58106732600838E-07
 5	 14604	 .0117940320385418	 .00876975752915061	 .902062417519096
 5	 14619	 .00179221655618128	 .0489176760769125	 .000600940838821673
 5	 14643	 .0161326974431319	 .0344579455761777	 .0646395796073407
 5	 14760	 1E-05	 .025426578353045	 .471021032456837
 5	 14782	 .014829754263228	 .0556045870739713	 .122316607741487
 5	 14785	 .0296055529892333	 .0786445896457002	 .107006640594363
 5	 14855	 .0340666877724079	 .0735192026871293	 .173867118594328
 5	 14858	 1E-05	 .191737692279704	 .248661028286962
 4	 14875	 .00159372640522427	 .00318957798587611	 .217574636945597
 5	 14879	 .115960061897999	 .0677746488231452	 .934453363211568
 5	 14893	 .0284256192770903	 .0567513126057526	 .58348678913612
 5	 14925	 1E-05	 .0150933022771976	 .0920735584376955
 5	 14998	 1E-05	 .0888665833940792	 .033253837824018
 5	 15064	 1E-05	 .0502106230028994	 .0777405535628545
 5	 15081	 2.75651714790628	 .251156678119887	 .835258098652092
 5	 15107	 1E-05	 .0162250629784522	 .859781073164412
 5	 15144	 1.17591409962217	-.0327163350049807	 .822581002606612
 5	 15159	 .237868174313182	 .0848392159520851	 .769577969686907
 5	 15168	 .0335511439825674	 .000103570644623273	 .875980078140449
 5	 15260	 .0286536902931709	 .035593945406155	 .224302336901513
 5	 15293	 1E-05	 .137774524110121	 .554396583901717
 5	 15295	 .0463211058374808	 .0135092997040638	 .746442911809584
 4	 15334	 .000678669101727465	 .00155670650183306	 .102576772025841
 5	 15376	 1E-05	 .0265759940319497	 .0323428602728939
 5	 15377	 .00921118467927509	 .0208602252144426	 .0486579641473378
 5	 15378	 .104569564090211	 .0168753207634397	 .924250698387793
 5	 15398	 .129443831625486	 .0445397279557268	 .382763551452665
 5	 15403	 .158038899730897	 .00135773898540027	 .992127820774339
 5	 15404	 .157430452324793	 .0424530076949713	 .989051646134823
 5	 15411	 .0462226476634703	 .199119159461456	 .0953175047176972
 5	 15499	 .0293126479658832	 .0239976979149075	 .29396065040246
 5	 15543	 1E-05	 .0793486194845064	 .00714572711481198
 4	 15583	 .0124077924358862	 .00541801948786417	 .881781260512503
 5	 15585	 .015104508424838	 .0379350022551175	 .175337240199122
 5	 15601	 1E-05	 .0328467077606296	 .167936084011914
 5	 15635	 .00201880472689556	 .0104101865238147	 .00479724566627349
 5	 15667	 .00908790929994469	 .0493302030787099	 .206141560701725
 5	 15706	 1E-05	 .00977218704812268	 .412450405493856
 5	 15719	 .0115084709319559	 .0259654570952859	 .0860994379820712
 5	 15770	 .030152785562088	 .0167820118988007	 .366001841249145
 5	 15787	 1E-05	 .0216385636269369	 .224911652848951
 5	 15872	 1E-05	 .0201692742501615	 .00315283349391471
 5	 15877	 .0112751383427966	 .0282733955374412	 .0663239878695623
 5	 16004	 .075555596252493	 .251591220870017	 .02447184182444
 5	 16091	 .023320345017871	 .0144658061748511	 .12675798204137
 5	 16100	 .00163198891743805	 .00737830439312099	 .018547396364765
 5	 16105	 .0420782154962748	 .00996785190949618	 .840742767548476
 5	 16153	 1E-05	 .0391207104793409	 .0519318501641748
 5	 16159	 .0212400718472115	 .0186141302162119	 .281254501139597
 4	 16161	 .106945908403365	 .0086545274020776	 .983668797674198
 5	 16200	 .0474512714880704	 .0305836321427126	 .352333369940353
 5	 16326	 .0162192761269119	 .019775597492316	 .118222136621458
 5	 16360	 .00713466899538	 .0102744997170792	 .854459608509307
 5	 16365	 .241036677802732	 .0590469989599498	 .831011360709007
 5	 16459	 .00132983003511017	 .0199168134646067	 .0206201052492382
 5	 16465	 .00188835137303356	 .0190019037082786	 .402050897821913
 5	 16478	 .814649836222339	 .134934513634374	 .794477643488105
 4	 16501	 .0116447491704636	 .00885915022786242	 .490465107192786
 5	 16519	 .319865640668825	 .0408724953999072	 .935869957144556
 5	 16526	 .0221886747270566	 .00473480207155144	 .972957419810796
 5	 16584	 5.24138763543866	-.378802930283202	 .985095510071882
 4	 16585	 .0155364594135515	 .0136783717182292	 .36001932817915
 5	 16640	 1E-05	 .0231693708790557	 .271426373813345
 5	 16678	 1E-05	 .0734329544219024	 .558917867896981
 5	 16732	 .145106202205868	 .0377277824630693	 .829850187088776
 5	 16819	 1E-05	 .0257456881162162	 .94955354601089
 5	 16833	 1E-05	 .0199959853733629	 .561424657971966
 4	 16850	 .0436902497949304	 .00597031071892354	 .9592630384052
 5	 16863	 .00313221274368888	 .00769370930697404	 .168759646894813
 5	 16882	 .272387254216979	-.00970276799720969	 .995146891852003
 5	 16952	 .0322279027286566	 .00629261634639784	 .526203944563762
 5	 16974	 1E-05	 .00807173690347763	 .0821968108801705
 5	 16989	 .0152774950838779	 .0310652345971339	 .0439449605015081
 5	 17016	 .0271882884359644	 .0108456752513611	 .674491645482481
 4	 17107	 1E-05	 .00246595858690838	 .40154045698201
 5	 17131	 .00150510240529076	 .0162477231628197	 .00502233700951249
 5	 17157	 .267378485897487	 .11453518428696	 .821955149497006
 5	 17166	 1E-05	 .250723636723117	 .0398952966245713
 4	 17183	 .0103073179030372	 .00987923275328168	 .336129929864826
 5	 17190	 1E-05	 .0234034646116392	 .211970814670025
 5	 17354	 .0158243948406503	 .0134059017062514	 .991797232471875
 5	 17356	 1E-05	 .0151953736297988	 .302555891235408
 5	 17383	 1E-05	 .0371626658913533	 .159009851499164
 5	 17433	 .0435315524277689	 .0251061732911672	 .621502990752479
 4	 17464	 1E-05	 .022928427167158	 .0179675906916598
 5	 17484	 .0424770052891748	 .0445447863532429	 .370719804094911
 5	 17537	 1E-05	 .0176865270835477	 .00922233628821989
 4	 17596	 1E-05	 .0033805040086544	 .893917555744455
 5	 17611	 1E-05	 .0930226590362687	 .546433396260595
 5	 17694	 1E-05	 .0845584768868306	 .269297184930225
 5	 17713	 .036863612758262	 .030035077767701	 .792616815777422
 5	 17771	 .0244509109169337	 .0474472696111157	 .131402083464903
 5	 17909	 1E-05	 .340546054426126	 .782525016068364
 4	 17921	 .00650110233164142	 .00384089892996567	 .898613197283
 5	 17929	 .0701755368180333	 .0784659819155173	 .430087358582387
 5	 17948	 1E-05	 .0131540651519435	 .639464237402802
 5	 17957	 .944792057630964	-.0179945951116594	 .928350056007656
 5	 17972	 .157738278827586	 .0504148308424128	 .644774580914336
 5	 17976	 .0281579409833907	 .0120342772911437	 .914146239922052
 5	 18019	 .156140972703796	 .0532521903790888	 .78747723656539
 4	 18043	 .00454755942362891	 .0041252280221297	 .543876529533264
 5	 18050	 .0347484094801448	 .00569709951690076	 .930984296205507
 5	 18054	 .0997474211111655	 .0768864773736366	 .186324623004885
 5	 18069	 1E-05	 .0319241781199694	 .850675759890729
 5	 18092	 1E-05	 .0130031547330233	 .0192288137159999
 5	 18134	 .0713278908631054	 .0166738744664112	 .758424576544912
 5	 18154	 .0215691437051672	 .0133118006864031	 .561923142338961
 5	 18155	 1E-05	 .0313251615754853	 .662937988640875
 5	 18184	 .0915722724964546	 .00834738468171655	 .87668887021185
 5	 18210	 .303009338973217	 .104661969626263	 .371612859022542
 5	 18298	 .0710581350414673	 .012640324862105	 .985784398195354
 5	 18310	 .00440425076725085	 .022797575605614	 .132147135911156
 5	 18355	 .247374521570954	 .00992835949247129	 .932597476805796
 5	 18367	 .00569943104798544	 .0132668865907399	 .0223873878970037
 5	 18380	 .0456858608218838	 .0376585747505812	 .89281408344048
 4	 18390	 .00228249002183481	 .0056246013142198	 .208045883435734
 5	 18393	 .0858600183830545	 .0176285345594115	 .975886682206443
 5	 18440	 .0463051108918436	 .0179626715687197	 .725995065033448
 5	 18508	 1E-05	 .0439227177999288	 .114731564531217
 5	 18556	 1E-05	 .0190390133476459	 .00150406236849265
 5	 18594	 .243484169531867	 .0296541409058173	 .944749684276309
 5	 18599	 .0114449393419188	 .0451499692883782	 .0845027976435783
 5	 18627	 .00878427156163086	 .0211287071006631	 .023806762929671
 5	 18643	 .0414946287785083	 .00607102011583695	 .553202151063833
 5	 18742	 1E-05	 .0158023620169797	 .443834569367307
 5	 18760	 1E-05	 .019205707239635	 .156978365469348
 5	 18762	 .019309897785326	 .0168146490813538	 .350566181009162
 5	 18813	 .00513331309157653	 .0115991039388208	 .154515578072725
 5	 18878	 .0992298219602076	 .025361345236488	 .938244196158005
 5	 18881	 .00337745552402777	 .015011918937067	 .0783461065545391
 5	 18883	 .223744576103564	 .0511740535888103	 .909721873289214
 5	 18885	 .733098063444467	-.0689075787669358	 .948232202691535
 5	 18970	 .0354307068071415	 .0145654536042122	 .765000513161643
 5	 18982	 1E-05	 .0210804576536747	 .399949858080622
 5	 18985	 .255273142890049	 .220992305949406	 .632911717266524
 5	 19007	 1E-05	 .0343532531077653	 .0179136103792671
 5	 19009	 .0687573742423007	 .0206478250737112	 .794361259335518
 5	 19023	 .32583678825735	 .0250607647551723	 .86542196014158
 5	 19025	 .0577125422124951	 .017518474084642	 .572782415245185
 5	 19051	 .00902326576162712	 .00570633267799716	 .587814473063116
 5	 19068	 .051968662466497	 .0315015132324484	 .940351488258277
 5	 19092	 .0185934708002279	 .0189827037370262	 .60088205615893
 5	 19129	 .0525326668338387	 .0131374223999714	 .943325572018165
 5	 19130	 1E-05	 .0535243830349955	 .0272852393804527
 5	 19207	 .00423380884311185	 .040324056364456	 .0126157088276885
 5	 19217	 .0358519178698631	 .018009283637317	 .676123593449489
 4	 19230	 .0514452031417888	 .00606595842211607	 .933757735295989
 5	 19298	 1E-05	 .137090836885753	 .367391566888699
 5	 19303	 .100484688868648	 .0406313961191333	 .491535828318694
 5	 19309	 .0685979663562492	-.000447077075579913	 .987199609568954
 5	 19331	 .0263001441095474	 .0238631809943015	 .302964952944788
 5	 19337	 1E-05	 .0541337857256316	 .0242459324544582
 4	 19362	 .00058703174965483	 .00715131014420487	 .00826920133662257
 5	 19402	 .000683004494278854	 .0472328161102098	 .000253286991870438
 5	 19422	 1E-05	 .148658184723306	 .575924025704482
 5	 19426	 .0488270399511506	 .00798964528872371	 .928045303514761
 5	 19505	 .335492410286335	 .0562645426274123	 .634683430036033
 5	 19553	 .127634880921969	 .0117265613812909	 .659559188402533
 5	 19587	 1E-05	 .0487144570346732	 .0155489760003182
 5	 19594	 1E-05	 .00829931430070716	 .0955132656108274
 5	 19626	 .00638424925829335	 .0567623169449331	 .00921320296238404
 5	 19644	 .030788481287483	 .00687236506234463	 .905509037775036
 5	 19740	 .376163349191509	-.00132534669433446	 .998393368239286
 5	 19832	 .0951351202461042	 .0616922554418171	 .674503415248995
 5	 19840	 .012620148810558	 .0128629911912015	 .440127444175002
 5	 19876	 .0379110316120646	 .0188167732771004	 .260330909844182
 5	 19895	 1E-05	 .0161368946359143	 .100552105992453
 5	 19898	 .0175179881090312	 .114639505627409	 .0220148929937827
 4	 19947	 1E-05	 .10029609524638	 .642051471249147
 5	 19978	 1E-05	 .023918894705619	 .591776324160333
 5	 19982	 .000606119742191261	 .0089145643748154	 .00778417834790646
 5	 19987	 .0212110861135283	 .0250668780162518	 .337921186139932
 5	 20020	 .0372032184076397	 .0772314883223707	 .057005148619768
 5	 20033	 1E-05	 .0295015221235585	 .230686522497728
 5	 20062	 .0561213122187345	 .103193975641238	 .0949334913714088
 5	 20114	 .0141415488664342	 .0136412348173376	 .145593756116716
 5	 20160	 .071182842310823	 .00724024781245372	 .730391312990059
 5	 20219	 .0202445514915452	 .0141275309297498	 .519208144558504
 5	 20233	 1E-05	 .0120105105592858	 .360757619281391
 5	 20243	 1E-05	 .181340481071305	 .407721333514038
 4	 20247	 .00339054623604755	 .0128986622496373	 .183696800543071
 5	 20321	 1E-05	 .0384086562767652	 .457662150930995
 5	 20403	 1E-05	 .00932374865229302	 .714885341900043
 5	 20405	 .0420775427010675	 .0143876719588784	 .719413069214135
 5	 20410	 1E-05	 .0197361121708297	 .732317997150859
 5	 20425	 .073071997566428	 .002353828083367	 .999841942987209
 5	 20427	 1E-05	 .0192315786009416	 .000768401384890982
 5	 20443	 .205115981478472	 .0838193144514129	 .41069977337788
 5	 20444	 .00173560030606407	 .00937634556998279	 .605449453423946
 4	 20502	 1E-05	 .0184261789159788	 .170097051970185
 5	 20513	 .042340190096152	 .017471321522586	 .252002188842873
 5	 20515	 .0843871646662809	 .0680394514612822	 .682062612163745
 5	 20522	 .320822769629034	 .191447979921046	 .376011093995759
 5	 20581	 .219528347689982	 .00509787858921604	 .994397079797246
 4	 20716	 1E-05	 .0147015134030352	 .0872695150232213
 5	 20730	 1E-05	 .236875341405571	 .793477365268853
 4	 20744	 .554584332838569	 .163048830865269	 .854740543383406
 5	 20747	 1E-05	 .0187277268476358	 .809200730112245
 5	 20759	 1E-05	 .0161371310035389	 .267581979846342
 5	 20865	 1E-05	 .0319888273251032	 .145788848698714
 5	 20876	 1.0702346382748	 .0702521810301256	 .844691299927081
 5	 20928	 .410953350894522	 .0336180775801889	 .85992328371212
 5	 21005	 1E-05	 .0228365064725217	 .00916648452759194
 5	 21015	 1E-05	 .00941552122129323	 .18711838003393
 5	 21037	 .00911317256197082	 .00990284836505529	 .139408953886464
 5	 21079	 .00428881341003341	 .00897906988099357	 .065587322291762
 5	 21090	 .546910173669032	 .0297373601073741	 .606759108926936
 5	 21151	 1E-05	 .0417507761508004	 .615387919335634
 5	 21180	 1E-05	 .0175390194834422	 .0178258665334194
 5	 21212	 .478100653553566	-.0394015714541653	 .976735737441852
 5	 21245	 .0220642131389595	 .0131678448041589	 .821398884132407
 4	 21281	 1E-05	 .0165567177124676	 .467296134713835
 5	 21295	 .0357042038748898	 .0339195689767051	 .253595936803759
 5	 21300	 1E-05	 .0454932515296161	 .79628234607417
 5	 21323	 .239437518923163	-.00501869673805304	 .988311151962041
 5	 21332	 1E-05	 .124863642396422	 .0313493279021441
 5	 21373	 .168115002113283	 .132611758547685	 .613766259402664
 5	 21376	 .0316560974172036	 .0200173859053371	 .442008773675142
 5	 21381	 .0313978375019309	 .0161990224138218	 .439650878867694
 5	 21472	 .0161222657960696	 .0385625126883747	 .133551266285019
 5	 21508	 1E-05	 .0278838723971055	 .343011314541808
 5	 21511	 1E-05	 .0120451396675587	 .0449695615408652
 5	 21556	 .0788432199212575	 .0534290346146798	 .590660687924648
 5	 21614	 1E-05	 .117613464325262	 .410555208636115
 5	 21615	 1E-05	 .0101505211890368	 .126096767287666
 4	 21635	 .00279362121443482	 .00484603471578326	 .859905471261396
 5	 21652	 .0949990653440971	 .0490957199137986	 .727835394060238
 5	 21717	 1E-05	 .0261672329416429	 .0232654714950516
 5	 21719	 .023116923189149	 .00915220602508427	 .992425371299753
 5	 21742	 .0252241947692069	 .00660709980623623	 .607323046965135
 5	 21752	 .14115042852206	 .0732010415863654	 .762766541681943
 5	 21785	 1E-05	 .061221705475958	 .015334199232851
 5	 21786	 .111891315376034	 .00940505253798928	 .807999390592281
 5	 21913	 .0638156003366128	 .047693552576978	 .704227832966242
 5	 21935	 1E-05	 .0172468879983226	 .0079962103292921
 5	 21936	 1E-05	 .0146540598383325	 .360831973577635
 5	 21974	 1E-05	 .00830450142019559	 .0725495296059772
 4	 21978	 .300537846908921	 .0443410425749853	 .697276157063328
 5	 22026	 .159971276079584	 .131025338908122	 .323519449646286
 5	 22061	 1.15804611180622	-.0140633125470619	 .916241907977501
 5	 22067	 .0374200330317895	 .0297217237438584	 .940403413483909
 5	 22083	 1E-05	 .0492340034277697	 .725977343135358
 5	 22098	 .0311987298478605	 .01085426297681	 .98131432663337
 5	 22104	 .0148639457354731	 .0291324857887576	 .409958513030294
 5	 22112	 .00630240166044443	 .00848976726700639	 .162688819122947
 5	 22164	 .02449848312836	 .00366890324389627	 .942038914655177
 5	 22262	 .0911974347501234	 .00205789910269577	 .931983371650856
 4	 22280	 .0283726821740763	 .00255052722057794	 .815229089817528
 5	 22293	 .0630236872883128	 .1479169505142	 .0701963919100145
 5	 22296	 .061938834111255	 .00902103287445268	 .889044048128423
 5	 22319	 .00905510390563634	 .0236843339312717	 .0453050588223771
 5	 22342	 .163088053164808	 .0664164607042743	 .938400248834506
 5	 22385	 .0123181287188354	 .0211694086004849	 .309260817188791
 5	 22429	 .00438356351774219	 .0364596075019126	 .149993871711585
 5	 22443	 1E-05	 .0142392886646278	 .736028245168002
 5	 22541	 .0275311686334449	 .0431734253160378	 .212685335650183
 5	 22571	 1E-05	 .0325844957556602	 .00258048241043662
 5	 22619	 1E-05	 .409931535390392	 .0822374031679918
 5	 22633	 .0468745498384698	 .0346486817749321	 .991420210629461
 5	 22713	 .0200504532519585	 .00764658224756291	 .551973137398183
 5	 22773	 .00599585497582933	 .0191927842342515	 .770270560831139
 5	 22821	 .0477053532107299	 .0135044337174237	 .976439632162538
 5	 22886	 .111953367510959	 .0526964709991228	 .725879050792894
 5	 22942	 1E-05	 .02370093781831	 .0587025134663836
 5	 22987	 1E-05	 .014068343305151	 .0321225179918092
 5	 22995	 .0139108845186317	 .00286845699492474	 .959441477749324
 5	 23032	 1E-05	 .0269959378859909	 .0455906270046295
 5	 23069	 .00615854262893612	 .00934028767646047	 .502302991016051
 5	 23078	 1E-05	 .0367440441049393	 .830811672577698
 5	 23230	 .043321584733103	 .0320088606656526	 .114941216131702
 5	 23233	 .0376881133596232	 .0212470722828818	 .92899757219004
 4	 23256	 .00281875471220588	 .0046743476220569	 .574639055554296
 4	 23264	 .00421682381280549	 .00376192435898402	 .364627259298986
 5	 23266	 .257879897199292	 .0248310413281193	 .965170268908328
 5	 23349	 .011198526814317	 .00732278457860417	 .999448754289114
 5	 23370	 1E-05	 .0240493821691699	 .0621968560263215
 5	 23395	 .0379237501097263	 .00565404888816589	 .757012723302686
 4	 23407	 1E-05	 .00383425078373064	 .0160052886895454
 5	 23430	 .00299461153773258	 .0201489481718086	 .015877301246416
 4	 23449	 .00137308440478415	 .00485011855589845	 .150604160811581
 5	 23451	 .0842768941147829	 .133543823456431	 .0738747548532397
 5	 23530	 .25532602978444	 .00380130552650671	 .994322067594628
 5	 23579	 .0772325226049698	 .0625572552818367	 .40587054508375
 5	 23584	 .0567451902369073	 .0250316565664754	 .824791186779723
 5	 23597	 1E-05	 .011844217484952	 .106636870322026
 5	 23626	 1E-05	 .00919481507403884	 .255717695665436
 5	 23632	 .110781219013668	 .0135653549860078	 .999562752116456
 5	 23650	 1E-05	 .0830451657414802	 .0327519329661146
 5	 23700	 .0670824900294731	 .0288116586899602	 .946431236011815
 5	 23745	 1E-05	 .200371369484741	 .413169273159684
 5	 23771	 .0864664310211369	 .0454109403632565	 .736979918418397
 5	 23817	 .0668043824045464	 .0344854923621465	 .492747519041525
 5	 23942	 .326749859862626	 .035002368844473	 .92338154615762
 5	 23965	 1E-05	 .0223452376086817	 .192589599368218
 5	 23973	 .0277711647793061	 .0404111880365024	 .304476569451424
 5	 23974	 .0373205105273317	 .00545988422252976	 .707422401900979
 5	 23988	 .0580640342988315	 .00728021945936463	 .928924103072757
 4	 24017	 .0027767079297807	 .00116013499054002	 .545993103754133
 5	 24031	 .037889775889119	 .0277109904320416	 .605741303672606
 5	 24037	 .0679768024979744	 .0372038881036452	 .965280128319875
 5	 24061	 .0550742156801398	 .0344431751437145	 .229860963105312
 5	 24095	 .0247179414340437	 .055056921163261	 .248767691116646
 5	 24164	 .0171032890021172	 .0134939325660117	 .709317032076036
 5	 24224	 .0112015666686082	 .0143600104142692	 .478559089795757
 5	 24239	 .0137050277970799	 .0333933776867402	 .114877483653156
 5	 24244	 1E-05	 .0705573637233023	 .419423949697151
 5	 24246	 2.04795606820628	-.176219747474527	 .973162007975838
 5	 24302	 1E-05	 .0334507754699465	 .374025660306156
 5	 24336	 .0472446873895222	 .0039575123846446	 .982191813659147
 5	 24391	 .886902488083209	-.0232463089758273	 .990572682508716
 5	 24425	 1E-05	 .0841377227635112	 .652527070606195
 5	 24430	 .0193396149910743	 .0178295075854664	 .984607375513214
 5	 24432	 .00570122723593663	 .00348298105208212	 .843669681441507
 5	 24440	 .125460840620115	 .0156898419754227	 .918161983035501
 5	 24490	 1E-05	 .0692298177074565	 .068911307112292
 5	 24492	 .0362565431436229	 .0570052636677057	 .340276511555808
 4	 24499	 .0322620266922683	 .0152757299778445	 .709158882651151
 5	 24508	 .0653956535650919	 .0180358023460216	 .958270237483201
 5	 24538	 .325227865849895	 .0296611672902265	 .821371866737394
 5	 24668	 .0282966700180135	 .00664326659779698	 .912381121990767
 5	 24669	 .0146535173518208	 .0462194579356824	 .03837433907248
 5	 24685	 1E-05	 .0494095455696959	 .0538586919458122
 5	 24710	 .102383978316493	 .037050044364284	 .89527380572031
 5	 24723	 .26976507613216	-.00138903305798927	 .989163156879763
 5	 24773	 .0172218490450576	 .0174990889484183	 .975542707864098
 5	 24785	 1E-05	 .0490693514049225	 .327656687490897
 5	 24807	 1E-05	 .0212859989727897	 .863753726339907
 5	 24886	 1E-05	 .22706999830275	 .0001865141293238
 5	 24910	 .195626048378212	 .0149708784534658	 .963234444048573
 5	 24945	 1E-05	 .0280979364426546	 .245254784054052
 5	 24954	 .00123752716519005	 .0095158304073068	 .0168977599474446
 4	 24970	 .0397286519101492	 .0158532248388136	 .875925079605759
 5	 24979	 1E-05	 .0244100458641032	 .289628679895215
 5	 25002	 .0509630418135329	 .0607831758212064	 .864519533485648
 5	 25022	 .00666433516350913	 .0354474945522348	 .07802737440032
 5	 25031	 .104167510804397	 .0138616757234577	 .862689054511764
 5	 25065	 .0283865640928089	 .0394404207401299	 .191030995953138
 5	 25076	 .123507333309399	 .0315418831408311	 .593631395666215
 5	 25082	 .0141626934923778	 .0286852883509554	 .306559622309507
 5	 25137	 .000929547223597668	 .0210611704181043	 .00574483781299029
 5	 25155	 1E-05	 .426849581400377	 .335439880507176
 4	 25172	 .167219198366568	 .00829580091121014	 .979202537057528
 5	 25242	 1E-05	 .00902732635072841	 .26202093307622
 5	 25261	 .00583136197952431	 .0045325846216104	 .120763049046337
 5	 25293	 .149757650946553	 .0424929698703488	 .867700646106036
 5	 25296	 1E-05	 .122140706841932	 .39603815893219
 5	 25298	 .366641500104409	 .175124035716305	 .498910139428792
 5	 25362	 .0082331269411105	 .0116094146809503	 .332423370701244
 5	 25375	 .00718951870995953	 .0178982167401787	 .247266604233853
 5	 25407	 .0168709859607752	 .0180844746266768	 .225305819822948
 5	 25438	 .0251710500729109	 .00925077352577445	 .961517155319729
 5	 25466	 1E-05	 .177281448644442	 .591632160379491
 5	 25485	 1E-05	 .220168283024093	 .0139313544582484
 5	 25504	 .0719474370417241	 .0530751087202187	 .98461188428104
 5	 25523	 .0240811224377189	 .0256539912947672	 .75951690848543
 5	 25531	 .207636586640974	 .0248605258808452	 .977491366332731
 4	 25549	 .00156804822286986	 .0151146717464165	 .0430677487814433
 5	 25560	 .0019854667485116	 .0238313857742954	 .0584729544893651
 4	 25644	 .0826040973892087	 .0197187190029663	 .960059580791708
 5	 25647	 1E-05	 .175686217155609	 .12751228634769
 5	 25651	 .127523521647118	 .00980732832980654	 .9730455765801
 5	 25689	 .00698729099393658	 .0123944462235002	 .240087210224699
 5	 25723	 1E-05	 .112609984227829	 .0538909650818317
 5	 25742	 1E-05	 .0519444689158563	 .507367677972614
 5	 25789	 1E-05	 .140501818252265	 .227893187145931
 5	 25905	 1E-05	 .0343185878195265	 .348703517140079
 5	 25914	 .348954951219991	 .00115175180870115	 .973686869719772
 5	 25951	 .00780656487442213	 .016757024443311	 .186742718625231
 5	 26024	 .099182027422244	 .0739242824159367	 .933231303795755
 5	 26038	 .450350705513003	 .00890919882221538	 .99709873298928
 4	 26042	 .0250510465242066	 .00923874752072579	 .775209262028931
 5	 26072	 .0731225964497598	 .0498020701587049	 .700228836587243
 5	 26076	 1E-05	 .0215814674368864	 .094290658087624
 5	 26097	 2.14872640719747	 .0925200734592647	 .966847185429871
 5	 26099	 1E-05	 .0566980145998983	 .582405064851176
 5	 26146	 .268780299107702	 .0377995235429313	 .83991205830414
 5	 26214	 .00873046290573508	 .00646813312589882	 .342174261676871
 5	 26215	 .0179901312491299	 .0430582290567804	 .0864670538495875
 5	 26283	 .0331596041160811	 .0580352511516272	 .149659595778202
 5	 26320	 .00460384655455365	 .0136898563409026	 .320925661836351
 5	 26347	 .109726581639014	 .0401312079047572	 .968286583870374
 5	 26371	 .124121340532267	 .0247191012962429	 .520846182506479
 5	 26372	 .151436280482795	 .0997953468132332	 .617725791091071
 5	 26377	 1E-05	 .0319501331746398	 .166855209892299
 5	 26380	 .0542523273848952	 .0219209102868245	 .602530296607778
 5	 26478	 .0110853964029514	 .00314319155240503	 .448551866444575
 5	 26493	 .86002601333258	 .0170865758833225	 .998333874331914
 5	 26513	 .183281055064963	 .0106697056295823	 .900981541626225
 5	 26526	 .0663699993285675	 .00724611361080087	 .527107347427305
 5	 26537	 .0176677781127006	 .166630854036101	 .0154021045068298
 5	 26554	 1E-05	 .0178923532602778	 .425297083442874
 5	 26607	 .124658159340498	 .0422778524674465	 .175355958110938
 5	 26665	 .110817878511342	 .0585489442987987	 .608541959600685
 5	 26678	 1E-05	 .046470528428909	 .22082992947159
 5	 26710	 .474152570215112	 .0413161553855095	 .867466066262734
 5	 26740	 .159066554572249	 .0862232817214304	 .716473135259925
 5	 26747	 1E-05	 .0439893572226693	 .338906477541303
 5	 26758	 1E-05	 .044107867309166	 .890163973849045
 4	 26763	 .584414889641073	-.000831354690921925	 .97971161660289
 5	 26784	 1E-05	 .0627567151550937	 .378570144149527
 5	 26838	 .0614589600525963	 .0120104600339791	 .876402889749351
 4	 26882	 .167097478684431	 .002379135077336	 .990805140705422
 5	 26883	 .00861119075352245	 .0133933503278602	 .512657058763485
 5	 26922	 1E-05	 .0323637117266638	 .0705543849172516
 5	 26931	 .0160799329352041	 .0234602642341088	 .592228907372244
 5	 26939	 1E-05	 .091482468892137	 .00508008077887412
 5	 26969	 .153097766917642	 .0460502501543054	 .715753411742604
 4	 27018	 .0014869718921404	 .00298037766680159	 .498404255711156
 5	 27020	 .0223534153416923	 .0770520280591876	 .0376911856362746
 5	 27031	 1E-05	 .0164088456524443	 .238160762112186
 5	 27035	 1E-05	 .0151588379835073	 .0493417041148164
 4	 27045	 .00799039812685809	 .0132275626251527	 .486705969716518
 5	 27050	 .00567405124827177	 .0174904895610428	 .674878892733876
 5	 27066	 .204699764561511	 .0917748088965235	 .897447441808707
 5	 27083	 .332840106344861	 .0166049215719278	 .931948333116597
 5	 27114	 1E-05	 .0159145192627949	 .0895207723206487
 5	 27140	 .227914257225625	 .032507217099131	 .897831116487638
 5	 27173	 .19511509726209	 .0382491164433959	 .946970362125634
 4	 27197	 .247745175835391	-.0165840388656744	 .986301867994473
 5	 27214	 .263134784192834	 .179227816044211	 .118893164579284
 5	 27232	 .00420779768442713	 .0284573323947747	 .0124823401490579
 5	 27252	 .225037883658258	 .0707714721338931	 .487387354068118
 5	 27268	 1.21212545538759	 .0218822237980712	 .932470789777271
 5	 27331	 .0132915560084488	 .00743021022645018	 .983249397945734
 5	 27392	 .000556457480916467	 .0389043952599294	 .00131065686946252
 4	 27400	 2.63737314625924	-.140002021595941	 .937892158030559
 5	 27416	 1.13248228903254	 .0396954207321467	 .858669788315048
 5	 27432	 .0711013211520134	 .0187565689454779	 .739569432863183
 5	 27437	 1E-05	 .0306757922826161	 .195822775340694
 5	 27444	 1E-05	 .069163443861074	 .856224875140084
 5	 27491	 .0590301600321422	 .0161100395924207	 .693087670939838
 4	 27582	 2.38017316396069	-.136895403982519	 .996579851533979
 5	 27586	 .0137525844138221	 .0532717058186672	 .0433954131461169
 5	 27604	 .0558911073910364	 .0478361009977683	 .361308763348602
 5	 27605	 .00472181015559322	 .00507039065185868	 .840541554295969
 5	 27628	 .280658209600932	 .0481420340524301	 .832777672661343
 5	 27644	 .226484243807643	 .216821796054042	 .149977342980159
 5	 27649	 1E-05	 .0638588666235115	 .280175136044615
 5	 27660	 .0411595960656682	 .0515086892003747	 .399836747069002
 5	 27718	 .0144665099959189	 .0803062361768866	 .05663907635653
 5	 27751	 .116597807553114	 .0638810766646751	 .919060433510416
 5	 27765	 .0168176290748627	 .0113992584182395	 .766341930429316
 5	 27775	 .103737101538904	 .0933288589218867	 .480055896865731
 5	 27781	 .0370925431422381	 .0117590655869632	 .995218860922184
 5	 27786	 .0799426874044425	 .0166845655846269	 .837774151382342
 5	 27807	 .0397316203402471	 .0376081310776717	 .628469500606895
 5	 27831	 .199842601567331	 .0323360439556333	 .92666137066134
 4	 27915	 1.48992725655575	-.0226973219257241	 .967660982676593
 5	 27922	 1.53860840541498	-.120989127271888	 .995313904816654
 5	 27928	 1E-05	 .0313388628235918	 .01306152674887
 5	 27946	 .699483004400616	-.0171660899657082	 .999552941383508
 5	 27963	 .199921645406183	 .195605851867028	 .0650728049140721
 5	 27975	 1E-05	 .0155440402062678	 .076962450367297
 5	 27976	 1E-05	 .0218692109603434	 .422975929291504
 5	 28043	 .736079629925111	-.000114723147055343	 .872629785772685
 5	 28097	 .0022102557279519	 .0315889430240494	 .0841231991218503
 5	 28117	 .454673094515907	 .00744287590507162	 .975409476258571
 5	 28129	 .0802626604710057	 .0198167885513975	 .880353433818148
 4	 28173	 .00107375220601944	 .00896018571235994	 .00261437179269197
 5	 28178	 .0168317100694437	 .00801729997201836	 .499232450751775
 5	 28179	 1E-05	 .238194839305378	 .314275027163879
 4	 28193	 .228135591816551	 .0900671077893118	 .845140391174214
 5	 28194	 .058078113564517	 .0365908590404783	 .721870981630251
 5	 28203	 1E-05	 .0427985831751343	 4.4812369759395E-07
 5	 28204	 1E-05	 .011489878822024	 .470086096550017
 5	 28231	 .0108403589935661	 .01556253058824	 .77448440370554
 5	 28281	 .0028371561446455	 .0124604503433904	 .207398111688491
 4	 28289	 1E-05	 .0143721452144609	 .402026641676791
 5	 28309	 .0351860202599662	 .0157978613718997	 .44040293437586
 5	 28315	 .024663279191525	 .0184883642529868	 .786072660502115
 5	 28318	 .708091287088578	-.00227693092147784	 .973993303973308
 5	 28360	 .240491774495933	 .0852044408525236	 .803062334853029
 5	 28369	 .0210054452540158	 .00153093658026601	 .963819697123857
 5	 28371	 .0501969908023261	 .00420135040502002	 .978083092616645
 5	 28484	 .00572820512695635	 .0186902545778799	 .0635078577999948
 5	 28495	 .015698728925988	 .0189486431312491	 .212348938695851
 5	 28500	 .00363125514081671	 .0167932010833904	 .0250613859359839
 5	 28524	 .0469483346064497	 .115307623133015	 .0417529005329622
 5	 28543	 .0600006976013452	 .0204840576781742	 .484734795811179
 5	 28567	 1E-05	 .211167302559263	 .526259887743844
 5	 28578	 .0783955313923514	 .0128966678368298	 .906860368516073
 5	 28586	 1E-05	 .239743158812337	 .00502517227767729
 5	 28620	 1E-05	 .0371093759749868	 .828723777636331
 5	 28641	 1E-05	 .130972572264303	 .4896082315807
 5	 28671	 1E-05	 .0139492242919437	 .296197300154851
 5	 28688	 .017209566419719	 .00780521560748292	 .984192330909383
 5	 28711	 .794453124511909	 .050995951663561	 .937426538090422
 5	 28712	 1E-05	 .00653225229830956	 .192946296900744
 5	 28725	 .171258689667226	 .0253414587119723	 .991195958032835
 4	 28726	 2.87907253412992	-.184649309243694	 .988554639426247
 5	 28727	 1E-05	 .180984129612722	 .39876809602516
 5	 28733	 .000491796060728225	 .0159973797544127	 .000968067513576587
 5	 28783	 .111503023027184	 .0473395920426253	 .337638428205994
 5	 28845	 1E-05	 .262693956627915	 .00753233244539864
 4	 28885	 .15268114116879	 .007073635703908	 .989986052314188
 5	 28886	 .0531636530281193	 .0188533788066317	 .965623276147349
 5	 28891	 .130541498832288	 .0705807960399055	 .853335441550772
 5	 28894	 1E-05	 .018183338547481	 .425600713182018
 5	 28895	 .653606604876699	-.0039391447633811	 .922009222492957
 5	 28921	 .097522835481436	-.000515794100487918	 .93309979934931
 5	 28954	 5.40327912765698	-.450958972217466	 .991724115870554
 5	 28971	 1E-05	 .0953568962994764	 .716070104968004
 5	 28992	 1E-05	 .0172825859047591	 .363816230253392
 5	 29001	 .163506095203652	 .191390930924199	 .150208454810633
 5	 29019	 1E-05	 .0587335945635606	 .952390394374643
 5	 29030	 .0103826417610065	 .0260475525805815	 .0167826989182872
 4	 29069	 .163560035468178	 .132454622213795	 .124853084501807
 5	 29093	 .0452897424968059	 .133219102393064	 .0410627294994114
 5	 29100	 1E-05	 .0373533909238206	 .598042285939811
 4	 29207	 .0143486117032774	 .00839639764898705	 .571175578766456
 5	 29214	 1E-05	 .0901430740838145	 .0806456723897123
 5	 29220	 .566801009119892	 .00327977316062848	 .996238479749075
 5	 29224	 .102860533717005	 .0673224832266923	 .344221900945303
 4	 29225	 2.66891658861754	-.151841026975813	 .988515268810065
 5	 29227	 1E-05	 .0358935768939372	 .00711981867752476
 5	 29250	 1.16922096464912	-.0298983286103539	 .995233108770812
 5	 29264	 .543484432204843	-.0286395999962943	 .972539389646988
 5	 29292	 .44905674906942	 .0535600492379099	 .970189469334887
 5	 29302	 .0516392467506512	 .0498274154711749	 .522600147636009
 5	 29383	 1E-05	 .0206097273920852	 .1550107695572
 5	 29392	 1E-05	 .0220738632214401	 .00360484210948897
 5	 29397	 1E-05	 .0771644265052418	 .560738651628243
 5	 29414	 .0348757229192839	 .039711391381342	 .33741922968189
 5	 29430	 1E-05	 .0258426724450617	 .0729677211723316
 5	 29433	 .072093886496312	 .0495849762883916	 .469476563971654
 5	 29437	 1E-05	 .267561062813999	 .8991073071592
 5	 29479	 .110318764956968	 .016198505131489	 .949085580302659
 5	 29481	 .463494321799636	-.00663942400042594	 .897928921210705
 5	 29496	 .249554336059742	 .0368906913162393	 .992786580003254
 5	 29508	 1E-05	 .0354989639778895	 .746909904593679
 4	 29551	 .0617339840546039	 .0179185344948794	 .8847388703784
 4	 29593	 1E-05	 .00998595771762557	 .774649309671445
 5	 29613	 .00780279628868041	 .0336719545110941	 .0383270144105292
 5	 29632	 .203648710423763	 .0102895863179098	 .976389483357373
 5	 29643	 .299335485869263	 .0562439940190038	 .65566374124794
 5	 29648	 1E-05	 .0210483449830405	 .501066736776728
 5	 29675	 .988918374561366	 .0648993150633235	 .997285102263322
 4	 29705	 .0067967301331783	 .0317863258701341	 .18254833540865
 5	 29745	 .0435351793144204	 .0375041621503438	 .250133413264969
 5	 29765	 .0846791792825322	 .0284585939557197	 .878726304033397
 4	 29780	 .00508203056940594	 .00240222817862485	 .937545593728198
 5	 29834	 .0756085064175509	 .154274306960913	 .0188455341558378
 5	 29840	 .0101761946609179	 .0231095272076141	 .584247353480131
 5	 29842	 1E-05	 .037994123441255	 .498923466476666
 5	 29843	 1E-05	 .0768272533773766	 .80470356411184
 5	 29874	 1E-05	 .0452171567103355	 .281204099652314
 5	 29878	 .022442766840137	 .00648472314519379	 .283225917588327
 5	 29898	 1E-05	 .0129278603762224	 .000134808790286267
 5	 29919	 1E-05	 .0820967164256439	 .48452719402481
 1	 29920	 .0818387578876847	 .0228759498716188	 .393354712657343
 5	 29941	 1E-05	 .0747710343441431	 .20725121018125
 5	 29973	 .0800294679516264	 .0149163021742569	 .947809166054931
 5	 29974	 .075200341986632	 .0143609643633737	 .972067097849124
 5	 29984	 .186855741837073	 .0977151161884373	 .433638970434277
 5	 29988	 1E-05	 .033817382484447	 .843954627037832
 5	 30018	 1.54780391458497	 .161741700268184	 .94073191215517
 4	 30021	 .00305307362979182	 .00182251311268646	 .519766525797615
 4	 30060	 1E-05	 .00945509462822884	 .0813227469127655
 5	 30085	 1E-05	 .0142094687520354	 .0727542869805826
 5	 30135	 .0280311090704279	 .0744228049907778	 .0111983648433555
 4	 30192	 .00450083364633522	 .0255539139507867	 .370716114090134
 5	 30202	 .00762206155773373	 .0174845295230183	 .0757609054156079
 5	 30225	 .0574286559065486	 .0533284543019416	 .662244401519423
 5	 30231	 .0244369283720349	 .0101572691253174	 .770402740266736
 5	 30256	 .0243269463007956	 .00405458043625112	 .257257616173667
 5	 30259	 .467358276411252	-.00658221062164063	 .899172574640249
 4	 30301	 .0483528746779081	-.00116879342798963	 .992839045835087
 5	 30417	 1.13893366242046	-.017735480138316	 .994694821017091
 5	 30435	 .382991284309281	 .0510446398151821	 .993889542321005
 5	 30444	 1E-05	 .0841950571022373	 .178047582637649
 5	 30482	 .0105961913138517	 .0388894556151042	 .0309454474981958
 5	 30490	 .00117230105026426	 .0264222920071237	 .000762127522303757
 5	 30507	 .192511907202308	 .109301859642903	 .453574442266457
 5	 30553	 1E-05	 .0279187551364515	 .666844913508757
 5	 30564	 .058359025484031	 .0165253455369127	 .711438334358115
 5	 30612	 .00147598951345917	 .0114801181105252	 .0189966858676663
 5	 30623	 .158591411343081	 .04436637872321	 .940495132428319
 5	 30662	 .134414921666952	-.00933217674506848	 .98122834143256
 5	 30737	 .0232061932492053	 .00721137165861301	 .636376346110613
 5	 30767	 1E-05	 .0104329078685945	 .160441904552438
 5	 30768	 .422875492380435	 .0164900805784283	 .985164535732759
 5	 30776	 .0399706991674933	 .00236758925117794	 .98667534626218
 4	 30780	 .00392163494553747	 .00351800053032532	 .692797882767343
 4	 30834	 .0164112271117438	 .0295564770790157	 .209118153421794
 5	 30903	 1E-05	 .0175869493814328	 .175081493917264
 4	 30919	 .218776471781323	 .00512506514185605	 .996099296108462
 5	 30927	 .0626932078389987	 .0176322882421457	 .99595137913307
 5	 30935	 1E-05	 .0187905856253974	 .102465397416818
 5	 30959	 .0338407582085436	 .0322161303054415	 .21837483273008
 5	 31019	 1E-05	 .00723270997557313	 .0114511418444917
 5	 31021	 .713985732758103	 .103320483712159	 .902171083244177
 5	 31035	 .0190065128091822	 .0241505566260405	 .828606074633765
 5	 31042	 .0671240258079682	 .036205776294239	 .986914086712086
 5	 31132	 .0183453149459687	 .0357352534768185	 .107401422816394
 4	 31194	 .0529055574020574	 .0491951285537466	 .356470094000236
 5	 31211	 .0272538813328732	 .0113890906466594	 .732479987599764
 5	 31240	 .287127087200093	 .0479263640318823	 .866150513826708
 5	 31269	 1E-05	 .024405439377865	 .128695909699227
 5	 31296	 .272948188259763	 .0164825399803538	 .976884264988528
 5	 31346	 .0737177630783829	 .0205635212507387	 .518808318054784
 5	 31362	 .287003656658415	 .024048699151977	 .91952875553421
 4	 31376	 1E-05	 .0230493031565557	 .5188642701271
 4	 31426	 .00384212643805808	 .00603682656240184	 .960415921055572
 5	 31444	 1E-05	 .0437365405910648	 .442354803018149
 5	 31502	 .418839177506199	 .251937284938789	 .340463186280069
 5	 31539	 1E-05	 .133869930374658	 .126453840609822
 5	 31546	 1E-05	 .0604684709518629	 .394868083177433
 5	 31547	 .0114534128446934	 .0345542225964609	 .146247493040026
 4	 31552	 .237558786179772	 .0354668531806521	 .794838142656095
 5	 31568	 .560821032896858	 .039349352522369	 .90810203516905
 5	 31592	 1.85280984333895	-.0583244152046807	 .991909382834145
 5	 31624	 .0190563331008224	 .00686832912530609	 .69598655196097
 5	 31648	 .00791875114005709	 .0271117793678862	 .0749331832053443
 5	 31717	 1.70386116914255	-.0649485854724487	 .930823416521277
 5	 31744	 .101581709187643	 .124779375394099	 .627523007858922
 5	 31785	 1E-05	 .0217787967138751	 .00118682449613883
 5	 31817	 .997870800486484	-.0331428492923466	 .934557675332493
 5	 31865	 .0171956415302381	 .0267368279481112	 .805640189919854
 5	 31938	 .0937302507323611	 .0408520786560954	 .994906703396109
 5	 32039	 .021300993834245	 .0936950254492403	 .0592887168490939
 5	 32062	 .00175506195004788	 .0138870785944659	 .014156182403154
 5	 32137	 1E-05	 .354055243982076	 .026816527449712
 5	 32162	 .462827979244673	 .224147003544014	 .698322659561726
 5	 32196	 .443158084447919	 .101193786332141	 .899176121772764
 5	 32313	 1E-05	 .140475658814326	 .160552210144664
 5	 32321	 .115747889653353	 .00798155204135332	 .915915667684783
 5	 32341	 1E-05	 .0272052271957304	 .477157394237094
 5	 32366	 .00582423168436772	 .0243210760378813	 .21007267653781
 5	 32385	 .0557330882460406	 .0435094033070464	 .689238842295691
 5	 32452	 .0470002998214361	 .0624255786613507	 .289826229936638
 5	 32473	 1.55810284152494	-.0648405512617783	 .992645060632393
 5	 32474	 .123795705515369	 .0283404563795355	 .840065935167676
 5	 32475	 .00251411970290012	 .0150647584392045	 .018864135413083
 4	 32563	 1E-05	 .0413897531662121	 .00399100885255732
 5	 32608	 .0175189672018396	 .0322381293852777	 .648393900795581
 5	 32692	 1E-05	 .129793388381536	 .819407956389688
 5	 32705	 .143382890485444	 .0343594907830542	 .935896647360873
 5	 32706	 .0607285911130396	 .0470988237075254	 .584284076207707
 5	 32725	 1E-05	 .041970424561039	 .0656584470664567
 5	 32776	 .098473910642036	 .00844820499150145	 .96629800417066
 4	 32816	 .426982523991287	 .118175233558436	 .96728827219916
 5	 32857	 1E-05	 .0141976769853139	 .0494021117274982
 5	 32873	 1E-05	 .0334701231463932	 .170550328939868
 5	 32901	 .0492402943654198	 .0383959483039867	 .630454980584824
 4	 32921	 .0136632597466547	 .00929485622909902	 .221016488434185
 5	 32940	 1E-05	 .0563377977582728	 .0897403135415666
 4	 32942	 .0712186785112313	 .384188602626481	 .00248474239708041
 5	 32969	 1E-05	 .029797196095759	 .274703403986991
 5	 33000	 1E-05	 .0406145266652009	 .203012018915676
 5	 33020	 .00167138395989389	 .0261081292304687	 .00722501527309838
 5	 33052	 1E-05	 .0154446681860906	 .107906451032853
 5	 33053	 1E-05	 .0127490400791232	 .384463473218846
 4	 33056	 .0304148571161643	 .0176771434567784	 .963908942967042
 5	 33081	 .0303083534836885	 .04607212742123	 .582752340390521
 5	 33117	 .214654916921783	 .066008744854142	 .483343025336884
 4	 33158	 .0783780342702816	 .155449437693289	 .126393475932121
 5	 33163	 1E-05	 .0256494576668148	 .232560220301469
 5	 33192	 1E-05	 .0121416867254072	 .11623263091003
 5	 33206	 1E-05	 .0519988778601109	 .902806959444212
 5	 33254	 .00279312818860551	 .0227660182896858	 .0123815186521397
 5	 33294	 .0208520919742404	 .0402580729930658	 .149472535535015
 5	 33313	 .00689408331341657	 .0225982830600198	 .0751496472124518
 5	 33318	 .0145034941709782	 .020392207715249	 .495095946051323
 5	 33337	 1E-05	 .0945071929760568	 .771631974828001
 5	 33341	 1E-05	 .18265247104653	 .461950381316049
 5	 33359	 1E-05	 .0299606949267473	 .445231553335261
 5	 33374	 .173812012647906	 .0478221575613055	 .639791285952351
 5	 33413	 1E-05	 .0864659592776355	 .025371343396674
 5	 33458	 .0134897305248014	 .0265550435440803	 .378621190179945
 4	 33459	 .47870161562928	 .0768031758775186	 .711713665642864
 5	 33500	 .0283468505098018	 .0132321058353257	 .645211575682759
 5	 33526	 1E-05	 .0935462715429074	 .0742733053922676
 4	 33576	 .113534172609448	 .0150555116807266	 .976100873948069
 4	 33585	 .0271921750087817	 .00840366650140038	 .843165654437954
 5	 33619	 .0383577407519602	 .0688492429723944	 .0922734340724572
 4	 33667	 1E-05	 .0120595102866859	 .028786342229028
 5	 33679	 1E-05	 .0561201808784752	 .0415965980539369
 5	 33688	 .0434795701563694	 .148348304965848	 .0143334385783176
 4	 33689	 1.94642699010272	-.0591400949151223	 .995846586307421
 5	 33692	 .00301733532994475	 .0243621280551315	 .00357116488196596
 5	 33713	 .0102088928972038	 .0254330598356631	 .0677543423614655
 5	 33747	 .119533016209522	 .035698212862153	 .89112750701737
 5	 33809	 1E-05	 .0232451369339841	 .101647216211306
 4	 33813	 .551753146500079	 .0145543986235176	 .941227767183848
 5	 33832	 1E-05	 .0195534193100139	 .00352680239489711
 5	 33845	 .00181387766167685	 .0129325068974824	 .385164459275236
 5	 33897	 .00262856569411643	 .0105383157562071	 .113744865568332
 5	 33947	 .0275776047477108	 .00597996398837602	 .870769097528124
 5	 33949	 .0116355605764265	 .0145224622737912	 .0362892706520742
 5	 33988	 1E-05	 .0147474920345979	 .224917029372428
 5	 33989	 .019232107043624	 .0453137859046547	 .256314854161049
 5	 33997	 .00911322062274783	 .150678591458096	 .000592198540086741
 5	 34007	 1E-05	 .023760592902323	 .0187178687455997
 5	 34021	 .00261702538900204	 .0313807152948041	 .00156869050363806
 5	 34051	 .0394659447754936	 .0283445481067758	 .0492178685127743
 5	 34057	 .0511652064689036	 .0311429230935383	 .441325405717905
 5	 34062	 1E-05	 .0288446020234788	 .00762719470756779
 4	 34072	 .157395431230001	 .0133597630235435	 .919805486845304
 5	 34110	 .0283457930776713	 .00637935794193738	 .939249954325946
 5	 34127	 .0150250371884074	 .00918689660546397	 .811712169676432
 5	 34151	 1E-05	 .0290190914987848	 .0648285983034349
 5	 34189	 1.46464117270021	-.0525274783434396	 .990828785583479
 5	 34203	 .000992273163315565	 .00549530703826232	 .0357672048736491
 5	 34265	 .0201446581296964	 .0293053839454727	 .214263836389226
 5	 34331	 .0294754063959757	 .00619806859488291	 .244474307362524
 4	 34393	 .00772479938855537	 .00598907960291	 .441745700501454
 5	 34395	 .0122196942785905	 .00884099606014273	 .342866188878142
 5	 34419	 .00782869822878556	 .026640011947242	 .437235242886854
 5	 34434	 1E-05	 .164557313991602	 .0910513324815958
 5	 34444	 .0976766813928464	 .0293415678176155	 .834444699806346
 5	 34453	 1E-05	 .0671955877140682	 .471866885996874
 5	 34472	 .0115873274394005	 .015274155865644	 .859512373797845
 5	 34510	 .111350099645944	 .0068961352078344	 .998808317419194
 5	 34566	 1E-05	 .0646565261047322	 .112383244641578
 5	 34603	 .203241433721092	 .0123562678623786	 .993574321393959
 5	 34612	 .00210944549914568	 .0117067656358804	 .70857115750659
 5	 34700	 .045887909603306	 .0595739341680383	 .0658412897484441
 5	 34744	 1E-05	 .0279724526664504	 .326022569893257
 5	 34745	 .0340815947161579	 .0548647205984935	 .472714169052167
 5	 34770	 1E-05	 .00967310763601064	 .0531725606343662
 5	 34784	 .00720889337268646	 .0157291602534773	 .179469637393539
 5	 34795	 .012055419006914	 .0432955090754799	 .0251364630019127
 5	 34817	 .011402676100025	 .0122356922407394	 .413508305503282
 5	 34820	 .139413036251739	 .0229055543282806	 .785840539378054
 5	 34847	 1E-05	 .0221757070819234	 .835890845524749
 5	 34898	 1E-05	 .065332885793878	 .0183434595319411
 5	 34907	 .000182554470058361	 .0289251105972929	 .000122536817824037
 5	 34914	 .0435365456169556	 .00748655408984519	 .846117005185327
 5	 34935	 .00417360657983216	 .0126873420216926	 .0210825534511054
 5	 34950	 .0829611374876488	 .0177422331144127	 .850437098857831
 5	 34971	 .0974663313803152	 .0569397001959733	 .994498693567323
 5	 35009	 .00203718752809881	 .0125867586364459	 .0358821352152713
 5	 35046	 .835616634834102	-.0341379074170636	 .995995622379949
 5	 35050	 .00407918879938635	 .0286850154037986	 .00948247728417551
 5	 35085	 .0101592171581021	 .0070897696548431	 .308780709416379
 5	 35091	 .976877765953831	 .150550721231846	 .897524945152701
 5	 35107	 .0693094613326403	 .0235616737222467	 .856046733760485
 5	 35182	 .0295617198980398	 .0546349304348272	 .385973437175243
 5	 35196	 .0199306335562595	 .047821556146133	 .443250470695969
 5	 35246	 1E-05	 .0174199031787736	 .46855054812915
 5	 35262	 .146464736581034	 .0323316744614013	 .982469415666773
 5	 35273	 .00070175663650609	 .00667212818958115	 .0171265499889598
 5	 35282	 .0145531000022257	 .049652065054685	 .0142491479152962
 5	 35337	 1E-05	 .0115582255189099	 .439314982460174
 5	 35353	 .0995326808813639	 .030729940869322	 .884127067738931
 5	 35359	 1E-05	 .0498406652085286	 .0625122574989225
 5	 35377	 1.16076353446268	-.0191494365840283	 .981893251429171
 4	 35386	 2.22610782216133	-.115963960717674	 .993350779983289
 5	 35417	 1E-05	 .0159810474575204	 .0700605012945383
 5	 35418	 1E-05	 .0242550143292292	 .0689905483209521
 5	 35434	 1E-05	 .0443259496602494	 .0915603980779093
 5	 35440	 1E-05	 .0479818593884423	 .832544002561778
 5	 35470	 .00525614674239348	 .0507067381156379	 .0132406602448899
 5	 35480	 .324799402653614	 .0323234043582205	 .814060096351137
 5	 35481	 .0474216493909635	-.000100179372325326	 .794286618112579
 5	 35511	 .181839042823113	 .0929320112044199	 .374956548919797
 5	 35519	 1E-05	 .0601064477453129	 .517662196494579
 5	 35524	 1E-05	 .0361314437344495	 .295390691297574
 5	 35533	 .00733099725349684	 .0123212218843446	 .171102025710658
 5	 35548	 .0721090346076484	 .0602148134304785	 .903521431335436
 5	 35556	 .142485535748204	 .0345950632212778	 .961221850334397
 4	 35586	 .104489683110776	 .0133707635844035	 .996333376183221
 5	 35592	 1E-05	 .0220018872733448	 .000563767633081302
 5	 35593	 .920175694365682	 .00593422473191524	 .983153005032351
 5	 35608	 .00312295206690722	 .0057667297914618	 .062628905123887
 5	 35642	 .265412516707729	 .184883497660805	 .640074316702704
 4	 35648	 .153364399003667	 .0527264125278153	 .691708850763542
 5	 35693	 .224656663679443	 .00944906382689765	 .709678232392821
 4	 35694	 1E-05	 .015129984596487	 .0667927719621275
 5	 35695	 .0828349763860474	 .0486419099554061	 .677745703755565
 5	 35710	 .0311583375815921	 .00235319388016255	 .918271162935465
 5	 35724	 1E-05	 .014127790053427	 .233521734721064
 5	 35729	 .545244391491272	 .0123412193494597	 .975809734499782
 4	 35761	 .0662509263459125	 .0401682770517291	 .875035284330493
 5	 35780	 1E-05	 .191323741732117	 .528345120144025
 5	 35800	 .496957229034389	 .140130744009742	 .698490968643659
 5	 35808	 .00558933756497363	 .0752824184509116	 .00423191329932182
 5	 35817	 1E-05	 .0707031162874064	 .068567177763508
 4	 35838	 .0745752341137927	 .00962063208564572	 .980106991027687
 5	 35851	 .0534215095771983	 .0399257401147488	 .762861495320214
 5	 35854	 1E-05	 .0755455520272876	 .423050152973776
 5	 35872	 1E-05	 .0180558859203103	 .202207893558043
 5	 35876	 .0156020889580352	 .0220494190386913	 .428352947370971
 4	 35942	 .0170281204290736	 .011699082030109	 .696987031955176
 5	 35955	 1E-05	 .0272344450325074	 .327496029145787
 5	 35985	 1E-05	 .174363468296179	 .017695041335587
 5	 35998	 1E-05	 .050932650914225	 .427694945931051
 5	 36050	 .0884449179099798	 .0522123124862633	 .823366697669969
 5	 36064	 .0949948645679955	 .0202289459156637	 .984625284005374
 5	 36068	 1E-05	 .0126073368463308	 .219509477127219
 5	 36116	 .0069263193016254	 .027233185805563	 .697271315176533
 4	 36117	 1E-05	 .02049141168892	 .234762070181079
 5	 36184	 1E-05	 .0305567081123569	 .493241027950226
 5	 36206	 1E-05	 .0969393012012059	 .237808980724437
 5	 36222	 .0746531990803442	 .0304203876369205	 .825706420498622
 5	 36226	 .0183836149676113	 .0400363439834382	 .107765145250591
 4	 36231	 .134398282106985	 .0362499490930849	 .700823593078028
 5	 36266	 .00159058046826553	 .0237204042762315	 .240915634937579
 5	 36271	 .195975325614684	 .0252001517445841	 .921184324401261
 4	 36324	 .0140413040968028	 .013774806891135	 .725551188431112
 5	 36338	 1E-05	 .0134620790101615	 .645045054988311
 5	 36369	 .13385074337534	 .0257963658005585	 .992047810583853
 5	 36379	 1E-05	 .0353877052640033	 .529037748818977
 5	 36397	 .0654740175515948	 .115111706694785	 .456018333647858
 4	 36431	 .00455010613048103	 .0138533543995992	 .184217813596248
 4	 36465	 2.31264329903114	 .0334632261580559	 .992124787395421
 5	 36528	 .0754856121846235	 .0086110211843334	 .977352541251567
 5	 36642	 .0438079249178917	 .028615787765355	 .833132195063319
 5	 36686	 .0386925536189832	 .0102760717057524	 .680137598078536
 5	 36708	 .0348897130752951	 .00211202108439181	 .917177771932623
 5	 36750	 .0367628323370493	 .0266234157962959	 .974689984985999
 5	 36759	 1E-05	 .00839594328516108	 .14039377780851
 5	 36760	 1E-05	 .0270436293675964	 .107216834910019
 5	 36802	 .0176189962344948	 .0426159779719115	 .215141660246865
 5	 36808	 .00132361370524292	 .012815920279454	 .10181325750546
 5	 36819	 1E-05	 .0412243188775479	 .423359171378013
 5	 36880	 .223171428755783	 .176924681265571	 .116682921087607
 5	 36895	 .00899637203230933	 .0285251238151572	 .537058852233761
 4	 36896	 1.04152069009019	-.0435563885776928	 .883251922758417
 5	 36908	 1E-05	 .0102406408167186	 .184222357622216
 5	 36955	 .0175419488215937	 .00956555445627853	 .462942342586573
 5	 36990	 .0357619750785092	 .0217992658088142	 .751615482871769
 5	 37009	 .106543677385181	 .0286258013695545	 .991840390535908
 5	 37011	 .0889925097706064	 .0298266553388089	 .885015906022952
 5	 37016	 .044266918813442	 .0122306492303268	 .892442297276048
 5	 37042	 .299841438863488	 .110665702998444	 .285274000998601
 5	 37062	 1E-05	 .0241590999207583	 .0125158171472368
 4	 37069	 .35798469641588	 .0663084029501035	 .978624758343269
 5	 37072	 1E-05	 .0116228910723638	 .0648121834799547
 5	 37082	 1E-05	 .0176480304000624	 .0045539377603705
 5	 37137	 1E-05	 .0300582440970194	 .484993555093101
 5	 37148	 .0162604726965226	 .0117617880082353	 .465520624382762
 5	 37186	 .0298883772551302	 .0073192143548505	 .710949211760846
 5	 37218	 .0347465299080135	 .0226489258594599	 .517852155158549
 5	 37222	 1E-05	 .108272065884744	 .126850108795417
 5	 37225	 .13341644645862	 .0223760543864255	 .997521137909415
 5	 37245	 .0143448692849962	 .0507839862968884	 .269546512900056
 5	 37250	 .00340971509757348	 .00588777927937465	 .176688636773639
 4	 37256	 .0085505768237557	 .00489340731950947	 .716204383276101
 5	 37264	 1.06412887079582	-.0777313989746205	 .985255911057767
 5	 37299	 .143330347821738	 .0659782969912664	 .438680335456857
 5	 37312	 .00523593863603399	 .016324000027339	 .535974617073891
 5	 37314	 .15994543701009	-.00922484552864123	 .944410402301882
 5	 37324	 .164425084554706	 .0587379893425418	 .92759824278213
 5	 37339	 1E-05	 .0716106297096553	 .11577115104009
 4	 37360	 1E-05	 .322491146879655	 .73624688253485
 5	 37372	 1E-05	 .0365722974517659	 .350982103300746
 5	 37458	 .0310867963358768	 .0225501095535937	 .417129906600389
 5	 37462	 1E-05	 .0480592895066791	 .455185986425605
 5	 37496	 1E-05	 .010045608159711	 .110223229014882
 5	 37501	 .00172098247225614	 .00625636980287574	 .163904572915843
 5	 37547	 1E-05	 .185708208494926	 .204777179005046
 5	 37559	 1E-05	 .0180603411625222	 .0515241761014542
 5	 37649	 1E-05	 .224898353614356	 .0442050251254066
 5	 37703	 1E-05	 .0890709153377959	 .565979656218172
 5	 37708	 1E-05	 .055749227296717	 .48365138430147
 5	 37709	 .0172545551240544	 .0702110461887725	 .0505707731997763
 5	 37711	 1E-05	 .0428882780331352	 .021352611429164
 5	 37725	 .0706674986326378	 .0254944961589959	 .784570029398722
 5	 37730	 1E-05	 .0378266887607417	 .241598947331284
 4	 37759	 .176497083759822	 .0074557426567476	 .992686320594878
 4	 37781	 .0231579945323697	 .0251009393801533	 .58245778368242
 5	 37804	 .0292386709808483	 .0224698014994269	 .367318359992109
 5	 37873	 .000388121766439137	 .0304418869862113	 6.49416658263791E-05
 5	 37904	 .0433915569287698	 .0102655435538692	 .950396206418543
 4	 37924	 1E-05	 .0186123011360321	 .146261922014934
 5	 37944	 .104452269246764	 .0116164018386437	 .985954638013574
 5	 37949	 .232906427776869	 .0286719637592006	 .887930039710863
 4	 37956	 .00531943765939461	 .021964961210668	 .16266704767415
 5	 37968	 .00729703148270747	 .0167709647746298	 .0990678034773055
 5	 37972	 .0157051367129416	 .0050938087906872	 .974027491096287
 5	 37997	 .387985460712445	 .0691087266749456	 .440309581247061
 4	 38014	 .091014534556387	 .0168449915579721	 .981024190028309
 5	 38027	 .58743094538227	-.0242782156849668	 .896270887305959
 5	 38053	 1E-05	 .0182993826735873	 .0636797722223867
 5	 38087	 1E-05	 .304376466205609	 .300981458533635
 5	 38130	 .00349699164429661	 .0132000791228018	 .457853177719486
 5	 38145	 .0125293905486885	 .0112247969948632	 .583832156363498
 5	 38148	 .0199956577904688	 .011478984158827	 .894467676392724
 5	 38186	 1E-05	 .0200201407725558	 .00575363062060696
 5	 38215	 .112632544718319	 .0103552069216767	 .993657342375943
 5	 38240	 .579305254017012	 .0336500368985078	 .916296372191647
 5	 38251	 .00165132820871356	 .0250256466634085	 .00640490580255126
 5	 38360	 .000551789186242456	 .0119680777676059	 .00499022396581672
 5	 38371	 .00742921986778762	 .0192613503411409	 .337481029560778
 5	 38407	 1E-05	 .133894210644046	 .250860472113751
 5	 38433	 .00863649174857988	 .0161039099782147	 .301753993737409
 5	 38448	 1E-05	 .155752581744717	 .0437447267358647
 5	 38514	 1E-05	 .0263862014028118	 .612385938366525
 5	 38515	 .04253334561435	 .00950917858734175	 .544743331175987
 5	 38520	 .340823886098025	 .0182935525670727	 .981634001599489
 4	 38532	 .0478135335496895	 .00860731135151538	 .822422677024774
 5	 38533	 1E-05	 .0363573597567639	 .163415705595289
 5	 38589	 .0293189430454436	 .0332940274322971	 .380429136395818
 4	 38593	 .0537511189654421	 .00818050187753985	 .999973929157748
 5	 38665	 1.09209879276703	-.0145975251388678	 .987231584838916
 5	 38668	 1E-05	 .0287919311628108	 .249974913686188
 5	 38673	 .0221689526345944	 .00713205276321095	 .634335754180407
 5	 38710	 .000734250050543097	 .0090363424787274	 .0301221745542507
 5	 38767	 1E-05	 .0198258035128277	 .28660500148994
 5	 38776	 .314044695853756	 .0100773050024657	 .984360995833921
 5	 38777	 .00824230061130573	 .027033011783928	 .101545108347086
 5	 38784	 .0212845287248235	 .014271074062513	 .948415402280078
 5	 38794	 .00139884037464524	 .02410188622543	 .0168392774980893
 5	 38802	 .00519339742314445	 .0137427552306883	 .0846508027246697
 5	 38875	 .0931014724087349	 .0679493105444186	 .138104793183271
 5	 38877	 1E-05	 .10504673900159	 .321205993014171
 5	 38939	 .00759839155185541	 .00692110993151234	 .365374613010997
 5	 38964	 1E-05	 .0295727209353969	 .0126647974886284
 5	 38996	 .0159824958876354	 .0230815438916924	 .33811387039527
 5	 39024	 .00908222091984326	 .0163172904785738	 .48193261153
 5	 39067	 .00512859007151109	 .00747566938907171	 .369241948046597
 5	 39078	 1E-05	 .0358693795975765	 .391090056827766
 5	 39100	 .00206802115028504	 .00715064868052203	 .0288972737750056
 4	 39133	 .0126666487533403	 .0130859479426214	 .795602667597793
 5	 39137	 .0708097271076918	 .0967344698038118	 .948101226623894
 5	 39144	 1E-05	 .26776799901707	 .975917530751502
 5	 39160	 1E-05	 .0171698486047053	 .00363540860959033
 5	 39182	 1E-05	 .0522566651461229	 .402260068799296
 5	 39194	 .0386656992831909	 .0129613712415365	 .84978094335575
 5	 39204	 .035527928258373	 .0162819243644739	 .914686306984906
 5	 39215	 .233835830752289	 .0757249551003539	 .974240337845107
 5	 39219	 .00353830423565364	 .00638744373726716	 .52977118415943
 4	 39237	 .00691918244886088	 .00690742636107892	 .144713345442983
 5	 39324	 1E-05	 .288263562342114	 .876196326643656
 5	 39342	 .114330083981577	 .0230290269153173	 .758192354399859
 5	 39355	 1E-05	 .0220557399063925	 .410598059513448
 5	 39361	 .805523360241514	 .0271170266442243	 .97116464970401
 4	 39392	 .0908748485608425	 .0277160660529393	 .897472766111241
 5	 39411	 .183780880983375	 .0176036998890115	 .996958074549
 5	 39420	 .0232984710550284	 .0551102446218201	 .0199129255215301
 5	 39472	 1E-05	 .0352459835945679	 .907581881873955
 5	 39494	 .593261545241146	 .0658509610066628	 .892777077777612
 5	 39509	 .00580482278542552	 .0350663517862516	 .116668393233634
 5	 39511	 1E-05	 .0619777624378047	 .587780489862886
 5	 39544	 .0252638958988483	 .0347807882140234	 .498901145635379
 5	 39568	 1E-05	 .0191894243323954	 .63144214177599
 5	 39590	 1E-05	 .0189340597671063	 .228955488207146
 5	 39611	 1E-05	 .028990755575655	 .0106505999738914
 5	 39613	 .00592412911658111	 .0318889866347751	 .0338205802255861
 5	 39675	 1E-05	 .134860818328468	 .127999280347142
 5	 39710	 1E-05	 .04308983096957	 .057083785252932
 5	 39785	 1E-05	 .0260967034324561	 .281381462264788
 5	 39786	 .0152555663886679	 .0369198010843309	 .01936614587319
 5	 39796	 .00621648526084469	 .0256912295160413	 .221594850939485
 5	 39797	 .00700474972298893	 .00863575204770547	 .260462846011926
 5	 39878	 .0112879396033599	 .0166620053720637	 .296921590113558
 5	 39883	 .00520335839052589	 .0422929249857997	 .0365632273828156
 4	 39889	 .0462275488645832	 .045899801971111	 .814254641899427
 5	 39912	 3.15782020714275	-.116544473418405	 .994236070983246
 5	 39934	 1E-05	 .0188890713187346	 .403971875120299
 5	 39946	 .0106764256146518	 .0104649788125891	 .0653514359450009
 5	 39987	 .0297092321214308	 .0124553042059031	 .529649819411146
 5	 39995	 1E-05	 .0229636655881867	 .190035918369819
 5	 40035	 .0821909194578875	 .158258602628372	 .0485054619318319
 4	 40041	 1E-05	 .00488011772636324	 .550061967289021
 4	 40050	 .192318599593872	-.00388110201954966	 .998549515981106
 5	 40055	 1E-05	 .0241863222209439	 .0859842125086326
 5	 40082	 .168977401802163	 .0191124590570449	 .915682642504389
 5	 40103	 .00619411115710597	 .0107606326971668	 .498797612261142
 5	 40115	 .0277006747440901	 .0461822561464443	 .0804314631503998
 5	 40162	 1E-05	 .0100631568684565	 8.35967424365203E-05
 5	 40237	 .212628218570752	 .151886494499203	 .649203180614959
 5	 40304	 .0078112483283573	 .00322222681240648	 .88362163906034
 5	 40331	 1E-05	 .0147470185272678	 .372117394715995
 5	 40345	 1E-05	 .0146702001810393	 .439455258189034
 5	 40359	 .165984456166617	 .0719893618521565	 .578564899117229
 5	 40366	 .007909021745604	 .00808220000582863	 .335762755982927
 5	 40369	 .0325011251171538	 .0254537345979412	 .281731362416159
 5	 40403	 1E-05	 .106297713283448	 .0121423618509843
 5	 40427	 .00588611531662253	 .0127115268871353	 .0768383203674888
 5	 40434	 .003699997269664	 .015698301869875	 .0359941042138228
 4	 40444	 .799992855044325	 8.78004623557365E-05	 .934168358804481
 5	 40455	 .131712930938997	 .128598355236588	 .711328143527861
 5	 40483	 .107030219772416	 .0897785122716074	 .44398849591008
 4	 40492	 .0238395229732568	 .00839771227623419	 .724477847324681
 5	 40518	 1E-05	 .0480166215208337	 .754338537239345
 5	 40520	 .0195516010269989	 .00800775357568773	 .840646822278605
 4	 40533	 .00352962490565605	 .00382099949563804	 .277760259063136
 5	 40535	 .106503213278691	 .0731904455016411	 .513551749052572
 5	 40563	 1E-05	 .0146921471353746	 .286779997632715
 5	 40590	 .0883177626996083	 .138664798290908	 .10608099840491
 5	 40610	 .0297724153628601	 .053042564465968	 .109480363603444
 5	 40624	 .00634201271702387	 .0122459312665757	 .900289801042395
 5	 40680	 .0242165628795988	 .0105856275370775	 .989275206664761
 5	 40690	 1E-05	 .015810059925345	 .180500641150411
 5	 40692	 .00403528878412828	 .0148888178186099	 .134432881663727
 5	 40694	 .000586074802064293	 .00489350691240556	 .0423782264112005
 5	 40708	 1E-05	 .144091244043471	 .0393555129551809
 5	 40724	 .0162976958341561	 .0138178079469517	 .243225400360534
 5	 40739	 1E-05	 .0297493857791234	 .0247033959079765
 5	 40743	 .00631082142960961	 .0363635932606015	 .317475082418939
 5	 40748	 .0649216817095885	 .0219848842049833	 .545416692776282
 5	 40838	 .116374228690538	 .131005441297862	 .144748974388189
 5	 40850	 1E-05	 .0127529877307255	 .310558989199551
 5	 40875	 .00577121403146818	 .0234557992021802	 .0238662611029944
 5	 40887	 .022508967727949	 .0153579590743512	 .662776554575177
 4	 40900	 .0391940987030853	 .0474318860338748	 .796725575973635
 5	 40960	 5.33739973161231E-05	 .0081699261761359	 .000351503103039885
 5	 40982	 .124901855987799	 .0288038770054883	 .942177444623119
 5	 41025	 1E-05	 .0750743389224263	 .138055174948125
 5	 41029	 .00397083454845715	 .0245677906955857	 .141639185552108
 5	 41045	 .00842764635730109	 .013887538669157	 .79057298265317
 5	 41048	 1E-05	 .0221242293190737	 .0812721697243842
 5	 41057	 1E-05	 .0302586323407781	 .057171663958939
 4	 41087	 .0823195790767815	 .195407287450508	 .0560572108931235
 5	 41112	 1E-05	 .0377004841124582	 .347808554295405
 5	 41145	 1E-05	 .0934370664766509	 .860928264332677
 5	 41146	 .00216597582501825	 .0135702897648309	 .054780727083744
 5	 41170	 1E-05	 .0382519846691359	 .343664599848063
 4	 41214	 .665058331584909	 .14845460248116	 .785187359124611
 5	 41220	 .823441127790589	 .0146885816429661	 .98692529405844
 5	 41241	 1E-05	 .096109705585321	 .340675115894678
 5	 41280	 1E-05	 .0139993678473259	 .580773834475376
 4	 41308	 .00573953611473639	 .00662448598071885	 .445251348111769
 5	 41312	 1E-05	 .182149952479766	 .61660902802097
 5	 41324	 .00870735454650121	 .00452547288584085	 .57466942065625
 5	 41336	 .0296842614247515	 .0218182770623951	 .495408268070485
 5	 41363	 .0227389796994238	 .00805741789656896	 .85875801758723
 5	 41379	 1E-05	 .014624528925296	 .0381810296418842
 5	 41460	 1E-05	 .0448480387583796	 .461851269709177
 5	 41475	 .00352769530287888	 .0140020385592775	 .166795504277883
 4	 41496	 .200208968866769	 .00965756786784942	 .970187695897087
 5	 41512	 .000812116785303586	 .0163476558880553	 .0226973579664009
 4	 41530	 .0129549626547055	 .0006458644263127	 .996271281516461
 4	 41532	 .951921567437357	 .310150629502771	 .436910104070305
 5	 41537	 1E-05	 .0309349732082549	 .317660201537048
 5	 41592	 .650546290844011	-.047798837286441	 .99786595108717
 5	 41608	 .336067330304311	 .00198458528783646	 .912243229385243
 5	 41616	 1E-05	 .0516165483366849	 .266852810243932
 4	 41633	 .201375135323607	 .125063082803747	 .746008023943927
 4	 41660	 .0198664172983009	 .00763539738071935	 .907173845801688
 5	 41690	 .499254628424902	-.0271129092867876	 .93396385948149
 5	 41693	 .00569071837464402	 .00990013939077316	 .0804751713173879
 5	 41695	 .0220104748171164	 .0158499409736736	 .789502229278826
 5	 41702	 .10121066908722	 .0456508620394249	 .376686710067431
 5	 41742	 1E-05	 .0160664007543123	 .779870028313268
 5	 41744	 .00937715483854113	 .0204771611075586	 .200775904176936
 5	 41745	 .0144790829643335	 .00472429483769771	 .874002699792261
 5	 41782	 .0372913099204502	 .0236421172326447	 .612464555074044
 5	 41799	 .0349148250113159	 .0481391939971594	 .488245694322815
 5	 41800	 1E-05	 .0294670181806145	 .554789534629309
 4	 41815	 1E-05	 .0219282863111458	 .493467243858071
 5	 41871	 .0188724424752969	 .0347331919795346	 .109801407888583
 5	 41900	 1E-05	 .027259253875734	 2.35733328771692E-05
 5	 41903	 .00223279066159097	 .00920814907840573	 .0569362987217529
 5	 41931	 .0375652950005796	 .0640740489113761	 .508478997785064
 5	 41953	 1E-05	 .0153510047918845	 .00948627715027239
 4	 41992	 .209876994390692	 .0242988968393136	 .881273483396957
 5	 42018	 .00630489365342426	 .0049235340559988	 .104975317836877
 5	 42067	 .00151968557272812	 .00997163876093202	 .098269104991484
 5	 42102	 .0676762389743471	 .0377726995169812	 .855519731274252
 5	 42129	 .0169381195568175	 .0264839312295165	 .133277659310434
 5	 42132	 .0317215977605544	 .0419962344023257	 .993992112986387
 4	 42140	 .00680250768805083	 .0146195711985273	 .498778297058667
 5	 42156	 .00853966330814533	 .0175955028838761	 .0895229018813721
 5	 42183	 .00945043889824828	 .00750794410594234	 .627396696610162
 5	 42217	 1E-05	 .0616985383943247	 .547354008565441
 5	 42235	 1E-05	 .00843333279300078	 .292565078406472
 5	 42261	 .979264890697684	-.011441256822468	 .620605703766232
 5	 42275	 .000804750575730496	 .0324243529693288	 .000497943974261839
 5	 42328	 1E-05	 .0108953807398086	 .462172839880173
 5	 42353	 .0414559854636705	 .0223844596077709	 .880397541744045
 5	 42355	 .00233209645288309	 .022808932282302	 .00540348828635995
 5	 42393	 .0394133039676085	 .00924416368708691	 .736263121261018
 5	 42444	 .0218336353648092	 .0148086089263855	 .216172100932883
 5	 42453	 1E-05	 .0900867448983479	 .956553176550256
 5	 42512	 .0185116768219117	 .0144221108487291	 .905046321207976
 5	 42539	 1E-05	 .0342862023189244	 .0402790459215211
 4	 42649	 1E-05	 .00321589471784037	 .996568983893446
 5	 42650	 1E-05	 .0345170798421163	 .126221294884074
 5	 42696	 .0207438431663596	 .00659894607716618	 .642275368632202
 5	 42703	 1E-05	 .0138897344641537	 .808743812873115
 5	 42728	 .0389018159472089	 .0577620196184619	 .126393215646384
 5	 42732	 .0463814505981521	 .0214614237767576	 .207603251264817
 5	 42768	 .770055998988406	 .044118967871268	 .994890594621694
 5	 42774	 .0326076337618331	 .0027165893553202	 .777183895976547
 5	 42807	 1E-05	 .072644563071625	 .250018498282966
 5	 42901	 .0646803590040641	 .0138718917819323	 .487878208873529
 5	 42912	 .0158698485423559	 .00921192098504545	 .994872194653577
 5	 42929	 .233074254700838	 .0869270502453024	 .909920933725128
 5	 43012	 1E-05	 .0224742018355568	 .0090031002201244
 5	 43018	 .012513328325513	 .01864578934071	 .977005425793458
 5	 43019	 1E-05	 .029816682820246	 .194387116518782
 5	 43023	 .00694528955368815	 .0145504597966184	 .320839322979151
 4	 43037	 1E-05	 .195385268499873	 .0155048460365746
 5	 43040	 1E-05	 .0508331208836377	 .12421733690302
 5	 43047	 .655745534533083	 .0296723060198825	 .99953808539168
 5	 43066	 .22960578764877	 .0592347403178402	 .809421160385076
 5	 43109	 .0158310381608652	 .0324462854689287	 .0757828654008689
 5	 43141	 .0600807567406939	 .0220058019004176	 .558137004948463
 4	 43151	 .0517440210314997	 .0845551752983396	 .148193943700585
 5	 43172	 .000322018957851091	 .0241496560994295	 .000277601504128033
 5	 43199	 1E-05	 .0132689855331743	 .274939397659983
 5	 43223	 .0318712915502633	 .122598521360353	 .0368772719643342
 5	 43287	 1E-05	 .0309141583858515	 .177657486799156
 5	 43321	 .220894539399825	 .00420582190124267	 .90526710605097
 5	 43349	 1E-05	 .0841580332009333	 .508867609124004
 4	 43429	 1E-05	 .0968583335248333	 .91784892360951
 5	 43452	 1E-05	 .0377047190633976	 .101480358369969
 4	 43468	 1E-05	 .260430906980512	 .0692983270938318
 5	 43491	 .0315860248013265	 .0153294726834072	 .85936460817471
 5	 43509	 .0807524832435367	 .0758856503544484	 .738720937524867
 5	 43597	 .0114098754809585	 .00833821212942113	 .566951464779232
 5	 43606	 .326942073156574	 .00269066711973018	 .968836192644366
 5	 43611	 .00503643056462245	 .0314018336777538	 .0170043059085847
 5	 43655	 1E-05	 .0371120001246448	 .510585153068407
 4	 43673	 1.57682966714316	 .189520030758998	 .695116027737967
 5	 43721	 .359366234757743	 .0981046402665256	 .836328425736657
 5	 43726	 1E-05	 .0971949048991244	 .374963147255817
 5	 43782	 .0271603424520017	 .0134121042234542	 .406352704048171
 4	 43787	 .273338581291487	 .0131384533848168	 .997621888473202
 4	 43799	 .225049554777375	 .130351404712929	 .545121801466029
 5	 43802	 1E-05	 .0153901146488153	 .0758279810901794
 5	 43804	 .00159849254955246	 .00845575961653017	 .0325880980356515
 5	 43821	 .0285512046022247	 .0251519232795807	 .210726589257316
 5	 43842	 1E-05	 .173403001592451	 .0488697111698514
 5	 43869	 .00458253343760332	 .00690146127415434	 .987865043048746
 5	 43935	 .0315164003284292	 .127774924817314	 .0686555138444592
 4	 43956	 1E-05	 .288317025342692	 .134754986413553
 5	 44001	 .0197887488955145	 .116257782933619	 .0560420732767681
 5	 44006	 .0475989727475792	 .0251979810378638	 .955841285264372
 4	 44030	 .091855435404647	 .0529074327186381	 .533314693864875
 5	 44041	 1E-05	 .116131946261741	 .258944901391065
 5	 44048	 .00253483268180921	 .0115382470691621	 .0926256992530337
 5	 44066	 .0115275483152635	 .012892070225637	 .0441409169724359
 5	 44087	 1E-05	 .0559871790583275	 .0517924183319751
 5	 44115	 .0220235809336721	 .0677790612864784	 .0631844053502244
 4	 44116	 .0103419875452672	 .00986239064803568	 .428496563599328
 4	 44118	 .0552984410679172	 .0082986602943568	 .989496333267219
 4	 44135	 .295343460151301	 .0821921304486075	 .938273829425856
 5	 44176	 .015530782738424	 .0131981091894643	 .592794463273892
 5	 44236	 .00603969979974744	 .0019989233113103	 .713877932300286
 5	 44244	 .0729851040693855	 .0128115867737869	 .893053807698914
 5	 44265	 1E-05	 .0112196182965152	 .0261855643799586
 5	 44269	 .00293193406778429	 .00946395917537491	 .033421397563941
 5	 44313	 .0157391096198584	 .0157948592908799	 .747322504504292
 5	 44343	 .0259991659640918	 .00788350295396952	 .41173659948367
 5	 44363	 .187938908813136	-.00809827197177743	 .978409970829014
 5	 44397	 .0105620422200716	 .0194646997100112	 .0396696416116027
 5	 44404	 .132952598814831	 .0596607350377106	 .884675133793623
 5	 44408	 .038295119486737	 .00903632730809906	 .987857791042826
 5	 44425	 .700191670316444	-.0216482377739811	 .990703673157238
 5	 44426	 1E-05	 .0898574673700276	 .515406044091066
 5	 44542	 1E-05	 .0339655249557904	 .0483186626503287
 5	 44574	 .764862147045668	-.0513390213965245	 .95651102101428
 5	 44634	 .0652111310646366	 .0863592473287705	 .0297710774936244
 5	 44648	 .0126385509959909	 .0276231291770463	 .393480120241525
 5	 44702	 .00373559051022252	 .0127009856620061	 .43070046016534
 5	 44735	 .158865710585157	 .00555449326702691	 .929916775305922
 5	 44742	 1E-05	 .100042375009878	 .885619821061943
 5	 44803	 .737719737642078	 .000789605685080522	 .97347825800466
 5	 44858	 .256239948587952	 .0559786688143313	 .53635221531405
 5	 44861	 .0240679365415636	 .0363770292789606	 .178555556398728
 5	 44865	 1E-05	 .0176772748226332	 .773513390097975
 5	 44878	 .0107359258550557	 .0128821301968442	 .283890688791738
 5	 44949	 1E-05	 .024862118502472	 .197098297276572
 5	 44963	 1E-05	 .131436559508349	 .0978402506676954
 5	 44972	 .00279510501420402	 .016199716236376	 .0101464736692694
 5	 44983	 .00868998757189432	 .0323268374090174	 .0862959205962883
 5	 44985	 1E-05	 .103457600219898	 .000277084340149836
 5	 45035	 .00758927410700031	 .090275459321868	 .00324903911935381
 5	 45078	 1E-05	 .0317834851002031	 .00121536159773417
 5	 45090	 .00118088521077628	 .0199685411078743	 .00228727953210517
 5	 45114	 1E-05	 .186254533530252	 .584339600390497
 5	 45129	 1E-05	 .0343062373218226	 .00893890658003127
 5	 45139	 1E-05	 .0191150704874362	 .221206415865707
 5	 45197	 .136823204657577	 .0113016984867123	 .813760060662819
 5	 45214	 .0301475636779492	 .00523412992996454	 .842244402044925
 5	 45221	 1E-05	 .0457933728506534	 .381593275233336
 5	 45242	 .227985279510987	 .0863721710335346	 .349173811876509
 4	 45244	 .00165090426671416	 .00241522248703662	 .396827901009912
 5	 45253	 1E-05	 .01344059312541	 .417680775591696
 5	 45254	 .0469568805436856	 .0062063044068782	 .856894751542441
 5	 45269	 .0386152305752904	 .0114648018244812	 .425818772925498
 5	 45272	 1E-05	 .0109426730527764	 .540274569181859
 5	 45349	 .00906393522760599	 .0108245346481048	 .431788567572935
 5	 45368	 .0261037808456144	 .00220606906830108	 .813369591080351
 5	 45397	 1E-05	 .0322478981952518	 .0146806210122494
 5	 45434	 .0571683373613905	 .0639725542208978	 .340920222468909
 4	 45439	 2.09638194897714	-.114736545245941	 .990736136668414
 5	 45461	 1E-05	 .0431141124633516	 .120575186013766
 5	 45493	 1E-05	 .0722333526892575	 .289324399068079
 5	 45525	 .439134059389166	 .0143515560216587	 .985368879078134
 4	 45579	 .33334491255884	 .00783796147979699	 .802971685721323
 5	 45636	 .114420089411086	 .108615787313853	 .247895608175125
 4	 45683	 .000574550200572591	 .0044175295054546	 .0703494325088351
 4	 45684	 .091895168982552	 .12836239022794	 .195388605207498
 5	 45734	 1E-05	 .0197039475423421	 .0170648228182713
 5	 45740	 .0496260247980307	 .107421479188247	 .102007273234077
 5	 45741	 .71420394596211	 .0746981486787443	 .738049135812975
 5	 45794	 1E-05	 .0723844318953867	 .860040582441311
 4	 45826	 1.41783468249584	 .0173872900629642	 .943323874903609
 5	 45838	 .135954932356471	 .0147252163616652	 .889918017929018
 5	 45868	 1E-05	 .0253697424094083	 .662491754490149
 5	 45904	 .0121014919061624	 .0073549056980295	 .815024477961203
 5	 45930	 1E-05	 .031954105041314	 .172158174107109
 5	 45957	 .0268815901100067	 .0279486195069391	 .495054389546107
 5	 45959	 .104931328416602	 .0138154566374092	 .93126179762793
 5	 46016	 .0869498708577743	 .212570938568784	 .0823404259143404
 5	 46027	 .00772679367289047	 .0400678189554494	 .126708877526331
 5	 46031	 .00881730198875755	 .0118776089062297	 .100698769240192
 4	 46032	 1.73448003954256	-.149148480143573	 .983715917388582
 5	 46068	 1E-05	 .027306139041141	 .0219808771789227
 5	 46084	 .159959086193383	 .166038915384912	 .175926612397549
 5	 46087	 1E-05	 .0458754448516837	 .0643103795915855
 5	 46101	 1E-05	 .0204661892121776	 .128276307063692
 5	 46131	 1E-05	 .109579384597101	 .0505184822324587
 5	 46228	 .139291222831885	 .0632707651712579	 .551608984249776
 4	 46244	 1E-05	 .0174057799762635	 .241889247686895
 4	 46251	 1.00415669126743	 .0186112411216193	 .985632612487764
 4	 46253	 1E-05	 .174592056929835	 .0662199899217845
 4	 46256	 .0150654788932255	 .0361048718503065	 .217375454366453
 5	 46308	 .562924996962376	 .0979742273772032	 .887562013276798
 5	 46318	 .265381783572393	 .04684882350778	 .973260081460244
 5	 46368	 1E-05	 .156997576792702	 .0200174500571807
 5	 46485	 1E-05	 .0109569759755391	 .00126311578767424
 5	 46527	 1E-05	 .017927710935639	 .195110869855596
 4	 46559	 1.37037340468395	-.0704414755150653	 .939894364082592
 5	 46586	 1E-05	 .0224991070535489	 .939616302437379
 5	 46609	 .593838219130444	 .0254833710405986	 .966589213028127
 5	 46619	 .143000551342495	 .00683558414656691	 .974546654949713
 5	 46660	 .0343565475662521	 .0269678761040529	 .837829513626495
 5	 46722	 .00241719447060979	 .0115134997222199	 .00804346625083985
 4	 46760	 .298584574034698	 .0930892694435129	 .319007823076493
 5	 46762	 .0095055605697691	 .00972649527176967	 .180867019994165
 5	 46767	 .35892581296491	-.0101387669909109	 .999343666879545
 5	 46789	 .00891300788058381	 .00197231371517718	 .976387119267285
 5	 46803	 .0883470343305275	 .0211330492665189	 .939433079669719
 5	 46808	 1E-05	 .10752451259653	 .0786516370108394
 4	 46855	 1E-05	 .429939120142514	 .0210794960248978
 5	 46896	 .010186641614952	 .018225544981482	 .0693091925076583
 5	 46919	 1E-05	 .0347551958332549	 .212061639992763
 5	 46934	 .0247112606768706	 .0843746177176526	 .0237936011450099
 5	 46946	 .0142499329488016	 .0154634816373333	 .948760821558471
 5	 46968	 .874058729060819	 .0335775906187831	 .990412007278679
 5	 46971	 1E-05	 .0223605537051974	 .00378181191270788
 5	 47005	 .118625808827289	 .0111170021224961	 .903728243445669
 5	 47022	 1E-05	 .0468142433469729	 .348799705835217
 5	 47027	 .00374353109357585	 .0412477609477834	 .0220935840920048
 5	 47093	 1E-05	 .0091122262688781	 .212191743633526
 5	 47164	 .114079221284934	 .0557000459259194	 .668638767025675
 4	 47174	 .0193829527835039	 .0319431143390907	 .841964867252554
 5	 47249	 .0491776903057155	-.000158207405699144	 .992276468556538
 5	 47335	 .0289684214775841	 .00303746254323969	 .996417955838593
 5	 47345	 .0147128039879596	 .0148299170948113	 .503170805389211
 5	 47358	 .015771720967842	 .0680778375145003	 .0258785103428714
 5	 47409	 .00146584768939864	 .0113409859884428	 .0317640386844976
 5	 47435	 .0136453454068858	 .0344510790800858	 .192860005650288
 5	 47478	 1E-05	 .0540273491299911	 .494981388030378
 5	 47485	 1E-05	 .0511913122624015	 .216345157542441
 5	 47514	 .011819286266599	 .00330626566118528	 .907143093947439
 5	 47535	 1E-05	 .0254944374536454	 .0421683136468861
 5	 47565	 .00542139908046076	 .0121846160546292	 .716173560012094
 5	 47617	 1E-05	 .00734785281929369	 .600749692561425
 5	 47621	 .00329326389633734	 .0171599272938235	 .0189265644216288
 4	 47628	 1.18167179213907	 .0179148036884517	 .941547562663755
 5	 47709	 .037674264581707	 .0908664510652086	 .151026529959639
 5	 47711	 .0484861303384816	 .0126750046977117	 .886107808790888
 5	 47714	 1E-05	 .00871105534134197	 .667065713471058
 5	 47715	 .252707886095575	-.000133902536455491	 .973891710334052
 5	 47730	 1E-05	 .0248585164777575	 .26540310604382
 5	 47768	 .0146752482161162	 .00570290208760665	 .881118982179458
 5	 47769	 .0585264554258947	 .0284752909948604	 .73450867812032
 5	 47811	 1E-05	 .0765586707030966	 .0861584886700203
 5	 47846	 .00585102160811659	 .00926011515774537	 .206533669771251
 5	 47914	 1E-05	 .0483073688792242	 .462407059255195
 5	 47917	 .0738375974714724	 .0144977063634913	 .977748712842472
 5	 47942	 .302854598835865	-.0056504546022118	 .999682823826979
 5	 47975	 1E-05	 .130248242748463	 .133157137861951
 5	 47982	 .328618582364514	 .00316766877042195	 .947450736507453
 5	 48010	 .00225644051756566	 .00397271712194574	 .206583680066881
 4	 48020	 .0519344716806298	 .0613776880079868	 .412001126768968
 5	 48022	 .161473246759461	 .0334856249435584	 .878190795871243
 5	 48026	 .0527429076045256	 .0137237461833081	 .746080235698933
 4	 48061	 .278682351465067	 .0918279511799925	 .581744287172782
 5	 48067	 1E-05	 .0324016813184261	 .0183729529458901
 5	 48095	 .0825492548823303	 .077563859717406	 .180243493940168
 5	 48159	 2.33524500853263	-.0764907134312367	 .973601378632448
 4	 48211	 1E-05	 .00776479097465931	 .212348745635694
 4	 48244	 .273389239929834	 .299709863983249	 .117532530035873
 5	 48275	 .112127879330216	 .220529902430547	 .203785166202621
 5	 48313	 .249129229674979	 .0708384926379863	 .850145135883425
 5	 48321	 .0253636651142404	 .00195135782116136	 .84803016545574
 4	 48342	 1E-05	 .0657625768824611	 .40588675695565
 5	 48368	 1E-05	 .0183572245478713	 .980515913695511
 5	 48401	 1E-05	 .022601439702735	 .189842998442989
 5	 48427	 .0656933352431051	 .028437862359487	 .443333755010885
 5	 48470	 1E-05	 .029003395412659	 .0517356231050431
 5	 48472	 .0525159233989183	 .0140537703839419	 .706949016162258
 5	 48490	 1E-05	 .0442957638749923	 .434747492346907
 5	 48510	 .0311254629560571	 .0021643989370747	 .996475832593371
 5	 48535	 1E-05	 .0180638117789512	 .0102645987852219
 5	 48540	 1E-05	 .0190052677469853	 .373448449291766
 5	 48584	 .053382902835482	 .126722287140062	 .0496932467554023
 5	 48648	 1E-05	 .0397661601386853	 .122670682489733
 5	 48662	 .00221221314143331	 .00802886473230304	 .529059472786893
 5	 48718	 .0309214624759864	 .00277157276671771	 .798986667472962
 5	 48731	 .00345841572753709	 .0164311429227378	 .0537606951380278
 5	 48757	 .0516700577482316	 .0507486082851012	 .220218693951413
 5	 48760	 1E-05	 .116256427634645	 .452818057521387
 4	 48762	 1E-05	 .0174798127517522	 .466123325089438
 5	 48767	 1E-05	 .0200436031436019	 .270040379791539
 5	 48796	 .0102201100442836	 .0168393944310543	 .612769099359595
 5	 48822	 .00135249045310111	 .00467033712762429	 .0929473665395926
 5	 48830	 .785768978676573	 .00660967820057413	 .929104461419734
 5	 48848	 1E-05	 .177573139516054	 .352827069561363
 5	 48870	 .01104646217905	 .0220997647958769	 .408518682324105
 5	 48874	 .46360322016043	 .147080179791224	 .413015105462359
 5	 48884	 .00929811737432235	 .00469190401226933	 .384354995300326
 5	 48910	 .0709810340865732	 .100157160621658	 .487071215178658
 5	 48922	 .116812464654045	 .12654286384948	 .249770114496293
 5	 48923	 .0959538728436316	 .0750055449686901	 .600489067451859
 4	 48950	 .0179374921520117	 .0304332704155969	 .150045247882628
 5	 48952	 .0369887239386048	-.00202149782714748	 .790942015688768
 5	 48960	 1E-05	 .00568210059320986	 .194862844497258
 5	 48998	 1E-05	 .061910820222058	 .702940343954767
 5	 49020	 .0698243470076362	-.00153883781742664	 .655491480274646
 5	 49029	 .0079913383353106	 .0120820771973756	 .498067052223264
 4	 49062	 1.05035798182929	 .0402752847234798	 .960936147992957
 5	 49081	 2.2168517848787	-.0178479973482115	 .995821246098778
 4	 49106	 .73563005829724	-.0334752699252449	 .980877577410459
 5	 49108	 .0108420862165784	 .00946378899209431	 .842629732555888
 4	 49123	 .178869298831494	 .024393395414361	 .994201750023867
 5	 49144	 .357331238571348	 .0964076703855532	 .47681469930549
 5	 49148	 .0176096193866464	 .00424081465150602	 .297092349725443
 5	 49178	 .00461060829146095	 .0281750200222184	 .00867358940169483
 5	 49184	 .00155823719374573	 .0153510412379126	 .0391802783186272
 5	 49193	 .0275543135322578	 .142320054745086	 .181853355426002
 5	 49236	 1E-05	 .0213906222427524	 .794302181313558
 5	 49248	 .000128786649703544	 .00546799758046679	 .000628655327671646
 5	 49251	 1E-05	 .00901499768109371	 .977856796120984
 5	 49259	 1.34139664672426	-.0194515257003953	 .987665152278549
 4	 49281	 .0194003507527848	 .0153137724438891	 .661090097781264
 4	 49285	 1.17252345632514	-.0302182207522718	 .968398575515421
 5	 49293	 .0177563789557171	 .00488952647175546	 .440704231744111
 5	 49336	 .00620791638316872	 .0177836696795735	 .0379392246371091
 5	 49343	 1E-05	 .0196530624908233	 .481700758776148
 5	 49348	 1.47423764515402	-.0424495512736987	 .996586317811281
 5	 49395	 1E-05	 .135669310677505	 .218390162926376
 5	 49396	 .29082070101978	 .0210010134911122	 .997072965376255
 5	 49415	 1E-05	 .0873908477954168	 .711588414100985
 5	 49445	 .0235498213181091	 .0104714159381993	 .848472668733592
 5	 49455	 .0236178560463804	 .0327252414467089	 .711121961744648
 4	 49461	 .0899813986364721	 .0386412864349426	 .723980577349347
 5	 49465	 .0102558296136119	 .0141355102869171	 .460774495015806
 5	 49488	 1E-05	 .196601754691944	 .0702463149768477
 5	 49499	 .0122214476140389	 .0297645254007263	 .376318468035355
 5	 49503	 .0224571265658692	 .013761792914417	 .783203024695699
 5	 49512	 1E-05	 .0535056043955925	 .0690612947004892
 5	 49543	 .0285166139093227	 .00498196333422286	 .724287808488063
 5	 49578	 .00937779525090172	 .0787400024277434	 .0110637943064938
 5	 49606	 .411240930258529	 .0388104039904634	 .985048593798966
 5	 49655	 1E-05	 .0695763744159578	 .611579645564222
 5	 49657	 .0375394694815891	 .0266331821474326	 .465930783312919
 5	 49662	 .0592846762682432	 .08896381873116	 .596461338397732
 5	 49668	 .0181807295104749	 .00636666924816161	 .829738075199135
 5	 49688	 1E-05	 .178788312508767	 .449659615324468
 5	 49692	 9.42650376112418E-05	 .012446835092597	 6.38631858940197E-06
 5	 49707	 .459297531274371	-.0290778966153566	 .983337962522895
 5	 49715	 .0028182789883219	 .00524402335957339	 .117791133984021
 5	 49780	 .0178206693683448	 .0294728751295004	 .053273269560092
 5	 49809	 1E-05	 .0514146130020708	 3.15235909755796E-05
 5	 49819	 .525879478556893	-.000976299230988897	 .986909012657352
 5	 49820	 .194854382650893	 .00641754386429038	 .993818490405368
 4	 49825	 1E-05	 .0317943098499455	 .488438452221473
 5	 49867	 1E-05	 .113952157553274	 .329584274381796
 5	 49897	 1E-05	 .0187672774052964	 .217157962395851
 5	 49900	 .333371119771787	 .117309095352821	 .898464458881394
 5	 49917	 .0666242432303704	 .055729703776807	 .462251633035308
 4	 49935	 .234451711256347	 .025707283991232	 .84509658885048
 5	 49946	 .0478728781023234	 .0224907475999005	 .851255829150663
 5	 49951	 .00762826032937405	 .0175940492518773	 .0867157956327016
 5	 49973	 .183080734311228	 .0232374541023948	 .889721045014785
 5	 49977	 .0428436929485177	 .0167150603306767	 .979135168665669
 4	 50004	 .0436040556571459	 .0166424414530294	 .879926987621868
 5	 50033	 .0147234815232747	 .00570397513875968	 .801812278774734
 5	 50087	 .00637919988251274	 .0257937449309738	 .203577654189905
 5	 50094	 .157574331545842	 .0543838311554739	 .852411012234481
 5	 50107	 1E-05	 .00840353114361794	 .475968074221537
 5	 50135	 .00464138101449498	 .00640760026989226	 .266482648198967
 4	 50177	 .456436225312808	 .144425088938285	 .570690638153732
 5	 50216	 .0844035186901631	 .00559511554519586	 .786575259407806
 5	 50246	 .207204064132683	 .038543595726572	 .922477564527736
 4	 50265	 .0232551621086273	 .0075861971180357	 .85727949492666
 5	 50291	 1E-05	 .0289137489945908	 .431464328510007
 5	 50292	 1E-05	 .0459398413763419	 .597053231114475
 5	 50295	 .477750833576645	 .0839949171024013	 .83921558790696
 5	 50307	 .00115392307993825	 .0122518757432561	 .0112181718561745
 5	 50318	 1E-05	 .291139183645587	 .279531055483877
 5	 50342	 .0594012175322673	 .0119290260543028	 .72828902702831
 5	 50348	 .307852461190158	 .104559126048306	 .913480503985971
 4	 50372	 1.25931116749666	-.0126336180184988	 .991293209281466
 5	 50387	 .0542042061965875	 .0569114987508672	 .658740013189277
 5	 50390	 .113539158602029	 .015690410396921	 .684776018345895
 5	 50391	 .00883117129195602	 .00910155224754983	 .619920405345811
 5	 50412	 .0271103672643645	 .00149012036910322	 .682352738903434
 5	 50495	 .0839051277167377	 .0555924193152803	 .258862653010399
 5	 50497	 .0150554325683575	 .0238987635028903	 .349656387756742
 5	 50512	 .025589043746799	 .0131930820214291	 .553578805631009
 5	 50517	 .0137528794112399	 .010020718721675	 .800612845695148
 5	 50524	 .0677568882877597	 .00971282489892271	 .810901347071542
 5	 50587	 .00737923143657841	 .0104055104945829	 .535134188033014
 5	 50597	 .00168822658232146	 .0266077976002355	 .00689205542589877
 5	 50608	 1E-05	 .0220068571745435	 .451528968014877
 4	 50637	 .00117255019758467	 .0364542747602568	 .000371357483419987
 5	 50662	 1.11376471095362	-.0859598333112708	 .994798035043523
 5	 50664	 .0581459421667404	 .050549521098492	 .564154354326188
 5	 50667	 1E-05	 .0403750966008337	 .137002742100778
 5	 50674	 8.38209032161602E-05	 .0179549454690593	 8.8252802670219E-06
 5	 50721	 .00797460072128002	 .0266623974224682	 .117937394184333
 5	 50728	 .551056700104678	 .128808418569126	 .646229169083595
 5	 50737	 .0729364715259204	 .192729058285332	 .0559872627924453
 5	 50742	 1E-05	 .031585150850395	 .37817280824838
 5	 50767	 1E-05	 .0235487081092714	 .125977698858315
 5	 50804	 1E-05	 .0127996558765818	 .560826529907971
 5	 50854	 .00742703564241036	 .0238599268241692	 .0265434025206588
 5	 50874	 1E-05	 .262445538666407	 .08181606050918
 5	 50894	 .270214767324892	 .0419274265696422	 .814339696947888
 5	 50897	 .00149669474052079	 .00651427530661131	 .417953141693736
 5	 50904	 .00517939686922409	 .0248496798570144	 .0093931307622005
 5	 50932	 1E-05	 .0260938584859318	 .0590304891247047
 5	 50955	 1E-05	 .0348685952369721	 .303745028570943
 5	 50961	 .383071084448858	 .227985113744342	 .168515464686229
 5	 50970	 4.27003272375591	-.442269644669849	 .988102887288435
 5	 50974	 .0593073365558893	 .024330578786091	 .209633834265043
 5	 51003	 1E-05	 .0143489236823628	 .635093991203271
 5	 51063	 .345940682185047	 .0010774433179955	 .987207073592879
 5	 51081	 .00400863337018739	 .0160383887175828	 .996217831544851
 5	 51115	 .0905200525194084	 .0273977912926817	 .839545641911401
 5	 51128	 2.72661926906282	-.293249978626672	 .974377086048098
 5	 51132	 .0302079941714168	 .183497679795292	 .22871408712835
 5	 51140	 1E-05	 .00337727786661125	 .149351059144215
 5	 51154	 1E-05	 .0616683341364322	 .860032786262362
 5	 51181	 .00862509585854375	 .0830305568031563	 .00901677699947423
 4	 51252	 .0969685070986041	 .055169324546853	 .931502679874474
 5	 51258	 1E-05	 .0573418826713018	 .133939315435242
 5	 51282	 .146095063652572	 .00782474455754306	 .991110283090646
 5	 51324	 .698273067147275	 .0261514030684216	 .997919084453693
 5	 51330	 .186670723418812	 .0646468088857023	 .964529360629586
 5	 51355	 1E-05	 .0394971859118257	 .000145064991452393
 5	 51387	 1E-05	 .0094979260811804	 .278200626965757
 5	 51388	 .0241142344668714	 .0437880729768174	 .549434256279595
 5	 51390	 1E-05	 .0261024279022371	 .232107883764014
 5	 51426	 .0246339879798631	 .00313976243885507	 .587662810302125
 5	 51431	 1E-05	 .0241100982196612	 .0793739261166451
 5	 51469	 .518863497704801	 .0544900663399949	 .987572004021736
 5	 51485	 .0698336670603059	 .0686700429025994	 .124068853532197
 5	 51495	 .000443266444456262	 .0230440567464541	 .000871071494887521
 5	 51498	 1E-05	 .103461975548868	 .820334475347419
 5	 51510	 .121616310735522	 .0262609944465792	 .952457097517082
 5	 51519	 .0298249221258365	 .0229246167302013	 .815981225802689
 5	 51532	 .186073338515348	 .0677348842586938	 .497900265936559
 5	 51569	 .008447736336851	 .0109848696175635	 .303116994833336
 5	 51578	 .0245805198174198	 .0110689237684831	 .923692509357642
 5	 51639	 .0798024548920954	 .0298648207466539	 .698508729620359
 5	 51666	 .093459896199311	 .0112211590977495	 .744401863378722
 5	 51695	 .00430219208826524	 .00927383354565026	 .203329517739998
 4	 51710	 .552249575960814	 .0847628815586871	 .816960943561558
 5	 51727	 .186459492562267	 .0225500796696768	 .948687923011432
 5	 51741	 1E-05	 .0472173102631091	 .610451961123438
 5	 51775	 .130977579521582	 .0138504978813918	 .692472887525243
 5	 51780	 1E-05	 .0328243556070657	 .0229348839221162
 5	 51805	 .41140209650082	-.0406585144245118	 .980245961159914
 4	 51807	 .0345893601127037	 .0375458053930437	 .187470678847069
 4	 51838	 .11882161886451	 .0142239828875235	 .9753885550429
 5	 51844	 .24848686846798	 .0662163687642389	 .456962364217134
 4	 51879	 1E-05	 .0176699883076905	 .187335961783829
 5	 51895	 .259138744165039	 .11897681668373	 .926072250289447
 5	 51929	 1E-05	 .0278501130904445	 .445412871496774
 5	 51933	 1E-05	 .0359719645501236	 .62501865730995
 5	 51937	 .00274929776694624	 .0191628902172907	 .045222422906763
 5	 51996	 1E-05	 .0694702848048552	 .191834827300668
 4	 52006	 .0149421335220027	 .0172474321120585	 .45227464407968
 5	 52012	 .00325302683792994	 .00489964927892603	 .119945980148055
 4	 52067	 .203528876424726	 .00380036367834656	 .998081737404412
 5	 52074	 .0403657799595758	 .0259248350265466	 .211829496209587
 5	 52084	 .0598989536561305	 .153477989964413	 .0191615649376131
 5	 52088	 .028897307331323	 .0163186363676663	 .770557541002184
 5	 52103	 .926104243393433	-.0403879535114939	 .981761732685202
 5	 52110	 .181251454870493	 .0473648323941886	 .941675617475841
 5	 52114	 1E-05	 .0358592355781609	 .00558722362053343
 5	 52144	 .253843559579513	 .0500567636447446	 .670218539175295
 4	 52149	 1E-05	 .0277464899147189	 .765301907736658
 5	 52152	 .0139603864955395	 .0332055085465348	 .141464556002526
 5	 52168	 .0394105866715087	 .0620305730266016	 .554767691109389
 5	 52238	 1E-05	 .0433329406933725	 .000179216040786856
 5	 52249	 .683230704745177	 .0143854945482098	 .981082265033432
 5	 52365	 .0280960468591591	 .027756317769015	 .629054158963177
 5	 52378	 .199536569374538	 .00666691522260766	 .978050137986675
 5	 52386	 1.19867024600864	-.0346632212940294	 .998492800479291
 5	 52411	 .0157011922466935	 .0962397757481985	 .0108930086428815
 5	 52420	 .0218639474533679	 .025641456888289	 .538515615891912
 5	 52433	 1E-05	 .00659774327338977	 .627787548485891
 5	 52456	 .192324036680155	 .0295804696849921	 .865721019628329
 5	 52477	 .00779269090314239	 .0149957662548538	 .6255297252951
 5	 52495	 .0190447504927217	 .00408204772838063	 .534201399889302
 5	 52513	 .0824411996052696	 .0138773094026105	 .978279301520506
 5	 52532	 .04934887088559	 .0237621254083177	 .923416318457952
 5	 52602	 .180077341553261	 .0149256128466533	 .947629060362218
 5	 52609	 1E-05	 .0190056768570462	 .0149299731483785
 4	 52620	 .00791626629219307	 .00371240062337484	 .775173011760741
 5	 52676	 1E-05	 .0132010524728401	 .202978174288221
 5	 52699	 1E-05	 .0410176353422485	 .827660845332123
 5	 52768	 .03301015660631	 .0400272576815144	 .143368921475224
 5	 52772	 .0736280955749196	 .030833377444698	 .443839016008069
 5	 52781	 .044669288772638	 .0509909079304104	 .503005426595551
 5	 52811	 .00773200042742205	 .0168848985972395	 .874786466891965
 5	 52884	 1E-05	 .0140604755258614	 .387392193621116
 5	 52892	 .0110197499360271	 .0138009686094894	 .697993384266566
 4	 52900	 1.83719092147563	-.117535908934822	 .981277109788219
 5	 52906	 1E-05	 .01674611413037	 .00946955080619805
 5	 53001	 .0428656299198876	 .00702126572644992	 .848880627875383
 4	 53032	 1E-05	 .00406672786512195	 .0100021158397839
 5	 53038	 .0521001851324575	 .00976882190231319	 .95344538006448
 5	 53044	 .416083504408027	 .0128380283020093	 .994663026662683
 5	 53101	 .0259468645947209	 .0112915144603974	 .707678919421697
 5	 53163	 .0254091323056585	 .0302035917522178	 .297479760155942
 5	 53193	 .014027646570116	 .0103557744067422	 .363800692335446
 5	 53204	 1E-05	 .0561015869361684	 .367910809714028
 4	 53209	 .0325232427706721	 .0491106026365509	 .0892231358290192
 5	 53262	 .0176803877169147	 .0155148205576946	 .943283349306646
 5	 53281	 1E-05	 .0204543463015341	 .308982960203661
 5	 53291	 1E-05	 .0116042104992752	 .413859004960814
 4	 53305	 .151547028478391	-.00934300904047857	 .771973079802269
 5	 53327	 1E-05	 .0578300490483292	 .857983142618855
 5	 53359	 .0496515660962705	 .0182557494781988	 .70565848496639
 5	 53370	 1E-05	 .43605886325341	 .272595567817567
 4	 53392	 .395360540203858	-.0134522174078641	 .96847122369172
 5	 53457	 .00661803219752109	 .00784074637879861	 .934383736822879
 4	 53523	 1E-05	 .0295982777480675	 .174669057688232
 5	 53538	 .0713734708707846	 .0463353414171108	 .979173168036015
 5	 53566	 1E-05	 .0262065811890918	 .0099966203451981
 5	 53630	 1E-05	 .0141403570672298	 .127628239111725
 5	 53634	 .165952433822561	-.00412072854789654	 .653852664859333
 5	 53662	 1.37155239298873	 .0673768876491075	 .912312895988528
 5	 53718	 1E-05	 .0254217393340608	 .000759953411786363
 5	 53734	 1E-05	 .0152994256799537	 .0956514418778099
 5	 53747	 1E-05	 .113993953564546	 .221088528467337
 5	 53772	 .0118132156786349	 .114156791419617	 .00341914186629522
 5	 53787	 1E-05	 .0138824728675785	 .846659141966196
 5	 53805	 1E-05	 .0113726405339659	 .168804229073362
 5	 53939	 1E-05	 .0420082984857002	 .100543680715664
 5	 53947	 .0351183804650596	 .0253888479064142	 .848411842210778
 5	 53991	 .867494294062925	 .08213173952834	 .848821737492109
 4	 54022	 .00567244568120942	 .00482950773603261	 .198389817734437
 5	 54046	 .0343263815899121	 .0276874096202407	 .999666447722646
 3	 54061	 1E-05	 .0429416851478299	 .462960424934023
 5	 54064	 1E-05	 .0188901348520777	 .0486011644755965
 4	 54100	 .0624873845388756	 .0292335297381266	 .722270231873601
 5	 54127	 .00277282894098612	 .0153397419736593	 .0186624296606919
 5	 54154	 .0168510656397382	 .0414116043886753	 .907392591169148
 5	 54168	 .125260596913904	 .0326826513646812	 .871524891285559
 5	 54198	 .00304835021198967	 .0111013517976029	 .0382207122893353
 5	 54209	 .507058288102312	 .150926893877188	 .524583533090945
 4	 54247	 .17745771333197	 .0153570223219708	 .849992652209193
 5	 54272	 .0222732430007613	 .0312194850430515	 .322220176491149
 5	 54325	 .000706975469390606	 .00414795365704363	 .0521188403005362
 5	 54349	 .0455612869389862	 .0334530077683086	 .145729606215724
 5	 54405	 1E-05	 .0110561939285343	 .250320902909026
 4	 54414	 .855565767963716	 .00236532274210953	 .96420766580489
 5	 54460	 .0295357951049382	 .025036010324429	 .431346219604247
 4	 54476	 .0426482376810609	 .0144028761429475	 .984180807544097
 5	 54515	 1.73625381208839	-.10007262016393	 .984920928140074
 5	 54544	 .0936982360477589	 .085800646041818	 .324115669759511
 5	 54545	 1E-05	 .0130431430799868	 .0306815623074971
 5	 54560	 .0638977071495632	 .0700322820035689	 .160621089307123
 5	 54562	 .0600294631563662	 .000250917637363954	 .918360695109945
 5	 54565	 1E-05	 .0304323370905482	 .120550741925893
 5	 54576	 .0309859827592594	 .0327054143229276	 .919825115994106
 5	 54618	 .196425920518305	-.00793648717033383	 .93892236163014
 4	 54639	 .00632542562977787	 .0169803587217416	 .107027703844802
 5	 54650	 .238554370410279	 .0498039387391729	 .880941843113387
 5	 54653	 1E-05	 .0264200666028411	 .00394388507794063
 5	 54690	 .0418683041581962	 .0298193918787088	 .12738515700561
 5	 54730	 1E-05	 .0263037800765582	 .0520598389028539
 5	 54747	 .00505406054006939	 .00962828663566308	 .0989089613793691
 4	 54759	 .0430160272510206	 .00954024795769793	 .860892571712755
 5	 54816	 1E-05	 .317624804125649	 .150756387928246
 5	 54849	 1E-05	 .028672508141548	 .559355974697426
 5	 54850	 .875410007493521	 .0504022132193415	 .933038294446643
 5	 54865	 1E-05	 .012921668306567	 .00196770483914221
 4	 54901	 1.94260301253797	-.0452269843110189	 .959954773251847
 5	 54907	 .01160710265157	 .0181342866278038	 .134396696294709
 5	 55022	 2.91583769873351	-.153081224760255	 .995190369614476
 5	 55030	 1E-05	 .0158517110050466	 .107579586897396
 5	 55063	 .0558819938886567	 .0207397792547464	 .990281714335609
 4	 55065	 1E-05	 .043758571975629	 .399492087611917
 5	 55066	 .0181090009242315	 .0122843154981104	 .716086475955094
 5	 55072	 1E-05	 .00764818238120412	 .0926556610964885
 4	 55096	 .527615131825635	 .180641301557603	 .481836180278215
 5	 55116	 1E-05	 .119979619988623	 .898917204657121
 5	 55132	 .113219790706154	 .00776257127287741	 .998106461877066
 5	 55148	 .0319105452118189	 .0132373836240068	 .998811215774454
 5	 55171	 .0505759498602643	 .00940726245649319	 .706070589853515
 5	 55186	 .00496690928450795	 .0318180193682397	 .164569583652581
 5	 55188	 .0639170396182287	 .032981677539763	 .893093752007073
 5	 55194	 1E-05	 .0606687433954907	 .823094255226086
 5	 55212	 .0544104205232043	 .0639130407397547	 .537546188044142
 5	 55235	 1E-05	 .0608408378330913	 .226479944289448
 5	 55247	 1E-05	 .10586093454322	 .264162090342591
 5	 55336	 1E-05	 .116288065624086	 .645183096146123
 5	 55339	 .0204804084132162	 .0238945299355513	 .609138915838372
 5	 55352	 .366090034466122	 .0227280466680785	 .948219638145375
 5	 55363	 1E-05	 .0129045973756318	 .209821259964239
 5	 55366	 .0148110873108048	 .0140897840371956	 .764789090063463
 5	 55372	 .0175589382152659	 .00869525285954449	 .951367649133491
 4	 55376	 .0542255877637017	 .126696313960066	 .231893421017667
 5	 55454	 .00131442444040107	 .0327833910608625	 .00137268214783115
 5	 55455	 .0506240585914542	 .0347121001194911	 .603928707472641
 4	 55458	 .179926205390031	 .0464905941630831	 .941982685282327
 5	 55482	 1.12030710676143	-.00696208403570296	 .811256951031008
 5	 55483	 1E-05	 .058587581778412	 .554622386093815
 5	 55487	 .126896752079165	 .0346758973376506	 .387596824325155
 5	 55500	 .00314126461695327	 .00821768548439507	 .140154849399548
 5	 55574	 .302929661453114	 .0525234390175778	 .966830609258185
 4	 55585	 .24855061822735	 .0398946368964133	 .910841056497053
 5	 55589	 .0258779746217785	 .0291072376244273	 .571383947670408
 5	 55602	 .00861680082597819	 .00398201165515537	 .790495563095945
 4	 55618	 .0403965177592021	 .0187165125892928	 .933566191782957
 5	 55625	 1E-05	 .028022265755993	 .0362165641753941
 5	 55728	 1E-05	 .00965020507657757	 .00225072880579391
 5	 55738	 .345102874602541	 .0297675065921852	 .586069808514813
 5	 55781	 .000202148842943551	 .012980169554531	 .00066287463917325
 5	 55792	 1E-05	 .0816529479743164	 .795741547839064
 5	 55831	 .00563848375426153	 .0223243237582691	 .00556751506684772
 5	 55841	 1E-05	 .199961971842051	 .545391756694933
 5	 55855	 .0263275040126946	 .0175710898792438	 .770178555151664
 4	 55865	 .0175647129468693	 .00485097893748816	 .721507525208106
 5	 55874	 1E-05	 .0186876308228015	 .904325956860631
 5	 55896	 1.40943314258884	 .0286782725118763	 .892934280837533
 4	 55915	 1E-05	 .00317248629520632	 .682068156124779
 5	 55923	 .331344777836579	 .0196457598037884	 .977503582467483
 5	 56048	 1E-05	 .0044360909615858	 .163868808735053
 5	 56090	 5.32235145440223	-.485506976293903	 .975650596292146
 5	 56108	 .0639308429697887	 .0206065288365107	 .623393723127915
 5	 56127	 1E-05	 .016333815841626	 .457301124861557
 5	 56136	 .056236677440866	 .0488988172848022	 .305651490333746
 5	 56144	 .0614220503453536	 .00605490674762373	 .64684565399363
 5	 56169	 .00505100760477805	 .0163256912967261	 .486859832607081
 5	 56215	 .0895093196634326	 .0207290055099847	 .708551460144564
 5	 56239	 .0121492052248522	 .0128461373235334	 .128819066847518
 5	 56256	 .00396534895911802	 .0168560991159158	 .0628132290610484
 5	 56270	 .0900633687610499	 .00961060577163178	 .98093950689384
 4	 56297	 .290021025391091	 .0290772008931949	 .982320072866555
 5	 56311	 .00166817439594042	 .0230093275918387	 .00440843518980361
 5	 56335	 .10718932880979	 .0550947068275233	 .597579665413024
 5	 56339	 1E-05	 .335853009399557	 .121434712411574
 5	 56342	 .00477506491053956	 .059657080456012	 .00370566530091776
 5	 56376	 .48376692168352	 .0674283344170535	 .870670549372145
 5	 56424	 .0149722574719234	 .00779444820537691	 .744514472792445
 5	 56474	 .0533077967080831	 .0280946994465763	 .54511075280994
 5	 56496	 1E-05	 .0266453941439629	 .659091059700467
 5	 56498	 5.70785067622224	-.521606870411545	 .96398318615169
 5	 56509	 3.73833106058258	-.154665822001135	 .987062582292308
 5	 56521	 .0631149619670157	 .027067896353164	 .917615931005927
 5	 56552	 .0461969389230028	 .038535231484398	 .223847494894553
 5	 56582	 .012408571819218	 .00460046988599917	 .211157497221637
 5	 56608	 1E-05	 .23803100574716	 .00384411063150003
 5	 56635	 .0959478717976351	 .0197632607952642	 .951789862527618
 5	 56638	 .87649262056556	 .0151782469596204	 .978328239134612
 4	 56654	 1E-05	 .0286860800362132	 .709105577909719
 5	 56751	 .223279584742359	 .102057521377527	 .940444282940016
 5	 56759	 .134997008707444	 .0414174541408752	 .786514707284071
 5	 56789	 1E-05	 .0849609943347437	 .230780812398991
 5	 56791	 1E-05	 .0361966694264625	 .858012649106507
 4	 56797	 .00224072984915988	 .0994249170899434	 .00202607582226288
 5	 56822	 .159039960397225	 .119453826965871	 .990213271033047
 4	 56837	 5.64924031392449	-.474768568568111	 .992607336960372
 5	 56840	 .0891404153640591	 .0230200943208113	 .983226358781502
 5	 56860	 .137402093071835	 .0346272600151717	 .841202489331655
 4	 56875	 .0410475158947516	 .0128041942540735	 .785407356778929
 5	 56911	 .186810727955421	 .033307794681321	 .75272090342963
 5	 56912	 1E-05	 .0679488746555572	 .639587264682684
 4	 56921	 1.54594158956173	-.0707053254516241	 .929708381501089
 5	 56938	 1E-05	 .0369063274711527	 .110292801637311
 5	 56956	 1E-05	 .0384180051310362	 .323266113637276
 5	 57008	 1E-05	 .122695034502177	 .00221953440002176
 5	 57016	 .0451142356334789	 .0298379172099837	 .941837954006465
 5	 57035	 .192096468118632	 .0596091541593806	 .730590251432688
 5	 57057	 .000148131881859677	 .00974418300109666	 .000446186501884327
 5	 57075	 .0127758918663626	 .0190716646999595	 .12883050784341
 5	 57115	 1E-05	 .0842450033616301	 .543382108377807
 5	 57118	 1E-05	 .0123193142332552	 .639879627927727
 5	 57130	 .00954385655111122	 .0245639293456109	 .480547321200832
 4	 57142	 .2620182086155	 .100005701042324	 .430849585507502
 5	 57150	 .459482240081857	 .0733435769995969	 .782926485124291
 5	 57194	 .0620489653431473	 .0447721368032668	 .25276333291643
 4	 57207	 .219334213078311	 .0600635496039909	 .677593198898364
 5	 57214	 .433450437585775	 .108312793223966	 .554030567991501
 5	 57234	 .0129464695337543	 .0195945597852467	 .0801046334139075
 5	 57324	 .0628479227641466	 .0193013853108513	 .528639215491763
 5	 57341	 1E-05	 .0190144952348158	 .520914404446159
 5	 57354	 .00546380421063275	 .0196878655516399	 .0234926246080692
 5	 57355	 .0270365771525237	 .0105239092164944	 .471697205291485
 5	 57361	 1E-05	 .205987168969654	 .0322984596720931
 4	 57366	 1.57524436388544	 .0931979939079703	 .902039724922825
 5	 57393	 .975027716259048	 .0703574961657755	 .852810430404432
 5	 57431	 .0192928662413343	 .0213419034665038	 .513946079370736
 4	 57443	 1.20107918291576	-.0745638036519121	 .998001914671606
 5	 57502	 .0113136066068597	 .0301259711714322	 .809589597672831
 4	 57520	 .00987839527146147	 .0101171367635439	 .9585722345812
 5	 57546	 1E-05	 .0112763918153826	 .00299797179374894
 5	 57551	 1E-05	 .0293819239108017	 .0392590709954032
 5	 57589	 .011113383872394	 .0126320711311041	 .678063986850911
 5	 57677	 .517818971541711	 .108782399308536	 .467038907597548
 5	 57732	 1E-05	 .0244822575706789	 .174766612522901
 4	 57768	 1E-05	 .0366461440784088	 .0649906063489419
 5	 57781	 .359925332123093	 .0636678348873312	 .813974771746797
 5	 57805	 1E-05	 .0538712063444125	 .186380270156281
 5	 57812	 .0612201041316452	 .00449920289821256	 .988637763414796
 5	 57859	 1E-05	 .132227588235603	 .313932319174149
 5	 57885	 .329489224760179	 .0214438205301461	 .924404508720395
 5	 57890	 .695330043320475	 .043543342153161	 .941331351875581
 5	 57945	 .127956200123301	 .0145761808387576	 .952037914780114
 5	 57949	 .0508743382005567	 .00762292044984433	 .524119376279914
 5	 57953	 .504791682940691	 .0492610457354736	 .913306692707583
 5	 57956	 1E-05	 .0134043981590664	 .00152019338117937
 5	 57988	 1E-05	 .0908180223483595	 .636907307613826
 5	 58021	 .0108602915994651	 .0198918588672973	 .0696657645280894
 4	 58063	 .00784350788449117	 .00441054073631382	 .572204808238612
 5	 58083	 .0145087707977374	 .0256838383079437	 .0695798539404681
 4	 58086	 .135707690259527	 .0146414608356913	 .961298783673531
 5	 58095	 .0079282108197288	 .0345924698721417	 .0704846356076816
 5	 58109	 .211514787516202	 .0989213411364191	 .828187530614241
 5	 58132	 .0558207420332687	 .0147918647599832	 .696149643703296
 5	 58144	 .000495333763749219	 .00692348263760319	 .0120708457110504
 5	 58152	 1E-05	 .0366296422316617	 .504691010075144
 5	 58153	 .046455351596139	 .0136882426265182	 .9564659271868
 5	 58161	 1.03938014070851	-.0174553896833443	 .950933498454387
 5	 58206	 .0140431478373937	 .0133461445562566	 .895406834653867
 5	 58223	 .0382813049496909	 .0320997508978372	 .537332738629301
 5	 58226	 1E-05	 .0188284533043572	 .628117689776517
 5	 58242	 1E-05	 .0315239328132737	 .304225417188089
 5	 58278	 1E-05	 .094279465568621	 .35353882770405
 5	 58306	 1E-05	 .254423953301292	 .121558900368113
 5	 58315	 1E-05	 .0209792077465389	 .434952600060998
 5	 58388	 1E-05	 .00933830229243208	 .1638080562588
 5	 58390	 .257730257573425	 .0499926539511071	 .907248539425766
 5	 58407	 .00811935349915941	 .0402415866683428	 .491435001493504
 5	 58529	 .814507530006755	-.07875635554196	 .967149378457011
 5	 58560	 1E-05	 .0278291573597515	 .692612532903137
 5	 58584	 .011927469081825	 .0240836968773231	 .92281567039161
 5	 58593	 .0188619563549709	 .0155354353469225	 .479076675058871
 5	 58634	 .127721321431862	 .0337252302854428	 .550666642129325
 5	 58679	 .037181291826739	 .0537722329902679	 .15011630291484
 5	 58713	 1E-05	 .0180881227327375	 .366857453287214
 5	 58719	 1E-05	 .0287717092983706	 .136638077553296
 5	 58725	 .257906294514504	 .0487270140742557	 .785983129725164
 4	 58733	 .297313143632006	 .0174461740692521	 .995350638468949
 5	 58788	 1.64852432301054	-.0695310735407438	 .964764654803815
 5	 58819	 .0244670710864504	 .0413381015462139	 .299068404169119
 5	 58825	 .0109653488932029	 .0177770969003312	 .85231395404707
 5	 58836	 .543075767990562	 .0182536718241025	 .996832855236476
 5	 58837	 1E-05	 .026528927241921	 .869967879712048
 3	 58861	 1E-05	 .0365988457970164	 .864691688081097
 5	 58884	 .714466627853501	-.0264837852719546	 .986862641775285
 5	 58893	 .114239074476724	 .0690722700849648	 .96402634798378
 5	 58897	 1.20716971272714	 .145405800730958	 .553657169783682
 4	 58900	 .00133183777511812	 .00420784929963862	 .230608614136727
 4	 58932	 .296114684413617	 .0146498577985256	 .795018127099227
 5	 58939	 .00932366263908984	 .0106807873684919	 .34347914207262
 5	 58977	 .146623515234594	 .0665111352117066	 .542374103512985
 5	 58981	 1E-05	 .00901227615123202	 .13051770325234
 5	 59048	 .0483931754457457	 .0190616717224307	 .885034893332548
 4	 59098	 .124118064493464	 .0307934446994527	 .963140397513981
 5	 59115	 1E-05	 .0281589527415423	 .318529231200145
 5	 59125	 1E-05	 .042367337184158	 .928706474300295
 5	 59130	 1E-05	 .0351289621337244	 .499203382069455
 5	 59147	 .00131587385611148	 .00909119125930687	 .290831201972079
 5	 59155	 .00578167067387539	 .0110234919769795	 .151517003284793
 4	 59158	 .0717762033811867	 .00378917632236325	 .995206568769467
 5	 59175	 1E-05	 .0354744356425484	 .857472006972984
 5	 59243	 1E-05	 .0731872639922719	 .285353965934949
 5	 59284	 1E-05	 .0585335662548027	 .640911345607568
 5	 59291	 .0487294664175409	 .0424444691575456	 .337306600750286
 5	 59318	 .104803129294162	 .0394862164741208	 .182171648427871
 5	 59326	 .020340075262347	 .0061697208295651	 .358360722232672
 5	 59376	 .0401433927164787	 .0848215894270916	 .383929232999702
 4	 59422	 .333360934741512	 .163593061668748	 .553075170493728
 5	 59431	 .00671284131260387	 .0129405145937043	 .171527157055312
 5	 59444	 .25387941342171	 .0703211722592043	 .956456329326568
 5	 59447	 .0122031800960483	 .00850732368981783	 .321587619777206
 5	 59461	 1E-05	 .0628988366469757	 .824413671444793
 5	 59474	 1E-05	 .103887305957074	 .0651475119146141
 5	 59481	 .00399813023177482	 .0146095109684537	 .246991314630547
 5	 59509	 .306977897570636	 .0478719308612612	 .947606338780426
 5	 59526	 1E-05	 .0156837189975926	 .198908524872654
 5	 59527	 1E-05	 .0821168123830788	 .546240157482195
 5	 59531	 1E-05	 .024116098833818	 .760630231644368
 5	 59542	 .06162607498561	 .00650485796184793	 .793001912820742
 5	 59554	 1E-05	 .0211504030700713	 .160514034609961
 5	 59557	 .185757942788592	 .0476254597394757	 .826776361587178
 5	 59569	 .705349996482241	 .160365080450717	 .957931475826447
 5	 59618	 .0240510373509856	 .0424994433720056	 .0242701903732626
 5	 59642	 1E-05	 .0386359344012381	 .351849645449289
 5	 59645	 .0163118663406741	 .0288132423064506	 .470831965720635
 5	 59670	 .116158008500579	 .047975574796374	 .905804481007241
 5	 59686	 1E-05	 .0861188745677158	 .222768803223638
 5	 59690	 1E-05	 .0249219746708873	 .136510891485831
 5	 59704	 .0376828308806483	 .00433729147241332	 .501067616254859
 5	 59719	 1E-05	 .0120100494412063	 .0155878351931091
 5	 59720	 .0239867975673956	 .0206265483220966	 .520818176626992
 5	 59726	 1E-05	 .0553766081186212	 .0861558892643306
 5	 59743	 .0392268706615631	 .0150824798016416	 .935521064673571
 5	 59749	 1E-05	 .0542376799352644	 .320664026781798
 5	 59838	 .0741248978971406	 .0561878113347845	 .24838697121554
 5	 59876	 .821544049996283	-.0374995021935945	 .999950445836705
 5	 59893	 .00360671476648437	 .0201641616576588	 .0104025076095901
 5	 59897	 .0136646410838855	 .0419042172971622	 .227873650385503
 5	 59910	 .00345417554395977	 .0266172305215999	 .0386940406190488
 5	 59916	 .0149508919430469	 .0271780185175352	 .0598933631449615
 4	 59931	 .983333180295313	 .0777409851028785	 .970799656519567
 5	 59932	 2.78625975796868	-.0550852589842221	 .998977858216989
 4	 59957	 1E-05	 .13220946881688	 .371818139446952
 5	 59972	 .14391934612666	 .000805350061981471	 .864428764613973
 5	 60072	 .0389848110153355	 .0603607777040116	 .486023910011106
 5	 60093	 .00941604375187536	 .013875716952182	 .981276817980602
 4	 60124	 .187745094812621	 .00193716416858888	 .999116675722687
 5	 60149	 1E-05	 .0896373152603347	 .100798867227536
 5	 60155	 .0327785576574536	 .0469242608919172	 .38772697763377
 5	 60199	 .00105840783297902	 .00571335342832023	 .00379972456411792
 5	 60218	 .144018225381998	 .157981793035143	 .234442878123868
 5	 60285	 .0831529806225675	 .0159933750551025	 .798611213274359
 5	 60301	 .0649115999912429	 .0315941350204949	 .288641661819254
 5	 60326	 1E-05	 .0352149189024211	 .150832464887363
 5	 60338	 .221719138097206	 .0179857130545281	 .975704263388342
 5	 60351	 .0165730620963178	 .0439024505806642	 .0511714338517866
 5	 60402	 1E-05	 .105319688224693	 .215440930752776
 5	 60454	 .00697733228252539	 .00552566968410841	 .765978963590001
 5	 60477	 1E-05	 .0156392033087601	 .914951996597887
 5	 60494	 .00163305082235417	 .053558767525835	 .000789592343676593
 5	 60509	 .0240075172625916	 .0200386883382365	 .55933160767755
 5	 60532	 .160060526869529	 .0194807195326458	 .873407643016971
 5	 60589	 .0284960612007166	 .0273045955114885	 .630206026583981
 5	 60594	 .0147866983993544	 .0269874483400952	 .233786148424936
 5	 60595	 .0248150651064112	 .00604377312869348	 .99204719298484
 5	 60697	 .0238913076003644	 .0438123772301281	 .151760095548865
 4	 60729	 .00127087520338055	 .00668550353733791	 .0523224554729863
 5	 60731	 1E-05	 .0147832589068107	 .106492247923004
 5	 60757	 .00165958738932126	 .0144992446399196	 .264672355364095
 5	 60800	 .0112699072018146	 .0204087916007441	 .16193618433256
 5	 60827	 1E-05	 .0143806372991408	 .105320368088308
 5	 60843	 1E-05	 .0418868570644979	 .187498996565768
 4	 60874	 1E-05	 .010521765328671	 .0158097830081104
 5	 60901	 .00597819675227309	 .0094902365222034	 .336052736894504
 5	 60912	 1E-05	 .0290163653855348	 .163266776274978
 5	 60947	 .00375457800190026	 .0133216955812677	 .181429733551842
 5	 60952	 .276393397132693	 .00314532587422053	 .983423962260749
 5	 60967	 .00272268187071008	 .0171951113664763	 .1413878586168
 4	 60969	 .00404165600259352	 .00424417702349132	 .92206152341582
 5	 60974	 .189114932642386	 .0613691347724201	 .906125653344046
 5	 60981	 .0440622560355947	 .0452753054477909	 .874299968485523
 5	 61003	 1E-05	 .0524395793564045	 .255199044959957
 5	 61013	 .045210138773009	 .0174818627962873	 .992676150837914
 5	 61027	 .021358814909586	 .00654369373624791	 .415501760104721
 5	 61043	 .00507667905493781	 .0140289126622167	 .409959245553039
 5	 61048	 1E-05	 .3994363904259	 .873810944398913
 5	 61084	 1E-05	 .0206889177241956	 .560867203630375
 5	 61117	 .010982448434442	 .00984980381875971	 .239778136752027
 5	 61126	 .0756523985291794	 .0144095700387041	 .761587086210869
 5	 61177	 1E-05	 .0118257880885151	 .137780725809762
 5	 61182	 1E-05	 .0707977263247641	 .0759110643092918
 5	 61187	 .000257758606095045	 .0215166579535318	 .00194640384657196
 5	 61280	 .113287996115846	 .00396864022355009	 .983363581590809
 5	 61283	 1E-05	 .1040690268018	 .426639535999787
 5	 61314	 .053724776439036	 .0741170439582921	 .289301710809037
 5	 61320	 .518661539398291	 .0749256264776487	 .771177201859855
 5	 61352	 .0960154965188817	 .0337731889267855	 .676259530163972
 5	 61362	 .106185314853208	 .0443820625384061	 .741173750100379
 5	 61389	 .00615040027527274	 .0126558584301398	 .711394159434382
 5	 61401	 .236803400423645	-.000640708959413785	 .998952634115419
 5	 61446	 .145009007870911	 .129329652744121	 .215660232550564
 5	 61447	 .0495293393143866	 .0332215858784391	 .752786391323771
 5	 61519	 .000381818513114836	 .12214605205445	 2.99743550058462E-06
 5	 61535	 .141595813173641	 .0734027898068925	 .740448479757873
 5	 61539	 1E-05	 .0170474430574618	 .616263789946518
 5	 61542	 .0142033167677367	 .0377104177691732	 .125871159113442
 5	 61548	 .0180042811752517	 .039399041739672	 .224258645328441
 5	 61559	 .388485452348889	 .0195539795067372	 .89895958672171
 5	 61578	 1E-05	 .00623400113987196	 .0100251197968093
 5	 61580	 .0193995341866951	 .00421190946532891	 .451424371328248
 5	 61581	 1E-05	 .0270952286861108	 .149013928881885
 5	 61639	 .0141551607475587	 .00293104699746383	 .864401686852677
 5	 61695	 .00496003806836098	 .00750042368107811	 .309748605024024
 5	 61703	 .0392315024423176	 .0599646410220674	 .154268845808154
 4	 61729	 .0729317610999773	 .0599831476291948	 .889515990849869
 5	 61739	 .125359681496178	 .00522146814677438	 .823362277336355
 5	 61742	 .400134869845368	 .139551585928939	 .643462536865188
 5	 61797	 1E-05	 .0121081151318917	 .167747133688324
 5	 61835	 .00473988837328354	 .00814872598848668	 .74503183690247
 5	 61839	 .263661119864601	 .116160352382917	 .659507750488846
 5	 61859	 1E-05	 .0219038600853759	 .135505864775227
 5	 61918	 .00666596211787001	 .0226029126854992	 .346975011789501
 5	 61933	 1E-05	 .0800329082189427	 .168746208868783
 5	 61934	 1.2046210790928	-.0378014600903035	 .995677386529408
 5	 61977	 .0477823149817467	 .0237634081922475	 .912334796322082
 5	 61980	 .14091802221602	 .0192246474545998	 .86537842838343
 5	 61983	 1E-05	 .0531145908560175	 .157143957826755
 5	 62023	 1E-05	 .0345542030414472	 .174555631179739
 5	 62042	 .00879052521662959	 .0376760722596936	 .0784092254112253
 5	 62058	 .1832401227088	 .0419040432437129	 .645812109087743
 5	 62090	 .0526825065886705	 .0217799210760214	 .52581298832263
 4	 62102	 .113046326306735	-.00459768049433368	 .999164997858775
 4	 62110	 .00249923550424328	 .0038420902325986	 .66534952849828
 5	 62118	 .0225161290787649	 .0164906739375547	 .601024746367193
 5	 62125	 .237251742096243	 .00769827403777144	 .986276666277969
 5	 62142	 .270469044293022	 .0319871640190482	 .927331831328818
 5	 62244	 .0256607887687445	 .0281454899865869	 .495119738889536
 5	 62263	 .439563284716	-.0335325646165802	 .971066690394567
 5	 62272	 1E-05	 .00816699845428901	 .319742167974859
 4	 62273	 .00160579185644556	 .00908166931509625	 .0966724219910486
 5	 62347	 1.32090593418845	 .0858242965691142	 .784761988960931
 5	 62369	 1E-05	 .0438485789760915	 .00145003606731831
 5	 62378	 1E-05	 .0317325064830724	 .20953512614434
 5	 62380	 .0262379400949566	 .0214100420120675	 .515482616859298
 4	 62419	 1.01967064444211	 .0255718111152242	 .98605785928336
 5	 62443	 .00130793263309453	 .0108663858734574	 .0557398312832023
 5	 62445	 1E-05	 .0129014771027946	 .177103407136999
 5	 62478	 .00267371220714666	 .00799081738630189	 .0903892904349501
 5	 62509	 .00167404293811087	 .00791776335278338	 .0199793731317314
 5	 62517	 .0133596573560582	 .0159112969019482	 .123883443238816
 5	 62617	 1E-05	 .0208803954947199	 .441558535468441
 5	 62646	 1E-05	 .0301766212637818	 .110070836556711
 5	 62652	 .0026419035248523	 .0150117467688638	 .0709261616850707
 5	 62687	 .272799642893884	 .040991337607293	 .946461979468825
 5	 62691	 .0296680563228439	 .0455761465451401	 .699307119990397
 5	 62697	 .00897388224959001	 .0148427847529978	 .942165358160925
 5	 62757	 .0198682200784886	 .0344369295059504	 .0966895060399878
 5	 62814	 1E-05	 .0795990313645471	 .371173903033316
 4	 62850	 .306066556470054	-.00599766545281047	 .957068252418132
 5	 62859	 .02840683989177	 .0143652613196547	 .468886293010364
 5	 62893	 .0642258946792541	 .055302916052757	 .627483267188379
 5	 62938	 .178938619611057	 .00478265503321373	 .716879861063263
 5	 62945	 1E-05	 .0328587294150538	 .538427717577133
 5	 62964	 1.27834029697374	-.033984471161875	 .980512929836019
 5	 63036	 .183017218405488	 .0589682211777271	 .916626397947435
 4	 63050	 .0745497258729896	 .00997671135124287	 .895008070244285
 5	 63095	 1E-05	 .270776798380258	 .921294076236285
 5	 63190	 .0315002639599293	 .0189594171108657	 .914863867414358
 5	 63192	 .00743590901887406	 .0299271293815032	 .0844500942451715
 5	 63271	 .013771704868854	 .00916321039751185	 .837140127504892
 5	 63279	 1E-05	 .043291914455835	 .00287923796220824
 5	 63321	 .106840657965138	 .010059767500544	 .846995444423055
 5	 63333	 1E-05	 .0414165167537397	 .409891254636259
 5	 63352	 1E-05	 .0600000278712306	 .126416959977089
 5	 63405	 1E-05	 .0468794023078097	 .106564329899737
 5	 63437	 1E-05	 .0595750022855288	 .545972968909218
 5	 63455	 .0804193778794437	 .036131998194516	 .820097746257297
 5	 63460	 1E-05	 .0372119421621106	 .278905050250208
 5	 63540	 1E-05	 .0448689971610627	 .175856422686701
 5	 63606	 2.54075864481511	-.205258736129863	 .982887976787012
 5	 63618	 .0742793072952243	 .110333301455284	 .0700623020485736
 5	 63634	 .217160394018951	-.0126640128576009	 .961159797153795
 5	 63674	 1E-05	 .011205439326284	 .393337300362885
 5	 63691	 .113782145659506	 .0107204476697084	 .924868675593492
 5	 63694	 .347956639227148	 .0318759222664712	 .959989414885877
 5	 63697	 1E-05	 .0173060110212743	 .00084750751157292
 5	 63734	 .0214869257912404	 .0184222597545433	 .741764672473208
 5	 63747	 1E-05	 .0157726950025317	 .826623686361174
 5	 63767	 .0183317312917203	 .0376662521011196	 .174244389523461
 5	 63826	 1E-05	 .0182404089077487	 .204876357692187
 5	 63827	 .056709247244005	 .0215428067116298	 .974104379448511
 4	 63829	 .00455839163741582	 .00909605487632355	 .36930158202863
 5	 63836	 .169353007225434	 .0701777113809406	 .717311997678831
 5	 63844	 .00615201365485158	 .0111119915715967	 .214723265397681
 5	 63857	 1E-05	 .0245985336737891	 .376694460815003
 5	 63866	 1E-05	 .0136336337920982	 .360490985591603
 5	 63912	 .530518145638831	-.0445890269337863	 .962325582129403
 5	 63921	 .0453749709946186	 .176709601811672	 .0446459579472454
 5	 63930	 .00611313344520423	 .0094211943393281	 .161435305467473
 5	 63952	 .0305701385467622	 .0172810997521198	 .271623746470277
 5	 63972	 7.11920172306465E-05	 .0123720783835304	 .000210770800594395
 5	 64026	 .0672825944895751	 .0503085620903764	 .599429595862023
 5	 64035	 1E-05	 .0398535005909545	 .198824806366622
 5	 64042	 1E-05	 .102579215942088	 .23414457334031
 5	 64044	 1E-05	 .0605531499841493	 .164000684685058
 5	 64058	 .0105663265590555	 .0122664327409539	 .0621078237349512
 5	 64118	 .0377063568997676	 .0238316423849746	 .568199725258636
 5	 64119	 .117874135644851	 .0664793181016594	 .592278374730749
 5	 64121	 .309910839414009	 .0721080441477007	 .308461431672235
 5	 64135	 .0202028255347202	 .0247756705914168	 .403976155969439
 4	 64141	 .070889493372222	 .019638836177887	 .643266293226124
 5	 64187	 .170432938285525	 .117361926594497	 .944413377257169
 5	 64215	 .00520837290105611	 .00952697490558203	 .535688147099898
 5	 64277	 .159325856522269	 .145162067991213	 .806258685138178
 5	 64289	 .00161324269628025	 .0107051893707906	 .0361659739713261
 5	 64293	 .0093376298312545	 .00812671356420768	 .453187545595189
 5	 64296	 1E-05	 .0393581121226091	 .768457433398164
 5	 64297	 .0556784237649784	 .051205747830582	 .989567762871817
 5	 64357	 .0271405945540478	 .0460891226558214	 .397441718488961
 4	 64369	 .00256084460452067	 .0136073320437469	 .494641189343083
 5	 64370	 .0356846776086247	 .0103047324535552	 .57987268804016
 5	 64436	 .00909802185764578	 .0041221656524186	 .589388661119109
 5	 64504	 .123461262794833	 .0138604709523822	 .781809522043769
 5	 64542	 1E-05	 .181558152927274	 .670929361019927
 5	 64571	 1E-05	 .086108884472973	 .960222317553718
 5	 64610	 .0342575229797952	 .0212008061082306	 .937138170979214
 5	 64635	 .0106567038989305	 .00867934580697852	 .178822446803144
 4	 64639	 .0295852874507047	 .0247967484455586	 .884387060726272
 5	 64646	 .241377311037069	 .0305806463373629	 .965094646653633
 5	 64651	 .00776282854365919	 .0143917644562242	 .537620279232529
 5	 64669	 .0626396032820007	 .0683895662874455	 .419899829941935
 5	 64670	 1E-05	 .0378923933476545	 .145716257734954
 5	 64693	 .121670768517985	 .00855425950961427	 .947803356862242
 5	 64699	 .0151332257568662	 .0133199176853788	 .834795948153065
 5	 64710	 1E-05	 .0306522675145609	 .615879306202967
 5	 64723	 1.04157625476174	 .0443324510738473	 .924189378515456
 4	 64761	 1E-05	 .112063523968266	 .0162137499239802
 5	 64802	 .034367588475393	 .0363394550448682	 .42849192477206
 5	 64807	 1E-05	 .0797245429195924	 .0641663522333871
 5	 64836	 1E-05	 .010982278837699	 .52637137138314
 5	 64881	 1E-05	 .0178560998967062	 .878064455562953
 4	 64900	 1E-05	 .356529429451875	 .633022432069173
 5	 64907	 .0858856707979729	 .00610657715404949	 .922048173416157
 5	 64921	 1E-05	 .0167160729840475	 .0845606801820611
 5	 64948	 .0596409435800818	 .0239535662959162	 .331524384917567
 5	 64991	 .0360158530878359	 .0160877707698046	 .583661771232286
 5	 64992	 .163237608246898	 .0873606023017252	 .958498498955139
 5	 65012	 .00765639850801719	 .0144686961694342	 .249243392849598
 5	 65027	 1E-05	 .0935235481403061	 .187647189610101
 5	 65052	 .022882899208352	 .0245731825871011	 .252849930883179
 4	 65060	 1.11830413724838	 .000274664652110491	 .999683991901316
 5	 65104	 1E-05	 .0290322603338627	 .0580807261690015
 5	 65152	 .571703146449763	 .0196522636424351	 .96229581166787
 4	 65178	 .00507651859511864	 .011418663150335	 .0358988493151832
 5	 65230	 .0340066341162116	 .0366932016218127	 .734916714815989
 5	 65239	 1E-05	 .114579495393996	 .00139223077107131
 5	 65295	 .00478780613259051	 .0973873863699503	 .00295862173335137
 5	 65309	 .10039545677029	 .0113530846985328	 .946477817163361
 5	 65313	 .704335028957886	 .0859305088800371	 .971337153005983
 5	 65329	 .044071814914334	 .0113821300588201	 .581703513195676
 4	 65356	 .255707339433684	 .0638011960195103	 .989089495589636
 5	 65385	 .106550862305134	 .10736112418228	 .486367040555411
 5	 65397	 1E-05	 .0300489010982229	 .0833062874655713
 5	 65451	 .17145098723953	 .0571261474436381	 .576225765337401
 5	 65481	 1E-05	 .0643101076283838	 .821323040495686
 5	 65507	 .0220840147624465	 .0290711266426903	 .0732247610402793
 4	 65519	 .033704871509558	 .0256163812763168	 .306933482471776
 5	 65566	 .145142675528095	 .00532109523552203	 .983215546808967
 5	 65577	 1E-05	 .0226791099139205	 .408684583021477
 5	 65624	 1.77598871996517	-.117601223167856	 .981405692942988
 5	 65628	 1E-05	 .100649744963852	 .415987097082051
 5	 65634	 1E-05	 .013878530445221	 .0412889024625103
 5	 65638	 .459864700096955	 .0355132135761766	 .527518973793485
 5	 65658	 1.1714055288891	-.064010909593709	 .989058357343839
 4	 65669	 .00801187121101119	 .064214863298196	 .0026695155549894
 5	 65675	 .0518610292349595	 .049287231434756	 .99481977698535
 4	 65693	 1E-05	 .0342527675772324	 .788233313573755
 5	 65704	 .0107993234837577	 .0115038581977604	 .430589588747994
 5	 65706	 .182871969041572	 .00336168483418163	 .996060884707734
 5	 65714	 1E-05	 .0312431781513554	 .482924426327962
 5	 65724	 .0537799205068994	 .00531052975113862	 .928287841636459
 4	 65762	 .174673627886934	 .00509633119302895	 .995779806199167
 5	 65801	 .171546515318498	 .0723875347854087	 .492917392316664
 5	 65852	 .00940088340673592	 .0020446358962526	 .811114140223715
 5	 65855	 .0130460843243407	 .00449049972424636	 .57203559144557
 4	 65874	 .013645720520121	 .0211909478124565	 .360702439075782
 5	 65875	 .00682479192882513	 .0126102420560284	 .468799241197831
 5	 65907	 .0595941469600044	 .0584407613443921	 .556857688442993
 5	 65915	 .0809340228925154	 .0299018288129043	 .359406067333675
 5	 65953	 .246361504609609	 .0201455754073892	 .780242826084152
 5	 66033	 1E-05	 .130009939782828	 .668511180452498
 5	 66052	 .00311837179256649	 .0213032293216176	 .385106599451279
 4	 66148	 1E-05	 .00961171675554548	 .007742286233135
 5	 66165	 .0300483575586554	 .0641130751332196	 .0709905132815183
 5	 66192	 .00970331351843659	 .00978867504383159	 .306094022622164
 5	 66204	 .0162085862126129	 .0424951195258643	 .0932279182004548
 5	 66219	 1E-05	 .0942861207020498	 .00051377588497481
 4	 66222	 .0189689256263086	 .0153254736545647	 .927993901225867
 5	 66235	 .0106738952404825	 .0148369498027368	 .802353939811262
 5	 66273	 .0191053529298733	 .00607988854521572	 .840478535671573
 5	 66299	 1E-05	 .0129101808029329	 .136340203300987
 5	 66312	 1E-05	 .015873699923646	 .0303799770947247
 5	 66345	 .0195485391736663	 .0304988043505329	 .053839367056229
 5	 66350	 .0729502282462498	 .0364230576603914	 .330624325382591
 5	 66353	 1E-05	 .032510557037618	 .285415823084253
 5	 66374	 1E-05	 .0381429517977622	 .260922986841866
 5	 66432	 .138613905116832	 .0358596037621423	 .942494733256502
 5	 66438	 .0041069201294905	 .0145162926307148	 .337260337079091
 5	 66453	 .0137749085113973	 .018082197175832	 .018514526780482
 5	 66456	 .499828311220417	 .0197025099520192	 .848443289719634
 5	 66458	 2.46208200105712	-.0825334914190573	 .751020464217751
 5	 66463	 .0130705037657205	 .00691327520668075	 .708239241544464
 5	 66473	 .485083128496882	 .0255931059189302	 .956734837499214
 5	 66494	 .271019656509824	 .108943177525829	 .930119921709199
 5	 66507	 1E-05	 .0226708388352807	 4.02379057824476E-05
 5	 66552	 .0388539735393787	 .0144875950427331	 .355785567747716
 4	 66592	 .00289512181459034	 .00258832841817745	 .93495634537579
 5	 66624	 .0361172637028731	 .0116231921782573	 .681291289436164
 5	 66646	 .0263716185039623	 .00899099909379968	 .929041939927062
 5	 66661	 1E-05	 .0600166735322643	 .482964727394198
 5	 66682	 .217486900396449	 .223081438413566	 .624598967853599
 5	 66711	 .431327431363548	-.020240099552381	 .973775768073848
 5	 66714	 .0237482407073131	 .016202857562557	 .55173071678799
 5	 66719	 .0105616425108774	 .0134752451818603	 .228097973571121
 5	 66748	 .0932243291882942	 .035387549187432	 .874021367807636
 5	 66749	 1E-05	 .01746468456588	 .173452630259849
 5	 66750	 .123266298822928	 .000802353303655406	 .904659480282365
 5	 66781	 1E-05	 .0718514060592176	 .381623535117197
 5	 66816	 .0165552278039158	 .0107752678832768	 .151120821760164
 5	 66843	 .0219374420718816	 .0106882234274177	 .140021318418111
 5	 66856	 .00597842729626278	 .0168750008749486	 .0980763246338145
 5	 66859	 1E-05	 .0230066499697052	 .00039441777603344
 4	 66867	 .558067078916621	-.0391905082984675	 .990956200134305
 5	 66902	 .1442765185085	 .0288976661798345	 .905909451398616
 5	 66942	 .0203182726949923	 .0101785542528414	 .734061037400212
 4	 66971	 .273096445804372	 .0168396111364896	 .971467887486568
 5	 66985	 1E-05	 .120804587488982	 .138577359245719
 5	 67008	 .0238834358482484	 .0200566672199576	 .273457537067979
 4	 67060	 .157203590930946	-.0143769635026514	 .978442097619484
 5	 67073	 1E-05	 .0796369028607092	 .163609987970642
 5	 67082	 .00268788927642476	 .0383084284202491	 .0260916614265718
 4	 67110	 .0325700196641786	 .00971699291503579	 .957053115388047
 4	 67126	 .0192581269299036	 .0245602584621511	 .954714771645981
 5	 67158	 .237744155456544	 .199482317096179	 .277128912416644
 5	 67186	 .00980193202420023	 .00542576249384096	 .267836439037111
 5	 67242	 .0120998662809298	 .0452150057872776	 .0230847872536005
 5	 67251	 .140034520721882	 .0240806994218771	 .941863847565931
 5	 67264	 1E-05	 .035221272053098	 .62670590461578
 4	 67331	 .0143605412952575	 .00798045311120852	 .890682163110574
 5	 67339	 1E-05	 .0471647510566377	 .132051824270098
 5	 67341	 .050105890384507	 .0169536089880013	 .998676628803979
 5	 67366	 .0460766203952162	 .0377538399179728	 .456833255269217
 5	 67434	 .336840919180114	 .0140687270625639	 .992212768429084
 5	 67436	 .0791246351536065	 .140457727032769	 .0849259156207206
 5	 67455	 .00983871223608359	 .0287759503038301	 .0164207168000537
 5	 67468	 .0833949182730916	 .0470049062175434	 .269130612701237
 5	 67521	 1E-05	 .0345604636587091	 .957255265543765
 5	 67536	 1.2592364040129	-.0731249717616035	 .962984999125924
 5	 67542	 .0380246415979377	 .00414737902098566	 .978219364627035
 5	 67558	 1E-05	 .0439021463709658	 .0295212990088689
 5	 67595	 1E-05	 .0133544757734646	 .267908766684461
 5	 67627	 1E-05	 .0672722170368555	 .00112477999927085
 5	 67664	 .200336858247725	 .00227923509606503	 .9674488472096
 5	 67676	 1.10390697707672	-.064792049519542	 .978444495912498
 5	 67734	 .0666704023586272	 .0703036011774374	 .117040721177937
 5	 67792	 1E-05	 .0382196726901386	 .0163284172140984
 5	 67809	 1E-05	 .0593937263115865	 .0499654554248254
 5	 67817	 .000118631513854198	 .0261141299965484	 3.30910673377316E-05
 5	 67861	 1E-05	 .111069391074425	 .539523788470216
 5	 67877	 .408088236164646	 .00756239750479406	 .970617945469046
 5	 67918	 .179713335709706	 .05063497766008	 .887315239182739
 5	 67970	 .00625555448957421	 .00418529708412826	 .261840381470979
 5	 67971	 .753268961807095	 .0910843844526688	 .893861789698845
 5	 68004	 1E-05	 .0137452684210804	 .10985451291093
 5	 68063	 .0950708979480576	 .117167361869515	 .223532881993237
 5	 68083	 .0219688939982547	 .021971901399762	 .353442921493403
 5	 68086	 .068471097767205	 .0260243303254535	 .8733839443476
 5	 68113	 .323794499659333	 .00728146754546341	 .943419536634471
 5	 68115	 .723628195749836	 .0331226895187018	 .833266970665263
 5	 68156	 .0986685371564153	 .18198046365776	 .0679702788731288
 5	 68162	 .171650842868591	 .0490972278665898	 .942277919276234
 4	 68177	 .427645864844475	 .147047839016726	 .948425431033991
 5	 68178	 .0205834757048416	 .0176060882520699	 .581244773561969
 5	 68237	 1E-05	 .0285897620792599	 .0044253067235015
 5	 68253	 1E-05	 .0637370745434709	 .00589618117159274
 5	 68255	 .0994302657192323	-.000105338183120496	 .955777577520269
 5	 68259	 1.18360507420719	-.10237688219346	 .977667645631661
 5	 68294	 .143204264367871	 .0242171126016203	 .877774191067386
 5	 68300	 1E-05	 .00742251389467276	 .0316400361406571
 5	 68338	 1E-05	 .0187657747779788	 .683612205065324
 5	 68348	 1E-05	 .0214827785846018	 .302633854381865
 5	 68350	 1E-05	 .00626275930298542	 .254081523725556
 5	 68354	 .0139697833592915	 .0245852598928485	 .555417401303679
 5	 68373	 .0171885446683506	 .0587609650742758	 .215907924698879
 5	 68385	 .426336818834096	 .0163807714384737	 .920502912606813
 5	 68386	 .0818410915834447	 .0304145990290142	 .99009039470276
 4	 68406	 .292078417029735	 .0353058916303622	 .99820564887767
 5	 68419	 .0293648558268753	 .0121727133162898	 .420441905428211
 5	 68434	 .860447701552306	 .0171233631559557	 .886567980682074
 4	 68445	 .0425559351648303	 .0276549157348055	 .507815708429541
 5	 68449	 1E-05	 .0184847024801443	 .0155861192791045
 5	 68456	 .0364772428513232	 .0127745645837215	 .289298459190345
 5	 68461	 .0593002099846273	 .0711010727945958	 .398377876497138
 5	 68466	 .0336123660441112	 .0149325220232032	 .971103430274276
 5	 68548	 .297688895105576	 .0303500647555293	 .983784741938022
 5	 68579	 .00435056605758279	 .0392228988237385	 .0323146346477808
 5	 68583	 .156451469006652	 .0442435437049694	 .924635806944754
 5	 68646	 .010975728213114	 .0202886497812457	 .0857683085200082
 5	 68661	 .0714429691636836	 .00497346497506931	 .993736665964946
 5	 68679	 1.44751922391668	-.0541609537380989	 .919754662468435
 5	 68683	 1E-05	 .0175869266084418	 .638398141543901
 5	 68702	 1E-05	 .0243847929173866	 .54767837231602
 5	 68704	 1E-05	 .119190956430587	 .0165216464606746
 5	 68722	 .0517327299970578	 .0190313851052589	 .864632878585056
 5	 68723	 .160842513540052	 .0344877459374535	 .63942171785949
 5	 68728	 .0112794769260231	 .0132201965859968	 .459027665184869
 5	 68785	 1E-05	 .126010657329345	 .563694661361032
 4	 68797	 .0257302296484015	 .0172673732268106	 .606008480238353
 5	 68815	 .0776360232573211	 .0177257146066123	 .991591218761202
 5	 68844	 1E-05	 .105385752119486	 .869064121717609
 5	 68865	 1E-05	 .195650699695796	 .463199765990155
 5	 68869	 .248389898035779	 .0596815814340057	 .98560002362767
 5	 68885	 1E-05	 .0504124561312748	 .142978127122875
 5	 68924	 1.75564007771505	-.137727967630092	 .997446485445795
 5	 68943	 .0115198717904973	 .00880087858722465	 .511420683374915
 5	 68986	 1E-05	 .156474672080959	 .0707757065568401
 5	 69001	 .0851650126112041	-.00362378804040523	 .99813162009663
 5	 69002	 1E-05	 .109790485246237	 .033405789880796
 5	 69024	 1E-05	 .00803118886784152	 .0494705698232331
 5	 69032	 1E-05	 .0408162351389763	 .0591714159591962
 5	 69055	 1E-05	 .0177498051941092	 .0510934682957882
 5	 69068	 1E-05	 .0377019826883847	 .299109648715022
 5	 69073	 .00579848548823579	 .0223538042295401	 .15171664001331
 5	 69158	 .061063848736029	 .110997354614634	 .0459595269680987
 5	 69219	 .0626509658270233	 .0258912191042106	 .899036930050194
 5	 69233	 1E-05	 .0149872394114306	 .466614482605419
 5	 69236	 .0183663637976812	 .0233831673602292	 .846170022758791
 5	 69262	 .0431183963586469	 .0612865340282741	 .317226323376782
 5	 69265	 .0294597078996476	 .105710547884774	 .0857565805449478
 5	 69279	 1E-05	 .0350612917019801	 .276180440431638
 5	 69288	 .343734733604774	 .0342796211922969	 .932127540194736
 4	 69340	 1E-05	 .0333298145424818	 .299744218790122
 4	 69375	 .242443577070959	-.00751289281483108	 .998898112894529
 5	 69377	 1E-05	 .026988550284031	 .0277502422752947
 5	 69391	 .0622172305574181	 .00723116469429515	 .809059137042061
 5	 69456	 1E-05	 .0539469041670899	 .216459265096298
 5	 69477	 1E-05	 .0145135677019115	 .0944514981601908
 5	 69478	 .122159392223483	 .0138577687702309	 .991070801493016
 5	 69479	 1E-05	 .0106507124565285	 .0485217563824722
 5	 69499	 .284667659071211	 .0318665059268481	 .95004688609096
 5	 69513	 1.94553264000769	-.123504437549655	 .989419250891852
 5	 69605	 1E-05	 .00707708992322984	 .00367054718917714
 5	 69636	 1E-05	 .0764902855461533	 .137091352303608
 5	 69664	 .0329105025036007	 .00941325177441269	 .854456901177836
 5	 69691	 1E-05	 .0126362840591053	 .0233650108752711
 5	 69719	 .671652264480736	-.0330079512641089	 .988920400432675
 4	 69723	 .0011775933646477	 .0345643378611835	 .0293493119892256
 4	 69724	 1E-05	 .00755293426517448	 .0740684610061542
 5	 69725	 .00649953779446644	 .0363500215359771	 .0349985770318749
 5	 69732	 1E-05	 .0240288568556994	 .136646549785373
 5	 69748	 .0513492476858174	 .0139622592771213	 .977898642491146
 5	 69817	 .173553470699762	 .23049512022073	 .631916824870607
 5	 69842	 .0180597574888378	 .0374691657115263	 .0780456832255199
 5	 69861	 .120824203083645	 .0416215901364192	 .508198621788077
 5	 69886	 .384629752024002	 .0712296678624986	 .930353541907899
 5	 69933	 1E-05	 .0373692194811824	 .0344230532316083
 5	 69945	 .941128544756509	-.00570221141285005	 .968378443383494
 5	 69995	 .146394573112518	 .052276503132822	 .902186159465132
 5	 70004	 1E-05	 .0368371954468571	 .717394524291589
 5	 70007	 .000567144905100634	 .0122877819574168	 .000373585929011266
 5	 70011	 1E-05	 .0177631397668238	 .629022466408734
 4	 70037	 1E-05	 .00192305396111359	 .68345199954087
 5	 70038	 1E-05	 .0263313374815573	 .597620297066252
 5	 70039	 1E-05	 .017014769470909	 .109650116502063
 5	 70043	 .020519306148784	 .0270221803474626	 .76447426521213
 5	 70059	 .281696814961164	 .0361021390167687	 .980783978266216
 5	 70065	 .0685694473779364	 .0205693394783915	 .559488618507525
 5	 70072	 1E-05	 .0656353756732684	 .632000180646691
 5	 70096	 .0704533683111668	 .0785531683548346	 .448699655508341
 5	 70114	 1E-05	 .0407942608970724	 .250628239151521
 5	 70159	 1E-05	 .0180117858057242	 7.89104249019346E-05
 5	 70173	 .00582731327030958	 .0212959356255655	 .0308302891637526
 5	 70186	 1E-05	 .211443836903505	 .689533053091295
 4	 70219	 .0286711382836678	 .0217721104833337	 .877578742204779
 5	 70238	 .0183637129039808	 .0169676079287383	 .520518576055435
 5	 70263	 1E-05	 .167271273882319	 .197037245861829
 4	 70268	 .152961867043531	 .0351263607099409	 .832236296153294
 5	 70283	 .00440325293912215	 .0216243508306238	 .0373139525710324
 5	 70284	 1E-05	 .046227758732088	 .0767800926225558
 5	 70292	 .0272685666142957	 .0049403184276035	 .700844930137435
 5	 70305	 1E-05	 .0131616288088133	 .103350997734012
 5	 70316	 .342909349705169	-.0140629476839166	 .998058483213617
 5	 70319	 .0297090445767069	 .0137232703174452	 .978199864489153
 5	 70336	 1E-05	 .0103962472412078	 .0631016443099466
 5	 70354	 .00177779168093934	 .0134236756517328	 .206580850427555
 5	 70385	 .0373249427623892	 .065131700333792	 .312890206890436
 4	 70413	 .0388505775606202	 .0214745433648276	 .808833498024434
 5	 70427	 .0572450029832922	 .0227373732286592	 .300036063546202
 5	 70476	 .0245718160308352	 .0405686862925793	 .111264984517532
 5	 70510	 1E-05	 .0246745746859204	 .239139065992533
 5	 70540	 .0376842487771004	 .0343905021355291	 .339620425657538
 5	 70542	 .588707781245792	 .0444505086661259	 .864162733753588
 5	 70552	 .0036297789843259	 .181606126097886	 5.70933303871701E-05
 5	 70565	 .0804395481950116	 .0319147694139206	 .932281243088066
 5	 70584	 .0505364726640449	 .0814151066866503	 .0874321247309966
 5	 70600	 .0031389672778526	 .00902709598515805	 .0236284582044273
 5	 70641	 2.86821664160759	-.144464350855353	 .997549772658407
 5	 70660	 .0422428356886998	 .00994684559348641	 .786788364778925
 5	 70672	 .0183351806111153	 .0193817022152141	 .184051255623878
 5	 70679	 .0215165168194586	 .0226714512504529	 .346231160774421
 5	 70686	 1E-05	 .0111972075606815	 .512451863716521
 5	 70687	 .0249250599295196	 .00702040250959164	 .988116273666971
 5	 70708	 .0212484908895527	 .0159391254359993	 .972269816478538
 5	 70722	 1E-05	 .00444970185950398	 .00948053942558891
 5	 70768	 .0221809373153055	 .0285829069110119	 .172639786929623
 4	 70777	 .0400885185298257	 .08808598399309	 .120527997952614
 5	 70800	 .019776968292985	 .0132739237587547	 .689964325320746
 5	 70803	 .608788003713895	 .029395324257223	 .90560339145209
 5	 70835	 .0284835011918149	 .00710032921857179	 .84588202270821
 5	 70848	 .0594370910578102	 .0206418525581183	 .657087478552865
 5	 70862	 1.26273336134504	 .0736686449253897	 .982917838622253
 5	 70863	 .0520397418756822	 .0184423926491235	 .848830004141617
 5	 70870	 .100757910430515	 .0186847911090788	 .680453086025427
 5	 70874	 1E-05	 .015908231196329	 .419551150178195
 5	 70931	 .159310494940528	 .0196839912767513	 .978576652528726
 5	 70965	 .437011282578217	 .172514383034039	 .829218225208964
 5	 70972	 .0106605355467213	 .00659956390607386	 .490996455233765
 5	 70988	 .196726190879441	 .0542852149049001	 .85545940260754
 4	 70995	 .759613327844086	 .00966686380989817	 .985480711951032
 5	 70999	 .00832705708707861	 .00529259079125318	 .226542967072764
 5	 71025	 .0139875726440141	 .124200580616156	 .0850466333109161
 5	 71035	 1E-05	 .0191742741162783	 .181472034195449
 5	 71042	 .000328282716739279	 .0507027821045656	 .000380235144591623
 5	 71165	 .0621777247323275	 .0197899893521331	 .823893719206258
 5	 71169	 .0203793129370767	 .0225755381635577	 .119056931566792
 5	 71220	 1E-05	 .0426188987759251	 .262389416222057
 5	 71232	 .798677035506553	-.0020814429281704	 .726733891694186
 4	 71248	 1.35417079311489	-.110224185980415	 .978458040317996
 5	 71259	 .027799611380807	 .018399262993872	 .999847600262802
 4	 71274	 .00926926415446155	 .00111483883437028	 .771394142707723
 5	 71315	 1.23150135899928	-.0613449153942311	 .90337418150227
 5	 71320	 .00620382772236493	 .0764898984049112	 .00218775767376422
 5	 71330	 .483499325099133	-.0361271842747318	 .999271933516163
 5	 71358	 .0290289688087907	 .0165188305359632	 .492436156164393
 5	 71365	 .558740722149705	-.03577640124297	 .971572081162198
 5	 71373	 .535913201174647	-.0486071338756545	 .974828099648296
 4	 71385	 .0984698357172101	 .00837789035455571	 .775667476288407
 5	 71413	 .23159946943978	 .192447097977466	 .956454695006507
 5	 71439	 1E-05	 .0525541436889089	 .0034199964229219
 5	 71448	 .881017761478296	 .00569196059639808	 .9953880978655
 4	 71493	 1.98269523885924	-.147833678195951	 .998520639021076
 5	 71514	 .397981676288562	-.00276692091918226	 .906392020238677
 5	 71521	 .118643886992884	-.00797978452027799	 .991299948267646
 5	 71550	 .745698951525475	-.0127079435555956	 .990040100707917
 5	 71555	 1E-05	 .140651528257023	 .36104670273048
 5	 71565	 1E-05	 .0666292384618363	 .272814442303721
 5	 71600	 .0103230599296776	 .0122367376762316	 .646347805746105
 5	 71607	 1E-05	 .080034383716076	 .0540421226466481
 4	 71613	 .00308788218543423	 .0328122279068172	 .0182176467584934
 5	 71614	 .0125042139529794	 .0541375433290865	 .0715438767234645
 5	 71633	 .182323412518168	 .0682204988562218	 .761470510516865
 5	 71663	 .012422449846887	 .00774294156016829	 .320145535514594
 5	 71666	 1E-05	 .0987365965008161	 1.81542262931433E-05
 5	 71704	 1E-05	 .11438382145164	 .982942530630741
 5	 71706	 .0893824493253622	 .00450562469163085	 .982706811002895
 5	 71712	 1E-05	 .0254738147191834	 .265206851189441
 5	 71785	 .32407517080271	-.00248641763313759	 .998016303031033
 5	 71823	 1E-05	 .0155633431292652	 .00130386765389412
 5	 71829	 4.07505269288808	-.328262515800684	 .99733492479303
 5	 71856	 .182629659793907	 .045011851110013	 .832629319418896
 5	 71871	 .677550940704179	-.0282936390204926	 .9792055355627
 5	 71872	 1E-05	 .0527953755717121	 .594882279994358
 5	 71879	 .000930442648720936	 .0416435342473794	 .000151308865661726
 5	 71920	 .692802442420475	 .0122706907963577	 .997238661689029
 5	 71932	 .859240039051833	-.0509452118214817	 .96874737562422
 5	 71957	 .00780845385362678	 .0111696380393396	 .256032088222949
 5	 71986	 1E-05	 .0554602468230228	 .600585734402522
 4	 72011	 .0711244799496639	 .00854845046767701	 .971241372675257
 5	 72027	 .00190325747118157	 .0113982412788579	 .153581201652749
 5	 72034	 1E-05	 .299627594980209	 .78788308702358
 5	 72082	 1E-05	 .0162666772185489	 .608454000773988
 4	 72110	 .126670543314913	 .00803381198330411	 .972373753440214
 5	 72145	 .067119808147443	 .171622404072134	 .061921855829799
 5	 72199	 .0146919371566264	 .0193533887747681	 .795246459421667
 5	 72201	 .13198928799111	 .0733844970656571	 .478346223018183
 4	 72203	 .00796073837134437	 .00523802703944813	 .471288707667993
 5	 72207	 .036447480428	 .0979444415955198	 .0563710446091813
 5	 72218	 1E-05	 .0302569618631405	 .0137899783713631
 5	 72225	 .363268397049953	 .0663899229104501	 .964457062699196
 5	 72231	 .0778320282339986	 .0304331550199346	 .831346792107646
 5	 72236	 .0319215811766851	 .0269293659497346	 .452836692221698
 5	 72247	 4.63801965971173E-05	 .0207192521761062	 5.24233851101341E-05
 5	 72270	 2.9744544466883	-.242762276639467	 .982721589154819
 5	 72283	 .72895865774166	 .208957780948253	 .880103040642837
 5	 72313	 .0177018846067918	 .0355750260896928	 .0963454156989149
 5	 72325	 .0476995579901051	 .0114522566243259	 .977575454776174
 5	 72339	 1.71895626822252	 .106199148810112	 .998686752591127
 4	 72349	 3.1029314202802	-.272316478549745	 .927351729089159
 5	 72355	 1E-05	 .0277707338658013	 .965970829858545
 4	 72382	 .000234684084677123	 .0050691538965319	 .00561310408967308
 4	 72384	 .160489881878885	 .0104501364732248	 .940770216184792
 5	 72386	 .0358877428984556	 .0396924253057392	 .140370341758838
 4	 72432	 1E-05	 .0162025130807139	 .56081180433567
 5	 72488	 .0118378274940561	 .03607489572626	 .227616288995688
 5	 72492	 3.0512207237503	-.194742594825217	 .970993778417712
 5	 72518	 .0432301633706971	 .00335962462000318	 .616589014729845
 5	 72519	 .277491436528103	-.0247257823034768	 .935190888393995
 4	 72544	 .0324445707983546	 .0127803176565129	 .79011833470584
 5	 72551	 .628212739284203	-.0592632855959277	 .982639655080016
 5	 72585	 .00639866184025304	 .0219455119812626	 .101895956438466
 5	 72597	 1E-05	 .0418841624570583	 .318614457250732
 4	 72619	 1E-05	 .0680585327160082	 .814977351844268
 5	 72630	 1E-05	 .0324649493017875	 .852352069854835
 5	 72664	 1E-05	 .024919234032426	 .309155782392753
 5	 72672	 .00218037319375132	 .0177489024565847	 .0199090757822155
 5	 72694	 .0252908509029796	 .0260906723867124	 .166816346526656
 5	 72738	 .207156653915938	 .0485910451161782	 .959579351249115
 5	 72759	 .175319896433171	 .147501645104023	 .187341010812403
 5	 72761	 .0361583267084473	 .0428889576305302	 .531319541953422
 5	 72764	 .0333289029496074	 .0158895569904963	 .818678249695479
 5	 72785	 .0216733379284873	 .0365438222801802	 .300276505082791
 5	 72797	 .00883714127643443	 .00662547060564074	 .0941849350399339
 5	 72799	 .0281685455239414	 .03454546006044	 .801290263129108
 5	 72819	 .247032986661097	 .0785591569988272	 .980548945574074
 5	 72820	 .290861400115169	 .0978665664309126	 .997318650809059
 4	 72839	 .0297622106370059	 .02464753448334	 .842805313906668
 5	 72887	 .00705718648231634	 .0171881967903963	 .443582370230133
 5	 72900	 .00276959808582624	 .0215675503982939	 .0677227431965924
 5	 72962	 .0217427272789168	 .0120666758057301	 .939855425968972
 5	 72976	 .0212797214526839	 .0196122093912966	 .316070970108517
 5	 73021	 .0191117951509864	 .0143402708884218	 .864416535847655
 4	 73027	 .131719975707641	 .00558853049567277	 .999523171589506
 5	 73051	 1E-05	 .190448649288444	 .898331649251644
 4	 73058	 .0158001743625782	 .0253137194164012	 .233221246901132
 5	 73060	 1E-05	 .0118160046929021	 .0434671654071672
 5	 73069	 .662910577315258	 .0950785106812163	 .529077557168128
 5	 73075	 1E-05	 .0664322812716696	 .0316323724557701
 5	 73095	 .155376678171089	 .0620695804648483	 .994291331711356
 5	 73098	 1.29530493501817	-.0643469600576156	 .973061382433205
 5	 73144	 1E-05	 .00821097088728876	 .0458931673028131
 5	 73163	 .0108174705218682	 .0253000024939102	 .0175532588348711
 5	 73183	 .0266426551501044	 .0164100000696914	 .810199395637514
 5	 73185	 .1895522510503	 .118640546141754	 .368835748502915
 5	 73207	 .0605847159100453	 .137559734903807	 .0552652102176482
 5	 73302	 .0679683011389142	 .0532769560973017	 .666057633634638
 5	 73317	 .208396008229469	 .0967746985096926	 .645421883864739
 5	 73362	 .0766839648701993	 .0781929522096994	 .157121956081255
 5	 73386	 1E-05	 .00861450922833458	 .282465580707384
 5	 73405	 .0115654743524575	 .0299555744304313	 .0506033233218406
 5	 73415	 .0605492231376952	 .0217343480923121	 .556135230065566
 5	 73448	 .106916460290148	 .0270170106174815	 .982340042776435
 5	 73479	 .0519818086663435	 .0259663314607683	 .842273027949067
 5	 73484	 .0107389251512654	 .0111177030135731	 .508964377688166
 5	 73488	 2.08497196699258	-.109065545746049	 .950355011619484
 5	 73502	 .0737607733291155	 .205134247733629	 .311546303315618
 5	 73506	 1E-05	 .0657744723276784	 .468575942358077
 5	 73542	 .00162301483619789	 .00818282687779641	 .52035213153611
 5	 73567	 1E-05	 .0296777619060397	 .476964192970884
 5	 73583	 .952672637154429	 .180526669061585	 .717467020668296
 5	 73622	 1.88099531587555	 .0396635665786511	 .999572404518457
 5	 73713	 .12310495375131	 .0940348901666295	 .456733229088605
 5	 73716	 .00518472282059503	 .0165637303169874	 .0335623641100445
 5	 73717	 1E-05	 .0318287596594536	 .281436467639793
 5	 73758	 .218532746767755	 .0466143954114569	 .851219592635157
 5	 73760	 1E-05	 .0526226873868002	 .617803908590954
 5	 73779	 1E-05	 .0882827222376785	 .14720415242446
 5	 73787	 1E-05	 .158752256446276	 .247851582482464
 5	 73798	 1E-05	 .0178898668533157	 .860372833240462
 5	 73799	 .0363311824721312	 .0206821083047716	 .711111123496886
 5	 73800	 .0155199086263996	 .0132626698804718	 .979023228230663
 5	 73824	 .050572834842004	 .0107086916261389	 .855598889924288
 5	 73851	 .19180338225738	 .060653039486352	 .490718054813644
 5	 73891	 1E-05	 .0230704576225623	 .00418169595913642
 5	 73892	 .12929730401309	 .0303965859531721	 .989143553980554
 5	 73893	 .234328153353822	 .152771293980816	 .23819149032029
 4	 73921	 .146205916326137	 .00631277950478065	 .932452263528851
 5	 73986	 1E-05	 .0302646392071392	 .155081742024413
 5	 73988	 1E-05	 .0163786799057821	 .0567662237363079
 5	 74008	 .791844210866424	-.014602322420022	 .983209115478289
 5	 74014	 1E-05	 .0415520778922893	 .106486101633401
 5	 74076	 .0476797409512611	 .0162975264304735	 .9713842854337
 5	 74089	 .285852854365099	 .0758767956146114	 .938635465187592
 4	 74103	 1.56824973980839	-.120727201247084	 .891192642336969
 5	 74108	 .0394889852396525	 .00185458655238058	 .863835077351298
 5	 74150	 .0481862100753095	 .032428486061385	 .481927138118807
 5	 74191	 .0414477677583956	 .0512745050897475	 .387162356307557
 5	 74198	 .0586905364804128	 .0622564046528033	 .5523670970833
 5	 74213	 .320072763641296	-.0165621055940211	 .995394997104406
 5	 74219	 .00130073430372869	 .0132214641903366	 .0145266846497945
 5	 74238	 1E-05	 .0444932358681795	 .0704765250091378
 4	 74247	 .00602965002975765	 .0140185272251698	 .0394438033540905
 5	 74255	 .00450656649269844	 .0345810818201079	 .0363078865175694
 5	 74262	 .00879754468068514	 .0376111038812208	 .0536222565919228
 5	 74263	 1E-05	 .158080203005756	 .897938832827474
 5	 74305	 .0123385320717597	 .0384496568059987	 .333099425056727
 5	 74309	 .0783738995063621	 .0334101619803715	 .494398589097045
 4	 74340	 1E-05	 .176492302570144	 .977597847649316
 5	 74361	 .241532796010391	 .0197125051999235	 .948804710247646
 5	 74373	 1E-05	 .0240813528645246	 .158971637431089
 5	 74374	 1E-05	 .0839190194564177	 .131209194558665
 5	 74388	 .00721046430261247	 .0130237039710533	 .522604809808355
 5	 74465	 1E-05	 .0592413397949697	 .51879956015023
 4	 74469	 .166399473057697	 .0631299427842681	 .794622818869411
 4	 74472	 .0332622520525399	 .0633206313857787	 .24731400682101
 4	 74496	 .147784078750535	 .0591280051764685	 .999700722470875
 5	 74502	 .0114361542960711	 .0302459055683498	 .0264210774620699
 5	 74505	 .00470391917717094	 .0330198817061742	 .0543258343038209
 5	 74540	 .0811646465729806	 .109986596120808	 .0604422753894679
 5	 74555	 .00667543147911239	 .0110918770366533	 .581725386937509
 5	 74580	 .039338438241833	 .228232515077888	 .0075358715250452
 5	 74595	 .225220019694205	 .0541202795708613	 .683827884340959
 4	 74606	 1.92172807443612	 .0950058144580637	 .903320422612282
 5	 74626	 .316255953356805	 .131030288860759	 .624111999081316
 5	 74629	 1E-05	 .0626589544906463	 .058384120147762
 5	 74632	 1E-05	 .01221555104787	 .0383755126961689
 5	 74634	 .0196449237592089	 .0862925983896007	 .148660615969303
 4	 74656	 .0206059179662619	 .00741941523595963	 .873880102976503
 5	 74671	 1E-05	 .0927809394069562	 .167764961144311
 5	 74696	 1E-05	 .0654500053018841	 .00162553633642137
 5	 74700	 .119727368935997	 .0633996640178546	 .972769515187671
 5	 74701	 1E-05	 .323834763762738	 .262368851439244
 4	 74733	 .0406912004919273	 .0369876684000415	 .141250945255939
 5	 74744	 1E-05	 .01815206716178	 .964713906846298
 5	 74746	 .182155735010812	 .0831173394571059	 .306762489505131
 5	 74749	 .101190279695478	 .0675616549153893	 .65397278407442
 4	 74753	 .00215873437622355	 .0235797142053399	 .053484913891042
 5	 74800	 .0280769740958801	 .0113602634115913	 .748959575240145
 5	 74816	 .0779889554533026	 .0241176107551794	 .812278036480869
 5	 74829	 1E-05	 .0700816842324887	 .00487632138181493
 5	 74832	 .20944732354377	 .0550271336952131	 .748079562924977
 5	 74833	 1E-05	 .0283036945128466	 .0146895890741143
 5	 74840	 .336120932511321	 .0199078599309205	 .884915543880155
 5	 74872	 .0692806093690446	 .0426811660303703	 .963546215319434
 5	 74888	 .600575390946601	 .141527536279909	 .758897456769139
 5	 74890	 .0941670519813284	 .0996245622506542	 .19243704244313
 5	 74901	 .486759495508924	 .0122732309119625	 .997857189672082
 5	 74914	 1E-05	 .0170056387594274	 .0549344035851891
 5	 74917	 .00977006219960872	 .0118261145440688	 .941167283073587
 5	 74949	 .00497982853144849	 .0106792397973788	 .597937487708605
 5	 75010	 .273551111565073	 .0144263190438745	 .758183424325314
 5	 75012	 1E-05	 .0558309703657507	 .024081279862803
 4	 75015	 .0414380796987583	 .00435072673594079	 .999701291033999
 5	 75031	 .0665908990980298	 .0209206702051951	 .725641758253649
 5	 75087	 .0168671654292188	 .00462057282830856	 .749639542203159
 5	 75095	 .234938087901174	 .0425652525439185	 .663205114905066
 5	 75125	 .0653164374545463	 .0320244334113781	 .708594403870997
 5	 75136	 1E-05	 .0855267960123544	 .401349294203874
 5	 75186	 1E-05	 .115116330348741	 .507230247792813
 5	 75193	 .610185964558563	-.0641774914526641	 .902424173862706
 5	 75203	 .00222155490087735	 .00696412274587753	 .350799018655018
 5	 75212	 1.77086295260791	 .0642425141957364	 .997765971812004
 5	 75224	 1E-05	 .00938901626283227	 .288529286391363
 5	 75232	 1.01171320624923	-.0206984817894865	 .976078343744288
 5	 75256	 .0104392455615253	 .0271892018571981	 .0613864420758919
 5	 75263	 .0115644113292238	 .00938599845500942	 .399889064732342
 5	 75276	 1E-05	 .02442524753185	 .0688376211943058
 5	 75295	 1E-05	 .0427002856091624	 .273116210045439
 5	 75315	 .0372042518227748	 .00870096848953066	 .875731782007172
 5	 75331	 1E-05	 .0198100005649108	 3.27253267380367E-05
 5	 75356	 .0193972999449016	 .0278982122181927	 .299245710359359
 5	 75370	 .022969900456246	 .00554317467266755	 .461894750818869
 5	 75377	 1E-05	 .0580047378279177	 .70547216664249
 5	 75378	 .00606637806504985	 .0337228347148899	 .0233200456271427
 5	 75379	 .0175014552294932	 .0451678742402816	 .193184676865068
 5	 75431	 1E-05	 .202653828261942	 .422666433080112
 5	 75456	 .126494127592634	 .054150577622719	 .72665438711165
 5	 75466	 .0517092510493689	 .0148537035061488	 .858712420728595
 5	 75475	 .0135152852536547	 .0220300326646807	 .221896648250668
 5	 75483	 .152895768198795	 .0572297618702855	 .795312568536962
 5	 75524	 1E-05	 .0283031843854826	 .0944917313188409
 5	 75528	 .204939159536815	 .0763786767399501	 .274962276248885
 5	 75536	 1E-05	 .263281198204025	 .123421158522835
 5	 75594	 1E-05	 .0241848204907397	 .856014549522413
 5	 75630	 .204130553951517	 .0312358972613313	 .971799393981956
 5	 75641	 1E-05	 .0733505320181329	 .0470408707268584
 5	 75668	 .0111060873941929	 .013242456824714	 .559727247215464
 5	 75670	 .0034639684879725	 .0358824935900737	 .00369611118233626
 5	 75671	 .111269934188042	-.00720627520627332	 .978009385306383
 5	 75694	 .116078684737728	 .050566623263505	 .88081016232741
 5	 75718	 .0335900796698989	 .0199400427154755	 .364076695076331
 5	 75735	 1E-05	 .0268394366243606	 .228621165500699
 5	 75752	 .059339182828291	 .11065828273517	 .0760124727685764
 5	 75780	 .00570595005637945	 .0856233094047099	 .00568378706633399
 5	 75802	 .211985693568702	 .0559104332726762	 .958060212180545
 5	 75807	 .101401049559796	 .069906520541767	 .327803813449372
 4	 75818	 .0133595295595373	 .0105533731763248	 .990847486030327
 5	 75830	 .0693638349496584	 .0178211620079942	 .428473034029653
 5	 75842	 1.58954409283939	-.0164250305782792	 .962172715516027
 5	 75873	 .431957812452313	 .0138981853362539	 .992500414421421
 5	 75886	 1E-05	 .00733081878497708	 .178882467210876
 5	 75889	 1E-05	 .0250905743957442	 .000625311866453315
 5	 75945	 1E-05	 .0167477264138997	 .762265168604388
 5	 75950	 .117513321324863	 .0916969839569531	 .189154946467496
 5	 76000	 .0180298042775975	 .0210660842632246	 .999843448917278
 5	 76003	 .358461028953024	 .0183545028735997	 .885003252461015
 5	 76008	 1E-05	 .0337690748038435	 .252516247329941
 5	 76017	 .0537023063286464	 .165634752868752	 .0480780751112955
 5	 76059	 1.4784399075265	-.00258709595538899	 .988099418335342
 5	 76074	 .379266026207713	 .0125267491315328	 .97989854153259
 5	 76092	 .0844294790280619	 .0174692740007305	 .799070013884643
 5	 76101	 1E-05	 .125973960498098	 .813675032732674
 5	 76104	 1E-05	 .0771198697546415	 .281165911917374
 5	 76119	 .252594615251701	 .0452084305068994	 .950244834518887
 4	 76128	 1E-05	 .0177616872971941	 .311800164772786
 5	 76153	 .140105705859345	 .039730654467845	 .787588873174553
 4	 76164	 1E-05	 .0462991735704393	 .00265242062578985
 5	 76196	 .0196939705613069	 .0131233050104332	 .844962511093156
 5	 76202	 .135026003173241	 .0120401707631648	 .985386310653082
 5	 76213	 .046370664283672	 .0357287477210824	 .719873146301886
 5	 76219	 .0776821731936123	 .0469856644497525	 .381612991071436
 4	 76240	 1E-05	 .00771325113711548	 .785645391947518
 5	 76264	 .129070855644225	 .114397703258892	 .1995625018051
 5	 76279	 .126823015035568	 .0681281446854083	 .334578923014147
 5	 76284	 .503899156088754	 .0151581567299921	 .983763292936301
 5	 76305	 .0369463421913809	 .0441144137543871	 .163569897682555
 5	 76322	 .00932777002168242	 .0240083534442466	 .134100749485713
 5	 76360	 .301836731587305	 .0196908495869096	 .94019316768342
 5	 76373	 .0197738125038575	 .0294132085718633	 .30659082231345
 4	 76389	 .0430239990277012	 .00817528172798306	 .984210241419806
 5	 76391	 1E-05	 .0132531252242093	 .109309500147247
 5	 76397	 .345019846118458	 .0350818032797202	 .971309139131094
 5	 76409	 .0559595477512669	 .0807567045751095	 .14158956561291
 5	 76410	 1E-05	 .105158204851811	 .105616627414073
 5	 76411	 .0783592880912794	 .0220249375959229	 .734645167329318
 5	 76422	 .16738523031842	 .0849095519061784	 .870754010002117
 5	 76443	 .312030606173526	 .0609083234446067	 .959109224715947
 5	 76470	 .0676388325735832	 .0153386440946478	 .969886198136778
 5	 76491	 .127332521485872	 .0340123578579043	 .752656934238517
 5	 76494	 1E-05	 .397864746429517	 .234230623870637
 4	 76505	 1E-05	 .0470675328299878	 .00583912883784821
 5	 76518	 .00283476337466941	 .0190264905879034	 .0951605120208541
 5	 76531	 .04106477712753	 .0160788190206515	 .855023307097806
 5	 76537	 .284559209081875	-.0188925177200602	 .966837056083328
 5	 76545	 .431442754444408	 .0226331001875817	 .82080706511835
 5	 76575	 .725103414867454	-.0444340874575447	 .944446084003306
 5	 76629	 1E-05	 .0107804935301762	 .592385504682013
 5	 76657	 1E-05	 .00581759534630144	 .0328825481340036
 4	 76694	 .0928686072404646	-.00124818559150615	 .973525852996973
 5	 76710	 1E-05	 .0151305224813997	 .67943698701373
 5	 76714	 1E-05	 .0192754515016719	 .486624344894636
 5	 76731	 1E-05	 .045773921114802	 .200173100410989
 5	 76742	 .0103001676558475	 .0161896356219955	 .268243246744003
 4	 76753	 .0713708177022253	 .0339892242032949	 .772328948810425
 5	 76757	 .107051060442801	 .0730879917252981	 .48394783358894
 5	 76766	 1E-05	 .017772211483732	 .579975672532523
 5	 76775	 .252601651778095	 .0103177235629111	 .959218551154988
 5	 76807	 .676950135614745	-.0408000230625144	 .984117319134211
 5	 76816	 .0128198826358797	 .00830436375675286	 .612146208849369
 5	 76868	 1E-05	 .0279214523588701	 .081277131197637
 5	 76885	 1E-05	 .091421888855906	 .29409490679717
 5	 76895	 1E-05	 .0681006002289752	 .384828264930311
 5	 76896	 .0258988666999347	 .335973585879146	 .00193299360730881
 5	 76929	 1E-05	 .0265812588261037	 .168356836853274
 5	 76941	 .0650697262631587	 .0786428547662041	 .639535981800228
 5	 76942	 .0518333171523037	 .0389836914683854	 .94638145116889
 5	 76953	 .0272368349945086	 .0298314884164024	 .155372528280979
 5	 76956	 .0335592636533261	 .0119185585511905	 .133903356446199
 5	 76982	 .210422959618424	 .106941869228427	 .648208338356886
 5	 76989	 1E-05	 .0265732142265442	 .701382659483563
 5	 77055	 .00511164844723997	 .00800428822660762	 .43221069075434
 5	 77070	 .00652450851648366	 .00694056322167649	 .180078934032819
 5	 77087	 .0138521864092927	 .0246286701112519	 .212222577519193
 5	 77089	 .0887242353778467	 .0239342959309685	 .673551373626
 5	 77176	 .352351566149443	 .020531535125492	 .990943217008737
 5	 77181	 1E-05	 .0469691965263786	 .372848773314529
 5	 77182	 .0616750234788724	 .0296475808550219	 .243019985414861
 5	 77200	 .00586850671272114	 .0127619376924101	 .0705588839260088
 4	 77205	 .390168381318876	-.0183593664586622	 .944573199616564
 5	 77256	 .0225453685467448	 .00951905877556366	 .800289645455622
 5	 77263	 .0251264617211075	 .0151661632790652	 .764862544824246
 5	 77270	 .00600226686195783	 .00776661693184683	 .337168938805382
 5	 77286	 .015342402298539	 .0112142235459672	 .115748586205234
 4	 77309	 1E-05	 .00361575671262777	 .693073968968806
 4	 77335	 .056007035270672	 .00966142698501516	 .989626758784037
 5	 77340	 .0124004671219552	 .0106848284866768	 .0623586312086742
 5	 77358	 .161898146797686	 .0224914888126052	 .889851768453312
 5	 77362	 1E-05	 .203054464518826	 .086564360117688
 5	 77397	 .00699549018191275	 .0264593220544022	 .0385176840729528
 5	 77408	 .0225547945262812	 .00972961764781304	 .740591101285702
 5	 77410	 .0405393175362749	 .0563962380314292	 .566668837167628
 5	 77424	 1E-05	 .0495881853720402	 .370700861425678
 5	 77434	 1E-05	 .0357272537391991	 .945296394421365
 5	 77442	 1E-05	 .020916085804023	 .428088378467201
 5	 77448	 .0473148172745382	 .014817231644993	 .862536272057076
 5	 77460	 .00930299784288165	 .00121016911099498	 .876242889326776
 5	 77465	 .0161396553475191	 .0363783582966346	 .769333720968772
 5	 77476	 .0266380120239082	 .00789518564802183	 .855664969360919
 5	 77483	 .421782679386457	 .0304095997901039	 .970487157232386
 5	 77485	 .021366763071159	 .00833417770801727	 .809504633345821
 5	 77535	 1E-05	 .0186055558694986	 .204358607252626
 5	 77554	 .0808444588061995	 .0347169422540115	 .726484233293678
 5	 77568	 .998414726214576	-.0238774149173523	 .967707056591107
 5	 77588	 .00602987160595304	 .0121920593259611	 .679264659590134
 5	 77591	 1E-05	 .00999155209651311	 .446035605145346
 5	 77618	 .0486346626412657	 .00600917253812041	 .985154687161233
 5	 77634	 .0273278327770727	 .0175321054842744	 .688265315484494
 5	 77635	 .459607605787006	 .0499923389723563	 .972650251114046
 5	 77727	 1E-05	 .019516140569627	 .0320312461280438
 5	 77748	 1E-05	 .0502719938846753	 .216006181747463
 5	 77821	 1E-05	 .0125623082374437	 .514668951523916
 5	 77824	 1E-05	 .124589539792238	 .106152033259637
 5	 77850	 .00018755552613402	 .0146424499721587	 .000179480403961318
 5	 77887	 .067580729554386	 .0478577185473417	 .597616663802163
 5	 77915	 1E-05	 .0180064837305085	 .604711901320437
 5	 77921	 .0814353676901102	 .0719984482119309	 .484275119515218
 5	 77934	 .0145659039025957	 .014108032283523	 .132952905075721
 5	 77942	 .063333900084348	 .0426752451372633	 .541684738196871
 5	 77954	 1.04447872835529	 .0314337061417668	 .91827723816813
 5	 77955	 .00404873948832271	 .0067733951580687	 .228075162903299
 4	 77983	 1E-05	 .0455576764175527	 .466874277478
 5	 78082	 1E-05	 .033378666878011	 .244627807239221
 5	 78095	 .222181472301737	 .0576197779578491	 .976413918861016
 5	 78122	 .0166834950412328	 .0371980369387472	 .137426487218477
 5	 78136	 1E-05	 .0403390846293427	 .124090186993445
 5	 78147	 1E-05	 .00944290003944805	 .270101183422723
 5	 78163	 1E-05	 .0122334356804424	 .128227418126951
 5	 78227	 .0328416947476649	 .0542057163115816	 .373744007028282
 5	 78233	 .0455192451336378	 .0653079556340193	 .583613935791498
 5	 78239	 1E-05	 .0621124563370854	 .124309464404308
 5	 78250	 .478423775330494	 .0747478387912374	 .541442034648538
 5	 78270	 1E-05	 .0271183563714902	 .363622590396732
 4	 78300	 .616842946382521	-.0146912991797096	 .987711717026371
 5	 78311	 .00155630823263893	 .0151664422642191	 .0860922695550075
 5	 78314	 .0855311454871699	 .0168641180614543	 .286867372031466
 5	 78320	 .00107968026581072	 .00757857124114681	 .456784690976054
 5	 78353	 1E-05	 .0120209365116721	 .247171256849311
 5	 78359	 .0133317524533923	 .0334147920941548	 .699836263693802
 5	 78380	 1E-05	 .020816461263532	 .660139434207603
 5	 78387	 .0490598643426952	 .139621328252997	 .00746587944188359
 5	 78452	 .0321712983391799	 .0204966754835361	 .195581431630801
 5	 78453	 .588863197702622	-.029443695941907	 .998523477116182
 4	 78485	 .0101021157189647	 .0150907107285948	 .931275932490647
 5	 78503	 .0311479166759305	 .0153615399601361	 .520136326174619
 5	 78504	 .0114160296345821	 .0728166058960761	 .0211220630476606
 5	 78565	 .145111119914534	 .0366596777953996	 .796557806162046
 5	 78611	 .0442781328634929	 .0323352254166438	 .851347233042734
 5	 78621	 .00368073213156641	 .0302780878193754	 .00310225622583171
 5	 78622	 .0160271411568912	 .009960122369289	 .86885816871012
 5	 78638	 .0169114353433254	 .00830527238795802	 .964252236564855
 5	 78650	 1E-05	 .0473132864103979	 .817782332660467
 5	 78653	 .125181876560494	 .0550459733834873	 .896960616990217
 5	 78665	 .135720952777447	 .0276036532043343	 .747423988476271
 5	 78672	 .0405466011603847	 .0528682732319862	 .645178576712627
 5	 78687	 1.51469921742691	-.100013445408767	 .991442214728906
 5	 78690	 .46851640765092	-.00569250954269232	 .98997386322642
 5	 78717	 .23717724108378	 .0163554286889821	 .784616676144749
 5	 78743	 1E-05	 .102223551402133	 .988870176173256
 4	 78761	 .0415882406520136	 .00985546144880986	 .938116639936496
 5	 78765	 .166914285076719	 .0265509616143799	 .885217418467951
 5	 78808	 1E-05	 .029958032360902	 .802173735907801
 5	 78831	 .0483708187226175	 .0265236295161237	 .569297062246733
 5	 78840	 .13736721517253	 .0985466678076684	 .360910645360924
 5	 78867	 .00136896834891347	 .0149661606105962	 .00101257632253882
 5	 78871	 1E-05	 .0994283599633977	 .229160473981939
 5	 78883	 1E-05	 .0251268230885705	 .263780918840419
 5	 78889	 .00667718077496582	 .00540505859605255	 .754995582811988
 5	 78917	 .186682645407271	 .0584661430897388	 .692496566524599
 5	 78934	 1E-05	 .0187733200807851	 .0120102274718764
 5	 78968	 .0434101109471703	 .0343443721401253	 .920269089655415
 5	 78981	 4.95698285500304	-.533898142500674	 .978091879402152
 5	 79017	 .0240229286335595	 .0273534156599321	 .33490902144703
 5	 79029	 .197146235756921	 .0341567634051801	 .975471808015679
 5	 79039	 1E-05	 .0159470382695947	 .626712011203355
 5	 79040	 1E-05	 .222145459209615	 .239156989220386
 5	 79058	 .0373809450613422	 .05149791370934	 .257272674250575
 5	 79059	 .0518026838560249	 .00879313918006345	 .994547928156988
 5	 79075	 .0195131084643458	 .0478575879210506	 .533624131910844
 5	 79109	 .0465011502205551	 .0263630644599661	 .868777296674673
 4	 79111	 .0534262765974505	 .00248485585786177	 .968348509448151
 5	 79121	 .0060247705565257	 .0228673881027677	 .034906807767052
 5	 79123	 .53761240604556	 .236527935196419	 .319830856678943
 5	 79203	 .0126334368236085	 .00468570338343027	 .523662553196715
 5	 79209	 1E-05	 .0469436690455146	 .470729971649699
 5	 79249	 .163941909750566	 .0105776359632408	 .543522423310775
 5	 79267	 1E-05	 .317123009880074	 .0290161727532273
 5	 79269	 .648977071340512	-.00876560896222267	 .975791510708131
 5	 79272	 .05863787470987	 .00432368714931382	 .882408720656322
 5	 79301	 .0347912053534297	 .0241555845172421	 .372002645967102
 5	 79352	 .00629309710813031	 .0130593628806103	 .0451329753798286
 5	 79362	 .0889570285603991	 .0554547471389635	 .679252994931057
 5	 79382	 .00865677310138181	 .0048083682585007	 .516040423826368
 5	 79384	 .514787887914258	 .00145740380218674	 .993861152531309
 5	 79385	 .0478913687917166	 .14142719402149	 .440324756580362
 5	 79410	 .0127246017600909	 .0158065249193815	 .459782810105573
 5	 79411	 .0376736887709213	 .0221528685125278	 .880673342674376
 5	 79456	 .0392822828895371	 .281318465808644	 .0106224185901342
 5	 79519	 .0772784916329068	 .0260901756513086	 .966886649553343
 5	 79543	 1E-05	 .160864685408975	 .0991068170301617
 5	 79555	 1E-05	 .480951349891249	 .855751369122496
 5	 79564	 1E-05	 .0224921869491806	 .0655078469699686
 5	 79565	 1E-05	 .0483724950111403	 .717557566355291
 4	 79579	 .0712316512263311	 .00526848339564587	 .99724738186
 5	 79594	 .00902297323017056	 .0300168157370077	 .222062626774715
 5	 79633	 .0206258617413728	 .0258235493967525	 .668303243204113
 5	 79636	 1E-05	 .00699505570509997	 .26816429091877
 5	 79644	 1E-05	 .00678135197254958	 .152170511346364
 5	 79699	 1.6716927878461	-.02372868886835	 .961542302871892
 5	 79700	 .14113750101858	 .0961188117260433	 .835264101276674
 5	 79776	 .0246317843068911	 .0441383166916841	 .157343513725541
 5	 79794	 .0295700666225089	 .0203450295125679	 .798543025109791
 5	 79801	 1E-05	 .0397258399394851	 .962445376460293
 5	 79869	 .00596222315247903	 .0068059844607672	 .845864422831274
 5	 79871	 .0431486905473679	 .132985730442734	 .0736205978176115
 4	 79884	 1E-05	 .0116046309423889	 .0117915316703296
 5	 79892	 .0174611421234505	 .0627433139232419	 .0770910698675231
 5	 79895	 .00668778699114789	 .00519539161619634	 .21056623320341
 5	 79950	 .116691575152436	 .0688251403857153	 .743211700822665
 5	 79957	 .0164491789316934	 .00817431119992085	 .968945357481907
 5	 80012	 .0219729844133985	 .0145572167202185	 .898200893860817
 5	 80024	 1E-05	 .15231370291783	 .388791482956743
 5	 80075	 .00623096170584949	 .00810401688117026	 .245076083490267
 5	 80104	 1E-05	 .00704320327006861	 .000479835927556183
 5	 80111	 .04092812099326	 .0528887028695748	 .0938367908477291
 5	 80120	 .0565111934853748	 .0787498575788225	 .257322822582746
 5	 80150	 .0364889161942398	 .0449749977809335	 .205430612335612
 5	 80151	 1E-05	 .129693040027468	 .950296569716135
 5	 80155	 1E-05	 .230267343136766	 .889150436925578
 5	 80196	 .535746465090907	-.0106043681394024	 .990655849949602
 5	 80204	 .0281532189140522	 .0109425922587323	 .958518935508809
 5	 80210	 .130815719238136	 .0254002303491489	 .866941130426063
 5	 80227	 1E-05	 .0358314124007917	 .0455526945721603
 5	 80247	 1E-05	 .0212938088413995	 .201129546488492
 5	 80275	 .00619047583317382	 .035118102939924	 .00380558037284706
 5	 80276	 .0410655266672068	 .10360882115147	 .0481030977495002
 5	 80278	 .0234326234597557	 .0134836482687379	 .206121163729653
 5	 80312	 .0410552962238818	 .0729882820113199	 .348782744149703
 4	 80327	 .0128116926434328	 .0114680298970481	 .655717395115828
 5	 80328	 .946450683074344	-.043844435498086	 .985094806835351
 5	 80335	 .000148586425196796	 .0490843359446115	 .000117263287170322
 5	 80362	 .343073791415478	 .0514871291942453	 .940366706927053
 5	 80369	 .148182027252974	 .136706371108037	 .165527822502758
 5	 80375	 .0280424969218837	 .0112764036039044	 .538144918478518
 5	 80401	 4.6264191469608	-.439019317620342	 .993116954451139
 5	 80403	 .0345860310517935	 .00883735792594927	 .977052968848285
 5	 80418	 .0150881706193856	 .0401888708332856	 .268598545183181
 5	 80424	 1E-05	 .0183909235844321	 .0944354140621283
 5	 80484	 1E-05	 .111731377730079	 .0206253066276343
 5	 80502	 .0143264795404331	 .0116807933044233	 .869201440293165
 5	 80524	 1E-05	 .0558112994805263	 .230451298716787
 4	 80536	 .454890642372974	 .174680117371197	 .393320194737931
 5	 80566	 .0680220484645195	 .0354103306647608	 .923377839952018
 5	 80584	 .781974371724862	 .106782511720815	 .850195207892074
 5	 80588	 .0637548813693334	 .0372183141496173	 .605231987615295
 4	 80595	 .140718542314469	-.00881659365050808	 .997979290310677
 5	 80597	 .0940125544032498	 .0093968012509804	 .882824753876958
 5	 80626	 .00219657183856387	 .0130403317581947	 .0717466916185583
 5	 80628	 .140440006213691	 .0366412107854127	 .777071189383433
 5	 80675	 .0105267548935917	 .00681947362537808	 .832235849410221
 5	 80702	 .304491543860822	 .143901664365615	 .836781647680551
 5	 80723	 .384610982758585	 .0403330878434752	 .994937773165077
 5	 80729	 .54830398256362	 .0109275691537415	 .977035725286775
 5	 80742	 1E-05	 .0455583953239696	 .387309885891683
 5	 80755	 .614652497739086	 .0913650019675878	 .86078005809282
 5	 80769	 1E-05	 .0474697099715754	 .645317481887923
 5	 80856	 .841335800566565	-.0327728044768318	 .99436305333004
 5	 80872	 .425643132138998	 .0131920001946655	 .997643347412191
 5	 80873	 .0569328037834316	 .0404090578948493	 .155530738096425
 5	 80877	 .0250291529294368	 .0038948435124459	 .977173605654431
 5	 80913	 1E-05	 .0294015018421341	 .000782118796618936
 5	 80932	 1E-05	 .117426394318844	 .264922198056817
 5	 80950	 .0527998679063767	 .0509912724598999	 .741593056698795
 5	 80952	 1E-05	 .0732872331859687	 .100900839457929
 5	 80983	 .0203935368975427	 .0106462420907004	 .80794182941932
 5	 80999	 .0121290851825034	 .0256241363723632	 .220891343642006
 4	 81017	 .0803862255558971	 .045829331100344	 .548043291137499
 5	 81022	 .000418978130957082	 .0108998666542587	 .000235071041672641
 5	 81033	 1E-05	 .0353293738349841	 .112546336262672
 5	 81065	 .0483944225182664	 .0520730028937938	 .503115143481823
 5	 81086	 1E-05	 .0245215956524979	 .400942239789136
 5	 81155	 1E-05	 .022295132712205	 .430692781155467
 5	 81158	 1E-05	 .0245098608124179	 .472356573601045
 5	 81180	 .0255293120488142	 .0242163532948904	 .838993749957326
 4	 81198	 .136692219634578	-.00460223402171159	 .836380648755938
 5	 81217	 1E-05	 .0200650709387491	 .160511202083327
 4	 81220	 .382715434666692	 .0734540319227606	 .844195923288545
 5	 81308	 .113745348552449	 .02680018998203	 .897464675165921
 4	 81309	 .00987984615048612	 .0012363776694164	 .657454166891655
 4	 81310	 1E-05	 .0225538681173037	 .349985765013058
 4	 81330	 .0147132140088282	 .0266385857119097	 .238626271051559
 5	 81354	 .0107787432945256	 .0195990666861927	 .389474431396553
 4	 81401	 1E-05	 .00792919057500033	 .55068379694213
 4	 81402	 .0349197291636762	 .00252334085606548	 .988098540138616
 5	 81405	 1E-05	 .0338943213710353	 .865233647172607
 4	 81440	 .00409821551258066	 .00987983656364115	 .84724937453319
 5	 81443	 .00811697312220524	 .0622507349232859	 .363532199269661
 5	 81483	 .0120068863612171	 .0152686393301444	 .625327579866704
 5	 81486	 1.63481284117175	-.0860950186832346	 .99197144523956
 4	 81531	 .127963725835164	 .0244356134745309	 .957530740126863
 5	 81580	 .00983374868758057	 .00941991717308567	 .835277966682343
 5	 81651	 .00906562247304188	 .00939578450140253	 .371001511367283
 5	 81659	 .170725121952113	 5.78454557601497E-05	 .994213821269976
 5	 81674	 1E-05	 .00792838776433716	 .77879368062557
 5	 81697	 1.48529388952854	-.0307214172596187	 .92487778464136
 5	 81716	 .0269526674369705	 .0343250965288808	 .103164183323518
 5	 81762	 .00860953838784827	 .00885075639762277	 .741938319588347
 4	 81803	 2.48906369352087	 .0549536473469676	 .885331388653435
 5	 81827	 .120328707840846	 .0286100678624875	 .941221322556677
 5	 81856	 .0127069372887183	 .0594150949441962	 .00628389477490676
 5	 81859	 .00804737526703732	 .0271038345549234	 .213049082754071
 5	 81884	 .00648624054379236	 .017895103306949	 .123621208705216
 5	 81891	 .813354661470059	 .132143150257086	 .94252315503468
 4	 81892	 1E-05	 .0674273309859591	 .782293583935194
 5	 81922	 1E-05	 .0270491423763458	 .0519336513645249
 5	 81929	 .00320989502406686	 .025701251086683	 .0503265978073123
 5	 81939	 .162498497736098	 .0210626511668609	 .916961605889762
 5	 81943	 .00413429295850189	 .00671136180373964	 .065954944342722
 5	 81960	 .339273523000079	 .0756122672324444	 .632138902129208
 5	 81977	 .0941501262537231	 .0472424058150094	 .535932927643939
 4	 82001	 .0180441890568228	 .0120989277999977	 .964326497922645
 4	 82008	 1E-05	 .205632726589089	 .857023808988451
 5	 82011	 .0338564212258835	 .0463118317323817	 .175154135637995
 5	 82014	 .217641040037871	 .0159203646878216	 .863895146575899
 5	 82036	 .0370615443902714	 .00897633200204757	 .992594603773402
 5	 82067	 .104620438653071	 .0493394255087873	 .861033865676439
 5	 82078	 .846964191885396	 .171600417267147	 .996811748774236
 5	 82081	 .398056737407485	 .0291509768881811	 .978367610445752
 5	 82107	 1E-05	 .0532336420847559	 .714789495646311
 5	 82135	 .15349470635129	 .0172490703573354	 .972157651051559
 5	 82149	 .379702379415622	 .148459620466702	 .600048087972813
 5	 82167	 .0973844619279982	 .0472944871161273	 .710861853944243
 5	 82171	 .0460963679931885	 .026984163233721	 .611018416632003
 5	 82201	 3.01881202552463	-.30017419410695	 .96152665439145
 5	 82214	 .213666181376469	-.00277004899317344	 .962488893398936
 4	 82251	 .120621716943286	 .250233575018858	 .158753212313777
 5	 82276	 1E-05	 .0405466031875044	 .639737177212397
 5	 82280	 2.40275168116651	-.23371148309015	 .977736473989284
 5	 82281	 .375064793162988	 .157492592294052	 .598427550101279
 5	 82290	 .0798377136332852	 .0512392396469572	 .549023009487221
 5	 82291	 1E-05	 .0163789201918551	 .194758636684236
 5	 82303	 .0738008611457563	 .0620943175774926	 .413442083891016
 5	 82304	 .0257229690076323	 .0627029177138661	 .1889268177905
 5	 82316	 .00952133472002071	 .0232943769096392	 .0816813980841471
 5	 82317	 .0383141335532186	 .0101845484497539	 .927906121384209
 4	 82326	 .00336636062121579	 .00951846646751979	 .480668104512684
 5	 82358	 .304564867061749	 .0396917751798982	 .841181420850653
 4	 82371	 1.26122034651785	 .119783577835354	 .835979817219993
 5	 82413	 .0105896648362742	 .0294502150376105	 .463165677646296
 5	 82425	 1.03133655241784	-.0210415772519834	 .854327387237542
 5	 82426	 .0213834099914689	 .0108288853338117	 .877010550589846
 5	 82439	 .447871592318726	 .0191551606566937	 .968734240916181
 5	 82483	 .752043148289598	 .175295481515587	 .72689158971726
 5	 82517	 .177110202607009	 .0656647803840849	 .527407581176044
 5	 82532	 .00238325505975655	 .00581423983466133	 .650289724892547
 5	 82559	 .158823025703448	 .0235132434460582	 .983558674648278
 5	 82575	 .109963252834174	 .0189272832956299	 .991398135015494
 5	 82592	 .702334134002995	 .072911326429395	 .864079905736226
 5	 82594	 1E-05	 .0130107310991434	 .715345796580401
 5	 82597	 1E-05	 .0511280767890543	 .111263205226901
 4	 82608	 .811033013668912	 .10378894328714	 .999058360470255
 5	 82613	 .156423537498819	 .0149357847167055	 .909730214919871
 5	 82632	 .0972829234403101	 .0706659649872361	 .583633116376465
 5	 82664	 1E-05	 .0206252411633085	 .071632952518267
 5	 82682	 .00729135466337046	 .0621878315485205	 .269749832361647
 5	 82712	 .0185189318416859	 .0169673833669588	 .294101938749225
 5	 82781	 1E-05	 .00793333148935437	 .20261927350293
 5	 82810	 .110032062606718	 .0389466185247841	 .760660063758859
 5	 82815	 1E-05	 .0480614978372346	 .11449211982617
 5	 82827	 .0178762516405901	 .0280152240549835	 .395968526421384
 5	 82830	 1E-05	 .0645683432264083	 .189869331686387
 5	 82853	 .0189003702104739	 .00518580608374154	 .839495864673241
 5	 82865	 .156065409264803	 .0424305593928152	 .927458407096658
 5	 82872	 .0145115803763294	 .0143999742393921	 .733056194514466
 5	 82926	 .00573013091692716	 .00381315875805238	 .403323682791021
 5	 82987	 1E-05	 .0299789920205143	 .00211030236424437
 5	 83016	 .0918809855362055	 .0182874142856335	 .726499866285027
 5	 83020	 .00411323741598993	 .0106369617123339	 .0861481271499077
 5	 83021	 .00719865920945326	 .0810630464402568	 .175102011572515
 5	 83024	 .115959392158348	 .102153858394941	 .284525225686183
 5	 83055	 .311387906124308	 .076610825980463	 .869886978541289
 5	 83101	 .367770491926212	 .0357497022532212	 .972079621271469
 4	 83104	 .150521558038971	 .0123553786169169	 .982263081810221
 5	 83141	 .157354696436101	 .027414508505551	 .754485252516977
 5	 83177	 .147952388950712	 .00565640254456694	 .988659335538369
 5	 83210	 .00104997724261364	 .0243014838764772	 .00441677221876235
 5	 83229	 .0210817994483641	 .00137385445293182	 .915369870466709
 5	 83230	 .0683074115895725	 .0128991326162547	 .848827225808501
 5	 83234	 .0115345974660153	 .00307873334178775	 .737650813403541
 5	 83259	 1E-05	 .0163128964159009	 .335402839980254
 5	 83274	 1E-05	 .110901244401224	 .560328541578131
 5	 83333	 .0750159830503087	 .0146819251917454	 .950057927899912
 5	 83341	 1E-05	 .0921385729591797	 .316422813693257
 5	 83353	 .0486950273761255	 .0284075167109896	 .975657387175386
 5	 83378	 1E-05	 .0282288515113811	 .301127474689158
 5	 83391	 1E-05	 .028283345182087	 .241916206608665
 5	 83410	 1E-05	 .00672957782485702	 .176881460060553
 5	 83444	 .00111804908866024	 .0174161276249501	 .00184278269885962
 5	 83479	 .0188787246064566	 .0143405395756536	 .572974849718932
 5	 83482	 1E-05	 .0187012177263368	 .307235662778042
 5	 83483	 .00765225343887977	 .0249623378183534	 .537836407050782
 5	 83490	 1E-05	 .0311228271745507	 .424666273213082
 5	 83544	 .00448175329414593	 .0061484457118127	 .195874839602455
 5	 83555	 .065256771693954	 .0281500168414396	 .966315907625541
 5	 83566	 1E-05	 .0239888466616919	 .909175632713382
 5	 83658	 .325834814689936	 .0779995348755458	 .955920040265824
 5	 83663	 1E-05	 .0476524979620126	 .203269881003167
 5	 83690	 .00471942023314313	 .021678191890574	 .0382696334470189
 5	 83754	 .128168024306544	 .0386459679877521	 .891046093682354
 5	 83774	 1E-05	 .0162733386599424	 .154003930219377
 5	 83798	 .137062686469651	 .0441668822641617	 .824900121047121
 5	 83807	 .0868298479333653	 .0363774142685679	 .993195098474303
 5	 83817	 .526232300940971	 .0166244703090425	 .942372750992127
 5	 83829	 1E-05	 .0111055606308542	 .984591782124436
 4	 83830	 .13338895757935	 .0141457598798167	 .822122600343401
 5	 83864	 1E-05	 .0283541686307881	 .000325848167195719
 5	 83875	 1E-05	 .0701422059911609	 .758135318592948
 5	 83881	 .0127541413498415	 .0215652925051713	 .0225002551224599
 5	 83882	 .00960280332910438	 .00756162988314139	 .971045398611695
 4	 83914	 .0982112992225935	-7.64844806351189E-05	 .995532103407721
 5	 83923	 .0120586514840912	 .00819761153185282	 .987631767364988
 5	 83968	 1E-05	 .110206622900496	 .287283741726959
 5	 83982	 .0191608773530689	 .0100880988052243	 .636176986353023
 5	 83993	 .0812196923806606	 .0212742941269287	 .820976842301594
 5	 84035	 1E-05	 .0206265161614323	 .579021298472796
 5	 84041	 .0104477814697815	 .011702594069954	 .734667638650901
 5	 84065	 1E-05	 .0287746467311421	 .946201786254101
 5	 84086	 .0105408224535592	 .0175155831283649	 .64682163424256
 5	 84090	 .160417646901689	 .0260440530808666	 .894965401735272
 4	 84145	 .0387416681353338	 .0100946803165313	 .970253871582669
 5	 84152	 .00737246414505787	 .0255690657043538	 .0209223010507883
 5	 84159	 .645016817594421	-.0492118276065721	 .957029453568693
 5	 84171	 .00604330160071651	 .00516826558252771	 .73093372966891
 5	 84186	 .0957455339326382	 .0365222133323377	 .748812239110942
 5	 84245	 .00889018255803144	 .0353533551383611	 .190140347467721
 5	 84262	 .500559887925308	 .159341294953442	 .847607912976587
 4	 84267	 1E-05	 .00407261512733284	 .0113174005987929
 4	 84275	 .00508272427271462	 .00303010266589015	 .988942059918227
 5	 84282	 .00216169102705928	 .0191500156499196	 .0444461432424291
 5	 84283	 .0600693904452889	 .0115779340656841	 .62035008800804
 5	 84310	 1E-05	 .0107386069450496	 .904975804378818
 5	 84329	 .488347346078432	 .0484797787058865	 .939640595014607
 5	 84357	 1E-05	 .0584129360689382	 .598753312152561
 5	 84363	 1E-05	 .0277281724556212	 .0554820177240281
 5	 84415	 1E-05	 .0317047419069824	 .715991738888361
 5	 84416	 .307067162196082	 .0346750277983126	 .946080661475437
 5	 84419	 2.62569251344063	-.146692586361326	 .989916240547093
 5	 84426	 .0326699212135933	 .0174288238931729	 .481556101414761
 5	 84440	 .392857532218928	 .0342340825067246	 .528903535545154
 5	 84453	 .885893677542084	-.0312509299290922	 .937899849566958
 5	 84496	 .00881582773882698	 .0104757465603917	 .780489286212218
 5	 84506	 .0184927229012353	 .0341337507285953	 .119181467442129
 5	 84513	 .0413389297043707	 .0414340936461884	 .179919121590177
 5	 84526	 1E-05	 .026060095146212	 .58106212780406
 5	 84533	 1E-05	 .0405173703967274	 .407212684144023
 5	 84547	 .00560014366082836	 .0103245100193319	 .188831765245187
 5	 84551	 .0202967720681624	 .00807807289343675	 .529288080446502
 5	 84557	 .0630451129448501	 .0160248340737539	 .991467318351969
 5	 84566	 1E-05	 .0167752812257025	 .0572885467254189
 5	 84583	 .0320884026240275	 .0306891733556305	 .210626602235581
 5	 84589	 .911428292126284	-.014100470740287	 .996395999361387
 5	 84622	 1E-05	 .243660706321643	 .128779595975626
 5	 84635	 .0153385027081212	 .0419896569659188	 .018188197176816
 5	 84660	 .0303664288600394	 .0299033799395467	 .96600668600246
 5	 84661	 .102546734975978	 .0442273440016133	 .923763470505457
 5	 84668	 .0925988573634221	 .00188144299178101	 .686050928762478
 5	 84721	 .0111033623217349	 .00453801371555704	 .741818043456645
 5	 84722	 .013676160516545	 .0370882958719643	 .0503188700764641
 5	 84738	 1E-05	 .0771328249363865	 .987483609020908
 5	 84786	 1E-05	 .0319063984072852	 .541831083464471
 5	 84825	 .031130365182821	 .0511269611816569	 .0941305115940532
 5	 84849	 .0133142430249935	 .0302624784813761	 .240048446959975
 5	 84867	 .00951560533670034	 .0228299052596797	 .231833299419971
 5	 84884	 .0161512953604972	 .00733285732780314	 .568220243501453
 5	 84891	 1E-05	 .0231418423230442	 .0356079410370331
 5	 84921	 .460448837435175	-.0362013172603123	 .97312737351738
 4	 84944	 1E-05	 .0210353485899326	 .0151781840790827
 5	 84949	 1E-05	 .0452779511135907	 .510906838271089
 4	 84954	 1E-05	 .00420508248625493	 .540649401116338
 5	 84964	 .0357485211777276	 .0160508953443709	 .860212702681399
 5	 84969	 1E-05	 .00833026601385917	 .41134118412092
 5	 85022	 .05483094853212	 .0137235006886599	 .528880030270281
 5	 85032	 1E-05	 .188543160590478	 .412294347182939
 5	 85068	 .0380645566920371	 .0799402546679516	 .724350391861929
 5	 85121	 .0720761658301322	 .0056043993615051	 .631772000531706
 5	 85138	 .0568060155163954	 .0776076704138676	 .508601590502723
 5	 85169	 .396222571211633	-.00463543605236544	 .999523336631351
 5	 85187	 .214801393784673	 .112728283631396	 .660788501402523
 5	 85209	 .156200242766669	 .0166361947438033	 .990088850592777
 5	 85229	 1E-05	 .0643889022520104	 .134732592367978
 5	 85243	 1E-05	 .0552369821190191	 .281730541292284
 5	 85249	 .23110048969802	 .0222256567960397	 .890510453145668
 5	 85259	 1E-05	 .0354418585493263	 .340081478034793
 5	 85265	 .418029602365784	 .062581936862585	 .611669403136165
 5	 85270	 .162146041293519	 .0522339558561742	 .787011335262371
 5	 85282	 1E-05	 .0274467376077809	 .136574380403396
 5	 85313	 .00947777984952743	 .0217406828192077	 .120253602383131
 5	 85348	 .0680509001136302	 .0316999427927492	 .708557556619513
 5	 85370	 .0166659035238364	 .0207893730777602	 .0885084344860563
 5	 85377	 .00356538601990581	 .0304807128537367	 .0269586652140905
 4	 85393	 .0685701152778217	 .0203429535638896	 .562141470016892
 5	 85403	 .029815624778127	 .0105374628205179	 .259556738953092
 5	 85412	 1E-05	 .0644093804298988	 .605642964473587
 4	 85426	 1E-05	 .0186747958670472	 .00274158197962049
 5	 85455	 .0137279128601169	 .00751490192029197	 .840547020824469
 5	 85469	 1E-05	 .0291712544663419	 .544976698173188
 5	 85478	 1E-05	 .0135605082334809	 .223323261068801
 5	 85480	 .00801248256592069	 .0720739192549593	 .0148466701714198
 5	 85493	 .0228644787389423	 .012008527397525	 .919083078634128
 5	 85526	 .0318558236430484	 .0143962051972157	 .684282850570787
 5	 85536	 .0776383755727863	 .0342832433710224	 .401232296814488
 4	 85541	 1E-05	 .0126684410701416	 .308066575369436
 5	 85573	 .058071979973738	 .0202985131197293	 .90952344325997
 5	 85656	 1E-05	 .0377130438558169	 .796735696623884
 5	 85666	 1E-05	 .00834541266960089	 .0355342606073655
 5	 85670	 .0107384167543842	 .00478051657894006	 .806377097283756
 5	 85686	 .123893033679379	 .00554623273230967	 .893501938843052
 5	 85694	 .0407011177521793	 .0180916632231352	 .9642701659296
 4	 85695	 1E-05	 .145528718061041	 .0858300012848744
 5	 85734	 .00549116277258794	 .00976570957046013	 .143247020136676
 5	 85753	 1E-05	 .21813964464395	 .793361123850111
 5	 85772	 .0334841816918521	 .0126670962526033	 .962107182740869
 5	 85804	 1E-05	 .0841032626440054	 .588937511650455
 5	 85807	 1E-05	 .106038709296047	 .32364361695135
 5	 85818	 .0242283695603868	 .0081326025057728	 .545478216437516
 5	 85826	 .0583491537823651	 .116035536488948	 .188214858545368
 5	 85835	 .013157456477028	 .0134031524361295	 .0560635498294937
 5	 85844	 .0883759037482716	 .0361218552610032	 .575639907745543
 5	 85851	 .0201345780300995	 .0228283064235994	 .635459542699546
 4	 85879	 .198290241822862	 .0185212870226497	 .98189654580116
 5	 85881	 1E-05	 .039848936764456	 .0291797741867074
 5	 85884	 1E-05	 .0632159103022668	 .948634638678738
 5	 85983	 .294047585508065	-.0145799290044991	 .930853242506907
 5	 86022	 1E-05	 .0781866937245594	 .268964510764543
 5	 86025	 .0636936245702714	 .00481758283202806	 .715363151090665
 5	 86055	 .0684719151440612	 .0796264625298424	 .0863535411929103
 5	 86056	 .108792706638168	 .0266794371889839	 .929811565672298
 5	 86057	 .124280815595022	 .048433929787307	 .519434918770187
 5	 86073	 .0281833280338574	 .0213506267356397	 .804469485682529
 5	 86079	 .0203715265262021	 .022702381736338	 .993622754684979
 5	 86116	 1E-05	 .0971385753825002	 .114483762625639
 5	 86142	 .267083879720253	-.00544960707405607	 .906286889662022
 5	 86150	 1E-05	 .221869616448114	 .532575026612021
 5	 86178	 .0612185605023365	 .0394901914519393	 .89713275380341
 5	 86191	 .0279453039201847	 .0081377887368242	 .386192833304156
 5	 86195	 1E-05	 .012405255664271	 .710569587502773
 4	 86206	 .0164571294843499	 .0561684369412759	 .0898457613161542
 5	 86208	 .0096445421068282	 .00864396039681772	 .865050600597383
 5	 86210	 .0307200422841908	 .00819235878739765	 .86341498279357
 5	 86214	 1E-05	 .157570448128506	 .0269031299261787
 5	 86223	 1E-05	 .0535573694567851	 .0300573066389855
 5	 86239	 .0177211247600515	 .00698340310056881	 .613971704011901
 5	 86260	 1E-05	 .0286116632115186	 .656138076841583
 5	 86271	 .0773647899957912	 .0188716307495314	 .9660445170843
 4	 86305	 .031350456030055	 .00620658260556267	 .979216610694125
 5	 86313	 .00480436111145166	 .00590178322111367	 .0781263133885798
 5	 86317	 1E-05	 .01988234414804	 .0909350374512864
 5	 86336	 1E-05	 .0204833443152771	 .0868686991742188
 5	 86347	 1E-05	 .00657853668448071	 .000349131850933104
 5	 86371	 .0210317176087803	 .0966576764748611	 .0563616466745746
 5	 86380	 1E-05	 .0169856062004044	 .989192539555264
 5	 86407	 .00976495880402151	 .0341780353539346	 .056931751642704
 5	 86412	 .0189042559663497	 .00272816399380271	 .387848589045293
 5	 86436	 .00306701477634088	 .028574208232464	 .0661034892293033
 5	 86470	 .010414044521753	 .00922580009214591	 .223004174401734
 5	 86493	 .0157174060540292	 .03285365795245	 .0587496552627255
 5	 86499	 .0204284575405391	 .0122806799375801	 .467760701831624
 5	 86500	 .0278329284802672	 .0581127962810149	 .65876559367437
 5	 86503	 1E-05	 .0231050779823344	 .0422821111255096
 4	 86550	 .00088372417704317	 .00611887893650259	 .298057072447523
 5	 86557	 1E-05	 .0289405191750144	 .0162607833067637
 5	 86559	 1E-05	 .0400841608606166	 1.62875579229338E-05
 4	 86606	 1E-05	 .327014439957891	 .000669772805398927
 5	 86621	 .0230908222693472	 .00805559747444447	 .997408309842983
 5	 86628	 .0206574262629028	 .0144730294537148	 .95076121600781
 5	 86656	 1E-05	 .0830520291095042	 .566317089785601
 5	 86663	 .0937658368105322	 .0904246170788201	 .415735488171893
 5	 86664	 1E-05	 .0307285677339474	 .240605996693528
 5	 86672	 .113916137412	 .0259694304689685	 .981585575378536
 5	 86680	 .0995186757813291	 .0300039591383785	 .852419894175143
 5	 86691	 1E-05	 .0114668448538817	 .150799566394868
 4	 86726	 .131318510146846	 .0144647408225249	 .897903606797967
 5	 86740	 1E-05	 .00905063208739318	 .536135044025053
 5	 86779	 .0102172884029907	 .0363259507553428	 .156917673637711
 5	 86803	 1E-05	 .0188574788564901	 .072996099960408
 4	 86820	 .00693353181514974	 .0203648793154755	 .0685627501151679
 5	 86825	 .163237181752671	 .171315536512629	 .109356185552328
 5	 86826	 .0123317745037615	 .0523578738914232	 .0189923457201998
 5	 86864	 .900578910176321	 .000802768325804658	 .958203692061461
 4	 86866	 1E-05	 .113667043706321	 .43814050699633
 5	 86889	 1E-05	 .00606489029477485	 .322856098659896
 4	 86908	 .930606899819376	 .258942912151793	 .602548032631871
 5	 86947	 .0114183222097116	 .0108388161321795	 .181067942391448
 5	 86953	 1E-05	 .0245457902280524	 .490080907737094
 5	 86982	 .00376995387426349	 .0107122896531851	 .022977037589672
 5	 86992	 1E-05	 .0164888752846734	 .00308535798041587
 4	 86993	 .0174542076055117	 .0102678284670975	 .661372845358551
 5	 86995	 .0654252423819125	 .0936186141263484	 .120986975404198
 5	 86999	 1.86845929594081	 .0105076742023687	 .968320742438516
 5	 87000	 .249630428799537	 .025781143755165	 .928745262474319
 5	 87007	 .0227877779318517	 .0098060279133233	 .770207656819189
 5	 87053	 .292436094567205	 .0699131609890305	 .749380687756364
 5	 87068	 .0300248311643426	 .0206948215413498	 .993261656375227
 5	 87152	 .437683219591487	 .088375927071815	 .905788966370479
 5	 87170	 .0453928115099458	 .0749133564894792	 .0876982327409184
 5	 87199	 .0136340764936625	 .00854284006141904	 .982193192054936
 5	 87214	 1E-05	 .102270178716039	 .228124334466286
 5	 87216	 .260762906365886	 .0324935272605002	 .600078605219174
 4	 87223	 .161827371668375	 .150757770023602	 .99947133424672
 4	 87263	 1.5691105868774	 .0999973743600084	 .997693658733352
 5	 87269	 .632843946560866	 .125817040983392	 .78984542077826
 5	 87293	 .0220666790107987	 .0544605795712167	 .237843456041863
 5	 87314	 .0608916363038982	 .0109061350056431	 .749305998036629
 5	 87316	 .0564023801552929	 .105022213983566	 .156722348480925
 5	 87325	 .0336531830732363	 .0767041862541756	 .0847989317062496
 5	 87329	 .0216780037690795	 .0142682681932178	 .792227802963788
 5	 87331	 1E-05	 .0179458227954215	 .867569889406236
 5	 87332	 1.7665791957429	-.0762992120040219	 .987441940481643
 5	 87344	 1E-05	 .0130247672221004	 .979496703710077
 5	 87407	 .0367766576899786	 .0203226673724237	 .960766216147602
 4	 87416	 .0850992907413456	 .0678537748578461	 .606662197828691
 5	 87421	 .00350602428925469	 .00806611013576076	 .0355788110660236
 5	 87477	 1E-05	 .0227257679264618	 .479900125227548
 5	 87485	 1E-05	 .0142964357606781	 .0176347968585575
 5	 87493	 .00750960294675061	 .0376782653182689	 .00588118940692939
 5	 87528	 1E-05	 .0415462735576067	 .280495961489542
 5	 87530	 .171768810663282	 .0235484033219662	 .796311030766839
 5	 87537	 .0321220410479309	 .0145048110446575	 .657623485588731
 5	 87551	 1E-05	 .0434793446504512	 .462550925723182
 4	 87559	 .107897276242835	 .0105238518488231	 .949688980499603
 5	 87607	 .197342393880921	 .0292528338515229	 .954108432952061
 5	 87608	 .00873976809932016	 .0101085143854795	 .376992483723235
 5	 87621	 1E-05	 .0188326942238371	 .528555083594382
 4	 87658	 4.9125340110269	-.444527686942003	 .97530525112901
 5	 87693	 .0339652934879351	 .0952172984284868	 .0404319948612698
 5	 87700	 1E-05	 .149858081717267	 .0407788551994848
 5	 87767	 1E-05	 .0147368401099805	 .685159211771803
 4	 87780	 .0356646623998481	 .0149940833173469	 .751573407099472
 5	 87782	 .0936460989377739	 .200019520791786	 .0287406663448644
 5	 87802	 .0138467988193355	 .0301137307863556	 .0255139749202234
 5	 87816	 .299195366204131	 .013698599737779	 .947361702001174
 4	 87818	 .425602446165469	 .103848932243173	 .583537094432452
 5	 87832	 1E-05	 .058840282275419	 .503000379576764
 5	 87845	 1E-05	 .0190029978296816	 .000351565981420165
 4	 87888	 .00127108828677609	 .0060285079931428	 .174580129490252
 5	 87903	 .0163859037845202	 .0214584035227061	 .926852774113839
 4	 87910	 .00455225075470235	 .0119356898199308	 .524294371285531
 5	 87913	 .024653767304433	 .0304119030821788	 .139958651376638
 5	 87928	 .0379235006995799	 .0434914132899319	 .914307993855136
 5	 87934	 .0160557243400811	 .0223276366960687	 .170752877037786
 5	 87941	 1E-05	 .0363710113049313	 .24070576305318
 5	 87949	 1E-05	 .0368059122697945	 .021301278935462
 5	 87980	 1E-05	 .00738612115594851	 .223333443500817
 5	 87981	 .0810111220823114	 .0679970497663884	 .349408891075715
 5	 87993	 .0292616589084318	 .0122755816258317	 .948625118671455
 5	 88029	 1E-05	 .069611670277549	 .598600838050444
 5	 88040	 .0110036322355768	 .0770745093947638	 .01185583848434
 5	 88073	 .117448142643474	 .00460533126317571	 .768875483974876
 5	 88084	 1E-05	 .0223768882275461	 .842423287513949
 5	 88086	 1E-05	 .165876483050002	 .484039856822683
 5	 88119	 1E-05	 .0155822400161446	 .632534990300913
 5	 88120	 .0161271433641525	 .0411865251226638	 .0771534210777522
 4	 88180	 1E-05	 .024837170414164	 .827233403748298
 5	 88222	 .00157055358286892	 .0488596901120183	 .000335997317591152
 5	 88274	 1E-05	 .0279131578477516	 .0147998715629469
 5	 88281	 .0230658150006717	 .0326135191770484	 .32815838878678
 5	 88299	 .00592073454793302	 .0526382144754458	 .00751101637702922
 5	 88301	 .101068075118272	 .0469058081329955	 .961575682997356
 5	 88338	 .01871756213387	 .00307932706578304	 .683061759797659
 5	 88348	 .0577724241400884	 .0742913807494223	 .16274214171277
 5	 88356	 .0231984960208164	 .00697340133977992	 .895719785050976
 5	 88359	 1E-05	 .0420041165976986	 .689930052257432
 5	 88392	 .236914053657242	 .0503586088672933	 .754806801924033
 5	 88423	 .0289303103045903	 .0101086986988118	 .829469931636403
 5	 88425	 .818437408257102	 .021062798284486	 .965274193032837
 4	 88442	 .0102593921408397	 .0170722770276976	 .173987591307053
 5	 88445	 1E-05	 .0534745042130931	 .723277087462382
 5	 88446	 1E-05	 .0484590511465432	 .776038182499199
 5	 88460	 1E-05	 .00653193515892131	 .000614138363827399
 5	 88461	 1E-05	 .181593985179493	 .313125886690526
 5	 88524	 .280552390169942	 .00322364357663183	 .902490961947533
 5	 88529	 1E-05	 .0113488919345921	 .274863574901126
 5	 88601	 1.25988443905028	-.0314388735272552	 .999581589740072
 4	 88605	 .00884601694490348	 .0201868341012423	 .13232136696833
 5	 88644	 .00838447950144522	 .00969356414097607	 .828797199256439
 5	 88719	 .0049355081622225	 .00940420104077902	 .0356236999031385
 5	 88728	 1E-05	 .0542800503364563	 .0403512727177311
 5	 88744	 1E-05	 .0432546472500375	 .82361529617564
 5	 88754	 .691146068023155	 .0120798984561661	 .903095637119482
 5	 88757	 .0981508106910243	 .030116912393999	 .20086963899656
 5	 88768	 1E-05	 .0298662526422532	 .309378343466604
 5	 88801	 .0348184023796577	 .0454112235927363	 .102836706534541
 5	 88807	 .00583595947590109	 .0450845181114927	 .0437809979682549
 5	 88811	 .0285054635126752	 .032166486646267	 .182863018105169
 5	 88812	 1E-05	 .206626454765624	 .235435326847534
 5	 88843	 1E-05	 .0156884798218513	 .636603609380554
 5	 88866	 1E-05	 .0151405275003712	 .398967252705968
 5	 88885	 .0634423062199272	 .007399997570975	 .876551914739615
 5	 88887	 .0706310306608443	 .0319245385873418	 .519617009728398
 4	 88896	 .00469907961888121	 .00477703185163885	 .0890357020940156
 5	 88905	 1E-05	 .149971384112367	 .00865825303623247
 5	 88933	 .120935599927345	 .0543549307205713	 .362594062882776
 5	 88987	 .00369095160221844	 .017195726868725	 .0712416990950209
 5	 89004	 .0213479566356166	 .0380113972280345	 .392581988874641
 5	 89026	 .00840636305138462	 .00517480845632988	 .801493110871184
 5	 89037	 1E-05	 .109001440989566	 .294542121702381
 4	 89039	 .019393943241155	 .0299220248274086	 .29436328515724
 4	 89076	 1E-05	 .0101146540718556	 .352406573698211
 5	 89078	 .16774747177964	-.00185615866473032	 .965311007039123
 5	 89097	 .00651829906788774	 .0136908422841261	 .931580213442872
 5	 89122	 .0531563909574082	 .0617531622615765	 .916881562092477
 5	 89142	 .139139748756891	 .230466882524607	 .0825245356249638
 5	 89171	 1E-05	 .0114413063756171	 .00228376764015958
 5	 89185	 .0583789088070215	 .0255687064788175	 .151076933393587
 5	 89232	 1E-05	 .0243833295538063	 .135432756718433
 5	 89236	 .00451284253348712	 .00818100079463889	 .335836106775826
 5	 89238	 1E-05	 .0153136734726137	 .21059840016135
 5	 89246	 1E-05	 .055579556778988	 .0503207650892663
 5	 89249	 .384664534646986	 .0212631205063776	 .918323182667372
 5	 89308	 1E-05	 .0388150847488557	 .42622353480445
 5	 89324	 .0252170704694841	 .0285005494756858	 .864097698979661
 5	 89338	 .109165218332848	 .112986771230429	 .776879397300575
 4	 89346	 .16883574193396	 .0687143939327418	 .741063627642411
 5	 89356	 .495950415237449	 .108909236127263	 .447641069824145
 5	 89360	 1E-05	 .0865442743242542	 .507832107959191
 5	 89370	 1E-05	 .019833907091962	 1.9308928963957E-05
 5	 89371	 1E-05	 .0373551199939301	 .973753589925106
 5	 89380	 .000918699913170854	 .00679909455471829	 .0266445413509848
 4	 89387	 .0472208165165907	 .0141652693318261	 .65954257296467
 5	 89429	 .11061146112803	 .00217602694306076	 .77336433851554
 5	 89442	 .014567705872737	 .00438222878865118	 .647192838981806
 5	 89472	 1E-05	 .015909530268622	 .0907106004615705
 5	 89490	 .0232440199776714	 .0200975629210869	 .60690177723685
 4	 89509	 1E-05	 .0360357909656218	 .292968602314195
 5	 89516	 1.15136648684555	-.0175998374431632	 .953180489682999
 5	 89521	 .0121038381060212	 .0179353683270561	 .276877572820702
 5	 89657	 .0611931240006281	 .0238036580338972	 .811620040430714
 5	 89661	 1E-05	 .257931548971955	 .317652919690924
 5	 89676	 2.98381949617565	-.138810829711412	 .997501977795726
 5	 89695	 1E-05	 .0173429075698733	 .0380338864934205
 4	 89714	 .0175810071661438	 .00925706559358988	 .456098888517539
 5	 89754	 .00645926590304266	 .059414399327936	 .025475211356509
 5	 89764	 1E-05	 .0239493603445693	 .81806819690287
 5	 89765	 1E-05	 .0156738604468704	 .292461042156523
 5	 89773	 .0640662929145601	 .0840577598246232	 .192387586484002
 5	 89775	 1E-05	 .0170297097295978	 .0302852563494402
 5	 89793	 .311223170757939	 .0129653306724254	 .986391474139701
 5	 89813	 .141613051912733	 .0885690077881167	 .792348579588838
 5	 89861	 1E-05	 .00774543885755084	 .19722828591115
 5	 89906	 .0211511123634371	 .00486980944330427	 .723463063874781
 5	 89946	 .166228092304651	 .0401843122304565	 .974112393784567
 4	 89953	 1E-05	 .0134809947874829	 .81945278269411
 4	 89969	 .00496483483384045	 .00522656979944615	 .814424370169609
 5	 89976	 1E-05	 .0166247117879362	 .101609411940651
 5	 90033	 .00637923479174604	 .0340099410171075	 .00432660733003842
 5	 90044	 1E-05	 .0197893153141588	 .840292654521994
 5	 90051	 1E-05	 .0128068603569751	 .0582967115969633
 5	 90098	 .0965470381054858	 .017706290198655	 .865696756025523
 5	 90128	 .382449911420669	 .161011514070637	 .396996092578844
 4	 90147	 .0137997660095273	 .0193727661900155	 .597154838580315
 5	 90178	 .096645800976446	 .0927050600843463	 .720818293145797
 5	 90181	 1E-05	 .0521250777410869	 .171204394227539
 5	 90183	 1E-05	 .0371410415365374	 .516212672702439
 5	 90211	 1E-05	 .0165191765569016	 .411502380607828
 5	 90233	 1E-05	 .0116926272667771	 .0596667224536701
 5	 90270	 1E-05	 .0264931577315176	 .179291987809475
 4	 90286	 .972508888393447	 .0427179616831537	 .929138529808476
 4	 90289	 .00596991731791593	 .0150971214892862	 .164546003149214
 5	 90290	 .00761384908431997	 .00872241796732797	 .200019398033998
 5	 90316	 .0142920860228937	 .038117213871048	 .144775265286459
 5	 90335	 .00122250787985659	 .0211164358940359	 .00735302244168268
 5	 90348	 .0381399333858653	 .0101316422865738	 .932919803318099
 5	 90392	 1E-05	 .023421825709719	 .00516445339221805
 5	 90393	 .157238672464507	 .0192269063001897	 .867814116287234
 5	 90432	 .161349491057331	 .00763438639513566	 .658987514393753
 5	 90435	 .00269996996404215	 .0129317145765378	 .0469046881850186
 5	 90444	 1E-05	 .0163088582571478	 .321121783733517
 4	 90471	 .00344190486204191	 .0069869500188222	 .393759068561389
 5	 90495	 .0667266236922978	 .00758801619365479	 .756407735463543
 5	 90528	 1E-05	 .0309808331464674	 .150232492927674
 5	 90573	 .0466515136944696	 .0439386982506225	 .193336191268016
 5	 90587	 1E-05	 .00920452003719591	 .0402225456299877
 5	 90591	 1E-05	 .0101297761975158	 .0345920121015486
 5	 90610	 1E-05	 .0375056601847712	 .706056356444538
 4	 90617	 1E-05	 .0327393644045896	 .190350788621541
 5	 90638	 1E-05	 .0297616114813029	 .509835914292594
 5	 90652	 1E-05	 .0101968893841336	 .00692771041732754
 5	 90713	 1E-05	 .0348530870064338	 .564253672704547
 5	 90714	 .029225833709775	 .0384317678065158	 .49334561502716
 5	 90729	 1E-05	 .0372406970331731	 .0733087741259877
 5	 90738	 1E-05	 .0220351999276996	 .41844672310647
 5	 90761	 1E-05	 .0223346747773218	 .0371683263447197
 5	 90776	 1E-05	 .031336518580874	 .246163509200766
 5	 90786	 .00395388526551083	 .0146542151960006	 .0235643273862557
 5	 90795	 1E-05	 .0418484389489882	 .801395419465174
 5	 90822	 1E-05	 .0219268751338537	 .147408142208969
 5	 90914	 .132978219565556	 .214790280106965	 .0810829762041394
 5	 90915	 .052400569028177	 .00935393699104156	 .742092442437148
 5	 90919	 .0718857695540206	 .0678526283597257	 .519782484955778
 5	 90954	 1E-05	 .0420024062622652	 .0616889190585882
 5	 90967	 .137214778502329	 .0271970710798784	 .983547020721177
 4	 90991	 1E-05	 .0121800996797627	 1.05635972635909E-06
 4	 91024	 .1223238945035	 .0225242325302735	 .948062003217242
 5	 91030	 .0626904363523227	 .0262788831338226	 .718572270866029
 5	 91067	 .652381605420939	 .00475989110922839	 .974526430489492
 5	 91083	 1E-05	 .125515970421438	 .0456462623406545
 4	 91134	 .12620716864179	 .0411050006438775	 .675673659597938
 5	 91160	 1E-05	 .127918844347267	 .388187800601482
 5	 91173	 .00793501631805693	 .0215177468776183	 .0555577808838962
 5	 91185	 .509306038723981	 .0307201093556421	 .994182627715593
 4	 91194	 .0369557824615528	 .0507931729776763	 .226901534998483
 5	 91223	 .00967187059478515	 .00820115711606714	 .885628181561977
 4	 91234	 .0405661015241893	 .024008176313033	 .236392530431939
 5	 91266	 .330243007061922	 .0649669006259486	 .893914493673534
 5	 91280	 .00106131919915402	 .0113986242593229	 .00377767058758083
 5	 91281	 .0108656689189785	 .00746255323579221	 .651637954791163
 5	 91287	 .13575877784675	 .0481994390511787	 .359607451522067
 5	 91308	 .176667274724203	 .0476918972451182	 .990671483684734
 5	 91373	 .216712677195344	 .200721495203201	 .36951941036329
 4	 91388	 .0217253235100165	 .0164993451886261	 .818173134733241
 5	 91430	 .88128963173755	-.0150977778605469	 .944229969477688
 5	 91435	 .57330610621846	 .00288881988310537	 .972292306764081
 5	 91437	 .0478335502963387	 .00616355264743795	 .991756137769361
 5	 91454	 1E-05	 .0501722962273357	 .863083396061612
 5	 91466	 .00128085938189227	 .0227603897353359	 .00359790598088205
 5	 91497	 .000654468947080239	 .00767108710387297	 .000611864429616693
 5	 91521	 1E-05	 .00600425191317982	 .260086100169232
 5	 91540	 1E-05	 .023749197527275	 .426441767339429
 5	 91558	 .0107523888049217	 .0220403583652476	 .394462690065948
 5	 91565	 1E-05	 .0189394973450779	 .0397601842832548
 5	 91623	 .127888226370691	 .00435625309782966	 .989595802848728
 5	 91648	 .0051658661581076	 .0073819547558935	 .215651065041107
 5	 91652	 .0416864839936747	 .0301761402100116	 .679804694115325
 5	 91687	 .121739944803101	-.00846399037535932	 .791086361199457
 5	 91695	 .069467764066293	 .135208694613868	 .336321864408213
 5	 91698	 1E-05	 .0387134872098547	 .29475674694524
 5	 91720	 1.0874974634209E-05	 .0214619487715155	 8.35768691476169E-07
 5	 91771	 .00208612942721092	 .032005826196677	 .00973153085181877
 5	 91803	 1E-05	 .0340016265914106	 .135182244876805
 5	 91813	 .0801656407242905	 .0113503657876698	 .527171435837997
 5	 91828	 1E-05	 .0227257808307625	 .0274735345485336
 5	 91882	 .412791156589012	 .0113206196841447	 .940041287595807
 4	 91885	 .00392023109268329	 .00824465393329691	 .0624846308875888
 5	 91896	 .00795100570200953	 .0511376221560543	 .0401935700223578
 5	 91907	 1E-05	 .0709277401013228	 .980756534955533
 5	 91958	 .00820792252204471	 .00862864593055629	 .485985674246201
 5	 91959	 .0131255687074243	 .0500929242555721	 .0252510439045928
 5	 91960	 1E-05	 .0256777358352262	 .274198491685411
 5	 91975	 1.55104597503439	-.0321040834213132	 .989859960545106
 5	 91978	 1E-05	 .0433566811903749	 .940298336599326
 5	 92007	 .0620044115124335	 .02370055044785	 .912382771829547
 4	 92035	 .382550732268111	 .091791935956135	 .967591001917732
 5	 92039	 1E-05	 .07232234318844	 .552174164092535
 5	 92042	 .0876364724698964	 .0193838424177707	 .532966548921807
 5	 92046	 .922849463103768	 .00160954645342169	 .973321287093643
 4	 92056	 .0242871511595941	 .0196380621763286	 .390920148039577
 5	 92062	 .131868747819241	 .0157551033607039	 .797039302384265
 5	 92113	 2.59657508011282	-.204743422617084	 .998376546218893
 5	 92122	 .00548331071399273	 .0173165540054137	 .256114421050183
 5	 92140	 .00223964169731751	 .00664013239470677	 .38002064240612
 5	 92146	 1.40738416538302	-.0859297057172438	 .985684105014578
 5	 92170	 .288504092093923	 .030071139870072	 .904026006776696
 5	 92219	 1E-05	 .146409607089619	 .440436497888116
 5	 92234	 1E-05	 .0107845603042686	 .39585032526408
 5	 92243	 1E-05	 .0484586012607423	 .0923021270390237
 5	 92251	 .0041330144039979	 .0280051392894275	 .0478553365766294
 5	 92278	 .0180413298416574	 .00672574090537449	 .776019183700736
 5	 92294	 1E-05	 .0277817263175769	 .266593246248161
 4	 92314	 .16209076209468	 .0566639082051162	 .829958444177674
 5	 92318	 .0163335335480132	 .0426191491486422	 .126694042325808
 5	 92322	 .014171940339173	 .0434699737742496	 .0645203856768388
 5	 92323	 .110753383376452	 .0388561427354704	 .876127583170056
 4	 92376	 .110415731654942	 .0879903113956268	 .647499467705229
 5	 92403	 1E-05	 .0081343915495648	 .0699672870198089
 5	 92404	 3.98206113740828	-.327924504780144	 .997861544121229
 5	 92406	 .00867198859695141	 .00223419842464905	 .912865812956056
 4	 92445	 .0569141198900051	 .0244315426797443	 .536555382707492
 5	 92465	 .130289171263693	 .014519439085348	 .978914412992096
 5	 92473	 1E-05	 .0900551122048692	 .721437827195354
 5	 92487	 1E-05	 .0127955299326883	 .167283371211953
 5	 92499	 .192024206041324	 .0509308733243941	 .928462265864252
 5	 92504	 .184087113817184	 .0230368872402827	 .904651458157404
 5	 92562	 .032964000662003	 .00797355373608175	 .579465741502188
 5	 92608	 .676554652056694	-.0483443996746554	 .980808305590311
 5	 92614	 .029543959144273	 .0590631627633701	 .037472462493745
 5	 92621	 .00503851588513595	 .0119166522300541	 .814650707385658
 5	 92658	 1E-05	 .0123946892667866	 .558814083654877
 4	 92663	 1E-05	 .0130183657907583	 .187639602934837
 5	 92689	 .0861570549286328	 .014705767801339	 .814619856511404
 5	 92694	 .0265874034532023	 .0242900769961328	 .557220716998837
 5	 92718	 .0153859537640854	 .0226279982927181	 .479861668837477
 5	 92733	 1E-05	 .0150143317188614	 .209196191715711
 5	 92755	 .0421060878663975	 .0334966632407551	 .149423473181543
 5	 92776	 .00446167078028904	 .0245852251580209	 .0374775317051078
 4	 92792	 .00685920225062078	 .0220727400886396	 .137388581906833
 5	 92797	 1E-05	 .152754759634627	 .446407388229099
 5	 92804	 .00240015148760981	 .00741262480279451	 .378438200585871
 5	 92809	 .543182429090076	 .186020660392111	 .542220536704792
 5	 92839	 1E-05	 .0993962112239647	 .307920375166288
 4	 92840	 .0294357589810164	 .0111756427178701	 .192229133189371
 4	 92854	 .0464584052867738	 .0146643956192041	 .659978990089476
 4	 92857	 .053873007603015	 .0207934182115751	 .640673179291917
 5	 92888	 .092763413592179	 .0397531998784629	 .928600579844387
 5	 92931	 .1530205786282	 .0176554180552882	 .844080651893546
 5	 92937	 1E-05	 .413462276152486	 .0338296604448443
 5	 92993	 .406652611982403	 .0243817660518735	 .995221245949211
 5	 93016	 .18345518140312	 .0487194754992274	 .903819752564825
 5	 93036	 .0052776772049548	 .0715809947961823	 .00427395375748585
 5	 93041	 .0553749635687219	 .0216935651548762	 .711974412626962
 5	 93052	 .224740468250772	 .0985824272143786	 .985534833567194
 5	 93081	 1E-05	 .0377908673992385	 .00012127729696787
 5	 93127	 .488738326911324	 .0961642181368277	 .86877697990918
 5	 93143	 1E-05	 .00702024787031825	 .220007718662587
 5	 93147	 .126815512063764	 .0914214241127362	 .207185363329636
 5	 93155	 1E-05	 .0199883921482429	 .333538986421355
 4	 93185	 .0265368392286817	 .0403450090530267	 .0491079205612719
 5	 93186	 .00282133604862064	 .0228260577185302	 .113217088791587
 4	 93234	 1.68568444718835	-.0450974174296244	 .996260210310398
 5	 93263	 .465124731318625	 .0791563142825189	 .890179174593222
 5	 93300	 .0638938756848377	 .0485029800839532	 .948908638026154
 5	 93325	 1E-05	 .01753007783178	 .389179964982098
 4	 93371	 .000726839234643214	 .00878906280392734	 .0111846048974039
 5	 93398	 1E-05	 .0318279722133586	 .355993727474196
 5	 93403	 .0233106514132557	 .0409290679053128	 .556621242419846
 5	 93450	 .771085468880542	-.0440166070485741	 .995757628886142
 5	 93457	 .931757737702673	 .0234516406364558	 .93184598993298
 5	 93467	 .0122810864860079	 .0134525611655819	 .200183589921513
 5	 93510	 1E-05	 .0141423470152984	 9.93465082643752E-07
 5	 93524	 .00363968246675869	 .0107163773180259	 .13505009867969
 5	 93534	 .0113934791720518	 .014539936810836	 .681464248049349
 5	 93575	 1E-05	 .0652857822923495	 .306908508392258
 5	 93579	 .0481509630232228	 .0104913552235536	 .578215468219236
 5	 93602	 1E-05	 .00834966962367096	 .0298372748396503
 4	 93608	 3.82333286278311	-.432105999639988	 .972600958204377
 5	 93614	 1E-05	 .0683397831063427	 .3697385850253
 5	 93615	 .0183669653896228	 .0216270886826653	 .0924239119558744
 5	 93652	 .00312794810582154	 .0146082414259558	 .311198738215575
 4	 93661	 1E-05	 .056335530018788	 .328268780667783
 5	 93692	 1E-05	 .0223406721873567	 .0884235961087741
 5	 93712	 .00417529507199555	 .0233719397513749	 .0705963464840474
 5	 93742	 .00269635749957404	 .0317511093303652	 .00720462152693579
 5	 93786	 3.29528782819107E-05	 .00733016825060011	 1.7797862460478E-05
 5	 93805	 1E-05	 .0126373261619105	 .501696577157876
 5	 93812	 .063142374445461	 .0430696395798959	 .23336661697104
 5	 93815	 .0971283159854959	 .0136781920448986	 .950735834759257
 5	 93816	 .0373572114805547	 .175079207925485	 .0257515841033226
 5	 93852	 .565752055289045	-.0322708225035378	 .970968648871941
 5	 93943	 .010457942280838	 .0229156090456509	 .214183998060685
 5	 93945	 1E-05	 .019938736530326	 .0644913288006363
 5	 93948	 1E-05	 .0136339859723002	 .00864357506457458
 5	 93976	 1E-05	 .0282024989919544	 .167668218548381
 5	 93987	 1E-05	 .034821292417008	 .0406979793565366
 5	 93994	 1E-05	 .0431380926631316	 .922292725461596
 5	 93999	 1E-05	 .0227620350887766	 .409762222590096
 4	 94029	 .0173393151249059	 .00853787474722754	 .953794093351475
 5	 94054	 .551038481488381	 .145777553748379	 .92499333978964
 4	 94097	 3.10730534678278	-.28219242596394	 .947030793116417
 4	 94118	 .00803450218690398	 .0131112127096635	 .488329432210917
 4	 94127	 .152794756244265	 .00310434416283302	 .989396540139352
 5	 94138	 .473158850101113	 .0653588355491926	 .986707308997747
 5	 94142	 1E-05	 .0344146129120081	 .30525510053178
 5	 94155	 1E-05	 .0474869781222419	 .478916909218303
 5	 94222	 .0164894924794915	 .0389178606016673	 .528106214891983
 5	 94226	 1E-05	 .00920799538610169	 .208015225495888
 5	 94300	 .00612910252505923	 .111361255026303	 .00160052873081129
 5	 94308	 .0230888862326958	 .0504695338443134	 .0648035256125126
 5	 94319	 1E-05	 .0803512367628973	 .138822938261646
 5	 94356	 .412015714728918	 .174994085796679	 .291179301273789
 5	 94365	 .0490828327780039	 .00774994373560144	 .928695288005765
 5	 94371	 1E-05	 .0250211124392401	 .0879332883550298
 5	 94376	 .0273735688489455	 .00702346143258189	 .648014420584804
 5	 94387	 .216637625101536	-.00329772297568732	 .911418272518676
 5	 94391	 .0392685102375863	 .0142631818179925	 .929313808425751
 5	 94452	 .00422817121347797	 .00477101962988095	 .353341905971693
 5	 94454	 1E-05	 .0341178262722571	 .174819567174807
 5	 94480	 .0323145526132655	 .0409935093744088	 .179369726836814
 5	 94484	 1E-05	 .125762787021612	 .989839877577225
 4	 94490	 2.28412901549719	-.127826792955979	 .996818490035329
 5	 94506	 1E-05	 .0362143747673708	 .347181274410113
 5	 94529	 .999639053544968	-.0182289252755673	 .994128061652248
 5	 94571	 .0451997488622402	 .0222273636273113	 .879006101585187
 5	 94622	 .01899204845393	 .0397054360500338	 .183545879828935
 5	 94666	 1E-05	 .250709494572778	 .476072281131038
 5	 94691	 .00384119061099864	 .00969731300527095	 .152445593255935
 5	 94708	 1E-05	 .0289640509262082	 .0413975894773605
 5	 94745	 1E-05	 .0277083278398764	 .617048122122446
 5	 94765	 .025276426371578	 .016131443342126	 .86983540878061
 5	 94769	 1E-05	 .00253765639714807	 5.33873266661544E-05
 4	 94782	 .0459267632100345	 .00229765369689986	 .902548949399029
 5	 94803	 .0032772393595925	 .015722480791758	 .169380893910015
 5	 94823	 .0873065652333999	 .0130162287800544	 .887447788780984
 5	 94832	 .252730021284415	 .129925206971457	 .869974224499587
 5	 94916	 .149562505461802	 .120257587645619	 .0692989750015077
 5	 94928	 1E-05	 .027333847729066	 .735144918360847
 5	 94938	 1E-05	 .0278359649053536	 .170550868140929
 5	 94953	 .00146459256579175	 .00765654230860981	 .0657734153714625
 5	 94976	 .038951746870056	 .00489880549831635	 .904811953793317
 4	 94981	 .767613132803889	 .0934864136220913	 .997134199868648
 5	 94997	 .096986412229616	 .0610895678490353	 .603139885503748
 5	 95034	 1E-05	 .0827518896677299	 .557926766913826
 4	 95068	 1E-05	 .00308163093989048	 .0310439568261301
 4	 95069	 1E-05	 .01591991464763	 .206238782924582
 5	 95088	 1E-05	 .067033322999926	 .00728645385332105
 5	 95124	 .6502022263893	 .0648058273310795	 .930466098771137
 4	 95297	 1.68329716547736	-.040505924413656	 .979243398334455
 5	 95309	 .248507056783134	 .150458098572184	 .381934692787176
 5	 95319	 1E-05	 .0358112086050984	 .430428037821671
 5	 95358	 1E-05	 .0283813860130334	 .737295994521647
 5	 95418	 .908700989253711	-.0525871470283372	 .964042580080142
 5	 95425	 1E-05	 .0111571731930591	 .486817756102215
 5	 95450	 .493740892877046	 .0686109162173307	 .989921173285921
 5	 95517	 1E-05	 .206659487889735	 .0744859270933792
 5	 95571	 1E-05	 .0368277607288266	 .505236717831663
 5	 95583	 .0912188512399859	 .16617155622759	 .100214184744154
 5	 95593	 .0171162048201356	 .0175873102849955	 .475109510923113
 5	 95701	 .00913377716775545	 .0122832122291003	 .187414950794988
 5	 95715	 1.13582091558951	-.0434714014647271	 .983779875288042
 4	 95764	 .171523688973341	 .0200982457155325	 .986378146306372
 5	 95772	 1E-05	 .0161142221762589	 .37851671133782
 5	 95797	 .0295306231214186	 .0196420373741185	 .886323648677017
 5	 95817	 1E-05	 .0172897849780501	 .131879589760538
 5	 95821	 .178672316475342	 .140640861475505	 .154852606912226
 5	 95905	 .0976148137489794	 .0972719611193242	 .137728083728008
 5	 95913	 1E-05	 .0481424796135528	 .636622742206751
 5	 95947	 .463586702858062	-.00275414617283285	 .999044458844132
 5	 95963	 .000326404360204104	 .0117328044991869	 .000681064190603098
 5	 95967	 .0204274843936914	 .010464547028046	 .990365563375519
 5	 95973	 1E-05	 .0455769339036263	 .0250257373349048
 5	 95997	 .00276198164058218	 .00709296647497362	 .189819316139153
 5	 96001	 .149567598183473	 .021376706491984	 .913000818141155
 5	 96024	 .0324319653699853	 .0386410201203607	 .536763964264187
 5	 96056	 .247121265216515	 .103427430566133	 .668200677576017
 5	 96057	 .00404547002376685	 .0221807019316231	 .0219927626573224
 5	 96061	 .547323483079115	 .0137521322384404	 .95047383695501
 5	 96099	 1E-05	 .0332902688315003	 .524901239319142
 5	 96161	 .0159338531349659	 .0115720695569977	 .904413821753549
 5	 96177	 1E-05	 .0901120681773971	 .386496696117711
 5	 96251	 1E-05	 .0933607475586464	 .0639371243472204
 5	 96253	 .0022378943358022	 .00518730555012852	 .139824937146213
 5	 96254	 1E-05	 .024847880908621	 .555297081954071
 5	 96258	 .902239313851087	 .0461585270751116	 .897087356514923
 5	 96271	 1E-05	 .0126248074024077	 .288050628786511
 5	 96309	 .0348075253933635	 .0270171282670103	 .524506945434605
 5	 96314	 1E-05	 .0179665427263681	 .0105873642295201
 5	 96328	 1E-05	 .0400684277605212	 .0152896177971256
 5	 96344	 .197459015586837	 .0590095123622423	 .896255511783763
 5	 96346	 .0126671122460761	 .0113909949954795	 .307299060336379
 5	 96362	 .0549445461877946	 .0255887602554489	 .298324196790272
 5	 96388	 1E-05	 .0943599089658827	 .340964447136662
 5	 96404	 .189944363556164	 .0204040354342857	 .720695950527503
 5	 96425	 .110559775725076	 .0488156027422126	 .856645066024528
 5	 96444	 1E-05	 .0051977491251059	 .283415761764907
 4	 96446	 1E-05	 .177101140253314	 .527162900801532
 5	 96448	 .0216353406937097	 .00223846728678688	 .823992475286815
 4	 96466	 .0274070075283646	 .0279104393816405	 .292748346095717
 5	 96468	 .000494251082179178	 .00633649519928029	 .00321320326949182
 5	 96480	 .104844238291399	 .0846626121365111	 .921478093169122
 5	 96501	 1E-05	 .177942643491302	 .00539651762631044
 5	 96518	 .00177218016888527	 .00717355502770235	 .0945191195434379
 5	 96523	 .175782646828046	 .079896379469423	 .424629712656269
 5	 96526	 .0454004714932267	 .0487381225880903	 .182424383289446
 4	 96535	 4.92272993767063	-.522078300644397	 .978687891007845
 5	 96537	 1E-05	 .0231456625149745	 .0534273172100289
 5	 96541	 .00747457987128297	 .0036651414242413	 .849175599738282
 5	 96543	 1E-05	 .0507682060743048	 .000315460950564228
 5	 96549	 .0348541385257531	 .0314908193696148	 .4034702541919
 5	 96559	 1E-05	 .0379246022851512	 .0905668612366159
 5	 96574	 .0817012328457736	 .109734796429221	 .0989900977978122
 5	 96633	 1E-05	 .0251214793165045	 .320578083239689
 5	 96646	 1E-05	 .0756854527111015	 .380924286271068
 5	 96648	 .0390569077438091	 .00985456984960003	 .932290683568588
 5	 96685	 1.58770571363267	-.113335561522301	 .983364668854766
 5	 96698	 1.32794532391802	 .0163239390247214	 .955422460467788
 5	 96747	 1E-05	 .0217301669342483	 .134985428845215
 5	 96756	 1E-05	 .0448940369701773	 .0411883056528646
 5	 96772	 .00538238480844254	 .0121093893755559	 .235839115702985
 5	 96793	 .0101212741547401	 .0168729760449835	 .277442956659173
 5	 96814	 .115068064541556	 .0603205729447927	 .484992224536249
 5	 96818	 .0148729294350893	 .00639253945964092	 .843259079959551
 5	 96822	 1E-05	 .0591047848958566	 .0429263335085114
 5	 96841	 .00110859011300587	 .0157419433947774	 .00183118418048822
 5	 96870	 1E-05	 .00942743871539457	 .271141498200551
 5	 96871	 1E-05	 .0211090043905697	 .024830541261564
 5	 96885	 .0409907022806565	 .00335132704426306	 .906377047605645
 5	 96886	 1E-05	 .0240630883855431	 .431201183990576
 5	 96901	 1.20780913106122	 .033665499341737	 .99991340325761
 5	 96904	 .074166523985646	 .0156635263496717	 .81722805688944
 4	 96915	 .0962073922874897	 .00817913345924296	 .981004459629266
 5	 96935	 1E-05	 .012830240897414	 .0132733756828987
 5	 96951	 .0290667693054557	 .0389699773592817	 .552596716238257
 5	 97012	 1E-05	 .100807506792124	 .155937541410112
 5	 97013	 .00669067569379135	 .0111795065478866	 .325797895251076
 5	 97023	 1E-05	 .0130614934261917	 .0476694462138256
 5	 97037	 1E-05	 .0522489127423136	 .0838335369381452
 5	 97164	 .035285243134684	 .0471118352950851	 .732611689732978
 5	 97165	 .155503070224381	 .0652957701245658	 .572360295155956
 5	 97193	 .00613938069338027	 .0148393471021532	 .321533765623254
 5	 97196	 .00663618761440529	 .0285735883255737	 .115683297928901
 5	 97272	 1.04283182495538	 .188066636340864	 .730329692365059
 5	 97281	 .129823714387205	 .0094949955539167	 .97388807066219
 5	 97282	 .00646680520331848	 .0187436392606713	 .116080002363164
 5	 97299	 .383738370724363	 .00477978061349699	 .981610308284653
 5	 97309	 .0783100047788016	 .0138980788487182	 .931023360763165
 5	 97318	 1E-05	 .0367331514237945	 .0472790179559652
 5	 97354	 1E-05	 .0421475958060276	 .366894411765895
 5	 97376	 .0708209618021524	 .0472619606812627	 .335681986779372
 5	 97381	 .0131584654221155	 .00868281962336552	 .2443368462074
 5	 97410	 1E-05	 .0888342363824052	 .232824837063326
 5	 97469	 1E-05	 .129979384435138	 .00425896004161008
 5	 97484	 .155649860177028	 .0392903716517414	 .512075509959634
 5	 97491	 .00431802010528808	 .0398230978351859	 .00822447349550637
 5	 97502	 .0377171062199582	 .022376575663906	 .63743645978583
 5	 97519	 .00838049738325303	 .0149446938154005	 .123068639713674
 5	 97537	 .468230540150277	 .14320696555685	 .493948484831405
 5	 97539	 .00953729106711942	 .00441697771873127	 .783509138535564
 5	 97542	 .0755446800368489	 .00040535485660428	 .904804773842435
 4	 97550	 .209014107464219	 .00527474006404293	 .98556760757323
 5	 97574	 .406781943884106	 .131349321675298	 .812286633159085
 5	 97580	 .00206657755756589	 .0175273396989481	 .126423372377839
 5	 97607	 .0193834263955046	 .0459329193341115	 .166593878701348
 5	 97612	 .0168446609386897	 .0583801964566942	 .102309633559311
 5	 97623	 .0851094662120931	 .00274058169436065	 .805951170686798
 5	 97629	 1E-05	 .0299527287307911	 .625371593632256
 5	 97667	 1E-05	 .0453648294572485	 .455111131780626
 5	 97677	 .026592212504567	 .00917899973756119	 .980148876449738
 5	 97701	 .0572429400206264	 .0525171677560778	 .194277821412099
 5	 97702	 1E-05	 .109939443045396	 .0219192597687375
 5	 97744	 1E-05	 .0466788343234916	 .322764972355477
 5	 97760	 .0688589396875436	 .0702601581157582	 .253760475117973
 5	 97767	 .0393216058735337	 .00841167126145764	 .955267337017279
 5	 97786	 .0216993729838132	 .0135169667204951	 .475406352709837
 5	 97792	 .353303940850997	 .0481665966007629	 .955723956521034
 5	 97802	 .0122470707219373	 .00489553504868828	 .95012953105933
 5	 97807	 1E-05	 .0152539357045789	 .00407191039650978
 5	 97868	 1E-05	 .0109047552470174	 .538924815387982
 5	 97925	 .458319260448399	 .0842277835751361	 .585170498853626
 5	 97937	 .00242239885897845	 .0126435670164743	 .232727418644691
 5	 97945	 1E-05	 .00938630535883582	 .0318942836410873
 5	 98029	 1.46044042753912	 .0856899273727788	 .947064943934707
 5	 98043	 .0637444862016109	 .0256962768031278	 .357412133303963
 5	 98048	 1E-05	 .250363165857012	 .502013293168664
 5	 98049	 1E-05	 .029445771418761	 .0112888798924714
 5	 98053	 1E-05	 .0609202006935205	 .917936345760833
 5	 98097	 1E-05	 .0234673976738772	 .586598989993083
 5	 98098	 1E-05	 .0604006139871769	 .0309652165068781
 5	 98100	 1E-05	 .105764818521981	 .061932995701702
 4	 98107	 1E-05	 .0828556160646294	 .841653246314494
 5	 98111	 1E-05	 .237804619548562	 .288996511541014
 5	 98151	 1E-05	 .0681626849712761	 .372822468874221
 5	 98152	 .185971028657382	 .00627833344605233	 .973969936502366
 5	 98165	 .109257864724374	 .0552575675362226	 .313629684659338
 5	 98173	 .122296462495537	 .0153941338831886	 .954307543650619
 5	 98176	 .0287905916347835	 .0187845024456333	 .931872401815806
 5	 98184	 1E-05	 .0555440197167035	 .895306376291759
 5	 98200	 .125613703075851	 .00734871935403403	 .886519307219229
 5	 98232	 .120033642924146	 .0330989844415219	 .966447882042611
 5	 98245	 .0606810895793662	 .035902060672847	 .662364896179212
 5	 98273	 .0134343695498236	 .0484755325453432	 .0313973850712431
 5	 98277	 .608868743727738	 .0107826509972189	 .99977807224105
 4	 98279	 .00646859475866115	 .0171454141336633	 .0461911255680814
 5	 98280	 .168164723310446	 .0339878580576531	 .868066270039393
 5	 98286	 .0581866367988901	 .0234810842622506	 .809274069059971
 5	 98310	 .0139641153510909	 .0456710817235936	 .00976647796918662
 5	 98331	 1E-05	 .074583336337259	 .150091477242651
 5	 98338	 1E-05	 .0602549903590435	 .00332606031853155
 5	 98343	 .0170880841017194	 .0104309884122142	 .500396977158882
 4	 98352	 .00023186001895423	 .00347920289724683	 .0112326880567133
 5	 98364	 .294647178171005	 .026762592514604	 .987957109113515
 5	 98387	 .000823892819596971	 .0134007705966855	 .00327221339008277
 5	 98402	 .0111303353747267	 .0158061325949081	 .287335108008442
 5	 98421	 .0932566267999524	 .150644192354252	 .521452771089148
 5	 98442	 1E-05	 .0572776034808341	 .0461805989373427
 5	 98464	 .290018642223615	-.0205263220273884	 .898471723823121
 5	 98470	 1.45750407283319	 .0054711747514204	 .943114396212963
 5	 98481	 .00418440660461865	 .0201452409647693	 .896403888984837
 5	 98486	 .00126222074426176	 .00852723877244618	 .0252137948244446
 5	 98556	 .237442361666951	 .0787983044031953	 .946482978886733
 5	 98557	 .00820184806486993	 .0172890530096159	 .368795182654947
 5	 98566	 .231573911257912	 .0475504338792737	 .927237402167814
 4	 98576	 .617367697957913	-.0210131865079276	 .997618640616531
 5	 98603	 .00510133733466703	 .0207847948956016	 .0516584507109995
 5	 98630	 1E-05	 .0409215696570394	 .999298709995436
 5	 98633	 .0252329470708686	 .0589515521959842	 .163155192963741
 5	 98650	 1E-05	 .0332874204244745	 .418212977705648
 5	 98654	 .00832523030849367	 .00593222533054057	 .572674112097211
 5	 98688	 .0649449674438898	 .0148454649630128	 .966197746341447
 5	 98692	 1.59552170529383	-.0279795935960464	 .985460694781963
 5	 98695	 1E-05	 .0202430558190146	 .0977132315685254
 5	 98699	 1E-05	 .0156296242694626	 .0625500535888218
 5	 98750	 .0142383389246346	 .128039033807236	 .0256033579784715
 5	 98788	 .588561394632415	-.00955457200777741	 .999750813234441
 5	 98808	 .0385455184571783	 .0349097902612546	 .193769765481669
 5	 98819	 .0212638987853234	 .020628164502194	 .740807685540873
 5	 98828	 1E-05	 .0239631252716914	 .0550820518532441
 5	 98851	 .0268045437337715	 .0279258494674094	 .311268108976307
 5	 98877	 1E-05	 .0383232337302704	 6.91270710063696E-05
 5	 98912	 .148290485490008	 .0110754745250798	 .905623185187689
 5	 98923	 .00749691639440315	 .0204338017626659	 .0223482449960887
 4	 98939	 .0363442242679703	 .0201728704131584	 .962947054203266
 5	 98960	 .37941297573506	 .0623427250340188	 .880590048236503
 5	 99006	 .00141012157994592	 .00979667899637083	 .0240076924596744
 5	 99017	 1E-05	 .0177418238222335	 .853299768580763
 5	 99031	 .0211253880084646	 .0158229091572792	 .653067199746649
 5	 99034	 .462413950921109	 .0780889970440454	 .85805493292794
 5	 99043	 .0402579259458454	-.00287465425545912	 .9722393015199
 5	 99059	 .515138460737827	 .0264230482922584	 .889096742112148
 5	 99070	 .0228803348152956	 .0411859290876115	 .435857526575721
 5	 99091	 .43337419527496	 .0823954034126446	 .639847706069648
 4	 99105	 .506745212670257	-.0122181641835394	 .803311169280511
 5	 99124	 1E-05	 .0160268041080163	 .0754440076710354
 5	 99141	 1E-05	 .0210243709937885	 .0851485303487954
 5	 99146	 1E-05	 .0718349010504174	 .210616872523594
 4	 99155	 .0149602565062908	 .00624539659615168	 .626780225672526
 5	 99166	 .0388559097527665	 .0395702193386068	 .975151340526199
 5	 99210	 4.19596772091855	-.344491263540768	 .967689203798059
 5	 99236	 .0397788048181515	 .0462655166223447	 .582915704809466
 5	 99240	 1E-05	 .0179496831159774	 .00275676919438561
 5	 99241	 1E-05	 .0171008135011811	 .103191848408631
 5	 99245	 1E-05	 .299754167084704	 .0856137266755421
 4	 99247	 1E-05	 .0113467313595684	 .912422627291778
 5	 99253	 .0105835470651613	 .0154023317366369	 .638502524257318
 5	 99270	 1E-05	 .386581211587826	 .174471000193019
 5	 99333	 1E-05	 .0111089748910618	 .458331597147898
 5	 99334	 .278627014159589	 .0339538097493306	 .920381434314048
 5	 99338	 1E-05	 .122719775052576	 .433302377297808
 5	 99359	 1E-05	 .0235145277448278	 .362420420112575
 5	 99391	 1E-05	 .0138851047898751	 .835899694760097
 5	 99423	 .289419729924122	 .0175124561572539	 .963841601451752
 5	 99481	 .713521797516042	 .030037132088444	 .940307299260145
 5	 99485	 1E-05	 .00964014627665815	 .000434664846107879
 5	 99520	 .134678046749639	 .0466019527080855	 .720756094620003
 4	 99524	 .0614043070671721	 .0197396939487011	 .921094510683613
 5	 99538	 1E-05	 .0163274370523798	 .358657882981511
 5	 99577	 1E-05	 .141229457679928	 .854073353409612
 5	 99578	 .0168458284234725	 .0158762881856204	 .171681072874174
 5	 99614	 .306454536647036	 .112299510140851	 .553319606738386
 5	 99623	 1E-05	 .0276089989357946	 .270452503143997
 5	 99627	 .125545420541669	 .0516841625811871	 .777341928488352
 5	 99638	 .00250466775672373	 .00883816696052705	 .0229968073313012
 5	 99728	 .00145288024124304	 .0169014601851221	 .00461033739164007
 5	 99730	 .537190804580059	 .0791509098733551	 .657336406784882
 5	 99769	 .236561837827452	 .0632828823611054	 .878610210816565
 5	 99771	 .0204037603599193	 .0103028082136447	 .672935554491726
 5	 99784	 .00078725616891522	 .00740422512480719	 .02108341531866
 5	 99787	 1E-05	 .0227680582297692	 .543457181753295
 5	 99791	 1E-05	 .0304793232093642	 .0454367592096714
 5	 99812	 1E-05	 .0104370951188743	 .0906150491650553
 5	 99858	 1E-05	 .200762160406573	 .657512908165211
 5	 99863	 1E-05	 .0504861728278625	 .264594097581773
 5	 99913	 .0271785765994387	 .0342143068016214	 .805533170924412
 5	 99917	 .0254161304855057	 .0454627910989086	 .196781931360058
 5	 99946	 .136709104668285	 .106026565770287	 .465658166870216
 5	 99953	 1E-05	 .0149647895931694	 .0645325615973786
 5	 99967	 .0813945307634907	 .0262517582415594	 .955030546356794
 5	 99976	 1E-05	 .0073020922989752	 .0818176759318849
 5	 99998	 1E-05	 .0540711591955592	 .00761898427102292
 5	 100000	 1E-05	 .0226153810018682	 .491901138408362
 5	 100014	 .146061205739297	 .0634100142357073	 .816516969647492
 5	 100070	 1.58834025204035	 .0780636034079352	 .996060743287687
 5	 100076	 .0140795060272474	 .005474354678251	 .822266153749312
 5	 100081	 .514705131121669	 .0985794691537397	 .800836567133892
 5	 100109	 1E-05	 .0163719830910911	 .445452392485738
 5	 100111	 .104488573377339	 .0276824322278534	 .690434912661145
 5	 100151	 1E-05	 .0546942874138099	 .239509204548803
 5	 100154	 .0460021652542011	 .0109690131250909	 .875780420711429
 4	 100163	 1E-05	 .0262612347190635	 .0615831038622383
 4	 100227	 .0159816987378275	 .0144227401547703	 .645849476912973
 5	 100240	 1E-05	 .0165896126082605	 .605027560122512
 5	 100268	 1E-05	 .0226956609836685	 .143404048940487
 5	 100300	 1E-05	 .0349302402270703	 .0190833743374919
 5	 100323	 .203466045355074	 .047459918779486	 .692972252386907
 5	 100324	 1E-05	 .0308306278302029	 .408233069318476
 5	 100325	 .390314133822658	 .034341981675603	 .926315970725633
 5	 100387	 1E-05	 .0140422495619329	 .970671182766308
 5	 100434	 .070488833054759	 .0885108365312075	 .0910532482316759
 5	 100453	 .263686562840776	 .00399976436469976	 .941034169849509
 4	 100465	 .00398423638212512	 .000765255302644743	 .625075071041571
 5	 100472	 .15192262495234	 .0316721944578576	 .754319597953375
 3	 6	 1E-05	 .0115846905704752	 .0492900730129754
 2	 14	 .00352088113094839	 .00953822936013848	 .92865569821359
 2	 22	 .0231491408710918	 .0072999513769195	 .998400779353689
 3	 30	 .054156067978816	 .0287725420200354	 .618472545814133
 3	 34	 .0294484057158805	 .0166155648909649	 .446009466321124
 2	 50	 1E-05	 .0242640459691407	 .381657919071457
 2	 121	 1.17835693120196	-.0564809520787729	 .999144969680193
 2	 141	 .262885205521405	 .0477283550390484	 .96752275531844
 2	 148	 .0132439401668121	 .0205756941411941	 .337817577930473
 4	 229	 1E-05	 .0698007220045656	 .450166035635365
 3	 247	 1E-05	 .0133693186173315	 .404327528661945
 2	 254	 1E-05	 .0692782938813775	 .0103499188381009
 2	 384	 1E-05	 .0114196782251247	 .00360776864584056
 3	 401	 .0344573860062139	 .0245286882202454	 .114948845820272
 2	 542	 .123713060494798	 .279132772934036	 .0392359894621871
 1	 572	 1E-05	 .0598627239953837	 .25383456577084
 3	 816	 .0202305748661689	 .0217819741980129	 .86183954891671
 1	 820	 1E-05	 .0171792371865498	 .391221823052489
 3	 828	 .532252324181118	 .071763112566688	 .986888113006408
 2	 851	 1E-05	 .0216880885661603	 .00235214095825642
 4	 858	 1E-05	 .0329091451014281	 .47040182515462
 3	 956	 .753826301823918	 .107325494062289	 .960750453403372
 3	 999	 .448970573501406	 .013123690582222	 .956395954272088
 2	 1010	 1E-05	 .0269823038758155	 .0600304290909469
 4	 1078	 1E-05	 .0272142498254527	 .00116483854315619
 3	 1095	 .0470338606894845	 .0246986002022163	 .38816562731155
 3	 1161	 .349955996123285	 .156002664464769	 .941226580200226
 2	 1202	 .0112372891112936	 .018587084684889	 .208797227515453
 2	 1227	 1E-05	 .0105919262467365	 .446331527378774
 3	 1250	 .00863779922702065	 .0257377792866425	 .662384173802306
 2	 1305	 .0671052354820756	 .000226410207628459	 .857736997774318
 2	 1362	 1E-05	 .025262965154105	 .204428319847042
 3	 1382	 .01198819230283	 .014059845005378	 .943266814539188
 1	 1399	 1E-05	 .0402399462099857	 .798615311248743
 2	 1483	 .0184083686672574	 .0186114777722525	 .780194947370125
 1	 1501	 1E-05	 .0118805960600215	 .205887488565473
 2	 1664	 .0112305186729626	 .00323882441417515	 .811285051966873
 1	 1667	 .0117382147631993	 .0208796148131947	 .314031316937862
 2	 1690	 .0328982112097851	 .104723495928011	 .00782802305779462
 1	 1736	 .02476733374555	 .0140686493076253	 .237832455044441
 3	 1762	 .0110277419811554	 .0168057319406492	 .267268237615672
 2	 1767	 .00388747824465151	 .00814948233988393	 .719694203317885
 2	 1911	 .00208603745274173	 .0216994655260705	 .0665779015571895
 3	 1923	 .0140423328319376	 .00999537994865991	 .612578977733146
 3	 1975	 .00191528088452963	 .0133653558197889	 .017127941500597
 2	 2010	 .216401152352498	 .0607448950768291	 .964724517269569
 3	 2012	 .0106159981843245	 .0142811073438894	 .152591130420873
 3	 2015	 1E-05	 .100297224712313	 .0395728401588219
 2	 2035	 .746828662362829	 .237975818357685	 .52263786010516
 3	 2060	 1E-05	 .0263529774044702	 .667905990878408
 2	 2071	 .665877860256312	 .0655447897458857	 .962157710666731
 2	 2097	 .0602543453791612	 .207402903224005	 .00840396388399312
 3	 2134	 .000783643288082726	 .0116150753280826	 .00115758250659159
 3	 2142	 1E-05	 .170228522304111	 .0218874513436307
 3	 2172	 1E-05	 .0225640133736433	 .624406101316834
 2	 2181	 .0395455514999674	 .00546922823158409	 .98974229443229
 3	 2200	 .00786110482029109	 .0964207141565151	 .00805829541654079
 2	 2231	 .186488497706241	 .325275315382182	 .0513401353290978
 2	 2241	 1E-05	 .0313352841777106	 .0917946370104586
 3	 2347	 .250649576649273	 .0553941922423572	 .908287011158846
 2	 2372	 1E-05	 .0230394530417131	 .764031694062771
 3	 2388	 .0326768648105919	 .0188972627974296	 .874695547604129
 2	 2393	 .0156798263088596	 .0353472515782657	 .240492688041605
 2	 2464	 .0272816107139034	 .0261717990317871	 .990136441052651
 2	 2526	 1E-05	 .0114612187653837	 .61084891808557
 3	 2539	 1E-05	 .0646901770036505	 6.09348682705235E-05
 2	 2601	 1E-05	 .00889947982468163	 .143549411623311
 2	 2687	 .0383316685597046	 .0219508889955014	 .433859872691754
 2	 2817	 1E-05	 .0656778423224345	 .968985437141556
 2	 2972	 1E-05	 .0280367167552776	 .456824456637606
 2	 3066	 .00240959896967012	 .00863442775248836	 .176834176648564
 2	 3068	 1E-05	 .0294957856794427	 .792876290203542
 2	 3141	 .0182402837368183	 .0235149836174288	 .423193966771187
 3	 3145	 1E-05	 .00967086931528289	 .582638793969966
 2	 3208	 1E-05	 .0374840665690814	 .46965559580185
 3	 3297	 1E-05	 .00624948549882452	 .965793077497213
 2	 3333	 1E-05	 .0233193941322574	 .000471124539774714
 3	 3346	 .001704300614188	 .00690105486734335	 .26650122148597
 2	 3361	 1E-05	 .0181719112181544	 .0109642025968637
 2	 3396	 .00666936334344441	 .0197337974671106	 .520939181359782
 2	 3442	 .0280966362747735	 .0228363151090655	 .373330953066756
 2	 3485	 .00164484964838899	 .00674534290299744	 .0141430996149261
 2	 3527	 .0660403633255413	 .00618358552034643	 .998324521906391
 3	 3608	 .125134771188404	 .0354978564628137	 .918689329270155
 3	 3687	 .00742684231430429	 .012144927027079	 .163534006089307
 3	 3771	 .019318083543173	 .0100096074573741	 .805789333167993
 2	 3775	 .00390020961126973	 .0102583137922367	 .107128135460658
 3	 3850	 .0265754996582218	 .00645610652999898	 .987473130600634
 2	 3899	 .00251204360371195	 .00638733916571869	 .214257873854374
 3	 3953	 1E-05	 .245279365907468	 .2708814307875
 3	 3967	 1E-05	 .0721401082006877	 .269412835682777
 2	 3977	 .0176498745115725	 .0157638621563677	 .894117158429513
 3	 4036	 .0603547933643609	 .02455788375248	 .802513684851998
 2	 4083	 1E-05	 .0473132440291475	 .0094215870543839
 2	 4192	 1E-05	 .0296350938776195	 .00408428298978325
 2	 4249	 .0018080748402037	 .0171149111499013	 .0297045013810515
 3	 4255	 .0489272831485985	 .0217430855210491	 .978887213573766
 3	 4294	 .0762947129409941	 .109463374346002	 .864270958342997
 3	 4370	 .0362815293122026	 .0171875099476385	 .888256246011197
 3	 4371	 .218092257239039	 .046286573957335	 .924527158347982
 3	 4426	 .332033414327795	 .0551830350520567	 .800973695120836
 3	 4445	 .612599778779647	 .0609552694455316	 .989179284877475
 3	 4472	 .0355718189266431	 .0122109135696445	 .813540062911775
 3	 4501	 .0438590392661375	 .108553196069735	 .0774042463188914
 2	 4511	 .0157878567471361	 .012725244882225	 .354242009711548
 2	 4572	 .0093130184726663	 .0490152508898583	 .986975190481939
 3	 4647	 .0266988147833607	 .00703176682767716	 .908975637967184
 2	 4649	 1E-05	 .0270542471369592	 .372104060723087
 2	 4656	 .00143795603483153	 .00315348604011625	 .0311931029489941
 3	 4710	 .00584046477383832	 .00271176288781921	 .996235127195745
 2	 4776	 .102061864790302	 .0415328028036203	 .409177022599562
 2	 4845	 .0200364368185533	 .016311273734185	 .38978808461157
 2	 4870	 1E-05	 .0325734425012533	 .0131677128725558
 2	 5051	 .031655533656324	 .00191668059921058	 .603049329926149
 2	 5070	 1E-05	 .0304695072749967	 .257571013345006
 2	 5090	 .00138277384165356	 .0150413968972642	 .0219433269438905
 3	 5091	 1E-05	 .00698598656376184	 .0811559049720889
 2	 5118	 .0306064732044252	 .0163781326120719	 .624023863540205
 3	 5123	 1E-05	 .0423894242379454	 .186089933859725
 2	 5268	 .00189268382848708	 .0393855076040276	 .000568163293545032
 3	 5271	 1E-05	 .0330835689643437	 .00125756830838664
 3	 5310	 .0653845675735316	 .0334280274469412	 .82700580529828
 2	 5326	 .0761830239790657	 .0676208708581389	 .577322092884272
 3	 5466	 .00524597445058928	 .00754361020778082	 .905529029098078
 2	 5491	 .145187301161238	 .0204843383155297	 .876744319269631
 3	 5531	 .0237340161955437	 .0173305604648054	 .913509333445722
 3	 5548	 .00218537325286477	 .00346665591758906	 .593584536531068
 2	 5599	 .0088106416153822	 .0089857691849796	 .830343389511386
 3	 5624	 .0114397445936808	 .00341870927065729	 .824485047889089
 2	 5667	 .234782426772358	 .0813283949082585	 .939577772379211
 2	 5679	 1E-05	 .0129447423568205	 .0118953577890383
 2	 5729	 .0431864800775273	 .00224928282584702	 .935567449771779
 3	 5789	 .000579483329324349	 .0208865229484588	 .000194282012111469
 2	 5792	 .0308724129230819	 .0161975610500361	 .58910889227959
 3	 5864	 1E-05	 .0741129804107052	 .260108493175559
 3	 5869	 .00208530432755488	 .00538906186923998	 .623575466383847
 2	 5871	 1E-05	 .0170197340178926	 .0807888620261263
 3	 5980	 1E-05	 .250983879738086	 .973934474535573
 3	 6030	 .0601688870349557	 .0756929246769461	 .204873349584625
 3	 6140	 1E-05	 .0140258139296593	 .293419559952599
 2	 6197	 .0025139549053687	 .00589083012136553	 .219874291569659
 3	 6201	 .0836592525857908	 .0673493556734176	 .0973352870357332
 2	 6215	 .237264819115059	 .133465617488468	 .386511834950153
 3	 6217	 .00161773906045919	 .0148070619772767	 .0615866010059262
 3	 6242	 .00640287463885714	 .00583151360418587	 .740694624337675
 3	 6325	 1E-05	 .129586558872068	 .0200471397753911
 3	 6396	 1E-05	 .0360729705999974	 .294565023852956
 3	 6474	 .252051673356751	 .0601014459444702	 .949964898462561
 2	 6541	 1E-05	 .251671604337512	 .647562115854736
 3	 6571	 1E-05	 .0317806925115448	 .0296312884605636
 4	 6611	 .0392124767099332	 .000933228393081628	 .98884582903437
 2	 6744	 1E-05	 .0380868161094042	 .56955052405479
 3	 6787	 .455504088320114	 .0903046238879729	 .674931550304521
 2	 6793	 1E-05	 .0249890234995106	 .100640935449872
 3	 6821	 .435750917249934	 .127185369133434	 .94989374540536
 2	 6852	 .000802721758872896	 .0124685116844797	 .00277004490454413
 2	 6863	 1E-05	 .0140994239572065	 .0128292781092048
 3	 6896	 1E-05	 .347065518367731	 .0127607231502347
 2	 6905	 .0184697965370925	 .00866285604975881	 .572102062506269
 3	 6932	 4.51639385245558	-.418590343465147	 .962106445391285
 3	 6945	 .139780647388995	 .0499740797987764	 .994060716567137
 2	 6961	 1E-05	 .0174259891161563	 .613673645958766
 2	 6971	 1E-05	 .0308700239079665	 .0269749847918573
 2	 6996	 .000832200547375987	 .0110911873942973	 .00561450495957672
 3	 7023	 .191695735385922	 .114894976021081	 .54567191506228
 3	 7050	 .52262323298397	 .0463088600712164	 .481908585956755
 2	 7160	 .00663653753922593	 .00939965052519782	 .795493202419749
 3	 7177	 3.1217662841014	-.11449395250878	 .955434665852179
 3	 7349	 .0563302053772381	 .0724712392672205	 .199996448770495
 3	 7381	 .00857902950383229	 .00443901213994486	 .876569368432871
 2	 7432	 .0362136257142207	 .0262341483651026	 .46563604632952
 2	 7444	 .00722011896257839	 .00538714672793157	 .994531367861776
 3	 7516	 .236566639558766	 .107335444476472	 .503500816871804
 3	 7532	 1E-05	 .00936985344824628	 .178571845247731
 3	 7541	 .455357381663679	 .0259882316760009	 .829765523553591
 3	 7575	 .0156268723712439	 .0343182694132247	 .361472903721916
 2	 7577	 1E-05	 .00708877164796193	 .0145571524491763
 3	 7661	 1E-05	 .0600598793593202	 .148186837777089
 3	 7672	 .0467857696931984	 .00506495568866159	 .994271943824362
 2	 7780	 .0132699562852115	 .0197442792647855	 .861574878165553
 3	 7785	 .0393842846055766	 .0406761413292463	 .76521252798169
 3	 7856	 .13703912757431	 .0101184916246541	 .690384116869809
 2	 7901	 .0208780470159981	 .00391950975690986	 .991906990215315
 3	 7909	 .0409731843806202	 .0154216169523825	 .332895276320245
 2	 7939	 .00499441467762365	 .011618631248675	 .216278889572999
 3	 7967	 1E-05	 .032451790739292	 .0696837622426157
 2	 7986	 .0421326223257883	 .02395060203271	 .799866574217995
 3	 7999	 .0120934074658069	 .0547559749198918	 .0494030345565981
 2	 8011	 1E-05	 .0168100661880211	 .00376519563590372
 3	 8079	 1E-05	 .0562107078482983	 .528529509288915
 2	 8092	 .00635863206522034	 .0171793742664402	 .0639573450630255
 2	 8141	 1E-05	 .0215923903064861	 .0375520527439039
 3	 8181	 1E-05	 .0882575964536463	 .29502555511567
 2	 8188	 .00397357173546884	 .0188362131555885	 .542641425275337
 3	 8212	 1E-05	 .00670983865078456	 .31640861208785
 3	 8223	 1E-05	 .0536248274723365	 .348409159694616
 2	 8273	 .00830911096228471	 .00794025870664833	 .602958733936534
 3	 8310	 .05416169597293	 .0663741667497951	 .182814506315583
 3	 8326	 2.73623786340618E-05	 .00229228091347074	 5.50298850755526E-05
 2	 8349	 1E-05	 .0199865950449671	 .428556235121152
 3	 8401	 .00413615502106016	 .0084254968393853	 .0499625382245459
 2	 8428	 1E-05	 .0118509693743682	 .0203649774023485
 2	 8429	 .0164494722169318	 .0068351183061089	 .986074135846153
 3	 8442	 .0235185058005787	 .00276333226861472	 .558978150138267
 2	 8473	 1E-05	 .0160570295987155	 .000849015099156025
 3	 8511	 .0154999260549259	 .0253675249190473	 .811321557269702
 3	 8522	 1E-05	 .0880714323761698	 .622562716317822
 2	 8525	 1E-05	 .0184680131782195	 .309603521857892
 2	 8527	 .0151986401694238	 .0116515821152396	 .655612609120546
 2	 8603	 .00974218926286393	 .00544649252794355	 .880024316410158
 3	 8634	 1E-05	 .0327054463379022	 .0753330224289371
 3	 8644	 .0389259162657872	 .0100791747614183	 .986034671399015
 2	 8645	 1E-05	 .00869748433731076	 .91237908997041
 2	 8653	 .0109652633915764	 .0454121856228337	 .292721319109291
 2	 8657	 .0252184250865777	 .00375867651431755	 .579007021317324
 2	 8664	 1E-05	 .0302309221715559	 .587292672890093
 2	 8678	 .00689038868902638	 .00884513937664471	 .153482112209601
 2	 8693	 .0359115011320062	 .0210714178034576	 .914190131879721
 2	 8702	 .00553260640780706	 .00268574711472961	 .779242893040043
 3	 8704	 .100867099699083	 .0136856242881848	 .951119188202281
 2	 8729	 1E-05	 .0231523513317361	 .000822357802600204
 2	 8735	 .0089734148000734	 .0156542643564242	 .902442982451116
 3	 8758	 .00340738480598178	 .00831817006633808	 .286180396412697
 2	 8761	 1E-05	 .0243098386714361	 .0900195525467554
 2	 8771	 .0134938986107822	 .0109337414606368	 .635458833727411
 2	 8774	 .0278025056954142	 .00890050354638507	 .400403575638695
 2	 8789	 .169871207373391	 .0131373954426653	 .946223993507221
 3	 8801	 .00687519020634305	 .0273566894354232	 .0110260973985322
 2	 8814	 1E-05	 .028390641896166	 .349130397387271
 3	 8832	 .0222048640886087	 .0185677554050747	 .540976290193397
 3	 8835	 1E-05	 .0116766452614759	 .0196191763311726
 2	 8926	 .0114035251211652	 .0160894286818821	 .055603549840506
 2	 8967	 1E-05	 .0275060435577211	 .49035548542187
 2	 8977	 .00991030514228121	 .0100391804712243	 .454617128214295
 3	 8980	 .175723080760608	-.00452920230089245	 .995846883622093
 3	 9021	 1E-05	 .0208617602340544	 .856424576575084
 2	 9034	 1E-05	 .0403283272725874	 .426511848610116
 3	 9046	 1E-05	 .166190044992213	 .00257878206568163
 3	 9098	 1E-05	 .0122749341423099	 .706590622271182
 2	 9138	 1E-05	 .0281537297209832	 .978427047625463
 2	 9264	 1E-05	 .0213912528649767	 .143786868504511
 3	 9288	 .000650154710317279	 .00428393361401189	 .0983675584548628
 3	 9290	 1E-05	 .0151591200136306	 .377129702655002
 3	 9297	 .222820415225981	 .0104472644557611	 .957545072438113
 3	 9316	 .0133490685516685	 .0111556598896614	 .884085426142726
 2	 9323	 1E-05	 .0112805633055424	 .0679212122404873
 3	 9334	 .022907369531502	 .00633219723355813	 .837937161471818
 2	 9337	 1E-05	 .0684217745172472	 .12218550910282
 2	 9375	 1E-05	 .0125332352820986	 .388978554207433
 2	 9405	 .0067498820221166	 .00421226060010166	 .13680846370858
 2	 9438	 1E-05	 .0135268276123509	 .0747445984109324
 3	 9456	 .00528242772652493	 .00381217988623633	 .938170673703845
 2	 9481	 1E-05	 .0209712266362006	 .0648199405024651
 2	 9487	 1E-05	 .0068345834743934	 .144885059692507
 2	 9492	 .010961215064997	 .00666924207286175	 .309798348830756
 3	 9514	 .0561558968594735	 .0680337382415666	 .41044925770426
 2	 9521	 1E-05	 .0114327755144329	 .623108495878376
 3	 9593	 .0487737699016537	 .0518814513977796	 .839788663464326
 2	 9598	 .0262507342413245	 .00453276394021061	 .789047651739673
 2	 9660	 .0142032782903154	 .0491785840000077	 .402070568708756
 3	 9710	 .00235881261825625	 .00630058322776159	 .907685488061778
 2	 9722	 .0103746046929259	 .00742982233790492	 .508707747476227
 3	 9751	 1E-05	 .0977574602485698	 .902183320276262
 2	 9753	 .00804455665293221	 .00655875822352216	 .836971400644565
 3	 9774	 1E-05	 .127451720586545	 .88365318274819
 3	 9782	 .118752666488325	 .0471034934831209	 .774363165653673
 2	 9787	 .00185791464726952	 .00950691727733578	 .0419789502153335
 2	 9840	 1E-05	 .00540627141236052	 .823191992093294
 3	 9841	 1E-05	 .0618428318571594	 .590817449295204
 2	 9844	 .0173700440677389	 .0128615924127004	 .619235907986384
 2	 9875	 .00626173400783776	 .0263966253894097	 .039549151903336
 3	 9876	 .0243864212674447	 .0191709125388124	 .536754781006253
 3	 9890	 1E-05	 .130007659112226	 .216638647092657
 2	 9897	 1E-05	 .0122893873281857	 .288354966470452
 2	 9922	 1E-05	 .0221161743913626	 .791387566865793
 2	 9925	 1E-05	 .0402812363993312	 .981537965345103
 2	 9964	 1E-05	 .00760303767353693	 .113787144013647
 2	 9971	 1E-05	 .00727499573995861	 .0331622093465886
 2	 9973	 1E-05	 .0178496958705112	 .306478723608395
 2	 10025	 .00618747581815032	 .00625418864035373	 .642010190036231
 2	 10026	 .0290357281177914	 .00327210859747069	 .955764246106494
 2	 10065	 1E-05	 .00974975574263323	 .373165299046875
 2	 10168	 .00449446310773209	 .0234163749569063	 .0312653199069277
 2	 10172	 1E-05	 .0119516303897165	 .233546885146741
 2	 10222	 .00351053298627864	 .00523095710878766	 .14401824416492
 2	 10248	 .0146107648252732	 .00737844567533096	 .948166822918266
 2	 10268	 1E-05	 .0124883379186965	 .000485879822435198
 3	 10275	 .109145314584207	 .0250763270998992	 .870271666808286
 2	 10295	 1E-05	 .0253092384014245	 .0585279396294395
 2	 10308	 2.46241500369215	-.119165598728031	 .957139736073286
 2	 10327	 1E-05	 .00840771184263673	 1.25753681710083E-05
 2	 10340	 .0050576316718843	 .00324558157419008	 .960877827333046
 3	 10342	 1.97104770972144	 .0300737080288868	 .969214243643164
 2	 10365	 1E-05	 .0187933675950881	 5.36429074963207E-05
 3	 10384	 .0129399929291183	 .0158547893387405	 .569367276860184
 3	 10414	 .821162689503604	 .0966264381832729	 .817101354649184
 3	 10435	 .0109608547719327	 .032648263916074	 .537959352544393
 3	 10573	 .160166333667159	 .0034325983577011	 .996741086004453
 3	 10614	 .0184594013185703	 .0083793496669142	 .61474795706283
 2	 10651	 1E-05	 .0162418253837671	 .698067713676472
 2	 10719	 .043192290400171	 .0155674073479654	 .880969319301077
 3	 10838	 .0342169900453924	 .0203773042647692	 .7471760828731
 2	 10881	 .201363668133011	 .11206534214591	 .347075558354324
 2	 10922	 1E-05	 .0112462871114043	 .11598741816107
 3	 10929	 .000504902047310058	 .00447886587445998	 .347036993390475
 2	 10943	 1.10166714540911	 .103699609378734	 .832074855632241
 2	 11020	 1E-05	 .0323664216125246	 .0343965181973962
 2	 11044	 .0192245644128422	 .0173829384293398	 .680838464492159
 3	 11046	 .00681947926059218	 .00559951085074263	 .655813599848823
 2	 11083	 .00773812101212992	 .0556793034160832	 .0381353547787483
 2	 11105	 1E-05	 .0292967263973088	 .410706338735021
 2	 11180	 .0033081220389888	 .00589393026898443	 .140891278865553
 3	 11181	 .00175719478816101	 .00601716909501259	 .0378720055436905
 3	 11210	 .0101036310478172	 .0327774108431436	 .0832090292367432
 3	 11214	 .0158080071430109	 .00465168772840212	 .936905875566201
 2	 11221	 1E-05	 .0404601434539526	 .0711397064595161
 3	 11247	 .0263940229937106	 .0079421477455361	 .988985517980814
 3	 11285	 .00761244998182399	 .0128179889112272	 .0777574607950792
 3	 11341	 1.63824505718439	-.106736941447604	 .98859706702736
 2	 11349	 .00327916990848456	 .0144158580083859	 .0284090054633637
 3	 11355	 .00860305411474345	 .010209944202282	 .303648014882838
 2	 11369	 .071833924309011	 .0163544035225054	 .966615705317713
 3	 11381	 .0231835937863532	 .0171946074582054	 .588290452413019
 3	 11383	 1E-05	 .184683285194926	 .629467721726161
 2	 11395	 .217313581234924	 .0514908588673502	 .619676256312171
 2	 11419	 .00273377789287001	 .0119286112710918	 .0104270485923756
 3	 11421	 1E-05	 .0215040770774062	 .388954907564511
 2	 11455	 1E-05	 .0410566071827664	 .197290770112709
 2	 11459	 1E-05	 .0144739984919495	 .042119089499511
 3	 11499	 .019659414721682	 .0174033369085406	 .38343632200729
 2	 11504	 1E-05	 .0228687813336797	 .360254931918159
 2	 11526	 1E-05	 .0446151917585177	 .829311247941262
 3	 11537	 .00696043867589757	 .012088531691971	 .333206622167349
 2	 11599	 .0106748629021412	 .00884216410962775	 .612805918267085
 2	 11639	 1E-05	 .01663442764963	 .197237848800957
 3	 11652	 1E-05	 .00577517439153466	 .190341790776633
 2	 11653	 .00128037888127836	 .0191945211401584	 .00363873975605533
 3	 11669	 .00403097439003642	 .00479892905522209	 .104492895938417
 3	 11673	 .0232850821623501	 .00127386175056571	 .679306170405753
 2	 11687	 .000349834888549951	 .10813022533875	 5.10004306975009E-06
 2	 11696	 .0113736129046752	 .00568833268567837	 .769806719246554
 2	 11704	 1E-05	 .00888665402802797	 .0135829936509795
 2	 11728	 .0259495784150621	 .00606865540605586	 .76184605116041
 2	 11735	 1E-05	 .0228293427461748	 .0378870769198831
 2	 11740	 1E-05	 .130087657441184	 .00881325800257893
 3	 11759	 .0102441342881281	 .00301309164615149	 .854249958081011
 3	 11815	 .0255301873859675	 .00724701950464623	 .972084217433475
 2	 11861	 .126989560970675	 .0778504114585236	 .561675646948486
 2	 11948	 .149606208705545	 .0591074623763892	 .921405935489445
 2	 11983	 .239688513162188	 .138354017143868	 .356575862488185
 2	 11992	 .0326196683532048	 .0099394135133288	 .997199481651821
 2	 12017	 .00548457185485952	 .0317941307393276	 .0382561545222301
 2	 12024	 .00103022410392864	 .0155791304486563	 .00932231291580965
 3	 12064	 .0811224102522656	 .00305001475377219	 .967821117009302
 2	 12069	 .0134212335643874	 .00280368132180505	 .766902694177158
 3	 12124	 .610019031710851	 .030947088542724	 .997433528153372
 2	 12254	 .00304217707888424	 .00660726841342929	 .0493694717450064
 2	 12280	 .00341601873866284	 .0128357579803418	 .0185462250482161
 3	 12292	 3.53883058461405	-.282267526462508	 .990166448177437
 2	 12295	 .00614539410777382	 .00775734184305478	 .307206296944918
 2	 12302	 1E-05	 .0490609727150516	 .959704470315486
 2	 12361	 1E-05	 .0128234240233537	 .343960970491954
 2	 12370	 1E-05	 .0234536716799372	 .138643859202118
 2	 12398	 1E-05	 .00853108529305781	 .401251548907385
 3	 12422	 .0766014529012053	 .103906769973991	 .444302979268654
 3	 12498	 .549221794941366	 .00868386752637482	 .924126782642955
 3	 12519	 1E-05	 .0892114305111854	 .161067661808194
 2	 12540	 1E-05	 .0247952501307519	 .37900892627527
 3	 12591	 .0927810560233713	 .00818456920852781	 .992903889617145
 2	 12645	 .158492212106744	 .0218974757696872	 .984791289521088
 2	 12648	 1E-05	 .0463178571476665	 .859440728268203
 2	 12681	 1E-05	 .0237075957867236	 .419281624549511
 2	 12703	 .041753759978046	 .0548547097999495	 .329803711602966
 3	 12720	 1E-05	 .0943077829622878	 .0179883734668301
 3	 12727	 .00445130325991785	 .0124249009615037	 .761922237458746
 2	 12730	 .0040856029952805	 .0158240697767768	 .0937377428667796
 3	 12762	 1E-05	 .0290933509233181	 .094287327695294
 2	 12767	 1E-05	 .0133628595816119	 .672258442660922
 2	 12801	 .00705122232675225	 .00391025719748338	 .990190612766207
 2	 12898	 .492196385903649	 .0352231717674688	 .859551385403776
 3	 12899	 .00825031712133333	 .00639062312844697	 .697535452619899
 2	 12913	 .00213036635660594	 .00385053213143951	 .331582004780528
 3	 12915	 .0357216698522279	 .00443140813745598	 .997442583464418
 2	 12918	 .00144721184458271	 .0172111023304079	 .00806012217323304
 3	 12920	 .292798962169388	 .00567641424223165	 .983818905321696
 2	 13003	 .00960219236943294	 .0178656020854422	 .155013722185907
 2	 13035	 .00222138546990064	 .0179439647691081	 .00726176573298953
 3	 13061	 .0112051571579442	 .00715218906153243	 .964449808552649
 3	 13096	 .00249048233990533	 .0123522619695401	 .315228160201955
 3	 13220	 .00421348830048593	 .00493586356451512	 .156322872157917
 2	 13263	 .000486092099871297	 .00960019328788361	 .0777079161147515
 2	 13282	 1E-05	 .0227365235822673	 .362334028762135
 2	 13314	 1E-05	 .0195547239043654	 .289785852634816
 3	 13324	 .0492963705457274	 .00875186493892294	 .9929605508901
 3	 13333	 1E-05	 .00750907681017538	 .973378285737869
 2	 13379	 1E-05	 .0369292167991554	 .0162594552472733
 2	 13393	 .00602018122745941	 .00891172627959304	 .973573977844874
 2	 13411	 1E-05	 .260211290534183	 .085681534022223
 2	 13435	 3.25128500470896	-.228923535505638	 .984514343247507
 3	 13490	 .0460459727485462	 .00416908142432231	 .969388576778629
 2	 13499	 1E-05	 .0191210389535289	 .416952578239138
 2	 13508	 1E-05	 .207388292877371	 .0936792315757935
 3	 13561	 .00356575965559134	 .00806050231233922	 .754420250951028
 2	 13604	 1E-05	 .0117917479601085	 .00169962484635988
 3	 13665	 .0481798652488865	 .0112428190020483	 .935243486541045
 3	 13721	 1E-05	 .00872156714746295	 .000552836741592011
 2	 13766	 1E-05	 .0251608792325898	 .187227337747814
 3	 13793	 .0583255761758335	 .0205773164432202	 .943783507370127
 3	 13834	 1E-05	 .0334808547168979	 .122439777710614
 2	 13837	 1E-05	 .0390970175832053	 .46630049413249
 3	 13865	 1E-05	 .0372036619912306	 .0114540123584911
 2	 13868	 .034536510753672	 .0430066874493295	 .681711742767724
 3	 13873	 .0070244470950704	 .00391207355516079	 .988623661823119
 2	 13929	 .0147440618252706	 .0120151121937418	 .666290752699722
 3	 13961	 1E-05	 .00791553276667516	 .698837865970515
 3	 14014	 1E-05	 .0780011329130699	 .02445518913932
 3	 14030	 1E-05	 .00469307334779102	 .0460556501676312
 3	 14053	 .0171625077968374	 .0140186680835969	 .657022970617434
 2	 14054	 .000730189370765601	 .00774070516493449	 .0105528586089451
 3	 14063	 .018240657590876	 .0305873121151109	 .0407022102303394
 2	 14077	 1.55828293537714	 .014501572305383	 .957118761290105
 2	 14082	 .0236871004303185	 .0744171733726907	 .106091864193958
 3	 14094	 .00880700154896385	 .0097253130893947	 .80403921340451
 3	 14104	 .0573771196875565	 .00715121775070072	 .892520653810209
 2	 14148	 1E-05	 .02384907737257	 .377907652162669
 2	 14182	 .0555983909961713	 .016861771680014	 .697862016268548
 2	 14195	 .00773212586537375	 .00290509644257706	 .411755060987316
 3	 14222	 1E-05	 .0277513967447029	 2.97254534383784E-05
 2	 14247	 .00656523417238985	 .0127832397843455	 .367305160045239
 3	 14278	 .0282863121719337	 .0107202516778427	 .905682686651803
 3	 14299	 1E-05	 .00581746785142614	 .576772560247298
 2	 14315	 1E-05	 .0127312753533054	 .00164133635946218
 2	 14434	 .0112956828680906	 .00632557264827713	 .577460480976031
 2	 14478	 1E-05	 .00868411475710562	 .0222061178137615
 2	 14479	 1E-05	 .0144508508284798	 .0871884893696346
 3	 14492	 1E-05	 .0114463636454179	 .102349325672878
 2	 14518	 .00647423043779194	 .00910600921266098	 .664076872555301
 3	 14525	 1E-05	 .0100000521510314	 .166489091068962
 3	 14571	 .00109850634804597	 .00896001816051244	 .0107428444788555
 2	 14585	 .00912279982588622	 .00795318693843343	 .396850644728248
 2	 14593	 .00425081344116276	 .0134682483144853	 .286446645172757
 2	 14660	 1E-05	 .0125385162921418	 .199838961793974
 2	 14718	 .0397517744833444	 .0111220703710391	 .633585884636248
 2	 14736	 1E-05	 .0149099545193923	 .457972802897146
 2	 14739	 .0102221324277829	 .00805261181185383	 .60655731740894
 2	 14749	 1E-05	 .038624828051154	 .119829505593756
 2	 14764	 1E-05	 .0801142639912434	 .264753727814282
 2	 14781	 1E-05	 .0153623613758393	 .00256038863176644
 2	 14843	 .0290257853553039	 .0129080531474937	 .961382807281444
 2	 14852	 1E-05	 .0163787164911073	 .3748250526174
 2	 14888	 .00710651476628638	 .0100288596916713	 .263560044726654
 3	 14897	 .00356107253366063	 .00875766496920456	 .263214445286285
 2	 14909	 .00928264922844818	 .00460338211942502	 .992084429162822
 3	 14998	 .0118211137845769	 .0207038684956779	 .134184558951114
 2	 15001	 1E-05	 .0130554416557608	 .0406964231784436
 2	 15039	 1E-05	 .0855096426824338	 .665083304260753
 2	 15041	 1E-05	 .0222070024676262	 .395970987600255
 2	 15089	 1E-05	 .0258140286191357	 .0796943261836393
 2	 15134	 1E-05	 .0158242223862108	 .171145991998732
 2	 15146	 .0189252978580984	 .0127651535884434	 .147025060916242
 2	 15147	 1E-05	 .0543083393601781	 .29369015815763
 2	 15199	 .00736877317612612	 .00434353702501136	 .295609940389868
 2	 15217	 1E-05	 .0208287823576737	 .471635338985592
 2	 15257	 1E-05	 .031807026353238	 .0425546679128638
 2	 15286	 .0154912969746633	 .0344114982532541	 .366367264505978
 2	 15346	 1E-05	 .0378881631212027	 .0526975110736034
 2	 15436	 1E-05	 .012262598491075	 .353133703523697
 2	 15448	 .00863727969126226	 .00678996034162875	 .340693312370656
 2	 15465	 .0242587540326308	 .0233842881575905	 .748861298800539
 2	 15472	 1E-05	 .0200704166090178	 .534455154793304
 3	 15478	 1E-05	 .00907094393652499	 .227075653634427
 2	 15593	 .036704868677932	 .0244736452337798	 .534171556595361
 3	 15631	 .00437269374932603	 .00564148099565557	 .673509335559255
 3	 15691	 1E-05	 .00347974185723278	 .00128102784951178
 2	 15742	 .0128264042199261	 .0223588830708516	 .225140990466817
 2	 15787	 1E-05	 .223459467560571	 .384628129549783
 3	 15829	 .0146798499025453	 .00406280773190822	 .912042177715078
 3	 15909	 .00230899347341167	 .010601649924085	 .171878106921324
 3	 15914	 1E-05	 .00449576471892135	 .379813744152555
 3	 16056	 1E-05	 .0054701109145493	 .796114154855708
 3	 16092	 .1652336871093	 .0196474385738587	 .986859396673993
 2	 16167	 .0577046607278511	 .0233060595678789	 .716080582591391
 2	 16226	 1E-05	 .0254871376044993	 .732158986486903
 2	 16252	 .291049687448691	 .0814370049932066	 .999942277917242
 3	 16298	 .123231787546408	 .0190851873037814	 .872070494885798
 2	 16337	 .0727489382843128	 .0451147856194322	 .812210983186509
 2	 16401	 .00361708868661124	 .0193968919411531	 .265400207076498
 2	 16479	 .354488926112115	 .167579209149881	 .556842277027478
 3	 16586	 1.60984265541818	 .136785129216938	 .877372636037279
 3	 16593	 .299926109124676	 .0195570945037462	 .97544286193223
 2	 16630	 .0082468767823588	 .00892634785063435	 .944304669073962
 2	 16709	 .462957009419784	 .103819681766719	 .446901805411304
 2	 16782	 1E-05	 .00995761850906701	 .233234097500192
 2	 16837	 .084470992987144	 .165800448495023	 .868986923933251
 3	 16840	 .0677733247381884	 .00540566092453062	 .9276923802082
 2	 16964	 .127562452232537	 .0167849041814521	 .725066097559446
 3	 16993	 .0423575967413466	 .0077524741850368	 .896863424395761
 2	 17067	 1E-05	 .0198439781893445	 .817365038010551
 2	 17099	 .0102369033882841	 .00591972148715184	 .90102323821723
 2	 17112	 .216573295050019	 .00832635794436027	 .977059934532878
 2	 17169	 .0781500351863613	 .00774733848391886	 .841510974009443
 2	 17175	 1E-05	 .0801050993887888	 .93471312123674
 2	 17209	 .0575974201577616	 .00888640162457659	 .943740652725953
 2	 17230	 1E-05	 .0300449964884592	 .158252612219153
 2	 17267	 .0156849905921071	 .0147625153488871	 .182377104765339
 3	 17312	 .0380319313740946	 .0360579625597034	 .749921995275414
 2	 17313	 .00834826237486741	 .0129707057190384	 .100001342034438
 2	 17329	 .0911458293347615	 .0556390850604485	 .756459190968822
 3	 17341	 .205678835933798	 .0416544781417427	 .97515754322653
 3	 17348	 1E-05	 .00553229895821709	 .1666611920763
 3	 17353	 .252098112056907	 .0340885399162533	 .967726189506114
 2	 17363	 1E-05	 .0355138551664966	 .783288026732084
 3	 17367	 1E-05	 .0313188038154387	 .418420139049783
 2	 17373	 .01244031546091	 .0114704387296057	 .158288292505091
 2	 17391	 1E-05	 .143458169979156	 .052140803027837
 3	 17392	 .000305666687800769	 .00385464453360764	 .0336625271610944
 2	 17412	 1E-05	 .075583497553531	 .0121539422121751
 2	 17421	 .986201268239789	 .143146928681768	 .743195290802739
 3	 17440	 1E-05	 .0309899661015736	 .231338095348022
 2	 17473	 .00614170832936963	 .0293238307228086	 .0476843957740528
 2	 17518	 1E-05	 .0312823319727608	 .562341150100797
 2	 17539	 .0603410347067541	 .0220208505332683	 .944199419597866
 3	 17557	 1E-05	 .105305051200734	 .0278750722846466
 3	 17587	 1E-05	 .0235641135731307	 .0677613605128008
 2	 17594	 .000215080893796742	 .0255006657637971	 3.97241896372691E-05
 2	 17599	 .381097214559668	 .0491343981891639	 .858686293746143
 2	 17661	 .0559354614118493	 .068495816183589	 .219962337010059
 2	 17685	 .0108454862515335	 .0247138263974987	 .883388567358586
 2	 17689	 .10776137523006	 .039463266753851	 .545313955903324
 2	 17763	 .0704658903094749	 .0278760974053771	 .861801028971017
 2	 17795	 1E-05	 .0673083893329256	 .126073465295021
 3	 17811	 .175523278418422	 .0325046361300769	 .71499492717801
 3	 17835	 .00189266413841368	 .00384990472715258	 .565651814212237
 2	 17850	 .431574200605722	 .0998285865730033	 .740628859201227
 3	 17899	 .0181119963963946	 .0123112748307994	 .871468956000795
 2	 17975	 .00862791472336799	 .00599312332617019	 .366783833694474
 2	 17994	 1E-05	 .0279110321944713	 .35636718595198
 2	 18011	 1E-05	 .0284974722448552	 .130621837146874
 2	 18045	 1E-05	 .0754460338617183	 .538988246271619
 2	 18046	 .665879218431298	 .135053857051914	 .938092197646347
 2	 18058	 .0124207449684227	 .00732244555604166	 .149272143858695
 3	 18060	 .535644599972726	 .00545148302557353	 .966286203221214
 2	 18075	 1E-05	 .0192870101919724	 .264287059979366
 2	 18093	 1E-05	 .0461283546319895	 .715229090317304
 2	 18129	 .0264273491291914	 .043902064475566	 .331945312902667
 2	 18135	 1E-05	 .014292258204044	 .0354994963876621
 2	 18150	 1E-05	 .0257821640214273	 .0942263336076969
 2	 18184	 1E-05	 .0275579046492318	 .0705802662470484
 3	 18225	 .113246491512471	 .00512327155499381	 .925593142550549
 2	 18242	 .0757351517413137	 .00608638643566998	 .759910847205811
 2	 18252	 .00551040784414542	 .00365816291468772	 .5786205131974
 2	 18268	 .0386045915755983	 .00243371108343788	 .75181972399306
 2	 18291	 1E-05	 .0141176980316877	 .0865886022359137
 2	 18294	 .0360332448217501	 .0101803462577983	 .991354429116887
 3	 18315	 .0113298815297378	 .00779219961093774	 .746926709698607
 3	 18325	 .00602853507316648	 .00560025479425173	 .414801660924874
 2	 18373	 1E-05	 .0140942537925633	 .689589441553033
 3	 18414	 .700518315126303	 .125586155060656	 .928722983271669
 2	 18426	 1E-05	 .0202734490930777	 .00452739070947816
 2	 18451	 1E-05	 .0294378386194143	 .27479481228845
 2	 18456	 1E-05	 .0128270767264444	 .986562907857351
 2	 18467	 .0688829216441666	 .0383513476560445	 .679669284693192
 2	 18501	 1E-05	 .0103621815143042	 .264009414962804
 2	 18504	 .00512701988749437	 .00734717455741611	 .22619701011784
 2	 18512	 1E-05	 .0148407280788637	 .114644728425494
 3	 18541	 1E-05	 .167912228148528	 .109074163983597
 2	 18557	 .013153264521911	 .0271391529128323	 .100499753525203
 2	 18560	 .358005913776804	 .254746082695253	 .720969107033616
 3	 18574	 .0735964692932642	 .0504765460790877	 .756294928927893
 3	 18579	 .0126155142499301	 .0506845881147899	 .254408283854726
 2	 18604	 1E-05	 .0140042039398086	 .214140542397869
 2	 18612	 1E-05	 .0148851564997166	 .480412564938335
 3	 18636	 1E-05	 .515703203504068	 .145837830032608
 2	 18647	 .0141022617891213	 .0438973445067159	 .26462269828806
 2	 18650	 1E-05	 .0113517166369956	 .0109116375167666
 2	 18660	 .0092214141714414	 .00474220732371922	 .512424472164943
 3	 18669	 1E-05	 .00498541809567389	 .00268916802328589
 3	 18693	 1E-05	 .232306276755789	 .0297454268890156
 3	 18732	 .00174614874968353	 .0144670936611684	 .11045825780465
 2	 18738	 1E-05	 .0072471939028689	 .659170471677067
 2	 18764	 .0311136374210771	 .0189484025450326	 .722822059988105
 2	 18798	 .0111972788774852	 .0184969643203846	 .309821816337002
 2	 18801	 .0219315143987878	 .0192179418598013	 .317754644685495
 2	 18818	 .0100857903199953	 .0311420324965051	 .0456942060004515
 2	 18838	 .0336062534196091	 .0294219551516907	 .853511628442776
 2	 18844	 .00489151174144637	 .00549479873646043	 .241787376863816
 3	 18845	 .0892274289620219	 .0233928046375661	 .997784167111146
 2	 18907	 1E-05	 .0352803113223364	 .0414556295280798
 3	 18959	 .0749867982471169	 .0249522322755654	 .533438649430945
 2	 19006	 .0276599054670229	 .00747760096255821	 .927453081137852
 3	 19008	 .00250350815902	 .00259353627372395	 .475609858651418
 3	 19027	 .0172762777501122	 .00987914807616174	 .80656987362544
 3	 19200	 .867028813685814	-.000693724855926516	 .991819692399357
 2	 19214	 .0500530607024691	 .00961412800739014	 .73229791525113
 2	 19263	 .0585218606222585	 .0150697279079937	 .951589551027078
 3	 19283	 .207987085681486	 .00257890802848868	 .966589096876406
 3	 19338	 1E-05	 .0373520793347522	 .4964036296366
 2	 19429	 .00999154462795005	 .00332440098852972	 .816338224208762
 3	 19431	 2.02766709241523	-.203824748694348	 .986230867074205
 2	 19474	 .00557253631055742	 .00479629269243731	 .545179499697265
 3	 19480	 1E-05	 .0829934790224552	 .0185783198289741
 3	 19528	 1.7812773559534	-.0134711413409769	 .986948232136761
 3	 19533	 .0109659599505983	 .0403513148521029	 .0278517042170254
 3	 19574	 .0541617646933796	 .0724320058624328	 .0508286663797566
 3	 19577	 .474328230173487	 .186301707793837	 .572437629394347
 3	 19590	 1E-05	 .125847859897438	 .461072999226544
 3	 19611	 .0653777749997591	 .0569610071901523	 .933100891283237
 3	 19615	 1.61493040827145	-.0384978454242107	 .970372417941934
 3	 19642	 .021797116397699	 .0264584197466693	 .688409548936202
 2	 19665	 1E-05	 .0551386689100431	 .549337337396831
 3	 19694	 .052440867152647	 .0467336084926341	 .480608146719564
 2	 19704	 1E-05	 .0071074483666677	 .00931223758452659
 2	 19736	 .0964452779018802	 .0345537667754255	 .408719728909058
 3	 19747	 .336062202789744	 .010191615411341	 .982092505713554
 3	 19804	 .0628929040718035	 .0128792848626539	 .963407033485502
 2	 19824	 .0120156638748856	 .00144101276917419	 .666720708680793
 3	 19851	 1E-05	 .00582510682612173	 .00988398772816246
 2	 19857	 .0186009007413587	 .0141284066868988	 .352273072970702
 2	 19949	 1E-05	 .0207906959356348	 .370469023180773
 2	 19974	 .00907268569894788	 .0126302935610073	 .752013822881569
 2	 20038	 .00623762118218732	 .0093188369591639	 .285987134954087
 2	 20145	 1E-05	 .0156956407775265	 .102067944870472
 2	 20198	 1E-05	 .00793680872503812	 .238385030248085
 3	 20206	 1.27918584455672	 .149989070794439	 .966955043465065
 3	 20212	 .495124017562403	-.0233407154806483	 .714215722173112
 3	 20259	 .0757244007787445	 .0474029419416218	 .959382656022414
 2	 20315	 .0206212152610604	 .0526423662763595	 .191057821475555
 3	 20327	 .00422751428221111	 .0122416723662656	 .46003563079137
 3	 20337	 1.04971579759251	 .0107865576770047	 .974223605466652
 2	 20395	 1E-05	 .0381343244755013	 .457748598920332
 2	 20452	 1E-05	 .0224784800746186	 .0138634144603891
 3	 20468	 .0504887719571452	 .023033173595837	 .544491565931605
 2	 20471	 1E-05	 .0137115993080198	 .122856474628676
 3	 20476	 .826749838231938	 .210282443571855	 .318332691882946
 2	 20488	 1.1931615127218	 .0312120355580496	 .937591306326443
 2	 20511	 .0586972551517866	 .00455349323239397	 .813027170044511
 3	 20532	 .0179893313041863	 .0345370622518532	 .115571638499334
 2	 20541	 1E-05	 .0124280891557211	 .723757228151622
 3	 20549	 .00171269688049378	 .0290193661490007	 .00543198119109622
 2	 20559	 .00248137242937456	 .00823159638856123	 .874686826960069
 3	 20623	 .0463366634631265	 .0167895151703555	 .958914956714735
 3	 20656	 .083030503068467	 .00576696317964945	 .970450063002675
 3	 20657	 .0163224033698098	 .0144220910033862	 .771667268042966
 2	 20673	 1E-05	 .028214378084805	 .410900792963221
 3	 20695	 .0246316990841042	 .0143667638091066	 .287667558965774
 3	 20747	 .09203088499279	 .0172854580406243	 .997774662992684
 3	 20777	 .0207498844080489	 .0280323846167691	 .102851022959207
 3	 20785	 .185790315923567	 .0151659462325079	 .997757143296193
 2	 20804	 .00292347577029121	 .0129924345069303	 .0227309983410791
 3	 20810	 1E-05	 .0120202025310571	 .045012996768352
 3	 20853	 .00550718246574607	 .0239023158772281	 .00538962505224017
 3	 20880	 1E-05	 .0205440877472233	 .0493926037818574
 3	 20882	 .00371312974310594	 .0309712741639056	 .00149166418524871
 2	 20940	 .0337211212048659	 .0149133415114322	 .301975832508463
 2	 20963	 1E-05	 .00572626709749718	 .174795728283338
 3	 20970	 1E-05	 .0450742683292701	 .287843824069664
 3	 20979	 1E-05	 .0667874650763705	 .660405294137406
 2	 21034	 .000889248762832459	 .0188863150459175	 .000567903169255923
 3	 21041	 .0137671694472278	 .00557671919132852	 .341860380042145
 3	 21043	 1E-05	 .00915918963461035	 .794091774867859
 2	 21077	 .00912180202966216	 .00851527218564445	 .60472929092436
 2	 21118	 1E-05	 .0201414982389571	 .173401011880784
 2	 21134	 .00536375444694557	 .00617640442351244	 .169088404287395
 3	 21135	 1E-05	 .0620741136068969	 .580306328742164
 3	 21184	 .0475719903218097	 .00637711955157532	 .998104480806805
 2	 21191	 1E-05	 .011207481022511	 .00565416971211563
 2	 21248	 .00740338546452524	 .0225902504675486	 .105968717376858
 2	 21266	 .0155464501658888	 .0264030736354695	 .0758709546303529
 3	 21289	 .10103711970278	 .030876877404635	 .873507409032464
 3	 21339	 1.45559620115273	-.0488877290187044	 .98793958373302
 2	 21347	 .017823854969287	 .00944305801059633	 .797414016586463
 3	 21366	 1E-05	 .00642993264400683	 .340245231880995
 3	 21425	 .0214445547870675	 .00608452981104405	 .973115289099105
 2	 21436	 .00633060820291038	 .0219906245796922	 .035435912723259
 2	 21492	 .00414592348539417	 .00703391926410588	 .516343878426921
 2	 21534	 .00223640796646023	 .0173887369013483	 .017340765860949
 3	 21564	 .021477430061286	 .00811454956661526	 .785695411127588
 2	 21602	 1E-05	 .0142608795142571	 .0658763607248991
 3	 21604	 .0133863516196205	 .0365884665625183	 .129005273556361
 2	 21634	 .00854265944136393	 .00669413761081746	 .948326702766912
 3	 21731	 .203594430287007	 .0627565297870624	 .886477618083496
 2	 21749	 1E-05	 .0916632749912315	 .00498482099198605
 2	 21765	 .00635874415742847	 .00925908921181593	 .371638819968135
 2	 21787	 .0289172440456817	 .0329674289323641	 .854596363295384
 2	 21836	 .582412647967242	 .298564801309424	 .263338750637436
 3	 21883	 1E-05	 .0144435604396886	 .116744168621576
 2	 21886	 1E-05	 .00254230123832722	 2.74319651871746E-06
 4	 34	 .00411462327006083	 .00944012691207761	 .104402376504641
 4	 35	 .0976472542227904	 .0563588899723479	 .956659975515566
 1	 55	 .195470810741075	 .0243378145607113	 .548821961005039
 4	 84	 .0117445901277884	 .00765163614934428	 .813867542676668
 3	 92	 .0136100183183213	 .071745356554356	 .570742792752696
 3	 97	 1E-05	 .0235189895213888	 .114459835435255
 4	 113	 1E-05	 .0310755727335009	 .973981632464771
 3	 151	 .0621394390888882	 .0496140365363815	 .950140724286307
 3	 375	 .889785771876887	-.0182628231589877	 .996201526139203
 4	 384	 .00802264702636983	 .0542399207311272	 .0035925831254171
 1	 539	 1.02503514185025	-.000844877873964304	 .969292932340129
 4	 727	 2.89755244156087	-.311409975091613	 .958408980051394
 4	 728	 .0988425177347839	 .0465121030760167	 .575233818629058
 3	 910	 .0555968142408413	 .0764966114337341	 .194502061111793
 3	 1121	 .314867378857698	 .0669603179342091	 .80241477911284
 3	 1145	 1E-05	 .089302630577388	 .170401866378524
 3	 1416	 .0204104009984858	 .0358230039261268	 .205614686952117
 3	 1500	 .285895559849665	 .0830686231184713	 .778759729832014
 4	 1596	 1E-05	 .048160216304024	 .141494654401172
 4	 1699	 .145121304103301	 .0364987693125276	 .998950462846201
 3	 1861	 .0421325027915382	 .0797088073617178	 .0377244058622269
 4	 1921	 .451849854147383	 .0398752917814613	 .98976597234293
 3	 2009	 1E-05	 .0196104690749051	 .270338114419179
 4	 2024	 .192118193427047	 .234417145093558	 .535856328072226
 1	 2061	 1E-05	 .286256711105385	 .999993634276096
 3	 2063	 .788905317124234	 .0190435606741637	 .977422542555543
 3	 2117	 .249675896474034	 .0814635647415546	 .333588097066029
 3	 2240	 .0427938338696834	 .0358903238030327	 .894918775478949
 4	 2376	 .0186866377803485	 .019814346126328	 .981080212491638
 3	 2530	 .0595770260390063	 .0781250507773464	 .174352380125972
 1	 2537	 1E-05	 .196931886395487	 .00672915931853768
 3	 2763	 .121440052204824	 .0361453304592034	 .730335928060016
 3	 2781	 1E-05	 .0221181901082747	 .477230067034007
 4	 2884	 .0040674135176793	 .00742185508178745	 .273212850421371
 3	 3033	 1E-05	 .0237403764249809	 .297489856937552
 3	 3142	 .170718318635296	 .0542098456993816	 .84698222624337
 4	 3226	 1E-05	 .154588474816189	 .221302094109649
 3	 3423	 1E-05	 .0179749955240911	 .49947050216423
 4	 3583	 1E-05	 .0997660417629518	 .021677489778985
 4	 3589	 .505957996004318	 .00444049783341313	 .993333834374463
 4	 3871	 .0249233739502092	 .0402567424140863	 .111974581929991
 3	 3983	 1E-05	 .0198893733962067	 .500697104068102
 4	 4004	 .154658652096343	 .199937961701213	 .4431698344335
 3	 4091	 1.37100978740453	-.0232092535685824	 .986066211909461
 3	 4179	 .00218867839560358	 .00998435391451717	 .118494143212477
 3	 4388	 .743733110250145	 .0594332356839442	 .808054159517378
 4	 4601	 .0111195444801933	 .017432120711382	 .832174908186405
 3	 4671	 .222426891137201	 .0837665111671055	 .600748304750786
 3	 4825	 .0110505314581861	 .00171065244713224	 .614659746366625
 3	 4960	 1E-05	 .00567131180171569	 .0254146115674935
 3	 5117	 .0054716330039194	 .0202909451974369	 .0537656944490718
 3	 5170	 1E-05	 .0108734817510066	 .600367692768255
 4	 5184	 1E-05	 .0237578479944136	 .621735862571053
 3	 5238	 .0249629482463499	 .00425178497073415	 .674915304725975
 4	 5338	 1.60042803541383	-.130175036685023	 .98489702985603
 3	 5396	 .000859879459607728	 .00846035257722534	 .160837498547964
 4	 5533	 1E-05	 .0156038107251362	 .0026347468898934
 4	 5679	 2.06034692484792	-.175686740059626	 .925502984522048
 3	 5736	 .0142064179366935	 .0106646454011174	 .450255962240568
 3	 5820	 .000685111360038934	 .0129528137386884	 .00414788482969219
 4	 5844	 .352138396503908	-.00519224232554958	 .999481833873444
 4	 5850	 1E-05	 .033000761002483	 .758474286293511
 3	 5886	 .0377389864936481	 .0143361053451459	 .88940268768903
 4	 5891	 1E-05	 .138024114062321	 .257183059372583
 4	 6198	 1E-05	 .0792312784289836	 .0485448398115016
 4	 6225	 5.71793513569139	-.588477523593934	 .98538708037974
 4	 6240	 1E-05	 .0358259037463782	 .148585505858395
 4	 6323	 1.14698160519134	 .166010399600327	 .979794152444958
 4	 6565	 1E-05	 .0505250066069799	 .00504256539793901
 3	 6580	 1E-05	 .0859977708612815	 .548547266911248
 3	 6629	 .00903713463477113	 .0129241123694825	 .794415285538904
 4	 6712	 .448832509228485	 .0527334819932801	 .982251750101187
 1	 6713	 1.14467089169203	 .0126788540474254	 .950203317081887
 4	 6782	 .20140065136974	 .117730254590907	 .663027226178767
 3	 6819	 .0186102311914754	 .0261091216692373	 .777356691242326
 3	 6866	 1.10437032003157	 .0464977480573075	 .992461126087206
 4	 7129	 1E-05	 .18179521641071	 .280034501878956
 1	 7132	 .125822610044864	 .092324749084866	 .763162295603075
 4	 7211	 1.20825586727587	-.127277393403692	 .977230772528428
 3	 7250	 .0180453477200033	 .147539396917508	 .0131365115321594
 4	 7501	 1.63225222935225	-.00435194461737497	 .925766195411234
 4	 7606	 .015427204747995	 .0249526346736222	 .823668272268448
 4	 7977	 1.02359301985714	 .0266579729139061	 .93762177457601
 4	 8058	 .00660753460387576	 .00442365385942699	 .972142710522935
 4	 8099	 .416485104082578	 .188001108347239	 .545021380965586
 4	 8259	 .000437543835458229	 .00617549243116128	 .00861264586491117
 4	 8631	 1.1634922899432	-.0706073283030509	 .940477669525495
 3	 8814	 .307164443077913	 .0116554944881651	 .947963521497468
 4	 8943	 .851320553212398	 .0164458019311496	 .998428975690843
 3	 9146	 .158594095405899	 .0404813523500262	 .707775261338207
 4	 9174	 .137471522342857	 .0517852487338361	 .984276759841393
 1	 9434	 .11862643344942	 .0597140797844829	 .720548304896205
 1	 9649	 1.43860513849023	-.0802577997894479	 .997757838271335
 4	 9698	 .0536690621548933	 .0959604710152066	 .0968905113209374
 4	 10046	 1.10045714968967	-.0254217639667822	 .815170153787347
 1	 10055	 1E-05	 .0436316619192598	 .478644618869021
 3	 10208	 1E-05	 .0141982285819395	 .191655594508388
 4	 10777	 .0554167939010831	 .0292658509879953	 .973948960070487
 4	 10891	 .913023108567919	 .142291614432403	 .86982903076831
 4	 10932	 .264783590306779	 .113817197488368	 .729362058392913
 3	 11154	 .00632834639367061	 .00866633714239668	 .868835587014392
 4	 11243	 1E-05	 .269423218017525	 .259719200121301
 3	 11404	 1E-05	 .0129088328734036	 .0453826983886889
 3	 11565	 1E-05	 .00875173789994526	 .24664936030702
 4	 11658	 .566877962228667	 .0108442170016789	 .980189628519135
 4	 11677	 .00416086532388881	 .00662547199786777	 .0775323963679491
 3	 11828	 .0166889389512473	 .00590472430271129	 .38582654925642
 4	 11961	 .200571898368417	 .0254615013523755	 .999409342757703
 4	 12086	 1E-05	 .104279211450074	 .722214531301402
 4	 13133	 .000846586665609703	 .00367864682755436	 .0418364977973881
 3	 13147	 .0115651542017042	 .00840747188776918	 .960426620897426
 4	 13465	 .0728634945222934	 .0196356414846484	 .953988600609368
 1	 13476	 .37803638474969	 .118493883044387	 .838161119608847
 1	 13857	 1E-05	 .0107143373975651	 .00932273850226106
 4	 13964	 .00168472848652804	 .00382028684468371	 .456244010624087
 4	 14003	 1E-05	 .387988149308658	 .461758860365305
 4	 14242	 .42958216817834	 .0600805461976981	 .997755017771583
 3	 14277	 .0147778064085141	 .0159978561332764	 .908127248059934
 4	 14391	 .0146858617398434	 .0107047628454205	 .311710863307313
 1	 14434	 .158941222579322	 .104635617523953	 .349129474626862
 3	 14537	 1E-05	 .0305888666098901	 .321322087578126
 4	 14565	 .492885394004324	 .0258921260349119	 .997823464026401
 3	 14667	 .200052901045667	 .00649347513537734	 .98983907489542
 3	 14691	 .0265630383949571	 .0103154026695254	 .847759534670883
 1	 14825	 1.07872559792216	 .0671341830546942	 .958314202119692
 3	 14915	 .109247077874585	 .00771578384893786	 .797738811655107
 3	 15060	 .00492040206877109	 .042043878476434	 .0609285006098484
 3	 15068	 1E-05	 .0322489047094535	 .079209504370984
 4	 15125	 1E-05	 .00524570505055501	 .242167544029756
 3	 15310	 1E-05	 .0448333324991436	 .0204848932487616
 3	 15362	 .0408494236269992	 .0217596943916414	 .876144385739368
 3	 15399	 .00240683269919624	 .00493281116045464	 .147719560413964
 3	 15563	 1E-05	 .0454544369509487	 .223671112630932
 3	 15565	 .00255500512872279	 .0104015263702867	 .487062341235371
 3	 15612	 .00102661046870856	 .0122482561829608	 .0118070987667946
 3	 15652	 1E-05	 .105678868780565	 .0496802146221718
 4	 15966	 .069510029205431	 .0265499667829863	 .873029366754407
 3	 16061	 .0527011279649587	 .0305594926615842	 .255334598480029
 3	 16378	 1E-05	 .0541436407261811	 .177236490905163
 3	 16426	 .0282153358093219	 .014967043557728	 .513976001602614
 3	 16487	 1E-05	 .116774457440316	 .787636059607211
 4	 16657	 .296397682888221	 .0852583251645165	 .745375835844081
 4	 16757	 .670569477337915	 .103718784498588	 .914917807773437
 1	 16876	 1E-05	 .191358055177076	 .0110921634215699
 4	 16941	 6.07717796337021	-.410110659334061	 .994022983091814
 4	 17024	 2.15893160983703	 .0278513100894486	 .911708661435987
 4	 17054	 1E-05	 .0358394679798587	 .792558215597676
 4	 17121	 1E-05	 .0964098605490279	 .130127841513553
 1	 17124	 .911355428396374	 .101613148141823	 .820163061561241
 4	 17190	 3.04630775854472	-.237050395554837	 .991498190791865
 4	 17212	 .746148199909101	 .0338118005109058	 .917063741521346
 1	 17240	 6.50917824023168	-.544037869974352	 .997745329268873
 3	 17293	 .041543216718309	 .0089857904407917	 .994396123476995
 4	 17312	 .623363529946849	 .0154830587085241	 .608856514223274
 4	 17327	 .940670327864471	 .12843909094121	 .942143570843845
 4	 17470	 .108980562390438	 .0329895382209659	 .829555298482426
 1	 17510	 .204047002414532	 .0490647002804055	 .741235582073907
 4	 17562	 3.36524507851126	-.298671301998744	 .953616987724069
 1	 17634	 .58588391763401	 .155154053482254	 .760908506894431
 3	 17676	 1E-05	 .0754836573769744	 .454120185561349
 4	 17698	 .558819232688442	 .019056208209422	 .989734727910184
 4	 17910	 .0700177858687114	 .0841214438593516	 .179162635812319
 4	 17965	 1E-05	 .00908599281227392	 .796947985870046
 3	 17979	 1E-05	 .0825412494521114	 .0336094165929496
 3	 17999	 .00179993680313112	 .00559730839887593	 .0570757105758126
 4	 18257	 2.06267229574919	-.0635989369471627	 .857942332198038
 1	 18279	 .0903081742203474	 .100129549421109	 .438504952354564
 4	 18382	 .000273175308174968	 .033491822392971	 3.50284290311365E-05
 1	 18474	 .299485600611894	 .117253402492279	 .485697270146025
 4	 18507	 .00248412253433648	 .0175460235772135	 .00187687747829757
 3	 18513	 .0107019883356489	 .0159040013409908	 .110759913331312
 4	 18541	 .00439201396717092	 .00867660788962384	 .0228892977328412
 3	 18834	 .00154202045968051	 .0126341966881324	 .167532232389864
 4	 19016	 .0264549088929575	 .0357213809876883	 .263561988386904
 4	 19276	 .0103229678743536	 .0148174582432488	 .266631668309265
 3	 19615	 .0118751997741035	 .0149326260479721	 .198653122950789
 3	 19850	 .00585024969696324	 .0100988202641633	 .0367093063941276
 3	 19972	 .0377109548954334	 .0440884128063595	 .332353433455062
 4	 20097	 .34309360723252	 .0828470480304296	 .637817383904793
 3	 20259	 .0325589640332229	 .0309636003837076	 .63880238976001
 3	 20309	 .00546961231149887	 .00780946922541916	 .324060029969056
 3	 20626	 1E-05	 .0461549744383524	 .414600438544883
 4	 20791	 .00663938454582557	 .0165317440959955	 .0356592074977945
 3	 20972	 1E-05	 .0183500746437682	 .728645633460041
 3	 20990	 .0448181907554654	 .018196432435955	 .842583099746801
 4	 21117	 .0127536048032118	 .00863987469570401	 .95252590571923
 3	 21408	 1E-05	 .0339145052602117	 .22694106050718
 4	 21442	 .0756078907585388	 .202712877904837	 .0762910204098876
 3	 21564	 .0276221288298364	 .0221618504759466	 .876615828950999
 4	 21575	 .0061158241432636	 .0154123890976176	 .560380348189809
 1	 21721	 .135026613434383	 .0724223991366068	 .892109443849803
 3	 21780	 1E-05	 .0345871715381134	 .0137212005159192
 1	 21936	 1E-05	 .207164707690321	 .402210152619826
 4	 21974	 .393174926617624	 .092389182109673	 .981099154446174
 1	 22053	 1E-05	 .316347232591774	 .466377799529984
 3	 22152	 .517912364077609	 .043528816464876	 .85603925860818
 4	 22295	 .136650912638319	 .028493621593579	 .989328213212585
 3	 22398	 1.12716508109054	-.0431396560578431	 .950292543970309
 3	 22527	 .828387360104697	 .0448428506005701	 .816716630941405
 3	 22738	 .00538915534076948	 .00695993854371362	 .714608527648097
 4	 22778	 .249199875413083	 .0248010031228215	 .984546613780575
 4	 23288	 .0380558385935052	 .026703568854136	 .31233129521508
 3	 23550	 .0066696090726511	 .00734575829785144	 .902861810542429
 4	 23569	 .261626213830893	-.00723274848701447	 .913880368468865
 4	 23714	 .216050592136162	 .0640842679260883	 .502652030863646
 3	 23763	 .00844076297813284	 .00718076470809668	 .882720607944515
 3	 23833	 .827714398742325	-.0244403680827322	 .896049524541428
 3	 23946	 .0191894538746364	 .0782940806759712	 .649138793721499
 4	 24062	 .453453377623693	 .157612681556448	 .311502330135783
 3	 24183	 .00920914416432482	 .0206328409033996	 .041231764950345
 3	 24449	 .0193129779530951	 .0385768958208348	 .0716644796002783
 3	 24460	 .0151478104388281	 .0134313740620293	 .433630919244187
 3	 24493	 1E-05	 .0122146410883979	 .767977764142732
 3	 24763	 .0073482659048527	 .00511441459321542	 .765784344481397
 3	 25185	 .0584899090988473	 .00285048231344979	 .843236046838667
 3	 25259	 .0160156782038828	 .00607435315622626	 .985032559006855
 3	 25647	 .0245087651502499	 .0200636774340149	 .79304349185657
 3	 25761	 .568343817983656	-.00270746652331097	 .98381901619945
 3	 25874	 .0157116076736021	 .0229336050100982	 .0719599316506599
 3	 26077	 .0284158987635464	 .00841046372361731	 .466367056921009
 3	 26175	 .00473975007709532	 .0872723045953229	 .00174397550438621
 3	 26218	 .00805176875491118	 .00772866481296777	 .492599034899979
 4	 26325	 .0353070905428041	 .0116400097647333	 .981548900089185
 3	 26550	 .261926836021298	 .0285629201491665	 .862455014614311
 4	 26627	 .0464421810632194	 .0348901360242568	 .749356030874833
 3	 26637	 .015782266721882	 .0378427163828183	 .0952472156471769
 4	 26812	 .0343841338494697	 .0168917774181132	 .861806752010949
 3	 26841	 1E-05	 .112059566679114	 .501233885054464
 3	 26897	 .0164386095146786	 .0157333856134985	 .372706824261052
 3	 27120	 1E-05	 .0485141492152714	 .224156067651142
 3	 27134	 1E-05	 .0132570435859029	 .20579183229557
 3	 27358	 1E-05	 .0270920998196551	 .0259917675300028
 3	 27360	 .00882341249492972	 .0129561627288306	 .29139469385285
 4	 27526	 .0521111190152322	 .0185893176512988	 .96963454648481
 3	 27571	 1E-05	 .0131112036585161	 .0204345990150165
 1	 27600	 .584799171563181	 .0980038827424315	 .946568618249896
 3	 27638	 1E-05	 .0135552388640112	 .1372951379963
 4	 27698	 1E-05	 .0191474652269985	 .279047161861562
 1	 27772	 4.34991224277662	-.327190942353253	 .996377924172135
 4	 27856	 .0989962674088516	 .0210351676101832	 .78719311940228
 1	 27973	 1.22782476191416	 .0913282162152067	 .990007352657641
 4	 28257	 1E-05	 .152977142085272	 .12785822205452
 4	 28384	 .0156916123722433	 .00314101198141923	 .997325148442069
 4	 28422	 .00171663275556199	 .00377348608032913	 .192762582220905
 3	 28502	 1E-05	 .0123772897465705	 .91806912317421
 3	 28563	 .00286710339103962	 .0126898128998471	 .0429789563240294
 3	 28745	 4.92010823208566E-05	 .0210510631034756	 2.69974968525322E-06
 3	 28793	 .0538207732472951	 .0128664553704761	 .835186628282282
 3	 28832	 1E-05	 .00757778732482678	 .00287019218922557
 4	 28890	 .175783647253111	-.0013904994695356	 .994085407307939
 4	 28912	 .110437439645028	 .0256872478167508	 .946295393158479
 3	 28956	 .238007888841611	 .044033648094137	 .636609369355222
 3	 29098	 2.69332703900767	-.109511861620193	 .987342995930729
 4	 29163	 .000451178630986848	 .00223238356914534	 .00506794617247464
 4	 29238	 .012166768204557	 .00882518031028624	 .74743254631609
 4	 29464	 .78421227389455	 .000177541861259931	 .961947016746517
 3	 29584	 .0156004903309185	 .0106901055088048	 .763629834589749
 3	 29851	 1E-05	 .0112775808749608	 .507763468236996
 4	 30219	 .0186467085976157	 .0278561475848785	 .280737414833676
 4	 30287	 .0077217226086224	 .00439720481386511	 .576753166468247
 4	 30499	 .15228127838659	 .0316566950092251	 .859809289828788
 1	 30504	 .00704046307513896	 .00489178458823488	 .74286961139668
 3	 30585	 1E-05	 .134034849677478	 .243364965487901
 4	 30702	 .00228778877963587	 .0170090138133331	 .0961078526416961
 3	 30726	 1E-05	 .101159107499606	 .42090860391766
 4	 30749	 .0449785254714048	 .0310040026137021	 .357780477975464
 4	 31077	 .0121080005140796	 .00704303782930663	 .972644650474742
 3	 31141	 1E-05	 .13958689528285	 .00475178489242412
 4	 31284	 .344735395234791	 .0143144842115047	 .995501953061457
 4	 31394	 .185161170844557	 .116208404435461	 .324087511098782
 4	 31467	 .143686866125965	 .0648218053368873	 .790139964079759
 3	 31499	 1E-05	 .0102845066801731	 .0280326035795184
 4	 31628	 1E-05	 .0614614202166598	 .936659761116512
 4	 31634	 .0388887737492006	 .0850472564265928	 .241145612458852
 4	 31745	 .106390504660184	 .0680244297672015	 .938998424622061
 4	 31882	 .0174782585376836	 .00656361702448787	 .757874828923085
 4	 32093	 1E-05	 .0585140662588768	 .0767464010423951
 4	 32267	 .0905736125518553	 .0155631240026892	 .66804635829591
 4	 32339	 1E-05	 .0862066899113305	 .409008286372296
 4	 32353	 .249554962544538	 .0157751296814516	 .987396690420344
 4	 32461	 .235108747662432	 .0360673381495163	 .926571733853219
 3	 32555	 1E-05	 .0355122833053335	 .415385180399086
 4	 32579	 .0402145840177015	 .00557951945695513	 .989861469798439
 4	 33012	 .0173797775933621	 .0276439594622009	 .567811857953875
 4	 33055	 .0605171766303303	 .0864855264487548	 .0852459943620749
 4	 33083	 1E-05	 .009715047964587	 .00264131761565889
 3	 33199	 .000804415448465831	 .00970781981831923	 .0185700712879983
 4	 33311	 .132635232376118	 .00363797028869251	 .986025903356971
 3	 33402	 1E-05	 .0151271842180122	 .0196801590576287
 4	 33433	 1E-05	 .123147633622879	 .0742989590220124
 4	 33508	 1.06475264487818	-.00454885954805162	 .9681690401081
 3	 33567	 .110675480140755	 .0651641861892249	 .494620086635005
 4	 33923	 .0275752781871657	 .221615757006173	 .00134405751111122
 1	 33933	 .256614664765628	 .0668748253639024	 .335587713704615
 3	 34018	 .0185720007563306	 .00828075199464031	 .981391018409427
 4	 34019	 .00672327155047287	 .00650366938341475	 .575130347812311
 1	 34045	 .307483494970314	 .138316146840305	 .748431039816061
 4	 34210	 .0375433324438775	 .0209104637865917	 .410614190839334
 3	 34365	 .000880858845144394	 .00678953409852998	 .0250332626553688
 1	 34387	 1E-05	 .113204971930488	 .204235005368836
 4	 34416	 1E-05	 .0213898821616847	 .393466840209616
 3	 34436	 .00130596099562905	 .0146586496134924	 .0132321398620515
 1	 34585	 .486628794296853	 .113214376632905	 .863701701406584
 4	 34597	 1E-05	 .224953185808251	 .809152208188099
 1	 34674	 3.59761903421398	-.395686619232803	 .925548187204139
 4	 34707	 1.86359736053553	 .0809778285728185	 .929576258351896
 1	 34778	 1.42457789001052	 .191464343376069	 .831628464880532
 3	 34929	 .0130044682843877	 .024830410379016	 .205555850170006
 3	 34990	 1E-05	 .0815471390274506	 .0101955721061113
 4	 35005	 .751045149463989	-.00426767157971566	 .934198291809374
 1	 35052	 2.67337819642903	-.17343382599902	 .976075684501435
 3	 35135	 .00659309787109291	 .0111172619033357	 .801153972420315
 4	 35280	 1E-05	 .0138510941371632	 .224155756324489
 4	 35386	 .0110948623472789	 .00813755908228379	 .349130597285183
 4	 35403	 1E-05	 .184540368524144	 .046164478944453
 1	 35429	 .00150864488231981	 .00601410723096802	 .100781004009689
 3	 35618	 .139159562118853	 .0567647793976696	 .591906962581246
 4	 35698	 .171645900576022	 .0567458180181402	 .977721495100452
 4	 35818	 .00616920367722694	 .0086730091447526	 .161897334725156
 3	 36060	 .0223058614074506	 .025019490810009	 .454915911298977
 4	 36094	 .0626979679725756	 .0323535873039967	 .0657449111488944
 3	 36154	 .237496233891215	 .200205693837855	 .402001094218054
 4	 36179	 .0390040649550463	 .00651479071509491	 .932633704549219
 3	 36281	 1E-05	 .0407401025512639	 .0108424525549512
 4	 36308	 .498146524568562	 .00370369918990735	 .997451892056952
 4	 36464	 1E-05	 .0113724501198644	 .0536417215005359
 3	 36562	 .013628848176126	 .011552510208329	 .588424828202373
 4	 36752	 .00984652826799941	 .0109181566699649	 .818648203426226
 3	 36767	 .00220286361060935	 .0121809466466691	 .231715296425749
 1	 36818	 .00851529353333276	 .00487323913789208	 .617566576938431
 4	 36847	 .0713250538894768	 .0851993527032023	 .768546908235108
 3	 36885	 .00571474658968363	 .00279656257841939	 .270859513635439
 3	 37163	 .343849827793639	-.0170672375498735	 .993856347966609
 4	 37350	 1E-05	 .116205756085978	 .192085080519324
 3	 37356	 .00647092159077821	 .0106634264445489	 .633597907889635
 3	 37627	 .267429894149366	 .00955406737425047	 .973286839654285
 3	 37686	 .00872684816324537	 .00631000195343855	 .822570680326543
 1	 37802	 .00231584938254677	 .00172733116357943	 .564865369673766
 4	 37832	 1E-05	 .0477020869703344	 .00898666982987262
 3	 38057	 1E-05	 .0187174776806954	 .45317035983476
 3	 38234	 .00761870606458616	 .0342896824113362	 .0199037461848275
 4	 38432	 .03839647416421	 .0122611234233547	 .963705380745316
 3	 38467	 1E-05	 .0267812955459903	 .156693270123688
 1	 38474	 .00282627508419724	 .00374618827611174	 .68948522246147
 4	 38600	 .0197046198744987	 .00649582979616649	 .86959674620835
 3	 38720	 1E-05	 .0248933976533365	 .193467337895353
 4	 38998	 .0494988328276969	 .00828180595997236	 .970429138060321
 4	 39071	 .014631636482593	 .00974310500848547	 .577849443021859
 3	 39127	 .00287861821980516	 .0145445886851576	 .218419189000536
 3	 39140	 1E-05	 .0125798932338153	 .592009030340338
 4	 39181	 1E-05	 .00777212950312738	 .617037148911798
 3	 39344	 .0158044156028887	 .0195934361269237	 .985269389457861
 3	 39518	 .0126925836306932	 .0127547489800733	 .579199889765606
 3	 39768	 .0722165232530646	 .00178528423727654	 .93929979454276
 3	 39779	 .0113038091086485	 .0167627408228789	 .164574716762565
 4	 39784	 .0229660268700316	 .0161158225136108	 .803276911840962
 4	 39799	 .0027982043721265	 .00717893931609722	 .0380145230647512
 4	 39874	 .0423286700937039	 .000538504381926236	 .909375108152507
 4	 39917	 .304260859001818	 .204616084303023	 .688040147275158
 3	 39925	 .00903539287482701	 .00511652025602904	 .987127509222491
 4	 39966	 1E-05	 .0121772498439185	 .0136496264419329
 3	 40119	 .00106967495355525	 .014896658326166	 .0260736395051849
 4	 40154	 .0291217409488555	 .00806873928659959	 .785963241775624
 4	 40197	 .0593136197070931	 .000822304505509305	 .998755852653748
 3	 40206	 .00134505488498837	 .0111390854578796	 .215915853006783
 4	 40274	 1E-05	 .0182765346012253	 .429611175215236
 4	 40416	 .0713149111333396	 .161685740318633	 .0460132665282885
 4	 40470	 1E-05	 .0190485237213237	 .230114022609843
 3	 40570	 .000348993133498879	 .011337205753919	 .000150774747131543
 1	 40571	 .481331844699518	 .149171281935205	 .890706006208755
 4	 40669	 .404201306936406	-.0241512097155918	 .98877106309869
 3	 40672	 1E-05	 .0316563878588302	 .0119024655082317
 1	 40839	 .232512421898756	 .103206153472093	 .833801839895453
 3	 40847	 .00898827216106622	 .00134819996883836	 .745281427920757
 4	 40938	 1E-05	 .0102405679899286	 .191142866897657
 4	 40958	 .00227472146652444	 .00442063788602684	 .371016742744167
 3	 40968	 1E-05	 .0124574018546054	 .922760463525755
 4	 41019	 .551176393466758	 .158775867899089	 .784433330729018
 4	 41035	 .00123599555316565	 .00995911870180226	 .0257327917206791
 3	 41099	 .00307224527736316	 .0124885174080293	 .040469373245571
 1	 41220	 .0248620657040956	 .107756248342149	 .152332774341753
 4	 41450	 2.45397307985554	-.0655934745142569	 .944432107998025
 3	 41454	 .0741499497610022	 .033562493471127	 .4305570196265
 1	 41528	 .0447356689489117	 .00937972358916462	 .847510977231767
 3	 41532	 .278056078501919	 .0432966883054214	 .888604086349541
 4	 41537	 .69083167128751	-.0338700146165025	 .989803303078343
 1	 41577	 .2700332696515	 .318762177944598	 .0916926704903492
 3	 41600	 1E-05	 .0134260152501701	 .0337204768576623
 4	 41649	 .11783578141399	 .0636863806627687	 .625161092513313
 3	 41751	 1E-05	 .00839205686771914	 .472107512612966
 3	 41767	 .00256351516664043	 .00823059513850818	 .0375940996363747
 3	 41773	 .0306871379660546	 .00136266222891584	 .770967359504786
 3	 41854	 .14297669297375	 .047068359801989	 .855431332171713
 3	 41994	 .0291239197142506	 .0104851169130122	 .90639338434409
 4	 42007	 .0771134082714629	 .000200084533896853	 .971100223088417
 3	 42142	 .0176556614866599	 .005351884774936	 .851664001809365
 4	 42167	 .00318222924262424	 .0058031631943025	 .527436255560536
 4	 42172	 .0115870403613591	 .0367158537930359	 .179936924603579
 1	 42192	 1E-05	 .522352182169685	 .00233221580829146
 3	 42207	 .966929348873317	-.000474926814459526	 .921281587102647
 4	 42296	 .0038118512436057	 .00878283134536929	 .0835050471735299
 3	 42351	 .0119589075547607	 .0124590732049769	 .655538977834691
 3	 42421	 .02538509723254	 .082401462521336	 .0185394057298448
 3	 42544	 .0892798667268068	 .0283759317183028	 .580644907120227
 3	 42750	 1E-05	 .0167080580823246	 .450502265817975
 4	 42862	 .000857509271479025	 .00497903654275152	 .0479560983386444
 4	 42977	 1E-05	 .0104895299893483	 .157681977351027
 1	 42999	 .618324116425978	 .0818472861235044	 .845049350705167
 3	 43018	 .00167527114586845	 .00438172183617799	 .560780044319526
 3	 43081	 .00388622554829824	 .0130406619202458	 .0852382642291589
 3	 43084	 .00808926741666086	 .00487649379299139	 .61208726115163
 1	 43221	 .619524953750628	 .0269086435867724	 .939524113921303
 4	 43258	 .0022015455344295	 .0103917413338253	 .131631854187852
 4	 43282	 1E-05	 .524165487040801	 .439766052941731
 4	 43374	 .000583055279756553	 .0044215362842742	 .0541068199427347
 1	 43637	 2.76770929194734	-.242147580885077	 .991374512280966
 3	 43707	 .0299060251775032	 .0393662598667996	 .0515011213319161
 4	 43728	 1E-05	 .260985504146266	 .0800495526265711
 1	 43768	 .870003864728181	 .102543893391791	 .944179190351698
 4	 43933	 .00069730972608944	 .010246442914696	 .000860193444873758
 4	 44120	 .00668207209146196	 .0219864065299392	 .0597801515134874
 4	 44344	 1E-05	 .0263107317801513	 .021195210492733
 4	 44486	 1E-05	 .0587000737687401	 .34755407633915
 4	 44759	 .0158012533789927	 .0138888978183557	 .0706998747116231
 4	 44831	 .252840103930679	 .0637682157589522	 .816052488333082
 4	 45189	 .00820492417412044	 .0307585406850253	 .586404629620279
 4	 45545	 1E-05	 .0014027128070062	 .00948595183440393
 4	 45782	 1.88768070831778	-.0805576177959189	 .97775478418072
 4	 45794	 .047234038921573	 .0548627340715195	 .234797055233898
 3	 46321	 1E-05	 .0991739967949951	 .0395877235799053
 3	 46349	 .00510398702414415	 .01694319881512	 .160668641777992
 3	 46489	 .00424165415457608	 .0481870348418607	 .00283504082453823
 4	 46519	 .00103683389142795	 .00866800055306098	 .0571933285412733
 4	 46549	 .00734187592606405	 .0921669376854871	 .00629580240535732
 3	 46703	 .0261548156551024	 .0244799363647065	 .863416644974354
 4	 46725	 .724665363796343	 .123651764752013	 .577404730057556
 4	 46860	 .488278463451413	 .182944326853929	 .612254928260829
 3	 47069	 .00811564769182379	 .0171512739915515	 .308426549153841
 1	 47073	 .00183280309637829	 .00352697664620101	 .946799469430033
 4	 47091	 1E-05	 .00792008501846391	 .00719948959093208
 4	 47171	 1E-05	 .0278835067065492	 .335956986351453
 4	 47181	 .0174447364729434	 .0186990123023043	 .268056478937616
 4	 47335	 .0564132680269664	 .0434227519198972	 .235455028089878
 4	 47378	 1E-05	 .00908341894928546	 .419353922850688
 4	 47488	 .0694932017093488	 .0666275746778563	 .697154181271534
 3	 47507	 .00140719191201471	 .01264837009676	 .00344055554442901
 4	 47712	 .00649597160187803	 .00816381546500999	 .288679616735285
 3	 47786	 .0213067929872001	 .0215987345262989	 .285576277816383
 3	 47906	 .0250564130661054	 .01110053194465	 .844947419353803
 4	 47971	 1E-05	 .0630532285547469	 .0784248497126889
 1	 47993	 2.35065757676794	-.210343887172246	 .896052036675809
 4	 48125	 1E-05	 .0066631808769788	 .0101581452311297
 1	 48326	 .927121010075666	 .00733814779992954	 .987834541901688
 4	 48360	 .33346709434248	 .166584834830563	 .466388137892051
 3	 48583	 1E-05	 .0243772224912438	 .328097062576131
 4	 48695	 2.46797173120165	-.134107676467162	 .992989639577915
 4	 48801	 .652202391491496	 .110332690197609	 .6540482837046
 3	 48912	 .0279119219557721	 .0120022986186641	 .968781140246069
 4	 48929	 .0227463283557539	 .0701278312205498	 .187519666296413
 4	 48992	 1E-05	 .0473721081117634	 .0508524831355804
 4	 49024	 1.50372322501173	 .067889875180833	 .821344594024565
 3	 49092	 1E-05	 .0110328212925825	 .13027539312845
 4	 49108	 1E-05	 .0199583941106024	 .0539815420971789
 3	 49315	 .116875728300197	 .0274750137711389	 .754848181656885
 4	 49319	 1.29158100611989	-.01387075225635	 .996685338730967
 4	 49523	 .00557108614138338	 .0195417405481519	 .0903816019488414
 3	 49558	 1E-05	 .0103447072673943	 .201030263801426
 4	 49606	 .0777572962219671	 .0249658085356615	 .84394871396643
 4	 49646	 .0214808850676637	 .0141975859458744	 .661361191490826
 3	 49742	 .0922312107249326	 .0206439981013517	 .95692256411052
 4	 49766	 1.23271570240055	-.0388198965428886	 .996010990520738
 4	 49882	 3.43032865618049	-.345828381738816	 .983278438598076
 1	 49950	 .012224533288779	 .0064291545373749	 .94629642507126
 3	 50155	 .00734585478734285	 .0290260226513997	 .107556905468298
 4	 50425	 .0107429258716559	 .0204175988064993	 .604271206329086
 4	 50529	 .00283238844999753	 .0102401377521632	 .916844966789757
 4	 50721	 1E-05	 .094650294541603	 .268210586604694
 4	 50744	 1.19958315276902	 .0446236969689848	 .811485636139237
 3	 50760	 .138289879202044	 .0510042032009763	 .965674161402282
 3	 51264	 .609250493956209	 .138557235948304	 .626047485232632
 3	 51430	 .00884909076758825	 .0050452928330471	 .972467778369318
 4	 51499	 1E-05	 .0105338131508416	 .154034595327322
 3	 51531	 1E-05	 .0891559855407928	 .686610598006238
 4	 51641	 .00926263782560617	 .0106792780685095	 .773269843521873
 3	 51731	 .00564743093112902	 .00821759618414565	 .182659302575667
 3	 51941	 .0059452149283871	 .00583223272694871	 .494000085090534
 3	 52072	 .00332027819950745	 .00567656194253481	 .253816479174018
 3	 52268	 .0117523264593357	 .00791422461657411	 .872053329741233
 3	 52298	 .00808771989150915	 .0153440866896713	 .0317877303147431
 4	 52334	 1E-05	 .0147555997405828	 .0347669176330276
 3	 52389	 .0215627408378485	 .0103094845485426	 .407834179472992
 1	 52455	 3.58787385463821	-.381563053057006	 .9707502005845
 3	 52519	 1E-05	 .0441230939426535	 .27237512072144
 1	 52544	 1.14502912289914	-.0669144684486882	 .970801972209978
 4	 52661	 1E-05	 .0156062676707257	 .680389221717472
 3	 52700	 .00875171823139469	 .0313634255645293	 .208297599837425
 3	 52862	 1.19383580683197	-.00849108219434494	 .981742334212954
 4	 52943	 .00234822118509654	 .00506619884165989	 .114515823574866
 1	 52991	 4.51621828058452	-.350336665255802	 .992304985197759
 3	 53036	 .0118398029171182	 .00584550594815385	 .695627402501816
 4	 53052	 1E-05	 .038091346773169	 .417021694039684
 1	 53067	 1.35839394383394	 .200586749617467	 .580377158484689
 3	 53084	 1.14228654207538	 .156813387657803	 .688149698353939
 4	 53142	 .0333937689144303	 .0303380383046529	 .44528385513917
 4	 53258	 1E-05	 .00643798055920599	 .379840769191252
 3	 53642	 .0544927225792478	 .0302780411847463	 .897121759443082
 4	 53665	 .0125023499636305	 .0137217559730779	 .446356305547866
 4	 53960	 .00999407899235799	 .019826434415047	 .494935501162045
 4	 54178	 .390439640392048	-.0116264685777449	 .989871630327076
 3	 54236	 .00351105949948247	 .00675653616014928	 .0746766561519324
 4	 54311	 .271450057097844	 .00232203038216998	 .999862484691309
 4	 54422	 .300028937362872	 .0360890273445239	 .880210365817598
 4	 54480	 1E-05	 .0221544332161602	 .249300466628356
 4	 54555	 .152198347444193	-.00365943582923538	 .99923918396687
 4	 54660	 1E-05	 .0904407458478919	 .0402149156816651
 4	 54681	 1E-05	 .0429999704654991	 .181552692256106
 4	 55009	 .0160583050765224	 .00846737668172141	 .292896247994875
 4	 55084	 .00926259028777431	 .00807544640280217	 .527012883615085
 4	 55141	 .0379042847612503	 .00886971065187726	 .87536889066493
 3	 55157	 .0059279086385163	 .00601637122838748	 .616064525914157
 3	 55391	 1E-05	 .0994688948709855	 .574763014657394
 3	 55403	 1E-05	 .389634071920637	 .464095083370475
 3	 55509	 .958211367952867	 .0100532869729198	 .99156010712108
 3	 55569	 .218936336568496	 .124953766309647	 .944267871502953
 3	 55800	 .110951293966011	 .0483268647952092	 .372432053118052
 4	 55927	 1E-05	 .0301667638175519	 .312192717255801
 4	 55928	 1E-05	 .00982035203361516	 .780105777763629
 4	 55994	 .0150390859559774	 .0114157201412822	 .422883189547455
 3	 56249	 .0654842867808044	 .00904146047750064	 .985014154367826
 4	 56531	 .0648105489766257	 .0247057512586211	 .997404980133093
 3	 56891	 .00542532344222104	 .00796667777133632	 .495230355864595
 1	 57158	 .00685105891176931	 .00630000748453341	 .120986133042702
 4	 57173	 .00637066736546234	 .00398517340765521	 .741692213072267
 3	 57220	 1E-05	 .0051698371217951	 .676300176252472
 3	 57277	 1E-05	 .0165518056282287	 .48169415705946
 3	 57368	 .249053864637844	 .0830638619161415	 .874248253734905
 3	 57412	 1E-05	 .0189447824812141	 .515515379168636
 3	 57508	 1E-05	 .0550017409507814	 .0533908021320126
 4	 57743	 .0321099527803683	 .0603854638392818	 .522923566910298
 4	 57769	 .44628233599679	 .0708440038975946	 .825786967984388
 3	 57781	 .00371365216737846	 .0072793577146869	 .0816847686476331
 3	 57885	 .042078456988815	 .113112358182072	 .0422671244727374
 3	 57917	 1E-05	 .0111206176056692	 .00665986908093563
 4	 58072	 .0634040304423096	 .0271956731470888	 .96518721059068
 3	 58279	 .00168186004048151	 .0154038653733714	 .0621894691545698
 3	 58396	 .0132210658668411	 .081930250793944	 .00876931289997296
 4	 58408	 .03688574507172	 .0233492997310798	 .701924151765738
 1	 58583	 .00879423237649251	 .00152836884860012	 .927398880796099
 4	 58721	 .00409194500474496	 .0389281530938749	 .00696471626295414
 3	 58729	 1E-05	 .21576287022536	 .0198527571802221
 3	 58988	 .0611831834466411	 .0914649919877067	 .105260688415314
 4	 59065	 .0144854945238428	 .0399950425508252	 .0487685586632205
 1	 59091	 .0167408491488723	 .0103953768599094	 .894234664483373
 3	 59108	 .018912922168421	 .00243074525232811	 .91837662440122
 3	 59158	 1E-05	 .0807191825678201	 .142746582901942
 4	 59303	 .0108346108720346	 .00818336340760028	 .342015998253757
 3	 59391	 .000422657746524542	 .106451688290643	 8.79759854244266E-06
 4	 59436	 .000697067050376257	 .00710645541185949	 .40766063632696
 4	 59499	 .339463179436931	 .123031657134014	 .599773307945326
 4	 59742	 .428753406132181	 .0898663030814525	 .966967745038188
 3	 59767	 1E-05	 .0400860157686047	 .250091209166125
 4	 59950	 1E-05	 .00894982454210591	 .686266370613425
 3	 60077	 .031268118429859	 .017114038726185	 .502346358785365
 4	 60220	 .000397924490912852	 .00651354834870952	 .00628535950401254
 4	 60408	 .00189338670836314	 .0121636957630883	 .0335312232776175
 3	 60422	 .00213936623883678	 .00629989158758462	 .392509289170367
 4	 60591	 1E-05	 .00667079807748851	 .00139903669743702
 1	 60640	 .0102657536395321	 .0482154203793317	 .0326891082332916
 3	 60789	 .109284853260336	 .0139264678088153	 .946053029784061
 4	 60998	 .0654070772013034	 .0409955769977695	 .571737260347226
 4	 61219	 1E-05	 .0233088531652133	 .272437731518664
 4	 61403	 .018892697378378	 .00662846739420877	 .891070176157506
 4	 61510	 .0333366497677965	 .143528990895844	 .0112638971112963
 3	 61541	 .61432987112534	-.0176122040915426	 .995488813559836
 3	 61657	 .0555065176237179	 .0100136414111353	 .38904107385809
 1	 61660	 3.56077720448542	-.216956247281139	 .998228888653476
 3	 61744	 .266639848152116	 .0676349642289201	 .790930059009756
 3	 61770	 .515410868752602	 .00813701191970553	 .992493241594794
 3	 61931	 .0131393408222873	 .0267664390969677	 .188077960170313
 4	 62202	 .0176680512334896	 .00657195647531765	 .979151452152001
 1	 62242	 .14607911923089	 .0178473968374352	 .788709017585888
 3	 62281	 .010167705658405	 .0171398344996123	 .160138031236286
 1	 62455	 .000790477579297455	 .00721273888465009	 .00289553580257795
 3	 62460	 1E-05	 .00605553977243926	 .785239864849096
 4	 62842	 .0111484914119551	 .0055396867649534	 .672990179284012
 3	 63016	 1E-05	 .0108377075559691	 .0975346013486446
 1	 63315	 .00453266113199619	 .0302548077146386	 .010980977984581
 3	 63430	 .00350622207474719	 .0142671993387331	 .0171960590576282
 1	 63508	 .0316757173817657	 .201792925354044	 .0100216143574759
 3	 63741	 1E-05	 .0261339525189816	 .00186270780831443
 3	 63865	 .162968019879009	 .0281957472531089	 .723025644037023
 4	 63994	 .426089978922636	 .237577994835964	 .720332356808439
 3	 64211	 1E-05	 .00762820778308084	 .383633272480594
 3	 64278	 1E-05	 .012342982351086	 .0620050813586974
 3	 64397	 .0127064313819971	 .016496713494638	 .535509986215451
 4	 64414	 1E-05	 .117116321503985	 .282872887063871
 3	 64479	 .02344932491966	 .00435632960027392	 .662550024546646
 3	 64578	 1E-05	 .0225328518647	 .663440400156084
 3	 64678	 .00188395809567999	 .00479119042089616	 .0503959285699002
 3	 64685	 1E-05	 .0111365307088523	 .413343593731944
 1	 64819	 .00179892871828285	 .00509981461487904	 .223397363290318
 3	 64984	 1E-05	 .00801338720380146	 .182097302884282
 3	 65121	 .182434991787332	 .0188239512290753	 .958294046574567
 3	 65254	 .0189660534215923	 .00721542848934581	 .773211975381896
 4	 65364	 .0145236859798862	 .0208377704452511	 .238091503281817
 3	 65390	 1E-05	 .0832715052619916	 .0157163281135507
 4	 65422	 1E-05	 .0467312956687604	 .03370826427902
 4	 65476	 1E-05	 .0146990487675063	 .00105806934540154
 4	 65501	 .0272918871007522	 .0729662851060707	 .437628336344691
 4	 65586	 .00140428424461398	 .00366073133085631	 .108655887066651
 4	 65587	 .134010255492349	 .00773443454638868	 .867720494644483
 4	 65601	 .00369445703433143	 .00972684133382771	 .05106768887845
 3	 65804	 .0222095892016104	 .0551474857425754	 .146922723124948
 3	 65871	 1E-05	 .0168878223218883	 .0970814392580642
 4	 65878	 .325464655484937	 .228037553553256	 .322437951838892
 1	 65951	 1E-05	 .00631953937865503	 .999524753511179
 4	 65978	 .00429615722866584	 .00540177674195934	 .0752294010943637
 3	 66223	 .0128969971254846	 .00768360121843383	 .748140901934415
 3	 66481	 .121820973484356	 .0433191182341792	 .876996125791606
 3	 66529	 1E-05	 .172353292126835	 .42183371187615
 4	 66533	 1E-05	 .0142438424308721	 .208223801087394
 4	 66565	 .00254327970767489	 .0023558581293473	 .261668220744455
 4	 66620	 .150072786915776	 .0598204060055885	 .431607896898778
 3	 66669	 1E-05	 .257176793163635	 .509203995522524
 4	 66722	 1E-05	 .0060745533781842	 .0476238513475602
 3	 66808	 1E-05	 .101970652790924	 .027597595048292
 3	 66887	 .0422290185724283	 .0509205762544234	 .773553608267523
 3	 66946	 1E-05	 .187827177988826	 .358668877383623
 4	 67042	 .00390879331890384	 .0228785244152397	 .0213551334614531
 3	 67046	 .0312246793265334	 .017261507128429	 .820943425829016
 3	 67062	 1E-05	 .0160857520234922	 .354495770541491
 4	 67103	 .0109239614384109	 .0100715830249062	 .78124424879375
 1	 67131	 1.00270914876922	 .312817774690116	 .521080948975114
 3	 67177	 1E-05	 .0265099353652683	 .0518950066516786
 3	 67189	 .0110149202324053	 .0143859695354399	 .220725618561768
 3	 67294	 .0740577814520744	 .0421229020211015	 .835553946921826
 3	 67296	 .277448087595626	 .0576112917021328	 .902292925465966
 3	 67395	 .10635551995676	 .0455524380914809	 .716337523853285
 4	 67428	 1E-05	 .00964813081705091	 .73535346272844
 4	 67451	 .00475313901208141	 .00837203177879542	 .396462844315437
 3	 67489	 1E-05	 .00894059691037329	 .275530889531232
 4	 67643	 .00393719786720464	 .0101174191222862	 .516326845233776
 3	 67776	 .329778347345964	 .0289228976432409	 .979819908991435
 3	 67797	 1E-05	 .0101850593419534	 .0309517388381823
 3	 67914	 9.88813072418139E-05	 .00434864657490794	 .000148277972890742
 3	 67996	 .128903540006138	 .0269774100037065	 .723248232333083
 3	 68035	 .268354305806737	 .0170646742903821	 .998725540557494
 3	 68349	 .00793519373654535	 .0039125485143547	 .34746498427496
 4	 68398	 .00309335778881655	 .00251375734130074	 .721674945290265
 3	 68446	 .0232725597381559	 .00693341968824966	 .64967414646548
 3	 68507	 1E-05	 .0127402001039238	 .158234631412722
 3	 68594	 .0446572435335077	 .0447148024437038	 .970069460413849
 3	 68721	 1E-05	 .0119108467345276	 .0415705790657904
 3	 68813	 .00936710537852719	 .0137658471973118	 .0823260986488771
 1	 68817	 1E-05	 .0105194432247312	 1.55530273648896E-06
 3	 68876	 1E-05	 .0197262475556258	 .0511701951246671
 3	 68983	 .0902968210470444	 .0700857466002467	 .771620691172962
 4	 68997	 .005957365044697	 .0335614804778484	 .017179455659815
 3	 69119	 .40385794380799	-.0247767020907894	 .927913180353212
 4	 69124	 .37410778927703	 .0602599492858521	 .992965257795283
 3	 69132	 .017674245796345	 .0120598864045113	 .58413526166479
 4	 69201	 1E-05	 .0316431181386219	 .153760586492122
 3	 69222	 .0211355144189828	 .0653684917017023	 .0590983063511821
 3	 69250	 .105514054819094	 .0137811902005017	 .903182128948102
 4	 69468	 .00468186079314224	 .0126087068114589	 .705904320673207
 3	 69473	 1E-05	 .0822603015225495	 .684593790852629
 4	 69566	 .0670888200623292	 .0268010168980449	 .648829042269321
 3	 69581	 1E-05	 .0247774648225399	 .741212723455749
 3	 69598	 .414873831325929	 .00949361258389286	 .996259634618675
 4	 69693	 .106805100157046	 .0100626926271868	 .981006356836856
 4	 69948	 .0117719244823914	 .00140850416152728	 .660734060332539
 4	 70009	 1E-05	 .0196561316979092	 .169307325761548
 1	 70010	 .839662275127047	 .0237202120261037	 .902086008182096
 4	 70059	 .0450150322366474	 .0110191899003638	 .709384595222125
 4	 70209	 1E-05	 .0139622120094558	 .0575266920167194
 4	 70597	 .0161388325979264	 .00295341565890523	 .695681730059844
 4	 70675	 1E-05	 .0157765997905055	 .393766668416053
 4	 70706	 .000840364259314369	 .0233736683488012	 .000639089011919003
 1	 70965	 .31944860308716	 .112524492336217	 .574287253271959
 4	 71144	 1E-05	 .0138137495290619	 .219397175618403
 4	 71172	 .0522577049944391	 .0223740825652907	 .836405792588643
 4	 71273	 .0120491127764804	 .0242321355954552	 .763534735430474
 4	 71285	 .0262737123056813	 .0136338851464457	 .916846104611101
 1	 71328	 1.87667180880948	-.0371775797213948	 .966204678500983
 3	 71458	 1E-05	 .0357347671254109	 .493128660773457
 1	 71511	 .176305698619651	 .0376838029762864	 .807136822787576
 1	 71747	 .399975711134785	 .000262852195747661	 .96827489260838
 3	 71787	 .0163708354218943	 .0502136072757999	 .0312752441357963
 3	 71900	 .0106827917624591	 .00816933941369415	 .211020263488639
 3	 72092	 .0125031272686428	 .0385656939592143	 .263826783846811
 3	 72102	 .217348987524754	 .0311956612098291	 .983785304986158
 3	 72205	 .104922203864193	 .0735310964489118	 .730989443554991
 3	 72260	 1E-05	 .0268864889113291	 .0193008473603953
 3	 72349	 .230889105679996	 .0334323876530075	 .922928578154702
 3	 72479	 1E-05	 .194449725334084	 .00384414568028624
 3	 72541	 1E-05	 .0255313298657309	 .0340022553969989
 4	 72553	 .0126989833225784	 .0166581317661594	 .136877395247814
 1	 72607	 1E-05	 .0152721431756478	 .910100704027082
 4	 72660	 .00406083137247714	 .00458297009660475	 .469417203903178
 3	 72662	 .342636342617452	-.00837529855509397	 .966639938729956
 3	 72867	 1E-05	 .0541446899932859	 .719400889645901
 4	 72924	 1E-05	 .0877247597715697	 4.47956427310769E-05
 3	 72960	 .00283959616690511	 .00578304095959152	 .0488849402132427
 3	 73033	 .483319093673188	-.040091000724967	 .991463569063062
 1	 73208	 .00312847115807236	 .00950323270745028	 .132707797271591
 3	 73245	 .0295903598891991	 .0365893844271164	 .788140859320752
 3	 73267	 1E-05	 .0185447392109038	 .03365596907142
 1	 73504	 1E-05	 .00736580719513356	 .148169298645975
 3	 73552	 .360312214532101	 .0207985443938453	 .909675840726428
 3	 73682	 3.39997209996878	-.349164537330991	 .946250493597345
 3	 73683	 .777125492388744	 .00543644328538207	 .993355368857725
 4	 73882	 .000934130200498443	 .02505316125419	 .000962471643769169
 3	 73924	 1E-05	 .0162143959683002	 .929313676322839
 3	 73946	 .389698456892884	 .176432560173638	 .435328101962018
 1	 73974	 .728534197507015	-.0108208406030582	 .892150676320334
 4	 74076	 .0190820675280311	 .065609490553869	 .0423020691109723
 4	 74077	 1E-05	 .178515900698943	 .0289067329198512
 3	 74136	 2.75296579581399	-.160343338616329	 .998267832149971
 3	 74213	 .0121502055408118	 .0156890221225714	 .32930620007197
 4	 74276	 .00149834902696225	 .00625629017794755	 .0372654495075979
 4	 74319	 .00610169453001882	 .0215059358505436	 .0691184263000544
 1	 74321	 .00981935714325542	 .00647346539469697	 .189190197222135
 3	 74477	 1E-05	 .0250194262473492	 .879057127513024
 4	 74556	 .0196831655950878	 .0152808584701664	 .267081816310753
 3	 74610	 1E-05	 .017001993449994	 .123425304201272
 3	 74837	 .0407427655508096	 .0242111928310681	 .616360955773934
 3	 74879	 .0365008649999334	 .0109714770663284	 .98064054962691
 1	 75034	 .00737309397080535	 .00930897421418669	 .291051765026481
 3	 75065	 .208939646832286	 .0143132891944019	 .474572187545885
 4	 75136	 .359962471097416	 .0493303938934835	 .521600354399843
 3	 75163	 .171745404295369	 .0155494120760661	 .994621221379006
 3	 75245	 .00523225216622672	 .00844555566339716	 .347839342757775
 3	 75436	 1E-05	 .0256237775678191	 .412414008697381
 4	 75483	 .321971920167877	 .00395364810681728	 .997364776906017
 3	 75485	 1E-05	 .0208988340727177	 .000212485398426221
 3	 75676	 .000410385510719481	 .0103992666650369	 .00218994331553146
 1	 75869	 .00126640705213463	 .00445307921543166	 .0245974852517289
 3	 75913	 1E-05	 .0131145955049236	 .0325875648528475
 4	 75923	 1E-05	 .00658490242508535	 .0863152960905177
 4	 75982	 .139636254330829	 .0137195103275394	 .721666094599274
 3	 76075	 .000560227917814544	 .0227485568262984	 .00616347447392351
 1	 76082	 1E-05	 .0156916211241727	 .475221568361014
 4	 76104	 .0983527443450773	 .00551166172725575	 .988589978551734
 4	 76138	 .173303265380914	 .068438156410236	 .357528396772738
 4	 76250	 .011844364925984	 .00769960040967742	 .358388915730215
 4	 76253	 .304889524079466	 .0354190913341698	 .986455522101629
 3	 76480	 1E-05	 .0251174729887572	 .169393301493963
 3	 76495	 1E-05	 .0628057511118825	 .200000668838118
 4	 76554	 1E-05	 .0295290233640536	 .616379714072633
 4	 76602	 .00216867997649703	 .030195144669445	 .0059350280749374
 3	 76633	 .00478093495119645	 .0290766499496151	 .0948006824007295
 3	 76657	 1E-05	 .00975964808700287	 .0607153956493388
 4	 76757	 1E-05	 .160721806871524	 .343623601024291
 4	 76764	 1E-05	 .034763577207891	 .00696522659494359
 3	 76863	 1E-05	 .0144911682793488	 .0888403341835879
 3	 76902	 1E-05	 .0649760977922162	 .614899096226665
 3	 76927	 .0211880458000896	 .00611726779100517	 .854598740107593
 4	 76957	 1E-05	 .0186082420488255	 .704016320009069
 4	 76995	 .2261714934609	 .0936855419654183	 .643806303477499
 1	 77041	 1.31765482132688	-.081686501881086	 .974604683840917
 4	 77090	 .279079750753013	 .0499318694930468	 .707430890384447
 3	 77170	 .00637109677396931	 .00886063372493802	 .762553349898429
 3	 77185	 .0725681565690156	 .00463902527232531	 .925595258557008
 4	 77195	 .152806590153251	 .0191237203883656	 .969937199427132
 4	 77209	 .00199579904846989	 .0104191276081669	 .00828002036795872
 4	 77284	 .0202086652596418	 .0105206810824751	 .497443948058896
 3	 77313	 1E-05	 .0887313357613025	 .242514984005016
 4	 77438	 .00817821291633091	 .00783716760414391	 .083790023776421
 4	 77511	 .204834989541388	 .123421383463487	 .441991906564925
 4	 77537	 .168269706205316	 .0609862851806908	 .654541722332959
 3	 77585	 .20851280606369	-.0117328431614604	 .983437499227245
 3	 77595	 1E-05	 .0279990285780162	 .000386213115619372
 1	 77637	 .00203877805577718	 .0271577483932365	 .00155712203529079
 4	 77673	 .0672096940474196	 .0992022039490692	 .362665735083548
 3	 77690	 .0116697385270022	 .0129688036632725	 .903299466742712
 3	 77723	 1E-05	 .015630941824096	 .432991694011203
 4	 77759	 .013351937093277	 .0880715563213314	 .00968381148142139
 4	 77862	 .248797266598203	 .156938026138542	 .381346941629536
 4	 77914	 .434373277574411	 .0646436694618478	 .997426610590069
 3	 77944	 .0262619810059001	 .00895818030950192	 .642956767871715
 4	 77996	 .00658878302836655	 .0118110288480466	 .800941092063075
 3	 78022	 .00899675260164695	 .0112403972789703	 .32696407058537
 3	 78054	 .0369344347542577	 .0385491645051183	 .77994508273917
 4	 78085	 .345362611108349	 .0610008719090978	 .656724696377863
 3	 78189	 .0418348414621562	 .000835333097309485	 .80000426575865
 1	 78255	 .0059955669715278	 .00151074810243817	 .590757714298167
 4	 78267	 1E-05	 .147062651649776	 .0701426803527072
 3	 78345	 1E-05	 .021575145686642	 .0230032592730028
 3	 78404	 1E-05	 .0280252012584965	 .00266033748097361
 3	 78484	 1E-05	 .0312129628543921	 .0751465675533535
 3	 78612	 .00298071915661659	 .0124594488854614	 .12637474446097
 4	 78774	 .00392596011111574	 .00193921620253785	 .89230022012286
 4	 78814	 .0513181091599436	 .11967326310487	 .0528625206260166
 4	 78844	 1E-05	 .159447563311338	 .00231309120580891
 3	 78875	 1E-05	 .0247298500300634	 .0417528735708872
 3	 78943	 .150398573757492	 .0348677535074893	 .878318669425117
 4	 79045	 .0231016271251365	 .0828560655769982	 .0426892585234629
 4	 79122	 .0370484141270213	 .0217676788652649	 .963866561162475
 3	 79186	 1E-05	 .0203101483406278	 .307848876314271
 1	 79208	 1E-05	 .00564594153559375	 .0644839807769469
 3	 79230	 .0698657268993193	 .0186232728065423	 .756868512301438
 4	 79247	 .792456577132862	-.00640156130465443	 .939996935253681
 3	 79348	 .012666836046048	 .00595157823192071	 .764815126263776
 3	 79494	 .049293015159735	 .00748747707354944	 .96706534086531
 4	 79499	 .00406032173938954	 .0183658631998179	 .0816333229401025
 3	 79631	 .0264568355239536	 .0104722261916514	 .816614480058217
 3	 79716	 .00309834405054823	 .00599832883951181	 .330906743028241
 4	 79793	 1.70592914450088	-.0251875466425462	 .907531233352906
 3	 79815	 1E-05	 .087436099788029	 .00744620646948724
 3	 79859	 .044799253455983	 .0344262494470574	 .907106668515428
 3	 79969	 .058990648291112	 .0947826644652613	 .912146737880937
 1	 80018	 1E-05	 .267939984718977	 .244866093402513
 4	 80030	 .0241696395154036	 .0063889411334089	 .999260137979891
 3	 80041	 .0113115549760208	 .0166593449506991	 .119641660860849
 4	 80135	 .00549930709374929	 .0273697982227043	 .0863549040776885
 4	 80317	 .683048945955716	 .035152108507968	 .990518726806098
 1	 80320	 .0622968928065248	 .147529678436326	 .0390382034436507
 3	 80381	 1E-05	 .155566700997541	 .0741423123388195
 3	 80383	 .01202736074956	 .0157724674248893	 .527524210096252
 4	 80473	 1E-05	 .102532582752776	 .612129560642233
 1	 80524	 .441837259928212	 .0824192287559132	 .670390048778533
 4	 80560	 .0922219644712999	 .0243533048756266	 .962336764998805
 4	 80610	 1E-05	 .0156532829587487	 .00325325707971547
 1	 80668	 .147976816860914	 .102123985980969	 .564037062444958
 3	 80679	 1E-05	 .0195457313404352	 .0431584267444893
 3	 80685	 1E-05	 .0418296118925786	 .216805547111595
 4	 80767	 1E-05	 .0312350903267591	 .844750921651947
 3	 80811	 .0499531485886983	 .0487102538222546	 .0752805105402892
 4	 80960	 1E-05	 .021001289887284	 .939976022354081
 4	 80990	 .0170415613086973	 .0109497117019674	 .450180001083227
 3	 81005	 .285075320426277	 .121553293369244	 .296074097406133
 1	 81038	 .450398600545555	 .0946375826915142	 .788746077645483
 4	 81087	 .677300105078341	 .0922652466633341	 .801043359134105
 4	 81095	 1E-05	 .0305769955725984	 .512444606950652
 4	 81116	 1E-05	 .0171141374590771	 .406684759551355
 3	 81138	 1E-05	 .0193826503865462	 .072176820805075
 4	 81303	 .00575776182024056	 .0135389472214226	 .196985666493815
 4	 81425	 .00387930313114852	 .0222565556663813	 .0348695915576166
 1	 81456	 1.44864460305519	 .17458607654581	 .763895636390916
 4	 81490	 .011261250962794	 .0153209861817321	 .778124793255963
 1	 81564	 .00225794077751549	 .001581045900728	 .220032513863302
 1	 81616	 .853158262890993	 .039435400290766	 .949525967917181
 1	 81687	 .0524718746558012	 .0181130913572521	 .879437102345731
 3	 81709	 .0693641568933784	-.00138216065159192	 .675482510291114
 3	 81724	 1E-05	 .142305577623607	 .0367370788466891
 1	 81845	 1E-05	 .318944409140681	 .540167313549309
 3	 82077	 .389822132287595	 .00737265165374578	 .967940206867446
 4	 82137	 .359564583000386	 .0469311734324515	 .925078144923279
 3	 82160	 .0274007100250152	 .00977761294099767	 .973164723930559
 4	 82240	 .146617335331022	 .00910063224547349	 .956805548008894
 4	 82311	 .386134442032768	-.011405574726659	 .995401324169637
 3	 82480	 1E-05	 .00528097553295625	 2.38744434067906E-05
 4	 82540	 1E-05	 .00165647728005788	 .0577463727141664
 3	 82597	 1E-05	 .0381377852314988	 .806916096445243
 4	 82871	 1E-05	 .00312948893923459	 .000801426526316429
 3	 82875	 .018164369186048	 .0235518123058665	 .512169016451019
 4	 83059	 1E-05	 .0231972693139064	 .0072581746625151
 4	 83253	 1E-05	 .0646427195151102	 .325710414400311
 4	 83255	 .163739769653196	 .0737979442873586	 .995783782020602
 4	 83393	 1E-05	 .02854907862344	 .267722083756037
 1	 83438	 .00404646050361098	 .00745270837501435	 .698352312129587
 3	 83624	 .201602661199724	 .0330113437202126	 .982518381159165
 4	 83734	 .055336937856616	 .0352235003261069	 .803009007573905
 4	 83746	 .036210006373681	 .00805545500956125	 .986895844617037
 3	 83837	 .0174542490462967	 .0392821531998748	 .0118926680329083
 4	 83850	 .00306658119548185	 .00363307927280704	 .714232318179851
 4	 83851	 1E-05	 .00369264133240744	 .148917637965169
 4	 83903	 1E-05	 .0982961655099196	 .507042373708517
 3	 84038	 1E-05	 .259445685189014	 .43031652991493
 3	 84090	 1E-05	 .150620378695248	 .654392141271657
 4	 84106	 .0151348002951472	 .0384130239960479	 .160844226261595
 3	 84183	 1E-05	 .0348736163334392	 .215607108017926
 3	 84293	 .460897074484153	-.0317715115330429	 .979795669483438
 3	 84351	 1E-05	 .0283380904659515	 .116538747758243
 4	 84380	 .000919206565972984	 .00474776591998134	 .667227487383491
 3	 84393	 1E-05	 .015572685975034	 .111052285184128
 4	 84418	 .676332612296674	-.0372547507818676	 .997593218937986
 4	 84450	 1E-05	 .0330732691187156	 .0129401566341136
 4	 84454	 1E-05	 .0296381702860609	 .226180129589989
 3	 84516	 .0199594344052459	 .0096325825402862	 .961972453651448
 1	 84542	 .00175623728696863	 .00103017797205581	 .808310458796145
 3	 84617	 .0277005974959378	 .00607954612456669	 .662693483554026
 3	 84649	 1.2518078818177	-.0869357638480057	 .9991500366198
