"frame","x [nm]","y [nm]","z [nm]","sigma1 [nm]","sigma2 [nm]","intensity [photon]","offset [photon]","bkgstd [photon]","chi2","uncertainty [nm]","detections"
1.0,36131.72370579138,40891.128179477986,-232.17103948673227,342.21649442706155,186.50017615947476,415.4386707292642,9.811820148604113,9.483579652867242,33954.86516938536,46.234208914252946,1.0
1.0,37753.00756078061,41930.53029053639,-460.6509628392612,493.37272310271766,184.97968549911835,704.2109671978097,10.223907484202005,5.771860867594412,21381.65795296432,27.268559195964016,1.0
1.0,37729.54873847484,41931.28890672498,-476.51019400602144,505.6918663508163,186.35072475536478,717.7581070373417,10.047264690307747,5.750258219423483,20922.925387367042,27.493112352997684,1.0
1.0,39600.131211266314,43516.494846148344,-118.11295777977327,285.18006318669734,202.146528509194,479.1790481949411,7.544908305944047,4.136965744754364,13397.886586333108,21.41501533278069,1.0
1.0,35198.60652886352,40387.3429889061,-198.18957656788427,324.6956401752197,190.7350707842057,1599.089799386431,7.188843769401011,11.725758596733868,NaN,16.007379414930618,2.0
2.0,35155.73477177526,40320.018976521176,-185.53159001093616,317.41116090294304,191.69996008174905,758.7376875506079,7.226095194506283,6.401540617043391,18677.548811066692,19.751745892775478,1.0
2.0,37709.168571817216,41940.6146833933,-269.9710009082398,363.8254735946608,183.50213449557532,661.5218361138243,9.357327061759936,5.1644325178252,18130.93604719808,20.952851779256722,1.0
3.0,37748.50110216239,41912.27927678211,-198.58140530807464,324.1450659620287,190.0780209277647,570.6841743954221,8.609927859178775,4.728699937504356,18191.377007933388,21.076378678358065,1.0
4.0,35269.664333490684,40421.93357502583,-216.7185139225965,333.7707951546408,188.03932800470207,655.1996907655407,5.950423462300435,3.4835372333219516,8338.008714816197,17.058886993945325,1.0
4.0,37919.696478958744,41949.2309494141,-301.6018544965354,382.9432788795803,181.8302300123964,239.83544668540054,6.7226973263104215,3.320757824057733,12147.250482435136,37.278962451641256,1.0
5.0,37847.68919343232,41901.247672032965,-328.57853137834076,399.993549871929,181.00678368280896,256.81652846391415,6.372094137788381,3.1415883516563037,10225.848418674204,35.320505678177305,1.0
5.0,35232.507468557065,40430.64683743191,-157.4228687394982,303.76887423411034,195.89037279606075,3831.458203176971,6.0248379877209,21.669371014091215,NaN,11.35979629519898,6.0
6.0,36652.909952957,41225.028854221244,-540.3365708152863,557.6690558153106,193.80658551962912,299.20922868876715,6.847851875334953,3.8528292510397972,11545.907288486014,48.94205477709536,1.0
8.0,37866.31638699251,41934.0224101997,-328.53314709290106,399.9642890011993,181.00770326913394,260.22546637195626,6.196664251404511,2.5227372396049472,7484.210694392879,31.450864514301667,1.0
11.0,35205.73069674342,40414.5216674077,-174.1221189767151,311.71638921849774,193.2737475584639,4468.141786612228,6.07406752449041,22.428831475137827,NaN,10.301529127611984,6.0
13.0,37994.7794832488,42119.83127214095,-379.5116435850442,434.05620850078134,180.9641588694838,215.44109446097264,5.964333872846068,2.50251187507674,8035.30259897146,38.157781114340466,1.0
14.0,38459.554922171585,42670.07881213149,-72.56411918966968,265.83049510749066,211.16506110013307,231.27218387322603,5.391313058427662,2.107056762414122,6107.110600378851,26.84733670628833,1.0
17.0,35200.51230972645,40398.33399491463,-157.76621235777148,303.82146601893106,195.74702018896346,1928.5013004646144,5.512946879556758,10.134633481312875,NaN,12.120085891564488,3.0
20.0,35151.84889608696,40406.56828838206,-161.52866018927708,306.0743142758606,195.53102523708307,1708.5991985705555,4.884081390245413,9.298091848016021,NaN,12.753335721230451,3.0
22.0,36800.205689573966,41222.81441430121,-350.7149152800424,414.4971882511718,180.7453560253662,219.2617938195799,5.856570138965791,2.3326114584373685,6481.521504551269,35.22033979946069,1.0
23.0,36420.74512702998,41189.55978891667,-356.1282635731754,418.1143032061952,180.7382534648522,243.5951626015367,5.564347859133549,3.2983718171131824,9995.357126885636,39.11986938357154,1.0
23.0,35210.84987310144,40419.058730811295,-185.71396200631887,318.0516378142987,192.11884534449374,5994.991076266056,5.111791735628285,31.22671109194929,NaN,10.385534353675638,9.0
24.0,35246.39983054051,40402.40555297658,-210.67916825453096,330.53114324776044,188.69033726300847,534.9425040247545,5.247393430394526,2.505840694184273,6511.020650193513,17.637817612093713,1.0
33.0,35185.09649185994,40376.723437560126,-145.5943401501253,297.8007067781798,197.4700535824372,723.0709374584451,4.979565580105618,3.5489942710590654,8977.083270034911,15.415394673943393,1.0
34.0,35113.42815006354,40320.74984160699,-125.75018495074043,288.67339285117515,200.83558288807967,3683.995251440087,5.530684737216384,22.731533585339516,NaN,11.921748630274188,5.0
35.0,35143.14275199109,40313.10023455213,-191.41412205905175,320.4267582512052,190.95276453505136,723.8658858042263,5.458004174560644,4.128862417852306,9429.683134183644,16.64661850151148,1.0
37.0,35155.51702850637,40351.77687506148,-106.37278244398695,280.0055782820631,204.3198016917031,702.2996075744021,6.140977354668238,4.873633095660324,14012.926405511538,17.374396550512134,1.0
41.0,35189.82090857801,40414.536926305984,-165.5892968846334,307.7317129359411,194.67240224143157,7271.608558610003,4.433172144314239,39.796163976073814,NaN,10.449950951525773,14.0
48.0,35135.012710361436,40412.15071772255,-206.48882780816805,328.303554206484,189.15836764401192,694.8398661551528,4.3847757001580945,3.380311624423811,5600.464702186744,16.14643152702442,1.0
53.0,35155.07591278448,40413.894636608056,-149.218091565833,299.5180375293283,196.8963548944513,418.41605961032167,4.441685870443138,3.300023806287903,6597.52670418089,21.76376063365545,1.0
57.0,35218.911231921236,40416.758034838844,-184.1681924764352,317.2503605720745,192.30802758602456,4521.747979994007,4.546619429558634,23.472819362045218,NaN,10.664675695002824,8.0
65.0,35204.75122289107,40428.75283056503,-180.9989499495142,315.5885560628489,192.68057041941606,2750.7906276248914,4.24054765726658,14.25047439632443,NaN,11.418809642496921,5.0
70.0,35181.469712836806,40425.571189362265,-191.27934882059972,320.43938981285277,191.0359267457276,3176.660333172532,4.28653026669997,16.196397923361793,NaN,11.092100671259365,5.0
72.0,35212.200973193874,40427.678664915635,-166.98533771043685,308.11730683137864,194.22833275489248,509.1271186516208,4.413134464509148,2.9802920627413543,6782.641280553989,18.583735332505604,1.0
120.0,39076.610346497626,43338.28571758741,-381.808834757969,435.65016228694947,181.00883122685758,231.17950829567772,4.052486795268406,1.5031062455880086,3636.1508047773887,30.310003605850312,1.0
130.0,36273.74025875993,40969.31447113838,-280.33586777179875,369.98610875899396,182.87029056083193,211.32969012113335,5.062228564498267,1.7847865354776522,4618.885863805272,30.536803587184966,1.0
132.0,36023.49659672649,40824.71610155524,-238.13550288113538,345.5366492768202,185.95476022195393,228.61735635578006,4.525467095079776,1.619332727382555,4068.159758714744,27.400809255636705,1.0
133.0,35919.61032763488,40626.69416558625,-193.02961779141685,321.2606307864074,190.75218094324242,225.3749863028239,4.598096276556494,1.9987367281506279,5410.422310890879,28.43398173204154,1.0
134.0,36388.83446391489,40950.29013493215,-261.560946076624,358.9011829516561,184.0749798086255,206.43053800250584,4.619438713544616,1.631078394440843,4546.041342984136,29.76697150068929,1.0
136.0,36464.19690286316,41200.3811960732,-112.02147729288316,282.4790178071499,203.26103654893188,199.93390396578013,4.729244975698082,1.9558633431446586,5874.074966160863,29.286713975726812,1.0
138.0,37621.68738709885,41946.36919465812,-385.1407529079801,437.9709262983696,181.08077228136705,219.86900716405725,4.443071127821052,1.99584388339742,5537.094515570459,34.32134003694618,1.0
139.0,38268.44807793597,42573.49828540983,-313.4596281568111,390.3533064409461,181.39996555786155,230.10113408826092,4.182397005557657,2.051164681207402,6259.175132114157,31.120930793123502,1.0
190.0,37311.11635433329,41722.9180536872,-261.01125958814316,358.58165039682575,184.1142980279424,189.17600821099245,4.125940425683343,1.6599283344547793,4493.942099403509,31.611525912893743,1.0
190.0,37308.52762211247,41722.238475821556,-241.58268320480025,347.4708405361531,185.65189800694378,185.24303906336374,4.193683457401257,1.6731747107947372,4358.7382196777535,31.645341128199764,1.0
221.0,36269.13600999809,38686.93070088512,-29.212512313752782,249.2315028575852,221.21710527160374,193.23891112827212,4.040108595263728,1.5083986255900248,4191.658763877084,27.247751222118943,1.0
222.0,35911.909218322406,38754.24288252437,53.30958813996731,222.5321327935833,244.30980996162072,466.67043308052416,4.608649729310811,1.9986888625792607,4456.694099268694,16.876612675609103,1.0
276.0,36112.660454066034,40916.998827429794,-378.3305829120905,433.2386419905569,180.94275672031873,244.50624896471365,4.391461539154826,1.6298092566944486,4152.342550866616,29.76355283932931,1.0
280.0,37296.102557231694,41644.20830824127,-212.1236700383462,331.30287963339737,188.53209854751304,196.23882551434338,4.875182901842235,2.7182535096557654,7595.570740770731,35.949931448835414,1.0
280.0,38319.758617897736,42412.45096955362,-51.45421835386687,257.5262973109546,215.88095541837754,144.82085044566463,5.446168106052324,2.732042675222152,7943.5414338321925,41.59373381281431,1.0
282.0,37209.366839406735,41739.180112170674,-146.3476756797498,298.1567001754139,197.3499643595496,149.12783843280894,4.611474888279404,1.5480490765780528,3847.1948536130312,33.55817738495235,1.0
297.0,37844.124694246784,41883.24191555943,-197.07635902337836,323.3602463684156,190.2584596529488,203.58796524561848,3.8239574685730084,1.4643429656502294,3625.704823170497,28.011590407595225,1.0
304.0,36070.07490683509,40567.750592586635,-272.62197795436913,365.39151055371644,183.3327382959881,263.71883999363536,4.015183682506448,1.5326133755503313,3913.841763739062,25.446659775468408,1.0
306.0,37693.514875580644,42105.20432494259,-48.021505876721754,256.2156625861457,216.6799166048379,128.58304371865373,3.7824966175185537,1.3268567904268147,3737.404895196152,34.12550841831483,1.0
308.0,37746.02299032307,42046.569198367884,185.54207401180435,194.4123972055391,293.1633102019923,250.67621362973628,3.70899023380735,2.5673410557021143,NaN,27.51916475238856,2.0
318.0,37875.715540014135,42241.54359853015,67.48133244639288,218.59309114003517,248.79774300989337,140.3384240391989,3.734511896043898,1.49594537870718,3941.65870593848,32.882942331683815,1.0
321.0,37842.07946659069,42385.78042464746,-126.67276546943089,289.0347310003005,200.62819924467922,139.98831138308762,3.7079912615291755,1.4446705059767846,3666.334424407614,33.966093298152394,1.0
322.0,37846.133647831026,42330.93795652804,-10.99232244828263,242.87450909054067,225.94241680882774,459.9483708855788,3.8944391093534496,4.214781868099408,NaN,21.476828644760438,3.0
334.0,35027.700170700475,41373.30469223081,184.86329080172567,193.2477345365576,291.85465048521644,117.91530319294019,3.6350250815637604,1.2375280152856478,2914.9130209879163,35.75522269865118,1.0
335.0,35092.53421232047,41397.68833653387,103.46074804660482,209.4433880442605,260.87933763255,103.1815878030969,3.614570460647705,1.3079185889419556,3666.4188255835616,38.6653978587125,1.0
337.0,36364.9519185705,41187.52393643319,-681.7124314069363,686.4775634775768,221.37586472354388,295.39872288746636,4.585533328084095,1.976538810062613,5146.926139748709,43.88460724980223,1.0
337.0,38090.278911511035,42163.81476712637,-126.50999881394907,288.9607891966292,200.65654981200893,305.62771484611085,5.1292369432889675,2.4552839539428724,5618.146840432215,23.955974862623243,1.0
338.0,38008.97280705742,42179.92622362521,-97.16482050639401,276.0381155320238,206.09782675594113,399.2462212916041,4.639695423204504,2.2890873264345135,5575.61314224185,19.5587068052073,1.0
344.0,37452.60879934254,42012.13828371232,-316.9262502942045,392.54467745991286,181.2944205137936,183.0049007107166,4.113403609034097,1.6423711261107885,4653.5776108675755,33.78855708410101,1.0
347.0,38169.07543344219,42380.071124663744,-257.29527660638274,356.429024754803,184.38613658715528,191.52439208762993,4.64437757220899,2.1835836020166397,6143.806635088333,34.373850525743315,1.0
347.0,38170.71763350539,42381.1143526622,-275.6639574098977,367.1966935608461,183.14495618844984,197.92656938738392,4.490389408128915,2.2231686631429737,6635.443789018149,34.38433626763424,1.0
368.0,37755.471208845054,42169.28205647727,-172.03944990793937,310.61785924439687,193.51333188829418,248.75169598646931,4.265624016985879,1.7785494391778942,4412.443087434137,25.53099414811968,1.0
375.0,34973.53692715936,39842.25634909067,-309.29674452197196,387.73677996142845,181.53881145514794,246.46307128142416,3.8230273534806822,1.5471557338738617,4215.922980534283,27.3659447474859,1.0
388.0,35069.17097069562,41414.71004762648,177.83454336412,194.39967548343486,288.9808745272005,94.81964939574601,3.487031555388049,1.2574643506742837,3376.97669867357,41.08158990931993,1.0
422.0,39047.656670175624,43092.41046586566,-221.72877393843265,336.4845236919519,187.5203441358753,173.59559156203298,4.60139525354762,2.016992203582437,6060.323923207504,34.683551202432064,1.0
423.0,38094.37243728996,42369.13794823671,-174.2357665661446,311.7120084889168,193.20868880256995,235.1791516075559,4.175266762454018,2.208554019042389,7141.539566204858,28.23934662166433,1.0
434.0,38105.90967855804,42129.118003288364,-162.1389664645075,305.7421590069163,194.9322279942393,151.3247414347763,4.30144520539284,1.6013678295488034,4238.11549859555,33.84805283238813,1.0
435.0,38045.76884341613,42091.36689407186,-258.83714146444333,357.3206285219465,184.27206584273094,387.645461373607,4.282681312845391,2.423276803243951,5739.3479995773605,22.17248448267144,1.0
436.0,38101.55082555436,42072.431779159495,-282.29056321296594,371.1592884680242,182.76030807023275,374.49656749401606,3.824089517449066,1.7004118977073472,4047.657334334603,21.220395127050864,1.0
437.0,38069.493298293375,42053.713498170226,-160.64170343107773,305.01284693781713,195.15331227912696,335.13684875448297,4.055864041109703,1.7184617346428495,4597.1867891205075,21.037224143349658,1.0
438.0,38031.59710311843,42080.4617303564,-231.13885472603636,343.1663408350397,187.82653035400153,815.1993421395789,3.9792777334821947,3.451314419063273,NaN,15.004293813497243,2.0
440.0,38054.44652266159,42048.976056906926,-332.1039526584565,402.2724505512661,180.94014770511077,377.50383809843083,4.047449105939627,1.843932465977792,3852.0330551734764,22.376832500650153,1.0
441.0,37982.10732834649,42073.14143799384,-238.08602284082392,345.5089679140106,185.9591733644006,229.4994407690594,3.870256891356965,1.5236442339927523,4269.300766279907,26.96155585965043,1.0
442.0,38871.788532648396,43190.37772895813,-211.9827090783336,331.2274834986941,188.54747017352312,150.0422746325585,4.051495128738863,1.4975586415949416,4260.580007814772,34.38969463999114,1.0
444.0,39106.1675188552,43238.88437890807,-316.1825036941758,392.0735748078959,181.31629300499577,333.43378489805536,4.277584489571519,1.4805298792808668,3437.60767010524,22.789350853559977,1.0
445.0,39078.57389139462,43289.95816440266,-584.7224401683821,596.079498934681,200.8217264671436,300.65671981319906,4.366168831291055,1.9742193507751717,5352.795519500679,36.543654248399065,1.0
446.0,38204.04648160679,42545.88076159902,-229.56117814363836,340.774250481511,186.74736005040077,221.82761250859514,4.520879812965834,2.1053373108327995,6954.015938428925,29.971631724008773,1.0
447.0,38184.86167188825,42603.83375485217,-453.395430548175,487.8158424570193,184.41634655370657,216.62467879781983,4.403756805727912,2.229633155034215,6952.610210601154,39.733135299755006,1.0
448.0,39175.012951746925,43357.67161524731,-368.5790174448965,426.53857586245374,180.80667116647342,307.80224580766185,4.6895778459496285,1.7773378129947452,4883.5799908473855,26.06666976077484,1.0
449.0,39460.540389014765,43469.61887557268,-226.32802504653623,338.99647463769537,187.0607753873654,244.38270143969052,4.220544956318282,1.7864826857299678,5285.719632557779,26.713899642122605,1.0
450.0,39313.7762620172,43482.35200392625,-646.8840011345319,652.9954436445236,213.17004821745707,321.042761443852,4.098608609362202,1.8135575293363009,4890.154830359789,37.49936214970087,1.0
451.0,38397.49956555892,42805.50530017172,-299.780980064211,381.8171421887738,181.90579207317535,197.36760179087986,4.500025995480528,2.279045963549647,6196.885396464363,35.623104923698804,1.0
451.0,38395.793385964054,42801.402701083316,-248.6532222495991,351.4731396016949,185.0590320241127,191.91986311528797,4.5202969870893766,2.2753821523022526,6249.721902903434,34.664563442303155,1.0
453.0,39297.74776634957,43364.8738844397,-447.82186444575626,483.5808636715814,184.01084647666485,248.34279213885836,4.674794983818455,1.7061740873756377,4052.576438099369,32.36766183142992,1.0
454.0,39279.90438827417,43517.29789630774,-443.10244462000776,480.0177975980925,183.68599930926374,279.25342424975935,4.3066348866235495,1.9151399063830323,4984.377374966736,30.89489998023939,1.0
455.0,38889.84401613207,43192.89565420725,-325.6244213349388,398.0929810588534,181.06991475128,274.96428381138963,4.778642663479703,2.11154766027739,5309.501880712163,28.222915403460288,1.0
456.0,38579.47693788395,42920.26881420978,-307.26984146885985,386.46871190824316,181.61119604280967,259.2482486410056,4.512041292336258,1.5384111256173856,3838.5446411649373,26.45683657877397,1.0
463.0,39617.702389043,43670.21768002628,-52.748892247706124,258.02349908417716,215.58195325186466,181.72598272100794,4.505400872503655,1.453052626228902,4040.2428073990195,28.20681371118585,1.0
464.0,39491.8835978993,43614.843880978355,-138.713482904378,294.57388290990207,198.58694755260115,180.5660205624404,3.7492311906500237,1.300342795488684,3389.9615162063055,28.53034008267193,1.0
468.0,38944.12795085779,42969.668909514476,-268.0388833625403,362.68827058356476,183.628970132201,144.64073355279842,4.241471395883658,1.698926123510918,4555.436932513385,38.2586590517437,1.0
501.0,37880.613470637356,42271.037864466474,-479.25714760266897,507.84974543961704,186.6076759787847,193.6581433050766,4.223296222217197,1.5598310769966686,4009.618272363431,38.62770715134965,1.0
503.0,35113.53898633529,41433.76883346499,137.78504714310185,201.85238948815072,273.32467844615513,122.80697042888858,3.7241882170317484,1.3599280288321667,3665.8572960770052,35.201756423864374,1.0
504.0,35097.58331831257,41469.32264118845,218.0111896844579,188.44306516583057,305.91498227007725,117.046832094049,3.8080289404041863,1.1650334972479623,2810.385908712924,35.90041688760483,1.0
506.0,38148.95495008598,42538.07276003374,-232.1295412327918,342.1935116880183,186.5040659082241,161.4875492629919,4.403871825417089,1.4913646863923493,3664.6677022517365,33.22761775300342,1.0
514.0,35044.2104033164,41432.24895760863,60.8156036888795,220.42224208694282,246.6677631555353,101.80559810641589,3.676836270024784,1.3749907098588428,3708.444799603426,39.440580213088396,1.0
514.0,37995.94660360729,42134.814244768844,-97.12242309893476,276.64804997820073,206.61369862912173,480.1355468707028,4.239901211919293,3.53075682205971,NaN,19.875273770567244,2.0
515.0,35086.99238000321,41438.63721442552,135.89770309873725,202.2409200875845,272.61703549266304,102.64471986254723,3.4724902646420475,1.3694697082735074,4049.282378735153,39.53593101566659,1.0
518.0,35117.9373479575,41467.13038556616,154.3526863001472,198.58592353847172,279.6530762278546,108.80441554728226,3.7040534378830854,1.5433696521191236,4456.8041851432445,39.706344221745375,1.0
519.0,35938.686191994486,40923.988772577555,-342.63695171016343,409.1510046669622,180.79748236515843,258.1264181047807,5.0899713583098825,2.4766248121309817,7503.473911660336,31.867921719267564,1.0
520.0,35494.22650363442,40349.91316657432,-297.8532163236872,380.62830614261406,181.98854344338793,231.88437365632188,4.483724081604752,1.9293419125473368,5433.9049995181385,29.890902898503594,1.0
521.0,37400.38688881927,41819.59970855797,-86.69637300375318,271.6246649005815,208.1977363220594,220.83588231744682,4.524525030428883,1.883050414625458,5409.473432916814,26.889637773967735,1.0
522.0,35491.45791354859,40437.081982022595,-178.02297285877455,313.60938330167374,192.69201411351474,177.17739000109296,4.553776672883876,1.8741697066022214,5197.451823779376,32.35884049444105,1.0
524.0,35097.5030891022,41473.086904809265,78.71936490050857,215.60411697614356,252.4654339883533,106.95895992954328,3.488849446864031,1.2463542796130531,3838.948011310248,37.23433205814889,1.0
525.0,35124.44067579318,41495.63780828824,109.56838096223865,208.01139516609035,263.02818068396624,120.54375331609107,3.5850129424667565,1.2649686047696704,3346.6205260266993,34.80394910744693,1.0
526.0,35051.9273816756,41547.27631935784,145.88621487947367,200.222828278848,276.39297363541317,116.87863429449814,3.5129339897503047,1.5213481183874358,4534.983539079107,37.60049571898666,1.0
527.0,35092.74601375469,41477.00775320201,161.53862950310202,197.2496293896825,282.4629576196973,128.47365349356988,3.714085328735547,1.3687113482160902,3969.997124344001,34.48398479351403,1.0
528.0,35047.269325362984,41485.732879027586,62.12307126561664,220.06015502651664,247.0828843328317,93.95193145308224,3.8140228597773143,1.4713132387603451,3860.6458568646967,42.503930317842055,1.0
529.0,35123.431925509496,41482.679313203465,33.86255103341423,228.24570761745733,238.40041269938905,104.01030779023935,3.3493875684328356,1.2500613615507428,3722.644206239596,37.91234548340058,1.0
530.0,35097.26802240889,41510.946259404525,154.78995463118522,198.50321794968258,279.822934481591,113.89703476560072,3.6294094902864185,1.400019184389399,3719.9796597274512,37.382314029084505,1.0
531.0,35083.645555384515,41551.59769958368,107.70864653395947,208.44370279117294,262.3708616971538,104.36786160653575,3.6511098761029386,1.3555469697782998,3980.8222258947985,38.79465852887253,1.0
533.0,35101.24056680179,41473.67916313562,146.5921254400713,200.39071994615148,276.9107718167081,214.24149044793828,3.7581775292965975,2.627043515345709,NaN,30.451989200521194,2.0
552.0,37082.33231795684,41432.48453138762,-18.645835793932022,245.4542389715828,223.88432479122986,373.9810376877133,4.147612169673876,1.8847427163088517,4352.215907623916,19.139551858156157,1.0
553.0,37116.2456457062,41384.24576898246,-3.715231295428971,240.29650156342623,227.79814009185927,350.36832846593654,4.116161714179083,2.0491352078125487,5515.529672939218,20.186936773063337,1.0
554.0,37162.1531998205,41437.78450918702,93.80928935683882,211.7779798758976,257.54163049512925,261.208622081379,4.4885944350768,2.770975530502313,7964.886050880372,26.733402067922473,1.0
555.0,37957.411644293985,41959.91270523713,-289.7516359663319,376.4625482733161,183.0074211073141,701.3066843173247,3.956078068060146,3.5927872700823054,NaN,17.52209665357993,2.0
557.0,37883.00384134464,41950.23963169225,-245.38709998662335,349.6184828716985,185.3281621634115,439.2667588271574,3.811857240021425,1.9243239465071558,4873.24840422463,19.230383981060903,1.0
559.0,36297.5122035475,41307.013853183045,-526.7735638176247,546.3025470362394,191.9624564360095,226.13847079486354,4.17503643926294,1.7870806711544522,4668.75802163046,39.09699066188339,1.0
575.0,37947.99531679916,42028.045583444444,-151.14941121346385,300.86594220009306,196.94023083907217,446.5886224976372,4.044314024563928,2.9611893329032197,NaN,20.086936565019784,2.0
576.0,37952.25105010488,42080.82202409139,-169.17647111924856,309.19842543277906,193.91596462407918,452.31428997074283,4.85079488686071,2.4614928380341907,6590.630611829095,19.02670555744764,1.0
578.0,37927.82825022145,42001.942973792335,-188.09306443738606,318.7202537492531,191.37136168477326,363.2470432635631,4.02077341680855,1.9858827150193448,4498.183273605244,20.930955619313316,1.0
579.0,37956.73752080994,42024.90621885795,-193.05939150004158,322.1153102663714,191.42677795924695,1963.9450576271697,4.298461037383079,11.489049417688417,NaN,13.261643471098406,6.0
589.0,38007.00339903108,42021.13749015363,-260.14741755835104,358.1140740201791,184.2040290163357,352.39310520765616,3.981552831538088,2.8907696881316784,NaN,25.159310855925938,2.0
605.0,38545.956496583014,43216.346319794226,-453.7394232686545,488.0781792319174,184.44214911616064,328.20715261017887,4.070668700217903,1.5790762750466747,3913.8181706733058,26.781110056809116,1.0
609.0,38560.875676499716,43218.51262602212,-438.7138355876678,476.72333377093554,183.39915367230648,326.30038493646913,4.471891339309818,1.695329332910052,4100.873790603754,26.846141665754313,1.0
610.0,38677.563414907214,43267.20724393766,-459.3773319765453,492.5268217431999,184.98549345302916,610.4051541298936,4.03557555908597,3.316226698024088,NaN,22.651813738422778,2.0
614.0,36578.52290905365,41498.186532396016,-483.3050744987851,511.19936181764774,187.12350769958223,408.24607614478,4.537140226610379,3.129120244456666,NaN,30.60459612434571,2.0
616.0,36641.46525653329,41498.599235237336,-510.8991348306308,533.2192815134679,189.98211439565287,201.72209651923052,4.616124750166452,1.5208870798357115,4002.4005111725737,38.95944496101342,1.0
618.0,36584.19968948576,41435.597298592686,-521.5412767459685,541.9639859588185,191.28850841681216,177.5918764066215,4.187130913817842,1.6157018847120153,4187.979061228501,44.11191015344356,1.0
627.0,37971.90337056147,42015.27630055156,-202.84562313214232,327.0388560425246,190.10839399754173,640.6290175992804,3.880246727155146,3.833528635904825,NaN,17.800894124667845,2.0
628.0,37938.37994065242,42033.53911986265,-152.1643697217864,300.92343416329453,196.43728725389778,347.82455400536406,4.00311344907211,1.7055793618552775,4467.491232555719,20.472423353225263,1.0
660.0,35226.60383432471,40256.997977297346,-354.219033616462,416.83543105615144,180.73820917549116,199.0700696115002,3.9030901074150544,1.3546565775595119,3469.17704933005,31.544327084189707,1.0
661.0,35188.75171703544,40132.44956060673,-337.55802869311816,405.8211629806673,180.8557189911579,289.2488863151243,4.5383019228752755,1.5721889431607385,4100.76165119059,25.547987178523773,1.0
662.0,35466.486504542416,40314.705537877075,-280.9805111494624,370.37261612278803,182.83369738676814,191.23365161781948,4.29722687253561,1.5286887592952592,4114.567947865336,31.189795464608462,1.0
663.0,35501.65098362313,40372.37468966806,-348.39170542285683,412.9533303091447,180.75525303612005,202.55415945247088,4.5033171612461,2.0625644686552276,6143.33853016238,35.293114681225894,1.0
664.0,36433.45635733543,41033.487817040696,-441.76084677045145,479.0087525045718,183.5967529143725,301.86020262980264,4.34884669122095,1.8815523175884141,5485.781911600894,29.138163385549728,1.0
665.0,36332.9688657247,40885.68051617422,-525.6108010723165,545.3361644692033,191.8108829653024,234.95224863315335,4.531825445456275,1.5619206597819102,3840.2889795606816,36.28198755561833,1.0
668.0,36562.864832952815,41122.32978655077,-186.67997189116477,317.9972993353813,191.55202171310984,253.8047886702027,4.529564901029388,1.7041674609655921,4013.7639489236703,25.167003387949205,1.0
669.0,37754.57671282928,42318.83187122197,-193.9818358888447,321.7532912834279,190.63488307325227,156.87039376133535,4.499903445313241,1.8770830703188968,5685.098316234745,35.504222507782195,1.0
670.0,37262.20624349928,41774.77565463242,-233.332615691346,342.8604623997421,186.3918308381916,196.11777446556485,4.4961386022267735,2.0700444809296528,6776.220625587937,32.484084835040235,1.0
670.0,37284.99438500111,41778.475567226546,-280.14648478913165,369.8726353092854,182.8811010706594,200.1386561121118,4.503673259794764,2.082515784514864,7048.281915719043,33.375627930247745,1.0
679.0,37568.14755867454,41962.15249434348,-51.84881238764681,257.7980351598825,215.8869645703512,956.6058326511823,3.877452854839533,5.034815453065619,NaN,13.880089275871303,3.0
696.0,36358.45114442377,41099.176241324574,-360.9632992161438,421.36836237390213,180.7507911854386,250.80630107748604,3.861673239870621,1.7364586621818932,4810.848294839442,29.258340396316004,1.0
697.0,36592.34197265683,41108.009937361756,-208.11274473506242,329.16486494423174,188.97539991506045,199.27710685523255,4.416522236942719,1.7541079267827528,4641.578588897517,29.903283867661997,1.0
698.0,36300.707431778326,41054.126696530475,16.042679657563983,233.7943410028815,233.23851634202785,140.85414714648957,4.446773083466055,1.9085617211551418,5418.830675746907,35.507851793866244,1.0
733.0,37286.69064493887,41347.47686075799,-393.3172241068262,443.710409949987,181.29317044100554,191.413434006033,3.7743759314535352,1.2135735983397045,2908.667031311428,32.814534418162104,1.0
734.0,37206.912675127234,41323.33491679368,-384.2766878892509,437.36807805175556,181.0613032912244,261.5931504528759,4.158400641848229,1.7074597615811218,4048.6355978460324,29.058545205492532,1.0
735.0,37241.82932797751,41341.08471736481,-406.3440384374289,453.1830762473353,181.89702644062817,446.60063196888245,3.933723416837986,3.1938237649075933,NaN,25.948183888340775,2.0
736.0,37148.53437199859,41402.42553336195,-488.1430167370381,514.8788097456609,187.4782522537531,213.85335361395732,4.005237263545421,1.358448236436775,2908.25654117027,35.17536553538745,1.0
759.0,36928.42755467438,41378.26287161852,-534.4489267457183,552.7135951059348,192.98883730953213,199.9016230405776,4.115852831992497,1.6508657349970461,4237.471872190237,41.789417717572704,1.0
760.0,37010.72510108021,41425.361045004975,-516.1125693611413,537.4898436649618,190.6113137669266,183.1375539382087,4.03721656695562,1.78896116714012,5229.325187882412,44.64319292464094,1.0
761.0,37104.84164221301,41321.64814452431,-480.64210418940337,508.9404011702324,186.73940597792296,199.1728061496844,3.9525602779081557,1.497115927289234,3812.729817832466,37.486126709161496,1.0
762.0,37090.633759037744,41244.499269017484,-478.03138946142315,506.88596762989386,186.49230752191283,230.18841969939797,4.162408896564155,1.6311186501980672,4440.093211618817,34.89364846427935,1.0
763.0,37020.05248550031,41215.72397431464,-421.4267013572556,463.92281656941253,182.41202604833128,207.34286189381783,4.023404203252769,1.5756528023590837,4213.220075534383,34.401926802293175,1.0
774.0,37494.25262892236,41907.352809686316,15.629247100656704,234.0224003986566,233.19902905944878,806.5705999245477,4.240498183519642,4.784711411042217,NaN,15.113806386887216,2.0
776.0,37558.07613551778,41894.09503765099,-1.6165277134629683,241.72952157665884,230.0922896929609,1217.3139162762786,4.422155789232329,8.316071573467518,NaN,14.747034933609193,4.0
778.0,37630.497814823684,41872.734969161225,-96.25640475502635,275.65103673369987,206.27674044226663,307.90902255666515,3.950538542161054,1.7797515617649402,4340.141804998041,21.681504728052985,1.0
791.0,37823.14159572712,42214.89865727804,-216.81710445337643,333.8239668412656,188.02893106053975,158.20158602272036,3.8623162918179568,1.445115218355901,4119.8150248843285,33.037738637403095,1.0
791.0,37823.42759876837,42215.053384944986,-219.65614453395239,335.359045755193,187.73271576658183,159.19659008376954,3.8382690430665147,1.4525172431782,4222.92790350564,33.01306076627884,1.0
793.0,37539.68450514899,41843.390404180456,-344.18996993087075,410.17405019871325,180.78359957114364,159.04629023164034,3.9661478042584113,1.4473665573408652,3506.611007492984,36.59481532012422,1.0
800.0,37565.73544403004,41925.92362607888,48.608104121094286,223.8807497551345,242.8547470592232,241.7955509618968,3.806025167213385,1.707799901078105,4764.574890791936,24.21883059086982,1.0
801.0,37546.015241328685,41896.48866695694,37.04940776116304,227.28497044203556,239.34906156691804,370.24266073877664,4.53235502533944,1.9329174507689084,5288.337415096378,19.229478239538217,1.0
802.0,37561.25435473524,41971.09277892416,19.277905852266244,232.76472991196553,234.15768720728843,310.29505835711797,4.4522439587229385,2.257653410001482,6953.357472310745,22.233306320555297,1.0
815.0,36807.36036830104,41283.86385976987,-338.15033862509136,406.20823999614623,180.84791474142187,209.72788709459144,4.094404974924355,1.4488782542207432,3811.8632284160303,30.553822581461382,1.0
816.0,36728.03479567758,41244.854737132606,-409.64636785702163,455.3613473860575,181.8698277604007,217.69469494264476,4.11432503184815,1.762899713411982,4571.40648463141,34.0385745497911,1.0
818.0,38027.87537501369,42079.398618632185,-300.49889563459976,382.2607703828633,181.87569851694826,188.37921363008743,4.1360562226561886,1.7016081711842586,5044.236611814388,33.01574506523088,1.0
819.0,37678.009963706,42003.79668269059,-292.3136588949668,377.2316107638769,182.24209738407345,288.6926477728039,4.325329655697236,2.0997395902907994,5783.074177066165,26.449961170501947,1.0
820.0,37518.45089414458,41798.04195337807,-225.56424660310046,338.577944171553,187.1359777855629,294.29628194436526,4.466430826758698,1.6462264548804209,3996.156370578694,23.38447586260538,1.0
821.0,37839.4691078424,42190.40407654088,-285.63096297082916,373.17248757207574,182.5790977322604,276.1557970209546,4.103263328467969,1.6575078097971836,4510.830534884519,25.416615539968046,1.0
858.0,37505.274621321325,41919.49832932826,61.17305195333393,220.3230910724236,246.78112364219973,163.1501724186751,3.685581420252755,1.460284070229631,4220.797221794418,29.749233777225562,1.0
861.0,37762.69665280421,42388.232234589675,-311.3332611215841,389.0147642397477,181.4692368200115,196.23747501506435,4.388817262330828,1.6376675177009894,4425.942092525773,32.096862454246086,1.0
864.0,37166.010316501284,41553.149823971566,-47.414472606092154,255.98504909874416,216.82213756422388,179.49373586482318,4.289685880517528,2.227621672384765,6963.16588345207,32.246510725109594,1.0
865.0,37427.38382128487,41856.6100037612,-487.7429460548779,514.5607377230953,187.4377624500416,240.4559147801017,4.093461250617752,1.6508783208555382,4432.277777167475,34.485020207868786,1.0
866.0,37933.521585144685,42404.73414932486,-790.8614697904918,798.8171011905806,253.08032192678172,347.4915130484162,3.892758185146098,1.9098790095037463,5038.260280182053,47.24133263947779,1.0
867.0,38304.13176572203,42601.3130499331,-173.47152125961287,311.33076482303244,193.31427744473072,207.74931515186393,4.574466278734253,1.5619373858578627,3901.0561787055362,27.69671797020665,1.0
868.0,37845.269175545116,42153.03015107969,-255.60964498856725,355.45685111996266,184.51291658186014,188.7946794384986,4.351826555286197,2.2537566230627832,7324.308198813434,35.136515836889686,1.0
869.0,37987.54408580095,42243.50541099894,-312.0106587127031,389.4407213644701,181.4467950354067,245.59500150022797,4.2452246751281075,1.6269516719135417,4618.541267916441,27.81549591346198,1.0
871.0,37774.13060070445,42099.61880149326,-260.6993488159181,358.4004634920246,184.13671092406224,229.2227789342838,4.064527795411305,1.6747253518651468,4502.981326048393,28.04036858077024,1.0
872.0,37686.27353392783,42083.66245682098,-311.2702505440914,388.9751643005407,181.47134210078033,253.81798423187516,4.230263403238008,1.709330872951405,4535.54453632089,27.568789776315217,1.0
873.0,37287.60510410494,41788.63214309762,-302.742859727147,383.65053761563337,181.78416870994084,167.47407170052702,4.113532360728005,1.3313257761084185,3548.383325999917,33.34062700474627,1.0
875.0,36104.570118426986,40719.1820877637,-401.5482933390812,449.55189632996644,181.55844825188447,233.47745418986796,4.053595007804739,1.6912622200875542,4391.218007826306,31.781353954674312,1.0
876.0,35400.3650406963,40395.49671287876,-360.9613745038752,421.3670626245193,180.75078264981448,352.8153293281071,4.045435609445036,1.9109794149440669,4677.944695147244,24.185007728786168,1.0
877.0,34886.76286400015,39769.14164552208,-320.03038485069385,394.516524686618,181.2076838795403,247.62863671814213,4.3210396482085995,1.7911210237739794,4877.5388261787,28.5840534002804,1.0
880.0,35648.96788826726,40521.78717837904,-451.84750571091024,486.63674013458467,184.30135412504652,254.68807871808784,4.2826271218398775,1.7605642705113629,4445.546703218681,32.31459749229328,1.0
881.0,36459.502077966885,41127.32926189474,-191.56679232590935,320.50545696028894,190.93372355075508,181.81348011417617,4.378338960561738,1.6871299518653358,4612.977326391594,31.043952629268677,1.0
891.0,39553.94580554265,43603.323664164076,-279.95855205471884,369.7600642457605,182.89185581648846,284.6961096172264,4.1373741395845105,1.632338029397229,4397.372687746531,24.755927933030627,1.0
892.0,38898.914165965325,43142.09995075788,101.96504138123441,209.79943289227162,260.3574379245169,145.24737753168134,4.443774016223919,1.6300410567930583,4231.101917176592,33.04379978209039,1.0
951.0,37546.393016837086,41988.88869883497,111.05361520714186,207.66848506566126,263.5550264945575,139.3608836808177,3.6372225246028735,1.3626242707427745,3559.364322652542,32.389950207036705,1.0
1017.0,36102.88731230208,41184.23935933363,-313.7912638095201,390.56245452538974,181.38947238609535,261.35793224269287,3.9739534833117114,1.6030359962757248,3890.1336869973898,26.71565710936138,1.0
1018.0,36200.79214327169,41167.67809057446,-396.2523874502712,445.7861292374091,181.3818441804956,225.19326795685885,3.9392086855378157,1.478414850122936,3931.8444693489855,31.163040443482224,1.0
1078.0,35090.652301229915,41517.217236353295,199.2424604014761,191.0362760247473,297.8510202261921,105.2441814780611,3.3893946756677473,1.3620982515408449,3874.22434471404,39.63048527485836,1.0
1102.0,39570.355099528686,43745.19417860872,-95.77611516387962,275.4466983189329,206.37158826666237,98.89730146357078,3.7591614464814724,1.3980462312922057,3841.369856386641,41.583743445217316,1.0
1139.0,38225.48277179015,42614.77079537784,-13.733458618309111,243.73406706173017,225.15327190911907,92.05947417328154,3.651805944581641,1.2723806001054039,3971.175714056052,41.39022987118301,1.0
1140.0,38205.529031053855,42641.936623745874,-20.60691449853974,246.14730742119107,223.38288250428585,169.0418143511805,4.0607028931803235,1.4276802871129883,3626.780683439503,29.160302691379133,1.0
1214.0,36152.83966773589,40510.82474662562,124.83401857182463,204.5860618244133,268.5234039743982,103.21656344223645,4.065418452489055,1.3220245665853498,3468.5254850223614,38.905463283038344,1.0
1254.0,37787.58924579794,43618.08599919094,211.6165289630334,189.2892841996479,303.1373722654609,141.36971453319757,3.8128907940333123,1.423595314523448,3956.4776247184113,33.40643388252035,1.0
1260.0,35085.926544107315,39946.868431883275,-483.3449531836511,511.0741090061354,187.00069728575681,190.81516525859504,4.55926726475411,1.7627544871042116,4552.261010346185,41.04219838987365,1.0
1261.0,35141.43481269339,40003.96777710921,-505.72947631555417,529.0098873166836,189.3786518892264,225.27271479883623,3.878821844055563,1.5358027581379,3944.072988036373,36.072242297898136,1.0
1267.0,38222.513606130386,42520.912042527285,54.01086477580402,222.33275860098692,244.52829189159326,92.0525422328549,4.2072298040357445,1.4713516567355374,3788.980912758968,43.089725342551034,1.0
1272.0,38267.50028703004,42528.564287196095,15.88950821315853,233.84333254592082,233.1951960609366,169.4044322848212,3.693161979674113,1.4966758718352475,3953.974702034284,29.286216175084782,1.0
1275.0,35072.206429140046,41457.34776514566,193.28674828706,191.92858627787567,295.34826585214347,102.35436095011586,3.7062855247248057,1.5493522280161154,4549.710856164487,42.003207416676716,1.0
1278.0,35109.77809738881,41499.0449449636,57.25325842522092,221.41696943864804,245.5433283632064,110.33670664416213,3.6809795220387485,1.3806927573896062,4081.654676663333,37.488413495986066,1.0
1285.0,36028.08275620946,40718.65125575398,-476.01427840148085,505.30305636831497,186.3049493960656,277.3724388158585,4.1916398341377406,1.7925420881204912,4920.316987439296,31.713130417819706,1.0
1286.0,35882.49174746058,40642.527469544904,-533.9471816408601,552.292802252722,192.920370382505,295.78114976557436,4.325390118846919,1.9090496207619454,4959.965800098018,33.69229275070309,1.0
1287.0,35135.5822654392,40235.865938791016,-333.26509453459045,403.02560099855634,180.92027388985395,235.68761927981535,4.10490033994988,1.5196512447725858,4079.574719848481,28.619279857129506,1.0
1288.0,35346.36800528658,40089.18134972138,-358.6695796672268,419.8219026435214,180.7426221821949,238.79837712345747,3.9144471747837026,1.4330537350750372,3538.648761551526,28.704336873842543,1.0
1308.0,38204.1231457578,42536.77552130729,-80.97505111146741,269.2562552731504,209.38069559905355,207.98919794342567,3.8981162565429424,1.4275021214469221,3686.6104265951,26.124988433060338,1.0
1310.0,38320.9830365688,42619.43407680091,-62.699172201145934,261.89752475006003,213.32659319777204,122.88347263229421,3.9320966634876853,1.28723214687909,3283.4788696368096,34.97905896947381,1.0
1312.0,37223.13943131045,41443.615149189856,-135.69380906762152,293.17188304254853,199.08849003977153,258.3043270430624,4.570316028080487,1.7142500794822475,4521.708177584634,24.296571634532924,1.0
1313.0,36937.07643903295,41600.85320391014,-365.70278065508,424.57950807072064,180.78037249150205,268.4448144332264,4.518178864199404,1.6504393272525517,3917.712457266228,27.79097394364598,1.0
1313.0,38269.99218038256,42607.0345693876,93.52755177528398,212.8341071343336,258.2426383354035,342.3848611398432,4.124810124036974,3.799313139247429,NaN,25.453758109446124,2.0
1314.0,37004.038297136416,41263.856193159976,-288.10152337672906,374.6682191662209,182.45054500035235,240.20264542375284,4.271067365140389,1.68021788690086,4269.431362390301,27.853863917339066,1.0
1314.0,38204.26951477464,42635.430384097504,64.71222668867927,219.3478772862907,247.90878601477687,120.17764668008955,3.920627019328416,1.5154171211821952,4230.446815741676,36.460466421368984,1.0
1315.0,36838.91349042629,41262.90234993145,-369.34856817528544,427.06405656246704,180.81477658116432,213.89124150083202,4.515361876828735,1.5769089519889015,4019.993417462655,31.81199988666607,1.0
1316.0,37311.35372776486,41400.56898670209,-390.38387863295407,441.6440929098123,181.2111111489741,239.91801691929513,4.68541721464704,2.4530024677996543,7397.846803868401,35.39478505536115,1.0
1316.0,38166.62523756308,42587.74973015019,119.64235075093924,205.7263182376556,266.6346125517995,173.622416277605,4.254216890358782,1.9849661122218543,5468.985949646307,31.367797356159457,1.0
1317.0,37035.721912642664,41518.208372333465,-140.58587471668622,295.44753184138267,198.27944934648914,382.03591666542775,4.680389293707029,1.838907218604822,4346.413812973866,19.529393671848336,1.0
1321.0,38281.3166803445,42640.03178583533,-83.94188598238105,270.4805588589049,208.76414911235173,122.34951844922061,3.940873171411039,1.2219402161979418,3138.454908134434,34.87562960649645,1.0
1326.0,38249.825785130335,42534.19809697646,142.39974412246104,200.91655068798582,275.06635163248814,113.96549778723417,3.6876174234989247,1.3589342059108689,3986.693616490339,36.93909553122353,1.0
1327.0,38263.4601836357,42618.571446110625,-56.59877422929935,259.5113321262891,214.70037828775259,198.7443241585482,3.738856745938656,1.5746700094129562,4481.072130667756,27.211267214422293,1.0
1329.0,35099.98854372398,41459.957263565266,219.3690896830214,188.26833500903936,306.50881644625827,112.07762993017721,3.8469061106497513,1.419284586248491,3883.901031729511,38.86471002824884,1.0
1332.0,38279.47188101753,42565.75958364048,-109.51916942450698,281.37959982889475,203.72705742926277,194.18596956874242,3.961934740568529,1.3730836270204072,2844.874900911929,27.279584483097917,1.0
1333.0,38304.72683657269,42618.69857809472,-38.128025106957026,252.50042371940998,219.03285515823393,118.25222085498523,4.029213943940628,1.9618202070464592,6084.93111276316,40.98269162352826,1.0
1334.0,38255.77503105338,42679.45806316111,-22.731708019030705,246.90232806512677,222.8428869355489,82.75861585244844,3.7424578369307064,1.3154376099858214,3452.8724823003677,44.90516786832315,1.0
1337.0,38320.853095493025,42613.00225850348,-56.224157363168054,259.36594309797806,214.7856647925594,100.89623676739728,3.7098560422054523,1.2678467728012122,3660.878531780851,39.36490741897737,1.0
1340.0,38209.69494748389,42608.13036180821,74.28764622746928,218.291697023904,252.23848762663127,381.4280121429146,3.705434905063871,4.347551623678184,NaN,25.17221815011695,3.0
1409.0,38859.096645711485,41068.47442207784,182.77641770997295,196.64374114149138,293.469508494308,195.64669303514967,3.4441772150810603,2.4738251325210836,NaN,32.558071467118154,2.0
1413.0,38928.63104693682,41096.54097330312,154.34962362899427,198.58650345256004,279.6518870375253,89.60694043089983,3.50107030794041,1.4394348281287914,3919.41862170388,44.16744474441075,1.0
1414.0,38894.814577106015,41041.82962164121,229.22114104551588,187.0526786201208,310.8593798286495,108.93037922752471,3.714127078285585,1.204668820829016,3052.454010318805,38.01828096421913,1.0
1485.0,37650.03338414174,41944.72969088242,65.67385009795967,219.08494424528314,248.21683053422925,308.241749620933,3.8509272393282368,1.5362339198211232,3526.5181834019054,20.58843094404179,1.0
1486.0,37622.47151766039,41905.90598725,-5.583324526717187,240.93032370375977,227.29915144312352,369.36054719662224,4.035869301384214,1.8242113011947636,4650.045211879087,19.131177076865086,1.0
1487.0,37572.38014350141,41903.70151830929,95.5631234804061,211.76955856432193,258.48419069876627,652.3419336496368,3.993284209931011,3.6652868302351775,NaN,15.90163331788245,2.0
1489.0,37633.690691296324,41868.32119118817,33.26595168681628,228.85925212599557,238.57330746600428,1246.0127241002374,3.9007661195056262,6.72114002609667,NaN,12.812042331241981,4.0
1493.0,37675.152782846846,41881.16538306004,-15.002016652851019,244.17609978153774,224.8238213230903,375.12542684422215,4.0412746430366076,1.848486121129896,4782.256735194741,19.028270775747,1.0
1502.0,37743.218390065726,41783.361648234546,-173.91022459028375,311.5495445804083,193.2536114793307,165.3829783706542,3.9040573423718934,1.4396260062625488,3557.429544892556,31.287814805909562,1.0
1503.0,37689.71212580338,41789.58081957723,-297.3779746688672,380.3357669853387,182.0093788738969,118.14538497100209,3.844869660285514,1.2856974827879155,3154.5139406805156,40.99084172428016,1.0
1504.0,37720.03123277939,41732.97960664292,-274.1974884311479,366.4217434739926,183.31248877115343,445.4230070158802,3.7090323997208667,3.3337321588162565,NaN,22.89749822294646,2.0
1526.0,37935.1093108377,41927.90083617316,-315.1430327181827,391.41602893024447,181.34756862901696,137.93226804225858,3.842882003639516,1.4926701149107275,4051.3302150167024,39.42157034650003,1.0
1551.0,36964.51238014633,41596.65158194254,-189.68260435486454,319.53573107294324,191.1699620167953,154.67939144324663,4.275007767616981,1.530037119346726,4046.183935189503,33.4573997299324,1.0
1553.0,37072.08338784564,41463.108825917036,-685.3082336527372,689.9995141869199,222.27570842918573,286.4550929054327,4.262909257126781,1.6684768479381238,4281.995677159632,42.01445270387439,1.0
1556.0,38298.52780199575,42553.888631951464,70.56741987796522,217.76042397484585,249.7953450286471,181.75936963880952,4.2658912131755775,1.7966498529684785,5048.642672266083,29.333261084850896,1.0
1557.0,38259.56782977652,42521.29505222678,-46.589347311340596,255.67213907815818,217.01590528329214,112.53234211853436,3.586316428573297,1.2044052939797643,3038.334253677938,36.205944726458846,1.0
1558.0,38364.28487164581,42509.787337685324,-70.28037705761842,264.9118462985342,211.6588599831522,149.49054196803152,3.675214645895663,1.40960856527972,3677.4145557991096,31.72896249314481,1.0
1559.0,38371.275634916674,42543.3496855381,-29.64721819510393,249.38915183515482,221.10919999459648,125.69097327453868,3.697527835512961,1.3292590836436067,3618.2734595304537,34.48349584560395,1.0
1561.0,38354.51158032363,42569.443254655125,-93.09564230031489,274.31029031209266,206.90415774632868,177.75949884825292,3.972109847463144,1.5514268480065092,3958.1826588796234,29.379815737269542,1.0
1584.0,38316.66801256171,42363.46275346556,-105.2484845270863,279.51686334393634,204.53343651528775,113.26924399888385,3.785495213821609,1.2934547209550915,3255.963101636365,37.38053302931346,1.0
1646.0,38279.183109060905,42600.18199093313,1.276563558746307,238.61898990634634,229.14455281314878,127.6324952849311,3.6461605748096897,1.3613441998119753,3404.6449014521054,34.17953630984625,1.0
1648.0,38292.69477627851,42704.357013087705,126.49189573845689,204.22729321523454,269.1308867877466,252.81674572887766,4.554483514007201,2.5360964374816755,7698.099572403212,26.56576698797728,1.0
1649.0,38261.794204940656,42630.528192488106,-563.3875288173169,577.3849079612266,197.262369210626,287.2836370233847,4.110741029750452,1.502434483833186,3884.101460311062,33.261935053924354,1.0
1650.0,38204.408039526854,42541.35850763012,-154.3749039950392,301.98325032073376,196.09720157957705,146.47244206169526,4.5847616282300985,1.7703893557946169,4785.496224736031,35.57470743610468,1.0
1651.0,36442.959966939125,41108.783025613775,-398.45786072086446,447.35116443413295,181.45279353749507,255.48037193704053,4.067336926747205,1.712520241141208,4520.742257271952,29.990964915245538,1.0
1651.0,38298.94306123962,42576.20426313916,93.02115155744823,211.97250204031602,257.2722086561557,159.07316950078607,4.035375362326399,1.4450559946760464,3474.6380448368127,30.19797167008798,1.0
1651.0,38293.24691646706,42575.40150022468,79.617554675352,215.41160030552953,252.79604868607302,435.554821703439,3.8617956159193176,4.398118702617282,NaN,22.70518568012967,3.0
1652.0,36298.25219844998,40971.05573838687,-274.616526359151,366.5741380001346,183.2088182829528,229.6132908225966,4.389507755264461,1.6200720347215338,3933.8091690698097,28.081743389719215,1.0
1652.0,38279.33427379552,42608.149182659916,-0.08158278812129097,239.07307326249293,228.77634606698894,120.34909481849591,3.984281484631467,1.4176629059138306,3657.581481430191,35.860100995942815,1.0
1654.0,35396.93785770494,40157.03114057012,-233.27382152024794,342.8278368400488,186.39729012293157,259.76906372755485,3.9973270576944584,1.4631373509291556,3888.8455830133184,24.75315323218484,1.0
1655.0,35503.63697734201,40500.553163668934,-465.30677114936566,496.96467052461264,185.36230675888194,200.3097109101162,4.1454325179859275,1.494925040237283,3722.822403595824,36.58086741219861,1.0
1660.0,38328.04183904446,42526.26476419221,-30.376674888077993,249.65409455930242,220.92845350939834,183.1463967008911,3.922564318903547,1.495168976364087,3642.155656284884,28.104863198235876,1.0
1662.0,38305.39333864558,42545.49699816512,155.64509565684568,198.34199639614422,280.15553782648243,97.69199338238917,4.247018313941805,1.3014532074022138,3298.785355099824,40.416879154253834,1.0
1714.0,37631.12846842472,41933.731131884466,-552.0040320694883,567.5857978597195,195.50515355657052,182.34789652917925,4.202205115502407,1.5969746823201314,3992.148859636793,45.190613301707344,1.0
1715.0,37453.291900163335,42004.60586788153,-552.380309514346,567.9077510997018,195.56165947678238,208.93360655099045,4.232973759376142,1.5696588981399575,3887.040527094205,40.904130593888326,1.0
1722.0,38308.30214849243,42435.968490168765,-101.92043293745292,278.07719732739906,205.17146650936922,118.56229978289123,4.725573842472297,1.979296982959255,4871.291007777645,41.98451007380038,1.0
1740.0,35260.00066051286,40529.70070898361,-448.5249195045659,484.49170386423356,184.36637691963972,421.0205154738875,3.799088365951575,2.936572202502382,NaN,27.635738086845233,2.0
1764.0,35113.00808945979,40323.8597712071,-581.9876414931663,593.6591632946378,200.34609001309462,233.9735703354176,4.120080041982965,1.8814282980559802,4939.127079213727,42.58255301099528,1.0
1765.0,35150.711815988696,40337.06445306989,-540.0075953145965,557.3913043703484,193.76019655524152,206.17754393919432,4.29363328823311,1.7612538179166817,4332.2054792752015,42.32063296982915,1.0
1795.0,38342.878433889,42947.01282418267,-160.46037944762958,304.9246681124937,195.180202367196,138.39936029824904,3.747461159734949,1.2154741827279385,2966.788493351885,33.353765478083,1.0
1796.0,38234.42261042914,42887.693847922026,-163.21188383227425,306.2660738691999,194.7748529233585,268.3732304862131,3.701817945763527,1.5854505882476302,4466.44586219053,23.672229006934277,1.0
1797.0,38171.64915600624,42875.05597964075,-238.67011067969503,345.83588018592155,185.90719734746983,308.6243927471373,4.005768335570185,1.6059595824793054,3801.010989769214,22.819802994814967,1.0
1820.0,35238.89025351123,39911.54866774809,2.368422657402183,238.25519847317165,229.44158581529774,133.26007292035712,3.984128210021136,1.462142197703821,4087.50572021951,33.881157656341756,1.0
1832.0,38250.87745277974,42624.600779761706,73.7160854237825,216.9201286038733,250.82065635916604,96.689898627413,3.545283611309228,1.183427943468136,3192.650548608381,39.1377633733464,1.0
1842.0,35406.738662569725,39953.80429464451,-243.80851381879083,348.9768654106588,185.66413824664016,283.57834901621754,3.562055369116994,3.1576777117072985,NaN,30.21500631811514,2.0
1845.0,38340.29706092381,43068.78187436423,-427.39598211645114,468.4934154949594,182.8745554891187,554.5126974077757,4.012953506261406,3.42005453035614,NaN,23.524508305251214,2.0
1847.0,38380.57361367394,43071.64478836819,-424.45593627221183,466.1853321207353,182.60073841233304,662.598725654129,4.086672392750154,3.2048651067678495,NaN,20.157688345028546,2.0
1848.0,38425.27210865734,43075.02040999411,-401.97433739327545,449.8559934996532,181.57358458744696,165.93636006319736,4.068076324687751,1.403489527773437,3440.3207395810946,37.54223915091106,1.0
1850.0,35399.52239884674,40091.55800580599,-222.5157798355703,336.91294429389956,187.44056127752884,134.45207775460096,4.15291422384091,1.5884479712568342,4520.800675859825,37.89382336724987,1.0
1850.0,38336.11346018879,43032.520472121396,-413.8660078895764,458.41296819892193,182.05188293280713,165.3796888422132,4.0469077656018655,1.3122942283978636,3515.7689880388707,37.428699159256475,1.0
1851.0,35454.29751822144,40039.55436711203,-62.86389825735035,261.962444547282,213.2898908067783,147.8920741782488,3.7251471608420306,1.5122557279051665,4386.1492818278375,32.44443818155581,1.0
1851.0,38330.28758269608,42986.24492453596,-443.84474891537633,480.5768302653645,183.7359686619432,232.0352398246833,3.995909554594767,1.703205730278486,4600.615301980942,33.65491963632913,1.0
1852.0,38280.50475040257,42983.28077099301,-426.9665554333588,467.99419967244626,182.70356401878576,261.99757081279165,3.935051595818589,1.6260492990331856,4209.083928921944,30.067511541063713,1.0
1853.0,35452.55256097043,39965.85809237869,-253.6888816851237,354.35233342751354,184.66002088156364,281.3858598995051,3.785952595546357,1.6447308842072106,3939.9411520655776,24.484313411442425,1.0
1853.0,38259.11360300937,42891.47550591494,-442.8088410313166,479.79682683588237,183.66635082801267,270.31064723925,4.473675488626444,1.8195895656063836,4589.866897678677,31.039748588267532,1.0
1854.0,38170.9522422312,42927.40627450219,-332.0474863181173,402.2358572557757,180.94114036757844,353.706865141026,4.110496122140012,1.835705788137257,5222.908821089266,23.260565498804077,1.0
1855.0,35414.43785928638,39942.572409017725,-101.19681059697675,278.00995949137916,205.50883106953276,422.7838101218972,3.6908470603523047,2.9978468421353375,NaN,20.423000668371866,2.0
1856.0,38307.653781675144,42929.95509169318,-298.16398648685896,380.8197186088621,181.97501181115703,320.6948908567512,3.908802307209975,1.8246807009461947,4658.406365043332,23.94601170601047,1.0
1857.0,38290.689836765,42964.075078627226,-400.51435522246504,449.2621189725099,181.8839429846067,738.4800854049722,4.097255666109476,3.636959015369302,NaN,19.073552495763277,2.0
1864.0,35446.39309135443,40021.95917994514,-107.04840507206887,280.29983438487005,204.19188582580765,173.43263755670424,3.711435904614011,1.6086039913374752,4216.138962877311,30.27034116829608,1.0
1865.0,35453.17115673632,39978.92809416907,-202.94733660628543,326.4338049168953,189.56436029414007,187.71736963333032,4.139384442873795,1.5426751557819673,3851.873659196852,29.908989001414746,1.0
1870.0,35474.9853960087,39931.59025333457,-283.45861297654,371.8620547353899,182.6959767101838,244.05624160625487,4.488715915672432,1.833202340924618,5026.586735914357,28.116691435479815,1.0
1871.0,35339.10237844914,39887.6635958756,-340.2937064387691,407.6117045208871,180.82190813007526,190.11806085270305,4.09690084976197,1.5049356619646408,4144.357172465626,32.87476637575488,1.0
1872.0,35505.498540702996,40006.477530344615,-358.37116053271393,419.62106876832996,180.74185413134012,204.953283850359,3.5682843126999075,1.4222469015038433,4072.4938352327536,31.46536013677542,1.0
1873.0,35510.86998469876,39967.555028813375,-360.2142088641966,420.86276898797496,180.74768242596295,313.4045485520724,3.8732684724478275,1.8646785927655514,4627.816189869372,25.870487931571525,1.0
1873.0,38306.485126098174,42603.456674783454,34.07473832640695,228.181442207168,238.4633351241585,156.89765586043825,3.907009017053661,1.3375250954337439,3126.583866553877,29.901128135057828,1.0
1874.0,35380.70144624483,39951.37386110906,-336.77162962623925,405.3077591181046,180.86649369081556,215.1680686234918,3.6888997908563,1.480381258724598,3818.8174645863733,30.188603861361877,1.0
1874.0,38273.65023991473,42567.18675918174,-120.02316002826225,286.0342797525455,201.8028588092696,110.1831238253786,3.7437853950222877,1.3063373688618625,3568.0468497514435,38.37213885355049,1.0
1895.0,38281.48255067193,42621.8600645311,41.12066646328283,227.28889424206508,241.55604097078972,400.7369802208958,3.7746109848506233,3.997287464843339,NaN,23.192075780443545,3.0
1896.0,38268.25229843498,42590.66000260041,73.85123405928285,217.28770213939265,251.19087002809266,243.31449533761193,3.6751071313286165,2.504713699739999,NaN,27.018381802863082,2.0
1900.0,38431.49417987431,43048.0621841496,-74.89575853474635,266.7798564086395,210.6701554964892,588.3757912319502,4.476234903322148,4.622768430886584,NaN,19.04670522918758,2.0
1901.0,38499.03123093755,43082.07803396461,-159.4221351681957,304.4203613777191,195.33465500152926,278.91551386293133,4.228637205323348,1.8646658223932406,4494.231164247467,23.89486004755775,1.0
1904.0,38453.203619872125,42961.67671411601,3.017183260503812,238.03957340355475,229.61850711892555,263.792637686429,3.9409774583713073,1.7613690434151896,4140.589119252473,23.19746287019591,1.0
1918.0,34971.60415055966,39701.3676499643,-164.90169542790895,307.09342475626994,194.5287709923255,106.77865124799634,3.716570469045208,1.238288908777613,3501.861189537684,39.423977450730646,1.0
1919.0,35004.66969918407,39649.29122017548,-92.64200602980934,274.1186379313329,206.99483017855346,225.91479806225024,3.5828995298710744,1.6269353251397243,4378.0165971553115,25.624670710440018,1.0
1921.0,34861.62413480608,39708.50094255713,-216.94706030987732,333.8940684291116,188.01523777812034,126.58512312716154,3.5805144335810843,1.378951483767673,3474.974962257345,37.590794122348264,1.0
1931.0,38293.98773830248,42624.64993186768,122.4554873215581,205.10530850587782,267.655515939668,356.23664600897274,4.085940058444712,2.160440716354956,5622.612434204116,20.25635250513518,1.0
1932.0,38325.1697768076,42653.092513953256,113.3559043596964,207.1410452741669,264.3750227014512,372.38693752020896,4.164611791320129,1.8009804143324954,4809.81667507951,18.998752699349843,1.0
1947.0,38328.882082286,42797.41050767469,22.95446669080838,231.60664573431535,235.2119302094069,128.5043413965277,3.759236873978494,1.270983972558495,3353.3584271583395,33.411728948040256,1.0
1950.0,38216.014496448,42775.01740662836,33.01139154425431,228.50392602328733,238.1483531198371,104.60195687960325,3.5642250129507618,1.2917279571949496,3317.0021801493317,38.10398567278239,1.0
1957.0,38411.98981618385,42540.54049779578,0.7050602441303154,238.80985464755466,228.98944137177534,151.6249968740658,3.7953482690961096,1.1811834270688366,2729.724889188911,29.889324033639202,1.0
1958.0,38497.04546897261,42486.94091201043,-163.69736772732557,306.5034965995893,194.7039306427197,349.87003751996843,4.008990888125123,1.8321284084607372,4417.014251515278,20.785687288109145,1.0
1959.0,38532.8560485574,42506.235733016685,-247.7572253601352,350.96334942909795,185.13205341786997,210.31435503912493,3.5962242527085237,1.5919161452171149,4162.249083828625,28.93714385450593,1.0
1960.0,38638.44239595097,42519.401055705086,-33.35418942572166,250.74074865476896,220.1948838536005,166.20371184045086,3.771229087960319,1.2430602856385466,3127.8105275894964,28.73340347603818,1.0
1962.0,38522.57230769909,42478.58527732485,-153.72515099210187,301.67125528058074,196.19677817146078,170.99171995407352,3.7243177727660894,1.4769897846322033,4056.99205001158,30.515205504719415,1.0
1963.0,38577.85639618525,42471.14507919028,-321.54755367957245,395.4835855352998,181.16796235784275,379.34432605527,3.9058676139090163,2.12802880680053,5333.217624657703,22.86980796461342,1.0
1964.0,38549.650733614835,42505.17632325976,-350.8006047691737,414.55422937846953,180.74506963836848,359.299942123708,4.087004711460863,1.785253136613803,4945.390912839665,23.302257804189537,1.0
1965.0,38572.93101771788,42535.37535879415,-391.54725694306325,442.4626328577402,181.24287160650718,245.3964128055051,3.9751673475211624,1.8167853956854358,4588.979184352992,31.08820453533713,1.0
1966.0,38596.867928616506,42515.88441999665,-283.64858942283047,371.97647719388965,182.68561189976975,274.4441962327315,4.100472288749554,1.6144775114086949,4025.750989896472,25.32687696910646,1.0
1967.0,38554.366408770264,42507.017463885735,-329.21819021831834,400.40616739650585,180.9939897490385,208.73135627080288,4.094859294034781,1.7424484452426952,4061.0438110583873,31.94751107337092,1.0
1970.0,34802.828365766414,39978.18508048313,-49.743746678810396,256.8718377362016,216.2779438709746,136.06266318850973,3.4574983772937853,1.6751864503944116,4282.580899451021,35.1659848270277,1.0
1971.0,34869.42385881898,40013.810762062894,-33.34646401435711,250.73791842184093,220.19677841927617,255.23174856094062,3.4445659664152655,1.5150737380058383,3484.9519566377426,23.119458328760864,1.0
1972.0,34864.03756491119,39973.18829256044,-104.95369521681457,279.38892022991604,204.58961066651767,284.54538938719105,3.944490882662486,1.6422661987410103,3909.43056271691,22.447095291980997,1.0
1973.0,34830.324726708495,39989.45619022063,-62.944284948500176,262.4987441572982,213.67979017456182,836.5230094073015,3.698412776756383,5.063050502652982,NaN,15.364801985593967,3.0
1974.0,34788.037885970065,39954.59808769911,-4.759993302763904,240.65057148641628,227.51874467163225,291.11411422345185,3.849501492463221,1.8048873383152264,4570.197042228607,21.99029713688667,1.0
1977.0,34822.91526748056,39980.00090136766,-91.13834323707175,273.7856985616812,207.53970942451792,443.03320384480975,3.712021494433402,3.386366022114137,NaN,20.594714050690975,2.0
1979.0,34828.20678546269,39904.64067306333,-47.501928120178015,256.01825224636843,216.8016304216593,269.6331514315892,3.653503461924275,1.4333939717249702,3799.424207981806,22.261629356644928,1.0
1980.0,34821.630598974014,39947.18964154667,-89.809219395689,273.7669252686423,208.2440041848238,673.0369560751461,3.714463258820721,4.637354291360833,NaN,17.48299813472973,3.0
1982.0,34868.787498853395,39987.650659396044,-183.8515418023112,316.55589852261994,191.91820018259986,197.2153643786402,3.6203884637889723,1.4768257489885208,3691.9493949992566,28.39638873586558,1.0
1984.0,34881.699531827064,39957.2531016308,2.56990404945466,238.18819069605416,229.49649678274315,321.0198601245656,4.012773569537153,1.8953648428927858,5176.269610012212,20.920800358121216,1.0
2011.0,38273.2930589751,42980.19621358309,-420.61453746358137,463.3283686029633,182.37125125119402,374.3721081768869,3.930033616309072,1.911407731032807,4688.190655116316,24.857378859227644,1.0
2012.0,38596.62235278625,43054.75766464823,-212.80138049627146,331.6656298913407,188.45840643825923,192.86933478728915,3.859502239710142,1.51901268405359,4052.239666503459,29.48031049723004,1.0
2013.0,38475.79099617105,43051.55355529897,-449.5586404754491,484.8973812594041,184.13466496451335,163.18949504632795,3.8193936848548278,1.311375323491012,3086.933100804382,39.39128130486393,1.0
2015.0,35341.16877557795,40319.9126809921,153.15846229427044,198.81271952626253,279.1899185944502,326.810430209881,3.780155110801565,1.9393344219998494,5393.084193284516,20.9855298159593,1.0
2016.0,35376.244564976674,40208.07189530722,169.39365627970585,195.84461988404976,285.57948718823366,128.43603015972,3.3487170378366278,1.240384954472055,3778.4040954743905,33.773701945674055,1.0
2028.0,38218.28106882927,42950.156098283696,-184.4005607573893,316.83509489569417,191.84664540423404,177.57227971821936,3.7979902385269435,1.5531165716916286,4063.345221832268,30.67997229476064,1.0
2029.0,38404.7846327711,42959.91985152314,-68.86616272481676,264.4431323940878,212.04559307049567,640.058108482977,3.975873840809748,3.6561722420902374,NaN,16.346421322854617,2.0
2031.0,38499.1500759318,43015.90648927554,-3.2756515477656007,240.14783560484335,227.9159433106194,361.65857546014587,3.9198711631168717,1.725456504283245,4328.722163096813,19.184040389361055,1.0
2032.0,38538.58826772923,43037.20582444587,-90.32632252899809,273.1433310090428,207.4601306501528,233.45741856469886,3.968805724531967,1.6377248029050562,4519.007159626397,25.133868910837,1.0
2033.0,38583.61344833232,43042.637456185315,101.69432378267616,209.8641012211924,260.26315814822766,249.60676982165208,3.6758345604699456,1.532809544839348,4142.024186478984,23.32609897198054,1.0
2042.0,38872.5003498709,43252.88675509545,-28.64635778428715,249.02645032863737,221.35785543177965,107.08379323526133,3.5912931202873035,1.1640696739939196,3021.168501489427,36.89084253670243,1.0
2043.0,38857.410887776285,43301.530200104644,-80.33209365633313,268.99202472656503,209.51519483143898,332.80117970390506,3.7888088816494983,1.8218803294090635,5055.2462620650585,20.683909500274673,1.0
2044.0,38848.220652128155,43339.9361928625,-116.29107103592824,284.36854609307153,202.47690005151355,172.06578132024174,3.8690479983851818,1.4157898025269753,3770.474115411717,29.602956206290933,1.0
2045.0,38890.91629085859,43305.13779130648,-36.199878842594536,251.78710605425644,219.5001063121118,99.41737001227686,3.5973234103286194,1.2960676474636337,3464.146854999981,39.78088694766859,1.0
2046.0,38820.283417989165,43326.03904883381,24.29722591060025,231.1868662685833,235.59953063982408,205.3500146869571,3.95150418848849,1.6128107591050276,4316.730085192996,26.4507210181983,1.0
2047.0,38874.91502928402,43345.093536677625,-122.24575094188883,287.0325233150418,201.40648654725737,266.44216420442905,3.766184830618127,1.8258731175343546,5155.279061204738,24.041240594060888,1.0
2067.0,38809.155922400736,43060.12244332115,-73.7800227684797,266.3216058942595,210.90377553897616,189.77174452517386,4.254818808147495,1.4495440884524124,3817.5000285671567,27.62253225585373,1.0
2069.0,38920.77231623527,42896.026589073306,-64.5068386264261,262.6113402170706,212.92496114820165,144.7333802462863,3.8507897732843164,1.475089414271153,3845.242288224072,32.69040055202439,1.0
2103.0,38918.63670355905,42797.52131283538,-253.23221878036335,354.09024542940307,184.69540873722156,185.01837886402356,3.8270420795806936,1.7671836430809609,4596.712082128023,32.48818887001973,1.0
2114.0,37516.47368674373,41429.99826605935,78.16068410435757,215.74989587634724,252.28082712641273,159.90966892474114,3.9135254051593704,1.48316017206899,3713.5477608923243,30.249669683295924,1.0
2202.0,38192.33370169106,42561.24297493073,-111.6792468225035,282.328306323787,203.32449064063005,191.2485193066975,3.8027276789334032,1.4985443112157184,3822.956248176539,28.05251527724578,1.0
2203.0,38149.829395138026,42561.743730230286,-25.638097805612876,247.9419744710119,222.10982822143689,200.98751324544827,4.309264855033289,1.6154536707710658,4060.517525718866,26.99108248315145,1.0
2205.0,38179.448597404735,42629.58237770154,-5.855428579184371,241.02292000407905,227.2266913063584,181.18106681875076,4.037150446768636,1.4832631046519802,3807.5673015127522,28.12086519147726,1.0
2207.0,38155.846892588124,42574.057118813806,14.330582392302201,234.343209937761,232.75531430332214,108.75730811107942,3.857713957787107,1.2925297156229705,3334.560068153393,37.23749431865424,1.0
2208.0,38130.03677955654,42508.41354345417,16.805902009518192,233.55055582168933,233.45463905861615,159.7944747484282,3.779146961842973,1.2936561650034362,3618.7093516237187,29.413192734699933,1.0
2209.0,38174.80457349238,42583.441953885515,68.72723899029876,218.33010211415512,249.25962726139807,250.93170745486236,3.6239174244459806,2.796437863003809,NaN,27.560847132993864,2.0
2210.0,38240.7855281352,42535.110605795606,241.92599102639545,185.62013701558908,316.5789114031769,133.24605326212415,3.7707856240078756,1.344813144951417,3615.0610846868403,34.67914799187182,1.0
2215.0,38059.913498269074,42578.415143069054,21.328496753954266,232.11723980390337,234.7444176188754,117.73467809495807,3.716917266548948,1.3905887891615416,3942.3885983572477,36.08740201428865,1.0
2229.0,37436.05903562094,42240.24918709415,-430.08286476980976,470.29717559464507,182.8778404927585,200.78714720013124,3.785944957031821,1.346316275048856,3366.092068675642,33.9806228689002,1.0
2233.0,39443.34896243447,43417.60034870319,-302.2334325859428,383.3346145322528,181.80461120193937,155.27728796749193,4.013091103257422,1.93117688075162,5813.698642023061,39.484869811981255,1.0
2233.0,39441.55204348697,43423.567419253195,-291.2746656429535,376.59775311614595,182.29225818144437,149.4834623903602,4.173302516605895,1.8952625815605453,5382.034857642859,39.82430508497756,1.0
2239.0,37673.410098832035,42411.557159205295,-418.62257589770707,461.8730237879132,182.27337298695016,218.0058418165745,3.6712509592637312,1.2767900842524,3499.766017324329,31.503425249308943,1.0
2239.0,37668.14555895845,42411.49505076351,-413.67149331663165,458.2719271503493,182.04319231555857,207.28902259517628,3.912316606885907,1.2622398687444354,3075.7759272346416,32.2254454100674,1.0
2245.0,38095.26608748712,42535.70674546745,-13.086403515780782,243.50918327242982,225.32178752641573,146.07887880620456,3.534261093493289,1.3181804822702294,3259.7700400543745,31.282394631643797,1.0
2250.0,38148.272870023764,42449.088288704275,-102.13761399476526,278.1708280889972,205.12957268132962,111.85341121120767,3.5185249394266824,1.156911035900949,3464.9241921946664,36.625841959195,1.0
2254.0,38103.37801471629,42478.93961530328,-73.37722982578545,266.15876097083276,210.99020692847154,118.70572648064102,3.5176201804556193,1.3315424959153643,3560.798482248988,36.16258573744552,1.0
2257.0,38190.164944436845,42507.736178663574,20.36343903555423,232.42147037279764,234.46788889530362,105.16030752122538,3.731225044590501,1.3186307460711548,3479.1469659143354,38.222164231957244,1.0
2261.0,38267.330172152404,42538.32094432551,-226.54664942552915,339.11637630661335,187.03933125063364,191.02034583337684,4.05393405481615,1.5399821236571767,3763.8843893882317,30.02658452199388,1.0
2262.0,38224.53910016028,42514.32680079703,-53.851528162848744,258.4481976611599,215.32830909725482,106.27563167471243,3.720367728002352,1.270865128281459,3188.2153761817335,38.09042507317821,1.0
2266.0,38269.27574234365,42580.358452606975,-130.11276695636013,290.6033020307379,200.0337450561694,91.96424037652108,3.7030302132388266,1.3374809964986258,3653.5678773472773,43.64643035368717,1.0
2267.0,38004.2702295602,42592.248229134275,-385.9347923916611,438.525539317233,181.0991651563104,281.6023410262806,4.196381897194395,1.6565893623576493,4378.129567924507,27.573258737488118,1.0
2268.0,38264.92222713741,42494.98300935205,-84.65569448929804,270.77636013936524,208.6168116358941,106.51490301266129,3.48920014834778,1.3568728823976506,4510.673268038788,39.09747422208338,1.0
2269.0,38290.98279029265,42554.246122596414,-61.01718625236465,261.2361058014753,213.70253781950942,127.55139725280674,3.8692514484806884,1.217324496941914,3121.086876195411,33.741043994107024,1.0
2273.0,38229.52195927406,42469.933790443036,-62.58059099961821,261.85080683279057,213.3530269171014,145.38628153144882,3.8971949300848254,1.3260715998603052,3014.374080587183,31.756260050852994,1.0
2278.0,38161.2431564271,42511.54158911351,16.577988190351334,233.6232975419645,233.3900539012581,116.18878864679264,3.7076844539790486,1.3467483752519867,3860.665318076277,36.095002865769,1.0
2279.0,38306.700461796136,42486.614008330434,-302.1103126940482,383.2582980066069,181.80958148103562,181.3145449712902,3.633070435526094,1.3211437637099437,3425.144999802137,31.679847372330293,1.0
2280.0,38240.37235824272,42584.16139088286,-94.382496584057,274.85501693449504,206.64779586473284,141.47783562455064,4.077895962581418,1.3396041703427255,3299.347779101221,32.69167587220265,1.0
2290.0,39318.78209562015,43176.02383579763,-227.04985746678568,339.39252541278285,186.99011166029192,243.7378378561627,3.961488348556092,1.7103964848243896,4377.861643986799,26.480400148823925,1.0
2291.0,39324.6347814361,43228.49765249414,-305.1440931598713,385.1429666450105,181.69047429675757,147.5244401087839,3.8701971085262064,1.372969125887152,3252.6595861373935,36.46562901290901,1.0
2377.0,38165.837960928846,42519.19143189335,91.03769756566648,212.88735451465456,256.9378903727497,329.01401431693745,3.7527629610385653,4.066660765603438,NaN,27.06989937103167,3.0
2382.0,38173.17397619343,42489.42683023696,59.34605821592412,220.9039188042081,246.26155479881072,215.8903188932598,3.7287734266322143,2.7555362829310956,NaN,30.489719622959555,2.0
2387.0,38172.09441884216,42435.34207070795,-8.45844604185297,241.9122488099139,226.53637074429204,75.42905523116535,3.5962106950836863,1.4068925679269422,4155.193365893217,48.82000128182959,1.0
2388.0,38352.31971234523,42598.72275806503,-375.59953207564774,431.35316228137856,180.8973382060384,168.67206386154078,3.54064501398835,1.470692330666493,3975.4260592964056,36.57247817921762,1.0
2388.0,38378.020455452744,42600.62028947139,-391.0198561879483,442.09140144384565,181.22834565197596,163.215184552099,3.7617605221945767,1.529875990594159,4018.7549443097128,38.489506728163455,1.0
2389.0,38101.86916364713,42520.32865901524,-104.5374900196397,279.2084202732969,204.6690342186561,115.16113874385313,3.650733426488849,1.3831714924701608,3543.9906318688677,37.663001911911984,1.0
2390.0,38489.64924834064,42736.2379463011,-318.8851285621995,393.78796286096946,181.23883011157636,244.8488098433201,4.482657067536479,2.577495935224759,7921.4122377997655,32.833979333388385,1.0
2393.0,38182.25600327176,42558.2208952799,-287.14738950275176,374.08988332972484,182.49964091381406,211.76187850858577,3.860817681756344,1.435997432301705,3696.7595757086783,28.9917099646639,1.0
2413.0,39905.84008504437,43781.403696604466,-371.6302741504053,428.6253813392304,180.8414619048706,156.97465345608504,3.7123886045919403,1.3865648620944147,3360.299230327267,37.497123081949326,1.0
2415.0,39485.44842278497,43496.098548429814,-131.00733498275696,291.01303523334826,199.8806355437736,107.9688571793049,4.059492804724962,1.4655751724691863,3727.350594124277,40.446261440766406,1.0
2446.0,36321.14110713509,44348.560991510974,184.29981298266338,193.3383651670332,291.6228785835057,139.7710351302653,3.796380179638999,1.3588871908710722,3558.3128359668767,32.900915085727014,1.0
2497.0,39440.44458260866,43754.37090106873,-404.50244502913773,451.6640005352264,181.66624809705863,239.98335257089096,3.602084710691581,1.6022943823263776,4182.222810601584,30.853315530507228,1.0
2498.0,39271.412628190425,43403.74579223447,-358.7846044187957,419.8993358754919,180.7429363463769,190.65162315486998,4.189109375425373,1.6366429157934177,4517.544723279803,34.26019083855951,1.0
2499.0,39006.56459817781,43400.43893878504,-276.83286123627005,367.8926697165429,183.07467505162785,217.46607346376726,4.059844923013115,1.5349636119184265,3880.269584568259,28.720695619922925,1.0
2501.0,39641.79498748468,43533.846993463754,-323.8888565085954,396.98021837796335,181.11010624496353,226.5538223920703,4.040590926240619,1.628904580208184,4769.76177610444,29.582698649149787,1.0
2502.0,39575.698498759084,43645.20032230015,-297.56365974887933,380.4500417092915,182.00121762556236,135.87137861517948,3.930792979454934,1.4421843141162243,4209.642955754953,38.74848679611236,1.0
2503.0,36335.108730900654,44241.426912210445,221.53124514846547,187.99370445835598,307.4572661868373,124.70638683023843,3.461014848516379,1.563275087786135,4143.685655976197,37.386454310244034,1.0
2504.0,38542.39257290439,42676.668561319086,-416.53749919318216,460.3536564642827,182.17415863891955,240.82894549396252,4.0271159010926265,1.6301706679422154,4572.466921233435,31.36186892193596,1.0
2505.0,38828.424470290054,43147.15907838938,-225.6300286047637,338.6139693260538,187.12948332700583,228.24103744852357,4.246816192456722,1.7028322205871864,4253.320669157474,27.531919448396454,1.0
2506.0,39216.10080338874,43329.77097531798,-574.3569679428032,586.9432028878833,199.04910184970313,262.5275625274684,4.234307754669968,1.69859692423348,4228.267410536509,37.28873328322331,1.0
2507.0,39556.63789442818,43593.404119220046,-287.9421721690993,374.57157078855664,182.45869631644965,234.41179880532906,3.8843481372004747,1.7800434694553902,4973.617091154358,28.72286811165377,1.0
2540.0,37658.821346670695,38920.96709086336,139.0902071525765,201.58567253252951,273.81562437659636,79.14309182826824,3.4910306641742324,1.2226447590164475,3190.061288436531,45.283894428675275,1.0
2558.0,37554.87483036399,41838.9323375343,-307.7309085143851,386.7568235769639,181.59445535521985,175.80004630585609,4.210275155272867,1.6648136958099524,4389.7129270049945,34.54096814129993,1.0
2559.0,38354.06542035498,42575.00209987017,-409.26232329375557,455.08444206954414,181.8539319701437,192.72557344043688,4.461674635489383,1.9532803199736337,6110.0847146481865,38.42073020124148,1.0
2561.0,38364.3645724743,42450.03219338888,-96.22374532563526,275.63713494020436,206.28318447172907,109.79996627632424,4.468604751678862,1.8451187236379443,5508.2286043477525,42.92511951533518,1.0
2565.0,37200.07702854907,41752.598956671165,-309.1296544721688,387.63209881137334,181.5446601470747,143.73641624908325,3.6661246174557163,1.3945898082532662,3600.6116917412132,37.374271091914,1.0
2569.0,37160.75183824161,41682.48907334722,-283.29007156394744,371.76057104839106,182.70519508448393,330.06250637954366,3.8713065613001745,1.9617626442840037,5168.1555581490575,23.643961981289834,1.0
2577.0,36117.007263572945,40813.891263475525,205.4658444514354,190.13959986880934,300.49513946002236,189.18243416557817,4.192335644433601,1.626556258008566,4085.487698211737,28.71111908029822,1.0
2578.0,36372.3621837767,40940.457372990626,-472.56357791353565,502.6040438935377,185.9916227557384,298.6764273189435,4.186135625359226,1.7242262373630834,4902.500222401864,29.73933612307069,1.0
2579.0,36536.20555647765,41141.647261199265,-241.18297486013944,347.24599235003166,185.68655140821974,159.25319678800892,3.9816744006584583,1.3032760516180995,3233.130402408316,32.62495039883076,1.0
2622.0,37633.764316676854,42058.62088437987,-546.0138139078667,562.4783855569814,194.62012911823172,231.78331589759458,4.120390685383778,1.691341654199002,4410.429475546817,38.77555909567079,1.0
2623.0,37413.34611434884,41896.99666647688,-453.6200552945064,487.9871338218844,184.43318522237,233.51850300433608,4.225721269016615,1.624121884462688,4085.826384384802,33.43700734466709,1.0
2624.0,37655.00905673694,41952.05310551631,-212.436478724232,331.4702593100259,188.49804121756804,223.57829097247887,4.282813350210781,1.6849225907011598,4411.395298629974,27.57517165900178,1.0
2625.0,37427.002395573916,41940.43853386109,-313.5926482255364,390.4371839164762,181.39574664747985,259.3301116755795,3.998837904987028,1.5312364625315935,3980.2193466570675,26.568950496142755,1.0
2626.0,37393.63107245068,41692.67837243076,-164.75294029041734,307.0204844689882,194.55034638179356,139.10101273565877,3.7145726572683473,1.3140853104900516,3472.7819051323554,33.91172865723779,1.0
2629.0,39254.21194110732,43463.61131426846,-285.4187274041446,373.0442639612549,182.59035812654227,179.21576896130102,3.659401581870282,1.1703040584639954,3000.710377040517,30.721018134870256,1.0
2637.0,37372.2052672607,41644.43570084378,-366.41372534176844,425.0630222109197,180.78628637675462,167.01138562768415,3.8782364205453277,1.534342111078035,4487.72242999817,36.92183585401264,1.0
2648.0,39373.074215559696,43598.652503634476,-211.66894672660678,331.0597279314985,188.5817399532573,170.0478580201916,4.029481561705766,1.6762121741179614,4861.98179958773,32.77397241200615,1.0
2649.0,39684.95057576389,43691.40201557655,-347.04252458945365,412.059086464509,180.76288862011697,286.754825626769,3.8432506280913077,1.6788570391290045,4183.953085712031,26.295493494328813,1.0
2674.0,37440.29441731191,41977.16964466931,-427.555499640181,468.4287320238346,182.7359329491101,206.72449359019708,4.187022999600624,1.546683713684898,3760.8602364702765,34.53209260166,1.0
2683.0,38144.84106686926,42484.83576794379,-358.3857176347808,419.63086364223034,180.74189002284166,190.0036351915676,4.393814703124129,1.6964293086680169,4426.982357715689,34.71763474130846,1.0
2684.0,38149.7446258024,42566.05286739356,-136.19893058941088,293.4058062765951,199.00410960133098,239.7342837594918,4.114775757361969,1.707591326971367,4608.468522189599,25.415469689473955,1.0
2685.0,38430.432318580686,43057.6923672567,-271.06812129629003,364.4727821798883,183.43137941207473,153.06223018504096,4.0270324434306595,1.5745456097493964,4904.696063012805,36.00045102193994,1.0
2686.0,38663.7814979737,42787.89295462439,-136.71834435378233,293.64659920471695,198.91754442547125,172.46281730320996,4.185226834205679,1.8933826322644867,5761.043914299708,32.32585305774371,1.0
2687.0,38420.4581368017,42670.42154831374,-114.90623070174809,283.75379502591363,202.72971202019204,160.037529159154,3.9421767395637652,1.5720249748231045,4490.2216708500355,31.757833892053668,1.0
2701.0,39518.05979676579,43852.9981187004,-409.93734947125705,455.57124470345116,181.88194647603794,217.36193941186258,3.739473667543791,1.4511237973113866,3853.359467972633,32.19693713962899,1.0
2701.0,39491.89125960534,43852.74996711825,-453.2796350716991,487.7275592621164,184.40768113422612,221.82152131515042,3.880307459858147,1.3962928071337044,3423.701212973712,33.127085852667584,1.0
2703.0,39464.2873703705,43877.46290055893,-377.2747469175853,432.50887345269626,180.92452374497555,195.9440241142267,3.7809340728048992,1.5044016483355935,4022.349811578543,33.48711934695552,1.0
2704.0,39530.56707056744,43873.73017551197,-450.55786277978837,485.6561045953,184.20694340607093,225.83556433832482,4.2313643443910385,1.7004265923678659,4104.584146110839,34.540470932740696,1.0
2705.0,39612.45013518879,43830.828625995055,-455.5236621227628,489.4406713297507,184.57743010302215,249.46521470747882,3.857213904244374,1.4426540137036854,3278.230641205665,31.12273641050012,1.0
2719.0,39071.071106516545,43118.990210750926,-134.89633805069556,292.80306170425604,199.22210322340945,216.94026552345832,4.516240571758324,1.8189652828794536,5039.290196510434,27.47033669296383,1.0
2720.0,38895.61650754677,43108.77023404514,-135.23005536584242,292.95732922190393,199.1661312060817,243.58269861158988,4.300135416547275,1.7953391738218272,4990.088444227351,25.456601309129155,1.0
2721.0,38238.77644227191,42598.8332362941,-243.4626016009783,348.53037285469884,185.49054824673865,208.85743248554414,4.106579789797113,1.652768179677018,4477.91573815719,29.252288058780938,1.0
2722.0,38334.73613314496,42427.88527975886,-461.6847900687332,494.1685533271373,185.0632201186752,225.8411350386724,4.218861945100172,1.9743801540319361,5987.334269410441,37.014573154577356,1.0
2722.0,38288.29613579528,42431.20778184405,-423.3163688972494,465.3083302055911,182.50884253374485,208.72267761650133,4.469389316264011,1.8815742266455338,5020.225401449311,36.45746412539969,1.0
2724.0,36564.39293025467,41059.82114723877,-278.6295983689689,368.9649760394058,182.96867542528932,135.06717061445286,3.922725143197418,1.4157084753396563,3762.1547013729887,38.05292566312436,1.0
2729.0,36125.90604611224,40708.807747094965,-501.6781457979368,525.7287057985898,188.91996857654763,209.85232709594922,3.994401455730501,1.5457683687756738,4189.592691116567,37.65926565800393,1.0
2739.0,38125.98258953132,42307.44331696355,-375.7138799867694,431.4319654157455,180.89912584388466,214.6120549245412,4.011094905459579,1.5839609967397321,4129.926254711213,31.997770130769347,1.0
2740.0,38699.98206160776,42954.739190372326,-357.4406927217896,418.99540993657837,180.7398950639945,200.82469913181382,4.150452427879077,2.1265931845536747,6091.136938949252,36.318594832397174,1.0
2741.0,38300.962023672524,42685.93657617854,-397.87583564647326,446.9377056447099,181.43370993124563,253.41366424850818,4.310732296018404,1.5679716559579984,4112.501722564741,29.427232438993236,1.0
2742.0,38570.0742398792,42876.453188532454,-115.94960193367162,284.2167949303323,202.53910178546636,229.44891477445242,4.426971376416674,1.7422653708018399,4318.261311206436,26.0116486917453,1.0
2743.0,38717.98044525011,42718.58581660895,-202.76078008108283,326.33563932617625,189.586011945556,163.473556089065,4.3007198967926525,1.9761475025339375,5735.178303378341,35.39204613568048,1.0
2744.0,38753.2251282103,42809.916313896916,-218.89020979722972,334.9441534743924,187.81202560433903,165.51975623876555,4.014390379309043,1.566665780843238,4462.426090437698,32.85642791674104,1.0
2747.0,39499.164699798275,43327.15205672814,-325.93519973870065,398.29253743842736,181.062960205409,130.51551715339912,3.5479742241514978,1.3208399064369718,3519.2903367911244,39.7690501824095,1.0
2785.0,39474.296925630646,43631.69276226621,-435.9423651830995,474.65218850082346,183.22556801293416,186.34024406164087,3.7625492113886505,1.6022576598025002,4427.7910407569425,37.777720088196595,1.0
2844.0,37996.58493623061,42300.86862301718,-353.79297732197745,416.55051207663604,180.73857842255498,246.7004582675838,4.515347297935543,1.9069136135346703,4873.866917439162,30.1877976810968,1.0
2845.0,37656.84652084202,42159.71931208415,-474.41817602436964,504.0532473968282,186.1588939398792,225.45161687167777,4.095862948087533,1.4801452079881514,3709.0982150885316,34.19659298887343,1.0
2846.0,37160.23091321635,41585.722128441725,-359.2385157918995,420.20502513037405,180.74427450775949,194.56829353394352,4.225637363372922,1.7183716095425094,4543.979760412506,34.35020350290483,1.0
2871.0,36333.7655670937,41138.96206264604,-667.5879822837304,672.76121856485,217.93661660523736,249.3881941048966,4.1384331459713595,1.5620806342923452,4290.834007368067,43.70943243681489,1.0
2902.0,38797.84102766687,43179.742530125666,-223.86146990428838,337.646847717951,187.3052353078136,146.99111487592128,3.81287872738806,1.3756466088225565,3746.540557732055,34.32454611938249,1.0
2904.0,38634.85581902918,42902.751515322554,-742.7685763183541,747.9339072396408,237.9919057183234,286.59192880358864,3.808652624603281,1.6175508950572175,4502.07829131616,46.02430000577261,1.0
2907.0,39658.18206439522,43574.55292496575,-269.4455210581554,363.5158388901515,183.5363484479299,253.10840088921648,4.031139934374295,1.7134956470318043,4500.001237730893,26.68639257103461,1.0
2908.0,39345.895538513905,43541.48114379802,-307.18246540116536,386.41413492830105,181.61438680355957,319.2124577724477,4.110908770831763,1.8006046538057607,4840.323852784342,24.125075364497018,1.0
2909.0,39608.9842478999,43581.26495171606,-67.35879000398047,263.74379116122947,212.2963709100728,239.82545396218086,4.317053719678438,2.0063339482074336,5461.1048365260785,25.80090050507057,1.0
2925.0,38867.7015921702,43175.358987524276,-188.24395818119962,318.7975639989401,191.3521602572424,137.12640279488036,4.080375518899111,1.6175105156837082,4780.914354383657,36.776833068765605,1.0
2926.0,39472.35720816438,43537.65929267507,-253.348608400275,354.1570250924959,184.6863743474848,182.5357884410167,4.133045368733586,1.550120492643221,4392.129101904151,31.546641362916255,1.0
2927.0,39229.433200247346,43403.59585522289,-450.39624377033476,485.53332121390594,184.19520116047065,220.71660641887337,4.0830494280909955,1.6623825275794215,4430.802568583928,34.80516739775009,1.0
2933.0,38942.64105716401,43165.80977239488,-550.3318926765181,566.1566848276657,195.25535207545386,211.09480767689388,4.162920035418346,1.7385154215657546,4355.954509118335,42.086837464159636,1.0
2934.0,38698.07194565919,43085.37323071291,-17.063044402662346,244.897506512604,224.2911774670432,155.06386864471116,4.086651641935225,1.70995569144365,4948.659100464048,32.24163232130997,1.0
3181.0,35091.26169471338,40094.557563846196,-127.65998301743349,289.48374049637965,200.45667907274486,96.41336192835442,3.5957727894200193,1.3108638349609807,3607.355325307928,42.0006760249254,1.0
3251.0,37232.661338695914,41818.11920658202,-220.53829086247762,335.83757314288533,187.64192661738477,236.30181181986444,4.084367533800778,1.4719227941473216,3497.588537949662,26.00209251540693,1.0
3252.0,38509.81249857846,42658.71891291587,-201.22583750020266,325.52920217323214,189.76516345436272,226.00538750952225,4.0723347018230935,1.501897412123109,3885.3514031865325,26.500702866333206,1.0
3253.0,37867.53841179408,42286.86079356228,-249.6316824267437,352.0307132141384,184.979988965179,250.23190858282732,4.4564097599284676,1.7313852331142248,4305.3988704698,26.546000537965394,1.0
3254.0,37508.234910803505,41933.20732887485,-765.459146127846,771.6691881275042,244.8910935392873,300.7659245321997,4.29074430333292,1.8563809645484226,4835.139203689439,49.33604138622543,1.0
3255.0,37320.65127258876,41891.19649216482,-544.0610210063809,560.8206982286321,194.3375243261699,363.35619088894714,4.059230138683696,1.7125453964773703,4461.879649109636,28.868623287132785,1.0
3276.0,38400.90159271896,42715.00970341928,-105.3539175305637,279.5626427919289,204.51336160295745,205.467874186133,4.070691356827778,1.3856019840007519,3132.858209993137,26.384847164967333,1.0
3277.0,38238.01773265092,42523.58720535803,-203.7471321400044,326.8550273465881,189.47183705096575,261.6719498067789,4.151041048362415,1.7529204078200635,4842.606462679665,25.111392108091724,1.0
3278.0,39031.933558512625,43175.54022151838,-528.346698616655,547.612022834383,192.16916451020205,220.35122473684717,3.8770092768644426,1.4655644887297,3882.683955991966,37.2459892118614,1.0
3279.0,39339.36061711535,43345.34226484726,-290.2964981882662,376.00193374346634,182.340234271654,189.23447169926155,3.871142998764708,1.510848975749246,3807.443455221181,31.54389742942948,1.0
3294.0,38115.18029789634,42348.60407533975,-240.47153260388671,346.8461570251623,185.74853234344877,244.80575410333225,4.388099447133923,1.9722166578825977,4954.810690684132,27.710024893609067,1.0
3295.0,38002.63151634552,42310.033181076025,-429.25290793328986,469.68293656448907,182.83070291917076,261.46405639582906,4.243606383574473,1.7484514876015722,4390.426991022349,30.815638744729394,1.0
3296.0,38554.26513917363,42809.87641434082,-397.84004935647687,446.9122942158681,181.43254498472785,174.08080312271682,4.220017941923607,2.1391261929410414,6734.226423602385,42.41290304187125,1.0
3348.0,35714.364586224714,40379.42972506074,39.459435201216515,226.56478285978494,240.0716073053822,144.775771816052,4.544051725144239,2.151944183695786,6751.476590774461,36.469545839311444,1.0
3349.0,35676.48347460345,40567.0158033188,-282.68726308473276,371.39782176762844,182.73834287953318,249.5203900606004,4.786351242762916,1.790069706444586,4935.1411855752485,27.523004731831776,1.0
3350.0,34739.602712971704,39794.13171650281,-308.075397200905,386.97221858217495,181.58205320490234,253.50521542922792,4.1263610154644095,1.5961379358695795,4112.198080064434,27.059447242963685,1.0
3351.0,35213.77915391395,40170.278136000416,-255.88129627506737,355.6133425688912,184.49233873703608,300.573053446615,3.799991667695893,1.7789851572459108,4636.204688094219,23.96370922843029,1.0
3352.0,35729.35409972629,40363.454530337185,-191.58836352848098,320.5165782898898,190.93103462984345,180.1036195688362,4.463853707214495,1.8976450988506155,5831.555110203005,32.41056231406279,1.0
3353.0,35766.4604709024,40561.44361061354,-483.5973304216401,511.27369462325595,187.02537943621712,239.0481937185274,3.6526509926778137,1.5644596380689197,4194.345776404535,33.86456461609931,1.0
3395.0,36967.87917927325,41559.34122675932,-193.5204188281428,321.5144556259461,190.69163589890059,165.68265029284703,4.2599061231297695,1.8265983061197186,5286.974967025969,33.874518521618754,1.0
3400.0,36650.36794856186,41575.76909112402,-361.9210687160402,422.01557312384875,180.75538890477142,228.41986955192067,3.849515265310074,1.5098268986076926,3572.4145604961404,29.951390739018784,1.0
3401.0,36644.57840792741,41546.07480771485,-348.75519364105145,413.1945456577082,180.75343311960012,281.6319679105942,3.7311689690471983,1.9478961439309903,5502.89567416612,27.71974279578234,1.0
3402.0,36693.4672760085,41542.067677599654,-331.5322178966954,402.5560042329683,181.4787882139866,649.2749040007186,4.121206209790035,3.4826524252492863,NaN,18.99399745588383,2.0
3411.0,36666.873158875096,41535.10168533602,-319.66398931577754,394.62825024909154,181.49630863521526,2324.329662229803,4.06424721299623,13.806400512214744,NaN,14.7732029875232,7.0
3417.0,36633.04651887779,41550.76536239784,-285.0136250301679,372.7996364283576,182.61194657885065,342.83816312373096,4.5209129719652905,2.200705773257317,6127.59426969928,23.84082271064511,1.0
3419.0,36673.36429156879,41551.329005310065,-267.04461261185537,362.1044360149628,183.69534866248537,340.82539032919556,4.732504417769095,3.591935393923477,11890.516799843725,28.63318508217134,1.0
3420.0,35146.967433592676,40307.68842919106,-393.0207816459942,443.5012203880243,181.28457970628926,251.65753893912964,4.253880743536406,1.672853171039134,4191.060107562727,29.902302290800627,1.0
3420.0,36729.01744524455,41542.914293041904,-302.0018409597182,383.21188911551144,181.83079259746108,843.1710746685872,4.53784627802553,4.42725570045245,NaN,16.829237014907402,2.0
3421.0,35273.241775807895,40094.56519566255,-249.53812399971812,351.9773600920883,184.98751535903938,136.57366687764835,4.113199807246933,1.7159323767409511,5335.750817719957,39.326243104812654,1.0
3452.0,37111.494632560854,41553.42361960539,214.455664765522,188.90881566128792,304.3667439182016,151.59436512551483,4.673863732355799,1.9142722336080726,5412.977917996463,35.03910385309267,1.0
3452.0,37111.96342386035,41552.224075297665,217.94872291502395,188.45114502128672,305.88769823333973,155.24585867153672,4.550522566354288,1.9385425960058627,5896.813446146002,34.69367358310756,1.0
3453.0,36578.159437142036,41166.24762328386,-263.31418995307575,359.92224672615214,183.95111152755317,124.6279898418479,3.6186043032269146,1.3528618180016934,3924.4898315897613,39.06412108807573,1.0
3461.0,35744.71365144962,40551.223631355795,-593.4441608749294,603.8454586349942,202.37668368855174,245.2160494886434,4.425919850657731,1.6809145266923602,4465.983394730015,40.12203484554869,1.0
3462.0,36365.586910268314,41177.16600979634,-637.1206589863859,643.8147852531322,211.03563359477886,315.71425843792946,4.139160581274294,1.9787703330716704,5622.236118812952,38.6225338434522,1.0
3462.0,36345.1017032374,41186.71739139743,-635.0709057697501,641.8987798840017,210.59675317460096,291.43999925742565,4.597093237712848,1.9288277058906458,5339.329465102174,40.29910533938296,1.0
3463.0,36937.27318513549,41447.17625934084,200.90122917187054,190.79370762260336,298.5528934906764,152.20185166798967,4.602156790122425,1.8310441689712138,5266.274612072775,34.17805328178936,1.0
3463.0,36938.456629609995,41447.99179770486,188.51381856885624,192.66783142315515,293.36206167147725,149.4583755647446,4.6841286103781705,1.8242307891998109,5233.581841746949,34.37614957425675,1.0
3466.0,38996.48717036733,43213.78611130946,-251.80553191197632,353.27270813942425,184.80698983580228,190.31932567782468,4.053916119792295,1.6436707170101934,4248.473894269137,31.179159722102963,1.0
3467.0,39127.27164565464,43343.85122776845,-477.23378795829154,506.2595978059032,186.4178521541868,189.93070290878387,4.331104067599594,1.8588597564558154,5627.81035334079,41.71217653509377,1.0
3468.0,39000.28734171284,43362.15513184837,-341.5899595450543,408.4625856259327,180.807878963479,183.25063426715786,4.441432400661242,1.9217342075584214,5547.114983189502,36.53623955400673,1.0
3469.0,38179.13732319418,42577.555886417795,-249.53246102318082,351.97413095815347,184.98797113651182,217.74958226657,4.367718280199266,2.0440911273730444,5970.420955463087,30.501266129006343,1.0
3469.0,38178.854708014296,42577.27788745363,-244.50930341514692,349.1217441000342,185.40187912337151,214.71421994061754,4.4452779441017505,2.023741929934802,5712.61279154623,30.56423663993133,1.0
3491.0,37798.60893236002,42270.75090863668,27.250992592027117,230.26943020324236,236.4569998260104,235.89424890170423,3.988980998816418,1.3621864813119624,3135.3516889318175,23.599509549183928,1.0
3492.0,37718.26608534948,42321.38199956681,-32.19145980142352,250.31541158318487,220.48054126194995,309.8363271286197,3.8658338095587403,1.5108574846826637,3897.4282268032293,20.648633605847674,1.0
3521.0,37710.451556588814,41816.53948741212,-272.3366465065107,365.22263572268866,183.3507136368143,156.2146113726762,3.7489133513180604,1.3920309216879196,3800.3235102249937,34.33617778695298,1.0
3527.0,37527.388670753026,42154.955698118545,-56.050025441200674,259.29840745016685,214.82534464829823,100.20397842770886,3.5766943383975787,1.276770838392593,3476.749684145594,39.61204282116029,1.0
3566.0,38363.40608564012,42251.849750793124,-382.5953667957861,436.197057481858,181.0250507480213,282.5607214870345,4.03125308290508,1.5929001550352402,3856.283533605098,27.16325456646304,1.0
3567.0,38269.4416795657,42220.79845708967,-337.8765462122214,406.0292743914074,180.85148898780886,314.7844093505853,4.164118675949276,1.6727895686445649,3799.719976042143,24.60011584980922,1.0
3568.0,38309.45414845053,42242.42615951481,-433.5124487285573,472.84224896010915,183.07819098358016,226.20783289418497,4.0039023917288,1.552068854715929,4132.589303233924,32.853773928347174,1.0
3568.0,38292.09334489803,42243.618491792724,-459.8067159154688,492.7235775675749,184.91207339773334,227.80414973964062,4.14144648081096,1.5289179151717351,4005.856579738144,33.64501831550739,1.0
3569.0,38255.16437568832,42255.792436202675,-427.490654387048,468.38087214611653,182.73235604260154,179.5171037637734,3.9472453468786934,1.5849827355745012,3889.5647426917176,38.182778213839164,1.0
3609.0,35677.12597881815,40785.24373356799,-320.23414690482014,394.6462787763347,181.20224713728868,252.33596974501305,4.009391471504174,1.4405319842330238,3798.6600078996294,26.827070367214297,1.0
3610.0,35702.107412593235,40805.591817247005,-349.7044528491457,414.23439753758623,181.07995256208523,660.833297439899,3.813694389830153,3.7245533035123857,NaN,19.60412028588666,2.0
3611.0,35740.40046027624,40797.79862368619,-297.11618694446884,380.1747122366322,182.02092963017256,285.90960504280866,4.119670279729026,1.5808047539768217,4157.830421481696,24.867889210019726,1.0
3645.0,37929.35875666144,42275.37581496963,-334.300364748808,403.69817956598524,180.903420923914,168.33494693780673,4.163620143156663,1.5289033386526503,3862.6650229730817,35.50080099144221,1.0
3645.0,37931.232934123116,42275.12097979998,-333.0389083244691,402.87879032221304,180.9240646545781,165.72476374459833,4.237502856460385,1.5665157946637998,4012.2207954012297,36.08854092706465,1.0
3646.0,37633.190918557186,42032.81568458948,-99.95075943059142,277.2300656887386,205.55305424949827,120.42439539327677,3.740805805749046,1.4065640248750304,4025.557622001292,36.70720317725709,1.0
3647.0,38576.01967133435,42715.63077551212,-42.1097801408998,253.98456926414096,218.0769160731699,163.4935933429797,4.544176346996917,2.155507102534651,6308.766585984262,33.92333786345958,1.0
3648.0,38618.77002286441,42671.66426045122,-442.42732011677606,479.50980953406753,183.64091690942172,184.91664900984824,4.410472898209747,1.5197059452806267,4040.4523772273765,37.626081442961265,1.0
3662.0,35743.09550265046,40853.333308615795,-328.55272883985634,399.9769138150257,181.00730630696253,151.5902432671065,3.572886634010895,1.321991118667536,3591.8219852408947,36.24767201886789,1.0
3663.0,35771.26092076432,40847.26595429884,-474.75591773430875,504.3175116331381,186.18963791789452,357.7538460957506,3.7495340273828544,1.7936654210292549,5363.224762946783,26.874518871487698,1.0
3664.0,35803.72378230732,40867.049913171766,-376.82516025576774,432.19844904911554,180.91701784338355,335.10586667648954,3.867290050714157,1.769405135964843,4799.655665057254,24.908854527977322,1.0
3665.0,35689.04244455273,40845.886552855605,-398.31949480395195,447.80918648447613,181.89784519980873,531.5769500077151,4.027286292685975,3.289945935521879,NaN,23.0107019372459,2.0
3686.0,35964.75838776092,40268.282115369424,-224.11026725075627,337.78272219430244,187.28036678643718,126.80234694593986,3.809970299281872,1.327595464719178,3595.9537594251597,37.33668915033609,1.0
3687.0,35821.145716655905,40256.32606336555,-150.49185336477618,300.1246269091766,196.69707480867794,129.95394485771288,3.798957519316573,1.1712028469987308,2896.2516311275567,34.21369419635343,1.0
3688.0,35728.15972409412,40190.165168819025,-184.38346948239803,316.8263990658436,191.84886948128312,121.85394607746214,3.728411263418547,1.2664192088140018,3704.565959610583,36.886627128591286,1.0
3689.0,35673.482082187045,40508.04052272966,604.3967516489517,208.86969159776496,531.5767935493121,222.63698322257522,4.069845864800085,2.0828425576227816,6063.44108505537,43.99678160078092,1.0
3689.0,35681.0829384874,40789.30652639989,-82.15073021250222,269.7404218709151,209.13557192023748,144.8809740702642,4.368642060633939,2.3197336135384408,7207.716413961862,38.68812043900985,1.0
3690.0,35696.89333245185,40826.396631334435,-312.7668820984325,389.91675643348094,181.42215490883746,351.8403808841651,3.8048191505046276,1.876151102189625,4530.856243864459,23.050692270009066,1.0
3691.0,35645.578895800034,40826.975104414276,-347.5576116367015,412.40028617768996,180.7598098143066,333.5772267088037,3.8471845044581845,1.918417367572424,5107.321463454079,24.743144760114603,1.0
3692.0,35594.14349409062,40829.23535679617,-303.08402616487064,383.8622500434885,181.77058882773204,138.08028726403032,3.8831710132517627,1.3125292503687178,3494.3214309512036,37.5017834327995,1.0
3695.0,37895.8684545204,42650.38682716311,-259.1046542648495,357.4755495640278,184.25245906436916,158.16326404145258,3.8171148830244177,1.5042221255615549,3855.3927368157592,34.43197719945388,1.0
3696.0,37934.94802061753,42656.42122186962,-325.3328182734815,398.02150238695214,181.1699961983968,665.7978322249253,3.9323679672542644,3.6525114014549134,NaN,18.83543896431078,2.0
3698.0,37893.49374058958,42644.02202071946,-317.60131343149925,392.9727263562543,181.27493286611195,315.31050502556553,3.7988202710667314,1.935943088641225,4697.010317212994,24.979912629865673,1.0
3702.0,37867.000804622054,42631.6267864661,-348.6176902418886,413.1032820229802,180.7541097324055,312.2238118943805,3.887602191117402,1.7328553812968464,4682.458494018255,25.174036752787803,1.0
3703.0,37963.84736143805,42640.14906886102,-435.96067958874784,474.6658512498089,183.22669588667137,357.56681767353894,3.8543140584167124,1.7001818273308784,4408.313176302175,25.30343816116745,1.0
3704.0,38003.59130798346,42703.16226882694,-422.01452353416056,464.353449891027,182.44185132163645,368.66620643231425,3.5136304561560996,1.69124837571083,4903.1244929060085,24.413499768229023,1.0
3705.0,37958.90804198963,42689.87932249366,-323.58542648488327,396.7859650097797,181.11736870467155,354.2296916790647,3.9491822980328735,1.5548497240542412,4069.399053141033,22.31939967151903,1.0
3706.0,38021.74405634493,42671.8408800952,-417.7629113196047,461.2461010789699,182.23206609400248,263.0119302372039,3.9907318793394575,1.801196554434828,4878.2377240242595,30.548722964758838,1.0
3707.0,38021.801024535016,42705.0423128785,-484.84484530183624,512.2611398044348,187.14809769044757,176.40530190550726,3.8999154391295066,1.226908626878794,2958.6411006246367,38.507788232158795,1.0
3708.0,37904.65273668824,42646.22503128635,-376.6287288035131,432.0715650852695,180.92080597352648,773.5614355302567,3.8952264416724596,3.744120070608597,NaN,18.11894088502103,2.0
3710.0,37962.74253306434,42664.31307094005,-350.88595006132044,414.78153944170094,180.8825733185021,1106.8061098813896,4.0181544064007575,5.588359248203916,NaN,16.159067801026588,3.0
3720.0,36465.973842870044,41192.94835247399,-600.1020378358035,609.8220188620202,203.6027050489769,195.22167900312851,4.231767210195132,1.6385960459525735,4185.98814181089,47.09537256769689,1.0
3730.0,38262.83446072801,42508.76317573117,41.9043195685685,225.83977562322067,240.80912637767497,130.35669705943508,4.4024165686587216,1.574389274841484,4117.044176212533,34.98421303948572,1.0
3734.0,36504.684726613785,41175.801737032765,-403.114765857976,450.6708386565313,181.61478203426668,153.90349669284086,4.361801109231127,1.783874366949431,4821.884434166397,43.046932650028694,1.0
3740.0,36515.51334176697,41175.213780795544,-513.2007215343834,535.1072226498868,190.2619948610606,352.97700315778565,4.017506708067445,3.3811117580073367,NaN,37.43285163688468,2.0
3758.0,38337.939410694715,42297.60433328426,-137.6004963988073,294.0561354732268,198.77099664032127,176.86379686639893,3.6435605613555055,1.3455647407151903,3759.3746918813254,29.06364986306331,1.0
3759.0,38312.75923198177,42236.998935356154,-204.8775362470236,327.4541017693818,189.34408449977636,919.6128547338515,4.043568800424999,4.552109813967686,NaN,14.780114419080414,2.0
3761.0,38377.510004885014,42257.13867600933,-210.58155141389597,330.4790616654077,188.7010881136702,355.5565762430517,4.041678134471499,1.812341950877694,4305.2277538070875,21.082758374971775,1.0
3762.0,38337.96376365699,42328.42339461141,-124.71989668358547,288.14922806484185,200.9696804720986,310.24643792164477,3.7338430668167786,1.7161269371756476,4311.301743635652,21.664660654487967,1.0
3763.0,38295.697507456585,42408.04262047054,46.19684692253249,225.13519137529408,242.56329589665063,594.3878218983562,4.077950106350333,3.934131917158978,NaN,17.32456366531058,2.0
3765.0,38273.117804046204,42392.525855386055,-5.775515889167564,240.99571868217978,227.24796585902962,165.59490296334653,3.6761010765174857,1.4828915403919194,4737.612461937647,29.71333286717387,1.0
3783.0,38341.56081413889,42315.89912691391,-160.5387416167998,304.96277225124857,195.16857829487182,257.0754291411546,3.7658480320949868,1.4403792191358968,3612.7917454958238,23.835115734371236,1.0
3799.0,38016.30411141535,42592.96633431731,-138.15101794113406,294.32777717667966,198.69252315156427,294.1604762334383,3.5536507377488067,2.5293359761629812,NaN,24.964449808011786,2.0
3803.0,38114.05658676324,42654.25968986921,-116.15589484277672,284.33418539659556,202.52230334066996,645.317084093715,3.8650289631310657,3.203510238748283,NaN,15.889588344966494,2.0
3805.0,38215.579249447765,42656.545688416525,-83.22271730801408,270.1830222433858,208.9129856745856,676.6336875960538,4.432546605504743,2.5498165918092095,6079.093792309527,14.468180233995145,1.0
3815.0,39620.04599205083,43741.95713146723,-499.905714735115,524.2980769548556,188.72323085254123,336.21677187697077,4.369877262624034,1.7841515907162413,4233.297688387026,28.858307769062726,1.0
3816.0,39797.549544617395,43985.0545332415,145.00948464454814,200.39619732995735,276.0585009255551,368.0025370055779,4.93441999277541,1.8259269563578309,4572.2258708660265,19.288223938548335,1.0
3817.0,39416.76923270419,43879.70372410793,-46.93649217396394,255.8037076437445,216.9343205363082,125.8277547510839,4.274217108054727,1.7618939071591138,4910.961202341757,37.68760058775267,1.0
3818.0,38058.70952613935,42424.04294935864,70.26896995183004,217.84055742976793,249.69855172222654,283.4394816156904,4.1071174901073615,1.9220265077086192,5549.186471645151,22.568831108468412,1.0
3818.0,39733.88430559378,43532.58438018761,15.883698968332926,233.8451910553149,233.19355342959994,386.15269637727584,4.4352764055948635,2.0729963057152325,5400.223112615287,19.036834160455854,1.0
3819.0,38013.98912475774,42335.93835923078,40.97105071864073,226.11586246265784,240.52706074459948,296.4810720767268,4.231802124594133,1.8897915603726156,5356.005990081298,21.872251479895926,1.0
3820.0,37985.381499786374,42375.483242003356,59.18868290001174,220.87504875996092,246.15303466712,278.30886393095506,4.196822069440224,1.9639123215457335,5419.739559695132,22.93426804481841,1.0
3821.0,38026.86561358579,42420.65050564826,33.96979334785223,228.21322170734888,238.43221025141716,335.8033810031105,4.213629705039076,1.8771521598675334,4959.225932678821,20.269618137590317,1.0
3822.0,38025.207688115304,42337.26929704188,-6.196688243729272,241.13914847284943,227.13589508797693,323.6797029244463,4.327593038610648,2.0111341480884657,4688.682338831378,21.10685895822277,1.0
3823.0,38021.79502582387,42279.260374307676,31.596885696795592,228.93455931727019,237.7306871842335,219.63056938566186,4.135984382590509,1.6282961642496425,4006.5607249707377,25.428945237117926,1.0
3839.0,38164.18633795563,42219.33088104018,-51.992836274262075,257.73300229957863,215.75644651249138,587.7508491843485,3.957740077728132,3.1668419336363094,NaN,16.447659837429587,2.0
3841.0,38201.28982781894,42175.343621564425,-243.5267625895324,348.5665931525347,185.4850889630515,328.2181930695926,3.9723573735060222,2.120778875481548,4328.2712534454,23.48184753929543,1.0
3842.0,38197.30564016816,42130.320687456086,-269.21907784146856,363.3953756489406,183.56157115304904,734.8703481765777,3.853624364186323,3.7205404638079544,NaN,16.819323246807603,2.0
3844.0,38122.19411225281,42125.982098994406,-188.02138712034466,318.6835374739162,191.38048879671877,376.03654891379676,4.031393891852325,1.8548198968321408,4228.549957099152,20.215073329719647,1.0
3845.0,38092.42035195714,42115.90522196925,-163.33595313977733,306.32672801177955,194.75671107863826,330.18449620926697,4.011941140268239,1.772905632410783,4762.946333064478,21.376319774488824,1.0
3846.0,38210.42925663355,42171.23100690566,-121.04249571275842,286.4915208620832,201.62060522821793,333.58237666737,3.8127849062209256,1.699408981728374,4155.218476977043,20.68933619766542,1.0
3853.0,37923.18707746215,42596.369009177666,-211.84636575034907,331.154575035127,188.5623526591722,245.08092963158555,4.033714954104108,1.7501019308774186,4757.178719112379,26.275642815969146,1.0
3856.0,38346.2733366643,42261.22781863453,-303.9891972747874,385.43114149582954,182.5485197048624,603.0831048835121,3.8995571992296862,5.15316739114363,NaN,23.41023808788091,3.0
3857.0,38267.11965841416,42227.83991097107,-243.0086526496384,348.27421952233954,185.52926314722663,262.590295296483,3.8605725568954368,1.3833365276123404,3312.67354579182,24.515404882953046,1.0
3860.0,38401.28312666549,42248.03351182004,-326.61840063738964,398.73155316617573,181.047930418863,289.5075107922889,4.034637259966132,1.6355286929263713,4412.002927626021,25.496575635446245,1.0
3861.0,38283.7280325881,42243.88610462041,-367.3336764814818,425.72252960725916,180.8212931096055,485.0350926424469,3.9491847340837634,3.2386312912907247,NaN,23.441881958958362,2.0
3862.0,38355.0252413297,42262.99258237844,-353.64649997653515,416.4525970141837,180.73873732504458,206.30914839242948,4.0262553092956574,1.6530927906851132,4207.618243347857,32.467215580076186,1.0
3864.0,38377.201435341616,42234.5419244685,-369.1620897435457,426.9366701985489,180.81277103592123,270.94590193116113,3.9793811015081286,1.4496174042163725,3592.5402205288256,26.93381008391131,1.0
3865.0,38327.513525843795,42242.6040248571,-322.60788590860227,396.26145152131636,181.22263169134223,495.8919344390335,3.8479027403506465,2.6668123677764024,NaN,20.560338898557365,2.0
3922.0,37934.12300735467,42090.71589923933,-130.6736133007525,290.86009460143697,199.93768225471712,329.48602968796246,4.126107756578637,1.8514900608947193,4313.946805515967,21.264494269282945,1.0
3923.0,37902.66485570138,42065.16779664136,68.95650444607443,218.19394976821877,249.27369843570645,276.2108883439964,4.157206184828916,1.7839484394555636,4425.068715937963,22.55473136201389,1.0
3924.0,37948.326059800194,42046.19941167548,-129.61655685355086,290.3763515238199,200.1189367113364,353.6060172117281,3.970375657345643,1.9055205124515742,4695.857247742139,20.490067271285305,1.0
3925.0,38010.79401768991,42047.852379907694,-167.19445012875667,308.2202887526418,194.19836374218576,275.1256900255234,4.004286008405183,1.7073685020076812,4142.063190080036,23.718451057604103,1.0
3926.0,37932.28059410344,42020.590945585885,-133.16844007598144,292.00598585868926,199.5132685850213,299.621421769889,3.848087677726397,1.64085905044579,4363.210710764498,22.011586573988204,1.0
3927.0,37961.61731976613,42071.488694824286,-24.77308287203153,247.73459330140122,222.41047225972235,554.1781469544269,3.863974878384906,3.5901935757828283,NaN,17.685002214024234,2.0
3928.0,37968.618812641624,42132.40724640235,-103.60906880067975,279.15627509341874,205.12945543479856,556.5045828950413,3.882102745393321,3.3019236052285668,NaN,17.5895875866872,2.0
3931.0,37946.6047138704,42270.40930423901,38.03815912275166,226.9888396477916,239.64496174538155,303.9906846909764,3.9227324293299746,1.6896173487236796,4349.34290857423,21.082427434415987,1.0
3932.0,37989.55790273384,42276.4031683185,175.24214056924473,194.83630444563346,287.93044798150487,197.77793705402848,3.98167591515737,1.4937983120778244,3873.286127957821,27.091056944482496,1.0
3970.0,36046.63044550206,40496.60149657042,-410.64941308404804,456.81330865068617,182.50028075589228,732.4162320230855,3.9228784783863855,5.066629619681429,NaN,22.73443332936451,3.0
3972.0,36107.58533330811,40487.91919029959,-349.88177374180145,413.94294987472955,180.7484322078627,150.28633757085888,3.756126357860383,1.4831057358524753,3896.056133662855,38.47708825441806,1.0
4033.0,37193.745933143655,41792.50957551334,-452.3885824230018,487.04863816769614,184.34134210862803,184.56608238335957,3.924373675520992,1.5715792483206534,4318.51886984527,38.58061607516373,1.0
4039.0,37120.94078849549,42199.419693132615,-1101.3222486921227,1179.7770061150834,392.8999373863358,1053.7134008252071,3.5490815883730162,2.3622531410201306,5637.38239330531,42.547337012642664,1.0
4040.0,37598.93377839781,41936.13965212884,-706.8847550548664,711.388980636323,227.8821580405384,233.20365086719835,3.8058809561668387,1.5810542237307676,4215.664782990723,49.38642276012523,1.0
4041.0,37586.347687734815,41859.38526996076,-594.7916435214051,605.05167617161,202.62209055409875,254.59875753968944,3.969702763354043,1.5268256074427686,3977.0273220570202,37.91072299817368,1.0
4054.0,39427.4341793028,39476.40729976361,288.12370483482715,181.69413480457712,338.4133230506977,104.53365989416707,3.7613399894394037,1.307241861202076,3728.887249949991,41.32695962405104,1.0
4069.0,35598.74528400478,40420.6160379445,123.70936737169946,204.83091456804695,268.112499380134,91.27193092986695,4.476869417686638,1.5740346311480788,4402.981512377766,44.73293931687966,1.0
4076.0,37707.91000253076,41919.99132635795,35.490384368857626,227.75377041084454,238.88401160755703,187.7032285010547,3.701853854607954,1.3799862422818927,3626.2121636140637,27.02239647449389,1.0
4077.0,37713.99839917079,41877.13655390918,-91.56954832764133,273.6663173953879,207.20981576571003,345.7220443052983,3.8014526185943147,2.0545404050124976,4651.604898876443,20.80149893575585,1.0
4097.0,38309.732134932514,42679.5401326253,-491.75746512209736,517.7592809037275,187.84958751265728,247.03749962544782,3.8807254346827382,1.6845378779671394,4533.427352351979,34.28324432370722,1.0
4098.0,38510.8667104333,42686.03694964022,-85.45225878288042,271.10702257850704,208.45285095140866,169.54244640303264,4.595637104768249,1.8949385585945016,5113.074841845907,31.99897620576218,1.0
4100.0,37719.430636064106,42045.5360120076,-313.8712149314507,390.6128917128267,181.3869552187639,234.59363882811576,4.5220772203415125,2.3897692610102514,6862.512216247543,32.59102232699201,1.0
4101.0,37874.63673550981,42114.10041071431,-188.51676453559713,318.93739054584165,191.31748933433622,270.64094245237857,4.685459463035348,2.7936223547313137,8031.974794670914,28.300012289739623,1.0
4102.0,38436.53127023233,42661.53199533442,9.092143123971892,236.03973096355162,231.29075330086317,105.69955509736903,3.8827527160972135,1.3774139039119366,3807.038110898022,38.6145193061251,1.0
4109.0,37464.05223459499,41987.760015680855,-79.37242176426436,268.5983620198193,209.71653309954897,96.61426038413745,3.84296278372863,1.6373393217056693,4350.153615887204,44.436106002874176,1.0
4109.0,36231.63787311815,40897.9805318024,149.59691982136118,199.9948311695838,278.2173539762515,189.10508017233406,3.666116003211922,2.488935923902303,NaN,32.593484082114664,2.0
4112.0,38824.04794799571,42898.932966610584,-68.89811238929705,264.3582114457511,211.95966911627605,123.14383431043663,4.234535882791648,1.6720407304349667,4955.282835086986,37.780299662632714,1.0
4118.0,37537.885313927974,41850.25220922708,-7.297148147990717,241.51469843899997,226.84370911488708,207.85968700756075,3.89151219411761,1.327388663934649,3435.0045768210116,25.378628975785784,1.0
4119.0,37511.33592895731,41868.97355469885,57.57930777487066,223.0650527697024,247.05172911061578,773.2893357137007,4.024062716759042,4.052347729324875,NaN,14.743285528828116,2.0
4121.0,37558.57613067261,41852.2563423385,-12.622623378358146,243.34823954909612,225.44276828913414,415.6531034522495,4.089221002260046,1.921221207338465,4058.88375963047,18.03067719636604,1.0
4122.0,37654.10057115176,41817.69985455199,-104.20109509056977,279.06265182183483,204.7333242178412,289.55710552428866,3.8102298713868867,1.6156406601641127,3946.0707772938604,22.1447282313955,1.0
4123.0,37616.33647120514,41817.407299997074,-115.28186438513451,283.95533661869945,202.68925509818916,787.8290464983211,3.8905577212834883,3.9887772815596483,NaN,14.905908606185177,2.0
4125.0,37537.62909577109,41850.310562231025,37.02456879283888,227.7852713738109,239.73993688448684,734.7834031433845,3.9240978450169517,3.4244601223903395,NaN,14.409361542931462,2.0
4127.0,37463.38160328444,41880.05381326579,62.5575950584506,219.94017590758742,247.2211341412293,143.04371650835012,3.6640487799575703,1.3275734857589285,3311.7415470239416,31.5619531092084,1.0
4139.0,37627.46715742252,41985.423168048954,-209.72775109016206,330.02391598544517,188.79542937164825,223.8631396714546,4.595891335795578,1.685536412477409,4279.333983016717,27.508163589000315,1.0
4140.0,37636.20060904278,41943.01547224964,-535.3274531358776,553.4509505788092,193.10918096486816,209.45435843406696,4.047013040525958,1.785265149721333,5145.558147128558,41.77799570137643,1.0
4142.0,37397.928014036224,42056.17209007619,-37.74825499647657,252.359650518007,219.1246614649867,92.81150635632875,3.5370116026821514,1.0984646551100357,3117.6156628086765,39.82512713025659,1.0
4159.0,38714.08743721711,42952.450852246315,-472.41916558788773,502.49133461795856,185.97870782236063,279.5767848890457,4.074667550331447,1.981152580060395,5477.804072802006,32.4681252279464,1.0
4187.0,35124.53971144178,39880.86909452123,-0.11135832567656155,239.08304791670233,228.76828937510294,187.16843708524226,3.689413190796179,1.7911897789741438,4866.125824394058,28.86073853224498,1.0
4188.0,35128.86484273813,39827.2507753549,-37.129611859568485,252.1306230833712,219.27444872474666,191.97741881249848,3.96436258531799,1.5271408011104115,4183.448209487915,27.47532275364775,1.0
4189.0,35078.473429139856,39795.32141826113,-17.9453682818682,245.2075644937784,224.0641427571452,266.4764597319181,3.8216625372360347,1.5874726525140626,3925.8493860843023,22.662368015187557,1.0
4190.0,34942.24683151973,39777.46553979596,65.18831824658864,219.2175923855129,248.0612081496014,119.33984207075179,3.559732564616914,1.3047551985093706,3651.1413064982044,35.15061896996944,1.0
4195.0,36653.56981638074,41224.61263358206,-346.68589780728985,411.822999273059,180.7651387281625,227.0643091775965,4.046273590503401,1.5105108421267734,4331.534378545859,29.617941591410318,1.0
4196.0,37559.50228579488,41964.36011178365,-225.16408428018403,338.35888537128614,187.17555565239493,173.8345610322263,4.64444655069548,2.1666707902446296,6054.463905541833,35.75246040397804,1.0
4197.0,37092.62226101923,41358.65655433864,-180.6506599092076,314.9337915853783,192.3399514897856,209.94341171936605,3.8235177958841593,1.774266502225068,4606.956639381262,28.529063013603583,1.0
4203.0,35055.1171922981,40011.82841986133,17.27408540942166,233.40128254004128,233.58743487608106,199.20543819008833,3.772708062852011,1.7172778312260417,4227.023258167875,27.376308904417687,1.0
4204.0,35061.64893080971,39923.04009428187,30.40789011173553,229.2979976558996,237.38078798714486,161.2827935495523,3.710341112496025,1.5037750375946788,4211.532434936,30.19037778860699,1.0
4205.0,34953.34248589163,39877.98934074799,125.71366586025378,204.3953812564969,268.8454653163355,191.73664224487038,3.624022966296403,1.3996567041983936,3409.85803998601,26.910979070542705,1.0
4206.0,34950.407198570814,39947.41681081803,103.98614912317721,209.31881985962573,261.0630714408829,108.3669116321429,3.5138000242552465,1.3585839486459974,3819.7145090892122,37.87361567865892,1.0
4212.0,37749.97403252045,41978.30771531391,-456.5205879245771,490.20325760851705,184.65407351963833,141.16119984845756,3.8625824933066375,1.2539271293603016,3119.1747002593365,43.074685632852834,1.0
4213.0,37637.38384743964,41932.55696727385,-495.8289894550469,524.0690853914571,190.74493756809898,1375.6483615252234,3.896856041688952,9.458352050042505,NaN,23.518583318784398,6.0
4214.0,37752.43786981611,41914.798490850684,-498.3394298163325,523.0363059453275,188.55136775734132,196.88316110663428,3.748417447937133,1.6794039098146842,4857.036283111833,40.27909482619295,1.0
4215.0,37594.967444973845,41968.838558254785,-426.32793350111905,467.5233839465253,182.66876347787425,268.8706114701581,3.831508795381516,1.9206532516282482,5230.224806706906,31.051766083492478,1.0
4215.0,37553.1012426896,41974.96053586683,-515.6864386947227,537.1398187093573,190.55910752976325,297.2118545432867,3.867233349957495,1.9314192378977668,5413.347147389511,32.82161725568627,1.0
4216.0,37680.70978455296,41923.79390564987,-501.9807238796632,525.983317654082,188.96194631456692,528.1112088034731,3.9086306027147195,3.1385193713999975,NaN,26.09385859456991,2.0
4217.0,37713.123900158826,41954.43428202889,-448.0938720983082,483.7868640883555,184.03008666461537,189.4127387239232,3.809950295740215,1.5902655325755115,4609.59769670276,37.85733753789492,1.0
4221.0,37592.28758998491,41912.687426628676,-346.596581325646,411.76389047678293,180.76571744057267,268.2913599234111,4.146595002137824,1.820992000249956,4705.383463541188,27.98783229695014,1.0
4222.0,37765.353011826446,41875.24941922158,-571.7122852605374,584.6283599315062,198.60993928710457,318.1863805769225,3.66333117582068,1.5249256528336073,4128.89229301896,31.68061543001214,1.0
4223.0,37628.38091186545,41908.761555059544,-419.2064772326852,462.2992396333099,182.30175063968136,327.9453473914813,4.288366991083765,1.5990727831683167,4121.963182316025,25.817695005432974,1.0
4224.0,37655.61474621989,41851.04179703855,-407.54260899639013,453.9933790457833,181.90308012606485,866.537656044276,4.174540270394974,5.017465914316116,NaN,19.7469603759877,3.0
4225.0,35631.54824202384,40431.53267928215,-268.61027164455686,363.0242108923016,183.59116455397404,126.97732954984247,3.796438125818495,1.444081114798376,3775.566664549078,39.53170361728876,1.0
4232.0,37406.27019505755,41984.46106717317,87.35672786841029,213.38778546697068,255.34977484874534,99.00072742672329,3.4827946812165784,1.232620215645416,3489.1661105272565,38.999593997224466,1.0
4234.0,37399.01283058538,42051.37338038725,-242.3359756982962,347.89500016019207,185.5869209802724,155.4369884625027,3.363261342869381,1.657851608969754,4448.188384426974,35.41209223573334,1.0
4239.0,37458.8646782691,42018.85522737068,-126.91093556228044,289.18501296497686,200.6207268383954,199.42112388644645,3.5916596068086206,2.493332810444125,NaN,32.34668915863673,2.0
4241.0,37411.72596465782,42084.72536228325,107.6095727739283,208.46682464842016,262.335918246565,80.92840098905344,3.593054690820454,1.2389588920267014,3378.4639729097353,44.543491411427716,1.0
4243.0,37397.48498676525,42026.78581357994,100.40733518073321,210.1724790240394,259.81571699775435,103.16934039380908,3.6828960287810744,1.516375399098141,3890.1529596477317,40.44564728714124,1.0
4244.0,37489.75920106545,41925.89508701995,-39.07608686161757,252.852444855234,218.80414870223083,103.84111576379928,3.853991444811616,1.2995698130248967,3598.2474625815544,38.74394145499946,1.0
4246.0,37421.25142502322,41934.9506853854,-128.04082333114005,289.65720118636494,200.3907100240498,102.89606673747697,3.621192043859269,1.4095841539207785,4440.425044082852,41.17457198069932,1.0
4254.0,35296.13516489272,40050.55081246805,-402.39235389841565,450.1545272130838,181.58857016945504,192.94526645326965,4.269926937754166,1.6171551320246413,3795.441915509044,35.544199952915754,1.0
4254.0,37388.093289605,41961.798055782056,2.732281274406254,238.13421586498575,229.54077296346566,100.91744383828173,3.6344193153571562,1.436335599187955,4224.660986376676,40.3442871203835,1.0
4256.0,35126.82099128361,39962.98240021185,-404.90531598296616,451.95267537217234,181.68146459631848,127.71649518309889,4.03227790833313,1.3603439103925883,3542.352499874839,44.29855049822386,1.0
4260.0,37541.21655113224,41789.58890044591,-276.68072266605986,367.8020120670764,183.08376354226132,353.8147588134433,4.459229953967728,2.0688408550626036,5885.556899654419,22.82068005708065,1.0
4261.0,37520.81435884158,41762.95885333541,-471.14147886306375,501.49499706157684,185.86513543410305,383.0078030987956,4.329885926912965,1.810317611441216,4249.788009106102,25.68890015042749,1.0
4262.0,37467.443344393076,41802.37066173235,-525.9772506189128,545.6405863911872,191.85854078551108,355.2571963849114,4.390862445018318,1.6537805084883257,4218.009429535837,28.290191283043484,1.0
4263.0,35111.234082047995,40172.7172215051,-638.7689080490043,645.3583588323012,211.3908690258025,202.4927064701923,3.8335305818020986,1.3823966266524013,3274.6707899833336,45.880327518654205,1.0
4264.0,35182.08243020239,40194.27639303579,-582.0327855598454,593.6990591832199,200.35389520580682,200.3986191754396,3.8786435055491704,1.6456039333226768,4174.630334474048,44.93702902890903,1.0
4264.0,35169.17036347058,40203.55565001534,-563.9674438185492,578.0949447637026,197.52227612390317,336.4672228075062,3.898448685128362,3.1826879057827355,NaN,41.09383267235576,2.0
4267.0,35172.35686600407,40143.91674105243,-577.8254412570706,589.9890923781581,199.63313841517027,181.5573732029945,3.685460001710573,1.6361102366017415,4254.935743589664,47.740459803252385,1.0
4274.0,35175.10265197525,40096.08851703552,-582.6822390334706,594.2732237963195,200.46635449284076,178.7434976986212,3.861154852840616,1.5725731590377472,4277.907343572293,47.862559323615024,1.0
4275.0,35272.910007167535,40129.584589247665,-627.1004914177332,634.4860974416571,208.92061007828218,222.70281896239555,3.7138939783989673,1.4564219189725967,3560.331003993141,42.98023042240468,1.0
4288.0,35530.73880315225,40099.71452353921,-346.53239874838863,411.72141970413423,180.76613705580215,123.28888043383017,3.9906294082432305,1.380793882249791,3781.1070723210073,42.71144082832591,1.0
4294.0,37518.951564801224,42034.906408134215,-298.52990075124586,381.0452126945848,181.95917343180628,136.178185857043,3.6421812181444557,1.3385200889135453,3334.0983311909686,37.88641613841667,1.0
4298.0,35330.072433278794,39999.57351811887,-537.3764068026057,555.1734849053526,193.39213953177688,206.80673344395726,3.826655967067599,1.4253511667547514,3617.871829932573,38.99686674448337,1.0
4299.0,35306.40029875802,40072.50968582854,-369.4156152839236,427.10986551674665,180.81550413906862,163.10411877567645,4.170399893041531,1.5901966835959238,3882.1490571275895,38.068217644561614,1.0
4299.0,35305.57170609082,40070.05696292428,-404.560824147842,451.70582227041405,181.66844542220974,165.52011688319502,4.266935789324809,1.5927663530102147,3856.832446439751,39.27106733713455,1.0
4301.0,35208.6191825863,39963.778978310016,-433.07080057303267,472.5138823476935,183.05188780635177,198.52993989216492,3.9930445948422677,1.6369255827154734,4406.043726788366,36.34246572150955,1.0
4302.0,35244.41842686398,39951.60973003881,-436.0963081169293,474.7685147027459,183.2362469821104,333.47422302472603,3.7693023064702142,2.973613970535096,NaN,32.34624682098847,2.0
4308.0,35446.92412673659,40030.93089085129,-428.62251046183803,469.21682259887035,182.79525015756062,260.732820326177,3.9747325521723536,1.5118146009311888,3877.5511602449733,29.66225120987616,1.0
4308.0,35448.27200851362,40031.20128175513,-416.8721604677527,460.5972434234231,182.1898596318445,252.08857498617377,4.115697608092824,1.53714476066518,3955.5011910746366,30.007908044960693,1.0
4309.0,35465.549281125415,40099.79634170423,-472.45237185752495,502.51724932527816,185.98167608392112,178.77873509738194,3.720916277501648,1.4696238734486207,3618.3497070086864,39.57857610105849,1.0
4316.0,37378.066267449285,42144.25613807419,-68.89918846386512,264.35864174230306,211.9594343740471,81.79381290022715,3.8420049015160265,1.2854426402367387,3579.3165004778853,45.45777666467036,1.0
4333.0,37549.019996886425,42112.45313747358,-202.58226631012946,326.24173654127,189.60675499221483,197.8552928378194,3.7559744657998126,1.41016400522705,3649.406726185147,28.366522847263123,1.0
4356.0,37522.99389341414,42128.039388448386,-63.73647927286561,262.30676216771275,213.09581710571652,451.4740814855726,4.0712999873231395,2.0931037943894726,5027.271693686953,17.62769873522341,1.0
4357.0,37557.979780081165,42142.431258095865,-122.56456147503955,287.1760943372726,201.34993927302247,256.49441385797564,3.5320203939259582,1.4417125591069004,3822.664802826614,23.476861062699957,1.0
4358.0,37537.79033105879,42095.56802095247,-169.0956755814135,309.1584800266681,193.9274178703446,400.8886436053679,3.8811822721904354,1.9748247924482019,4147.904599430691,19.497620801912085,1.0
4360.0,39820.7590694147,43811.5817719003,-230.0626402008416,341.0508665417341,186.69946294809125,95.1986494018206,3.3576284217358463,1.2370428426444546,3422.209269668154,44.178215826060764,1.0
4371.0,37835.19247478835,42158.74118383485,-251.21502134585836,352.93488830993056,184.85362753089407,103.25877350238179,4.089495212528754,1.5904243820743829,4498.784337401405,46.42343615662637,1.0
4373.0,39662.66240279655,43662.5572000753,-387.77143852185736,439.8106602869926,181.14354973033142,173.05874417996338,3.890835723026049,1.3648661030087064,3343.659027333884,35.69484220140041,1.0
4374.0,39287.65283372484,43608.65968881127,-333.9433350878401,403.46611580367886,180.90914066957953,324.07019375443997,3.925177449853656,1.7383663145138413,4580.736106266269,24.284617372861085,1.0
4378.0,37594.25181906242,41677.012909001765,-1070.0840498465177,1137.3326034319216,375.50778006987133,745.6740531719971,3.2326377230702055,2.079697828309391,5626.492745377512,48.664098487386774,1.0
4379.0,36409.522021321136,41166.67268667197,-367.82401184881763,426.0235699005287,180.79915755741254,213.31919779343517,4.442014526286046,2.189268508567214,7032.400353506945,35.64640213959265,1.0
4380.0,36234.59369579746,41076.725909650035,-95.69241773811397,275.41111164419044,206.3881348625874,205.39347174492582,4.341347702023151,1.8083965700514735,4401.5849514661995,27.939734379728765,1.0
4381.0,36362.04752944446,41211.68293017037,-105.1768213014474,279.48575285774507,204.5470863478801,124.13817702816658,3.7737937426629955,1.3375491053716877,3641.997154655103,35.591798334969134,1.0
4392.0,37279.06986049342,42034.77827361131,-403.09789081420803,450.6587723645555,181.6141652064675,199.7481171333494,3.898359317389493,1.3269562592290225,3149.9708834046783,32.951223188281965,1.0
4393.0,37333.7332651452,42016.88225872512,-398.01456501953453,447.16990149309436,181.54626480933416,459.98149718013997,4.04026701925985,3.151668740156813,NaN,24.984141187542754,2.0
4394.0,37358.08257960008,42027.28101101987,-396.35777169532463,445.8608070445093,181.38515002483751,318.6649764863099,4.382721756843546,1.8166040401735355,4040.643517169485,26.41783603355329,1.0
4396.0,37292.46311656904,42009.68453794295,-450.0621806809082,485.4227069315265,184.28663894378087,984.4072058104134,3.959266671510381,6.129660296728822,NaN,21.23460020572672,4.0
4397.0,37292.75294714452,42037.90983886974,-396.396650736233,445.8883603112589,181.38637177566568,310.45756258059373,4.168114735550671,1.6804019149513356,4153.837075919752,26.336060510840042,1.0
4400.0,37205.54715361428,42014.403839038685,-385.57463475042323,438.2739062110972,181.09076303560965,163.89933246371902,3.9974778379070215,1.430538655434296,3514.160428141375,37.360556217966845,1.0
4402.0,37312.490527029426,42021.844903464815,-376.8952184516952,432.2468093300387,180.91817734134943,232.84287827763882,4.264650811650848,1.5819610555062567,4319.434517076631,30.410561002362584,1.0
4425.0,37220.38580773926,42037.69769748089,-294.8403367768029,378.7773067269505,182.12354673752185,111.74266370139458,3.93126372688683,1.327578109551914,3686.335195699227,42.823395888321535,1.0
4426.0,37190.10784572472,42023.31656353894,-407.7247416418748,453.9772020565286,181.79141659299393,220.8178780293804,4.0946760943208425,1.552356657358486,4255.786983491685,32.37036242101583,1.0
4427.0,37257.60154749191,41984.81941828902,-639.4609783177771,646.0072414210077,211.54064319566407,236.02304306132578,3.585560622780541,1.5511547671220602,4401.396866247916,43.146309551074715,1.0
4428.0,37321.10024290739,42006.25649828014,-425.96236970922223,467.2540498752504,182.64898262482006,183.6199689813742,3.5978639318085235,1.667231396826895,5211.868239169119,38.19613335459394,1.0
4428.0,37307.07057540814,42010.7836592341,-413.94107962440006,458.46741168964815,182.05524473630402,179.51240441055324,3.6171189614529067,1.6486934754886036,5049.050535668764,38.06021156994868,1.0
4428.0,37311.23838152783,42014.20010378649,-496.2957226404243,521.3934107947595,188.32993004406973,188.93880649474067,3.7877823058034976,1.7164091239595851,5453.29800942807,41.668468927634805,1.0
4429.0,37338.80909109174,41975.48856569315,-478.4313571707003,507.2002948192916,186.52982665882516,161.2537789658834,4.400852282017255,1.6194599293832521,4138.265052378323,44.32209832368006,1.0
4430.0,37257.91994298654,42025.119944509504,-420.9019714196387,463.5386793235357,182.3856244395856,187.6269393300097,4.0178552102068235,1.2871406628825648,3044.0747529100236,34.68827505901155,1.0
4431.0,37210.42989021021,42020.63684077206,-371.1052927584998,428.26571245479437,180.83497064758012,205.09344669478781,3.685471564506016,1.68036241595122,4606.7780035531205,33.36396293250745,1.0
4431.0,37173.376379001886,42021.80474727527,-499.10390630550444,523.6518654638526,188.63501758214483,230.0624494951641,3.8149870554280643,1.627340526114574,4378.453796057987,35.90145252446344,1.0
4432.0,37312.324543688694,42006.02353869239,-458.5462004855268,491.7568834911606,184.81316257230898,357.2925316918256,3.921774429326401,2.9734911126968724,NaN,31.737232460981353,2.0
4433.0,37240.0844666866,41970.21167063027,-390.38477201700584,441.6447209951443,181.21113514279767,182.62027803585917,4.325792686609945,2.171676564359031,7063.4185192349005,40.844974425818016,1.0
4435.0,37284.8745677712,42030.81994054395,-461.4052255656434,495.89135832503393,186.60684492154414,379.0880886155423,3.9639212335462313,2.7789494621663513,NaN,29.835286991451007,2.0
4436.0,37262.26268708373,42013.976406235524,-476.6450302178924,505.7976213447203,186.36320318398356,240.66380770178236,4.088168681398507,1.5246668599617534,4045.4078235011543,33.1660878839738,1.0
4438.0,37226.003174444486,42016.50772192223,-401.64230150388244,449.61898175507844,181.56177624507214,208.34201026985403,4.221124198729357,1.677610515084048,4140.824332132835,34.15731937602399,1.0
4439.0,37302.16573922746,41989.94361763644,-375.34347196762906,431.1767425709004,180.89337127693634,180.8878947756857,3.924458358693148,1.673474747682515,4315.4464266033265,36.378309894278274,1.0
4439.0,37318.83621399356,41988.074058876315,-413.690694180053,458.2859323160244,182.04411706773587,420.0986858948097,4.007874367554793,3.26154889961413,NaN,27.63293404484125,2.0
4440.0,37255.82741257111,41998.80761304683,-420.1270498019217,462.97185997887874,182.34701828720915,237.7317160324119,4.302149553652766,1.6198267660244874,3915.067842285401,31.699638418445822,1.0
4442.0,37305.72650370157,42053.25914566279,-398.6948244491579,447.5195901583395,181.4606371232208,121.51918515134396,3.8206603644107275,1.4465494282863518,4024.006627004183,46.473285687626266,1.0
4450.0,38359.94595709617,42609.28674898929,-423.5416095850057,465.4737024057618,182.52056418329258,201.20353980405704,5.097407083686433,2.103842740892399,6600.006238745037,39.17788133017686,1.0
4452.0,36979.64871768085,41388.8714499067,-302.2991765711967,383.3753721488168,181.80196188650123,336.15483507435334,4.346501349776844,1.6509631833730434,3830.0676296332854,22.861387915844233,1.0
4453.0,36770.32655770037,41352.38582886032,-75.80661867340233,267.14325857367544,210.47078424400593,280.92520358216154,4.490406060898997,2.0853031610732535,5855.904096439275,23.63648638268702,1.0
4453.0,36770.39405460632,41352.401022178616,-76.33346750252399,267.3574957752153,210.358733249486,281.0995674035794,4.4855616158182015,2.117274845254648,6055.4734581010225,23.72878425770172,1.0
4457.0,37297.540031904595,41992.244344875886,-449.7432854916792,485.0375138597132,184.14796389283424,207.434854991332,4.057020430068905,1.6983790765915547,4133.728488882159,36.50454182141796,1.0
4460.0,37246.13222865436,41984.07775222701,-430.320853038078,470.4937985667083,182.90791724243192,325.1813771666929,4.022601851696583,3.19002170278348,NaN,33.9020775905601,2.0
4462.0,37290.30184546071,41985.84397939688,-410.15481508955094,455.7281639649586,181.89104555194933,174.89485177421093,3.742587531433283,1.4603600825547776,3792.007285992822,37.06228330627244,1.0
4463.0,39416.61421209075,43535.31314565891,-34.17286013016043,251.04099068013412,219.99437235337015,108.4827156349801,3.692307437648414,1.4281350149086323,4387.135580008147,38.66498468571493,1.0
4464.0,39230.881147453816,43204.448497626145,-502.9633079108186,526.76788523696,189.0641173669133,208.42576013601766,4.168943438280177,1.8178584865953966,5253.75679452463,40.19796972121645,1.0
4466.0,37271.25303245432,41986.615535945115,-415.46472762345434,459.6343920962421,182.17358204127498,328.808222113662,4.163549285411877,3.158482602106229,NaN,32.75325994435504,2.0
4468.0,37257.44616854828,42022.131052979654,-441.80094503249546,479.9010816539297,184.29618793971315,642.0353198632532,3.9788137845564577,4.831025525932861,NaN,25.6899388306385,3.0
4470.0,37104.09608371899,42007.252497128306,-394.90646714933337,444.83329879735356,181.34036773932013,201.4653850733651,4.370744381843411,1.6784059456801057,3948.233538818704,34.656344719426855,1.0
4470.0,37114.398674805445,42005.9167600987,-420.38042445238096,463.1571295161811,182.35959091308234,208.10781963547421,4.315199473434728,1.68642499582157,4187.975288184846,35.0150892926988,1.0
4472.0,39153.04514516177,43370.10196763519,-183.11391186219157,316.1812340043696,192.01469866470038,193.033715093594,4.197326353526608,1.657782934640634,4535.771421716591,29.58553936764011,1.0
4473.0,39479.22600078595,43590.62726951751,-333.9128127373466,403.44628232497007,180.90963415622682,270.47340644914937,4.244892595371882,1.4724009881266142,3278.3504957400205,26.16102065102555,1.0
4474.0,39003.63325914223,43173.57583319181,-340.31085418962533,407.6229502347136,180.82171418449894,215.58167115613386,3.9564987895381014,1.441987429196699,3371.6509366262453,30.06681499591297,1.0
4475.0,38536.08203406985,42860.92243222677,73.99281335471792,216.8467241955073,250.91112947228203,138.09108171227416,4.226506201732509,1.6255303786333364,4578.800096161767,34.03294455389624,1.0
4476.0,38130.777411666946,42595.946697793675,-198.1924556711428,323.94204007730275,190.12448635479942,123.52860722894111,3.872018037268169,1.2639821832503757,3508.5994790429777,36.854404973286854,1.0
4476.0,38130.86606114366,42596.30566539019,-207.33727329536393,328.75325173540637,189.06252205406867,125.96243495830245,3.809679441783561,1.2923687769173005,3591.120427334788,36.820637194085876,1.0
4477.0,37750.5183004819,42071.283577487106,-206.63281429214402,328.37982285220096,189.14206339954342,247.5426198088979,3.927632219041449,1.5388854870928446,3874.4102068560755,25.294293161922226,1.0
4485.0,37230.55117711087,41977.577878833865,-360.7392994180779,421.21711979077395,180.7498167568224,164.51646155596998,3.776218253456252,1.379923243332623,3532.4600929848407,35.92890757407966,1.0
4486.0,37216.96870175862,42010.437390707266,-429.6160306561087,469.951598501959,182.85126195599358,143.1721722064529,3.8800425596759047,1.3173865345723519,3249.6878757183467,41.88988204579476,1.0
4503.0,36322.24117826873,41185.65626065286,-104.42988619732421,279.1617812010851,204.68958950452856,169.84876393174687,4.447614611119122,1.7653444120137032,4661.621865488972,31.470105002277972,1.0
4503.0,36323.01340585964,41185.809940945655,-108.10414663445312,280.76050676567445,203.99269842108876,170.41572744054918,4.431690699486182,1.7936700534144105,4872.789249583467,31.60359053131712,1.0
4504.0,35723.12777127004,40517.327228853464,-402.78399410527726,450.4343733487553,181.60273100933074,267.35078338754005,4.057247909415844,1.6234460311920729,4371.395173297594,28.863645415730133,1.0
4517.0,37280.388796778265,41994.097658658386,-353.14454150927577,416.11720852974435,180.73940588988106,180.29398587510505,3.8464296760328187,1.3019149257375038,3218.972594093076,33.186012377508725,1.0
4518.0,37186.755361415366,42007.4266422201,-486.443870902377,514.7860454991219,188.32304700913994,506.34275831186926,3.922368716416049,3.2787072980847167,NaN,26.952665171947253,2.0
4520.0,37251.85435807318,42062.63901844013,-529.9311586875324,548.9332847584283,192.37926713513744,250.41366409631237,4.0098169759714075,1.6513177623723614,3854.3357350682854,35.63681220418579,1.0
4521.0,37374.12567246947,42010.46067231076,-417.17907656317976,460.82072858734097,182.2043339625644,140.78311116127682,3.8667947129932116,1.5588997879145798,4370.915063189557,44.193592007155516,1.0
4524.0,37474.9680349331,41890.952392881474,-263.0707475274095,359.78029609079096,183.96817090254513,135.44100925483176,3.9432345935163977,1.6352355978002298,4606.284262720191,39.29670979563534,1.0
4526.0,35802.655666578736,40545.69219183016,-365.2075897999018,424.2430099260738,180.776480910204,175.60326734272203,4.378723518917349,2.2640243705734324,7688.127935869137,41.565660314620985,1.0
4527.0,35314.60572033747,40114.13660779169,-550.2216130516405,566.0625257678506,195.23895226506968,289.462693425991,3.840726252897945,1.8893835298080288,5056.2393889788555,34.91828783090364,1.0
4528.0,35311.9364645964,40251.251310071624,-250.00423033319856,352.24324622368835,184.9500851737176,205.53331656496755,4.089097128988744,1.7465135277204653,5236.007483586891,30.15285359885097,1.0
4529.0,35331.54377848291,40211.29735569997,-323.4581951523362,396.7045384082877,181.1204348078808,144.83135769410353,3.897506578499471,1.6329721136868762,4138.816313283103,39.662604244723774,1.0
4557.0,38996.377988897555,43168.89133515859,-339.42790109298187,407.04425877665255,180.8319919158104,253.92157672720205,4.307721145224846,1.8159204104885596,4845.451881470063,28.766630645415145,1.0
4558.0,39336.379727609296,43557.62504228896,-488.78184923981854,515.3870197942892,187.54315923264738,230.64428016853338,4.28753926971193,2.2330459467036006,6269.842209474299,40.017799352449835,1.0
4558.0,39333.24714593045,43562.64696094529,-346.89617928973684,411.96219125875047,180.76380024772268,200.40709601089557,4.509219907585926,2.201206626120064,5848.90422563135,36.473851688667935,1.0
4559.0,39141.162961580274,43258.3752759312,-544.330715930641,561.0494228964426,194.37638113929347,242.48885573854395,4.007671510795298,1.683692539385117,4669.853927108302,37.44756593426263,1.0
4560.0,37989.12765893158,42355.00186529452,-431.6463033770238,471.456018195608,182.96806217830903,202.0089730825663,4.3217578225201985,1.7669725536279937,5085.289265750213,36.816090289084535,1.0
4561.0,37337.37658654965,42133.03368709446,-159.87054040903217,304.6380406955538,195.26784798020546,153.50904624511006,4.277322599753785,1.6726953870778096,4653.312263724677,33.94117103742206,1.0
4562.0,37277.731953515045,41746.55307628804,-347.75788343580365,412.53301612172845,180.7586673305555,218.52924501304642,4.052130597145664,1.5162796174599273,4108.24947660216,30.392516137991194,1.0
4563.0,37079.710733678214,41727.87749145499,-224.441136540942,337.96350865120775,187.24736785266592,142.45758670866428,3.993881227522718,1.481797227345758,3986.9692848463587,35.748595492264876,1.0
4568.0,34852.555736047754,39865.721382403855,-271.6615549137957,364.82338513063274,183.39349019113357,172.07922276875928,3.9211870249355356,1.3121173168823446,3374.774483991584,31.866653656393456,1.0
4569.0,34934.200145249764,40000.323207722286,-337.3997719143182,405.717797520949,180.8578494374958,304.6040217703651,3.87871661888985,1.8303796199145992,5037.187633425823,25.629855249076382,1.0
4570.0,35120.51303851971,40141.06742440075,-351.29431266047834,414.88301196758465,180.74352859371038,200.66991928232218,4.239511429497007,1.6814797539382156,4224.510934559532,33.14906086578767,1.0
4591.0,37926.18066818308,42175.397914655514,-286.53168111838943,373.7171354423185,182.53169111429904,149.14558647604468,3.9976349319871503,1.363333623659099,3656.1972054869652,35.57070435302798,1.0
4592.0,37565.68794277382,42128.33232930286,-219.15509483978306,335.0875740860407,187.78454712026033,238.02329975539087,4.560046618168901,1.8508289493541217,4741.632233692154,27.289722244049532,1.0
4597.0,37284.99747589099,41992.948956183514,-512.0931312578144,534.1950756310964,190.12438679285313,235.21200268958623,3.8073211576780848,1.5256101678113925,4124.359267464474,35.31197989742737,1.0
4598.0,37244.01704699868,42018.18215159099,-391.0576055591057,442.11796408302405,181.229378322073,172.44548442978294,4.13170463172747,1.3589219755756416,3044.9025938069426,35.86181091761892,1.0
4608.0,37607.39185320468,42172.06135856667,-23.705316364975143,247.24971081523714,222.59660334741454,82.95502475467444,3.7378196406814914,1.282088293996595,3221.1578488746286,44.47656776604815,1.0
4654.0,38634.80585320709,42897.9632629048,-245.0239485845023,349.41288998135843,185.35858823834093,274.2046974044091,4.048209809893577,1.5006068582445604,3373.7765667451554,24.274701046152114,1.0
4655.0,39459.08355800948,43648.913360581006,-254.0074029608688,354.53525559537377,184.63543202350095,184.94837632597762,4.623572536998958,1.8819513323941484,5045.015630283586,33.20219843551978,1.0
4656.0,39575.76896569315,43731.10559887884,-359.61582224347393,420.45927223056947,180.7455063389321,235.86977141003067,4.063288087668242,1.460688867526779,3648.2487357655414,29.070478329990724,1.0
4657.0,39568.8558462188,43565.118944948306,-305.8827388938678,385.6031477223744,181.66253662057287,215.5350591003582,4.0787453880235205,1.8110721102814595,4320.752210056247,30.969215607519565,1.0
4658.0,39500.00786582285,43564.913088688474,-324.0357225096154,397.0742719479539,181.10661627400683,336.52233845982033,3.923409411203889,1.7996575104328796,4614.471542097456,23.70122731988236,1.0
4674.0,38769.84566305316,42939.10622096842,-174.4524469350477,311.82019967833577,193.17883308913144,168.86172074893503,4.419961816373205,1.796435941938956,4799.836779796725,32.87624669179634,1.0
4684.0,38007.24757969752,42514.522179755135,-379.79646526752805,434.2535676870671,180.96947925304895,149.44918031931118,4.134590660075734,1.4326906732079592,3521.244647134795,39.443787687371156,1.0
4691.0,37768.136391757136,42037.07034821127,-291.6365937091343,376.8184386932417,182.27469154452152,134.8282787897865,4.497712376004942,2.081351158185213,6282.105750802862,44.756846177496286,1.0
4693.0,39582.96859133663,43655.798417658254,-239.86718409334318,346.50688404382896,185.80148626789358,204.6297813938385,4.285306579103132,1.7515323787019164,4904.419133653705,30.03620114333936,1.0
4699.0,39612.63161342602,43604.35757659777,-44.62953338891449,254.93149763594215,217.47821656430793,119.4015249717528,3.887156530220159,1.3878795245223225,3909.925484304063,36.138978795996984,1.0
4701.0,39670.21839542578,43702.058161925386,-312.77146537228316,389.9196432027301,181.42200690013425,168.05445702597925,3.834713596571033,1.5717034318260212,4543.857296597681,35.107974934252425,1.0
4703.0,39411.22066876265,43553.702273763236,-290.2044759492847,375.9459277786702,182.34478520429326,196.99609846774166,3.921744445677942,1.432927252321678,3371.7131838110654,30.365229622387222,1.0
4704.0,39411.561047356496,43446.43764854282,-142.93960167157192,296.550459540544,197.89669302919356,160.22627934704096,3.9356902992325717,1.5147280041565767,4151.719147638457,31.81684062979735,1.0
4705.0,39704.100286140514,43642.774558401914,-351.79263178705,415.21509847533457,180.7421615260916,227.61824423949682,3.729576799990817,1.312747532052713,3208.7784791041076,28.8292994831098,1.0
4752.0,35535.62982640587,40212.70802247954,-159.3631897086059,304.3917602745908,195.34344856614283,124.82439547893851,4.017287644841032,1.4404214727117883,4073.605027154314,37.10654677331272,1.0
4754.0,36444.27294628412,41194.50124208471,-155.23334903825645,302.3960644872352,195.96613565507437,105.1463789176141,4.284737296545713,1.5451553069616548,4318.9206928145195,42.45183825949946,1.0
4784.0,38003.07354744898,44722.12931059913,188.81789717392311,192.6200941298657,293.4880829627183,90.99973578067987,3.6518542536688545,1.27424453692841,3613.1740324296575,42.51852104836386,1.0
4785.0,38000.11477710816,44754.64793951159,257.80283979982073,184.04389834442108,323.8993444424767,118.4341542685719,3.6449600606859813,1.1364406209972269,2831.1635256794993,36.17265928291893,1.0
4790.0,35176.85168429062,38876.987644192755,135.6490407029303,202.2923604234388,272.5240041195309,288.1773242961623,4.082399816633682,1.4785825400600479,3985.9070371655685,21.443700095463036,1.0
4919.0,39092.464463866854,43183.58263649773,-171.3183079325889,310.2595966070232,193.61416055681497,163.6604073269673,4.119135417731641,1.4848641333248196,3907.1966222854917,31.690417595193622,1.0
4929.0,39236.17418147489,43539.02714515606,-286.04089906795906,373.4202736070848,182.55744530318964,172.9209593237914,4.41916543170623,1.7739503455875525,4508.46433046931,34.97027953214468,1.0
4930.0,39391.1263172338,43527.505701751434,-382.38119309020055,436.0480794038453,181.02058744049737,234.40931670693695,4.226311721337019,1.6856080862171987,4504.472954528592,30.99632661075906,1.0
4931.0,39666.28621996761,43666.549563639644,-341.39867025856097,408.33692064226847,180.80986871913635,180.92126482022988,4.125057869192823,1.3223963225759936,3435.4734865540936,32.86254260129741,1.0
4933.0,38390.26027072814,42714.14414767645,-231.1474159806533,341.6500609314398,186.59650636610638,195.48491124938357,4.224941840945656,1.6489439464916034,4514.86283641124,30.219868729019577,1.0
4934.0,38182.48619604527,42603.284632221636,-393.2948414359316,443.6946123530142,181.29251946644123,251.82582603271797,4.116631344498522,1.777308392756144,4432.602992104838,30.422560324453464,1.0
4935.0,38526.29655090894,42854.57824467445,-326.7581780187959,398.82142647445727,181.04489927959997,207.49451075506616,4.3539248536068085,1.5957154781720007,4102.269324565493,31.188581302163744,1.0
4936.0,38605.3486459982,42840.71484244848,-321.28434566484657,395.3156581000166,181.1747277314663,178.834080304324,4.1967990041251255,2.1116949386269757,5643.8216995505245,37.806704192274765,1.0
4936.0,38604.43677897277,42842.64145094481,-304.40496211031643,384.6829982245653,181.71884653837387,175.9670417965024,4.219502504714633,2.131817670647547,5846.61872089324,37.74655195980549,1.0
4937.0,34792.25950143174,39810.23897535685,-158.93141602292306,304.1823579727849,195.40794189420635,115.96372669284862,3.7133471767139175,1.4193771469943024,4020.394197700434,38.743931997184774,1.0
4937.0,38639.28783385173,42694.50062339298,-613.6939718803575,622.152831648113,206.2104831013136,277.4755665941486,3.96680450792507,1.8692602274828376,4856.4232015869775,39.69300818729504,1.0
4937.0,38623.42483514189,42693.56391663799,-603.6068445614823,612.9849643931425,204.2616734821132,267.1085456083914,4.144294949124959,1.8275639906739518,4520.2096047456425,39.71697029551299,1.0
4938.0,37881.3582435385,42153.426652888586,-720.8956033281926,725.5134606159932,231.7127358390544,253.84735040068136,3.654537594880077,1.470386330143666,4136.295185627164,46.35837252693585,1.0
4939.0,35223.35029799914,40215.903961696466,-191.96457585507716,320.71061028056005,190.88419555807974,114.30555990447087,3.888159200267577,1.5108638757885553,4245.540887843653,40.684470951362925,1.0
4939.0,37491.403225309485,41797.66694517335,-361.2088724730425,421.53422552752033,180.75190340202874,144.75896231413927,3.97012934729041,1.3403455653706593,3489.2333432813143,38.69500996812962,1.0
4944.0,37331.361831221206,41713.05072262446,-180.05813314723017,314.6345773360303,192.4188798753882,198.06441894943643,4.116892582143706,1.5667333838678605,3937.0570359281032,28.648851446961114,1.0
4960.0,36340.289763207664,41093.96105520914,-146.80848570794302,298.3747226275634,197.27671982288368,328.24131266462314,4.059196573394604,1.8243872430393273,5606.843021153105,21.40264480093349,1.0
4961.0,36295.28632357967,41013.26509550507,-388.0042108058338,439.97376067306993,181.1493584814976,360.2448041776968,4.216967436852515,1.727703004206193,4579.986159651175,23.975519542124573,1.0
4962.0,36859.37702247511,41576.46526714603,-428.70893455244163,469.2807021409789,182.80009262574941,252.1317383629524,4.151239718249464,1.6179474574361874,4148.903132920579,30.831766595326858,1.0
4963.0,36908.9667040021,41572.94622781917,-518.9694973551162,539.8409550082416,190.9648965546835,259.8412363434877,4.0501418838085925,1.5077080090800825,4188.163424866106,33.32281111039773,1.0
4981.0,39079.24414602757,43645.6912645327,-166.52551556046143,307.8910025254039,194.29434951992127,93.46314374667429,3.806922928147435,1.4954122835526473,4201.413360912954,45.755810524633155,1.0
4982.0,39201.17253276184,43491.242382839926,-693.6557238666439,698.2225688986272,224.40264370354433,382.465700090791,4.0556028401453466,2.0628858152299774,4949.954357979201,37.941326908043074,1.0
4984.0,38725.07093796932,43096.405067119886,204.1564114352138,190.32523139110432,299.93635088706355,123.10522074582661,3.8612833817262,1.2978421180408548,3657.912777681825,35.47572131631929,1.0
4995.0,38399.45385053829,42804.96657408416,-313.87074439326113,390.61259485604575,181.38697001885635,196.2209543019034,4.168098416201782,1.3335366003802438,3206.1389148572052,30.559250122212973,1.0
4997.0,37981.0851253762,42206.37166069132,-348.43428961392215,412.981583270046,180.75503461794654,155.59663870190093,3.9544243783408772,1.403095007633908,3775.1199736688227,36.940957295334066,1.0
4998.0,39598.04605294869,43483.1309771691,-105.90982266016387,279.8041924528578,204.40765488583136,91.17349628789447,3.489456345516264,1.379241252327859,4075.535973360947,43.87216386272067,1.0
5039.0,39141.24990167191,43383.241118377446,133.2077439706698,202.8004833927569,271.6131508865557,81.44444907844782,3.6417228882908677,1.2139619714156304,3107.3314237370787,44.29415939823742,1.0
5133.0,34933.051439317016,39925.85535769625,-342.7899560207017,409.25169474181024,180.79603299979564,180.93457075803147,3.8661396115912825,1.3326869942676973,3131.9438231608574,32.96400938609884,1.0
5140.0,34969.600671368134,40004.79606738722,-249.698458434241,352.06879830054066,184.9746211874391,177.62048169873657,4.125065420203664,1.6623091506957,4263.332098171667,32.65402024142733,1.0
5140.0,34969.55302889787,40005.14079971354,-249.5168595821914,351.9652348844419,184.98922692508538,178.28503473233212,4.1040710271373735,1.6626736270083693,4351.335938298617,32.572536512224836,1.0
5141.0,34953.78743893939,39934.399756310806,-294.944316748056,378.8410454796081,182.11877227240808,232.35464608949482,4.176504257320959,1.5189627737254392,3705.5089848613925,27.914236850484404,1.0
5142.0,35434.59410775758,40279.97682494841,-39.703467527732506,253.08586117594203,218.65317864231616,102.13242830953274,3.759196245243269,1.5068138350320825,4268.128444355711,40.99294825666128,1.0
5160.0,37208.681258938705,41649.71961209763,15.545228944783547,233.95353024890005,233.0978915086859,119.51347107028734,4.241422572453646,1.9197995221039763,6167.068571788771,39.90690727652553,1.0
5162.0,36446.59636764018,40943.08755631524,-195.16013081078668,322.3641035130338,190.49069277142308,106.82479384793513,3.4994328658594807,1.3129143337083613,3701.3431643798162,40.76845682019852,1.0
5180.0,37053.48759314837,41506.558214105404,-401.50231099569373,449.51908577852276,181.55682287883548,222.70588834834436,4.613085764678586,1.923928592197232,5217.810133820771,34.2215886255258,1.0
5180.0,38447.62300767534,42565.93482782581,-443.49516181334695,480.31348993109526,183.71238335586185,291.12042818235426,4.4645521801331,1.9284081994775806,5318.806826816373,30.136761511505995,1.0
5181.0,38458.25096760285,42749.51906018302,-258.1952606981416,356.94918009040947,184.31933354737453,126.38987099707978,4.4107373850127045,1.625691088507014,4265.955897557126,40.93802778725469,1.0
5182.0,38318.68509994098,42676.76184944908,-246.07418312195165,350.0078052442578,185.2708709373279,270.6956855538394,4.033526603567798,1.6990637094423724,4581.760883592498,25.109722085272868,1.0
5183.0,38501.76964159845,42695.540455714785,-426.8446395875565,467.90428909608994,182.69689643236762,276.5301713746826,3.9895135262786403,1.6097187066117151,4190.183426936209,28.98122343333831,1.0
5184.0,38859.36883057521,43142.61248355899,-331.9566663046372,402.17700719696234,180.94274205513986,237.24682958560754,4.51328833316726,1.71740639575264,4662.617206730359,29.364010969846678,1.0
5185.0,39306.65698200161,43321.4793831928,-116.00546322902234,284.24161254261645,202.52892005790918,215.54047119630184,3.967615657653964,1.4723979461524166,4095.1570838423218,26.04593413632076,1.0
5226.0,36317.97188102569,40878.619579800004,-571.3140608431723,584.2803726472769,198.54427390538166,278.75956919804406,4.076364866833149,1.9646972092758115,5384.4439968701945,37.62447507735543,1.0
5227.0,36845.367641322184,41515.67347364265,-402.93820841005254,450.54460672357004,181.60833913223402,154.8688433896706,4.576050407491815,2.167567054754767,6618.289362617876,46.90024153159023,1.0
5228.0,37235.70590580389,41716.199069014874,-288.02751027139146,374.6233263710797,182.45432859700918,188.66484890941848,4.270998794646686,1.5539630505463486,4387.025066913835,31.77927443855968,1.0
5232.0,36977.18477013607,41811.36406156425,-428.6965414342082,469.27154145326904,182.79939787160686,140.84589709969293,3.9261965033556887,1.3001602007862665,3171.0881779537813,42.12314095376661,1.0
5238.0,34901.441476853994,39814.88584208676,-343.52477076666025,409.7355740255722,180.7893209034492,191.3674488633713,3.798171352901553,1.5906133771400974,4322.668760732839,33.357741637307576,1.0
5256.0,34918.938756527656,39872.68048307888,-202.1631430761144,326.0213851620717,189.65555196344943,216.38434059619473,4.445965709176828,2.1788610987878125,6643.992407280845,30.26450457398544,1.0
5256.0,36082.69117593959,40882.784393374815,-170.51228152887006,309.85974386162513,193.72732664959307,162.33590930432496,4.730535334826473,2.3608176218602814,7059.842011686706,37.54448635812443,1.0
5257.0,36039.80691705018,40817.49399894292,-657.5253336691547,663.1040726540856,215.57914328706414,417.19953976967406,4.726098015716644,2.358104752031381,6255.888490334116,35.387293174225746,1.0
5257.0,38547.658968105934,42669.89068248873,-431.12418513065325,471.0687604820699,182.93772501536762,162.1247735676016,3.927735121569618,1.433765283226415,3953.35557358512,39.71551322127141,1.0
5259.0,38250.886276533936,42702.07759832345,-332.508549793689,402.5347397140446,180.93310608355355,210.88857428455339,3.7118916610017685,1.3212938175796203,3558.8467557369772,29.685687260804123,1.0
5260.0,38556.85802890232,42668.501381659655,-377.3304479127025,432.547346378858,180.9254644042187,304.98929428710875,4.571014447386501,1.9917358523189974,4925.347271065721,27.307074189672033,1.0
5261.0,38404.99905867982,42719.51843241025,-597.8742900828636,607.8175885649313,203.1887135685058,277.4583450722282,4.390601809684932,1.5064493610279361,3546.3460742922794,35.85359402208148,1.0
5262.0,38590.04361815904,42727.29152443316,-286.40611899925625,373.64116442243983,182.53826261494373,118.85191376119917,3.887440825600261,1.3169372412179123,3512.920518393375,40.73206923370551,1.0
5274.0,39540.27185736523,43522.81762907051,-257.989612643787,356.8302562940919,184.3345437577125,116.30470800202104,3.696908660817203,1.3322147819018355,3714.8358046197095,40.49642135550983,1.0
5289.0,36318.68064299219,41004.3435822487,119.0781825447986,205.8517587328099,266.4305987155698,197.72634363075542,4.441001439866793,1.9364987250120271,5424.2975781206815,28.549437915411108,1.0
5290.0,36792.72268488236,41319.95811755595,-573.1900100683998,585.9209726658041,198.8546656587037,339.79276394584906,4.416816349165854,1.7844393982015667,4430.613939754624,31.855151103909037,1.0
5293.0,35984.82352618141,40737.72484117494,-153.06477890199614,301.3545691544558,196.29831184301108,174.3788657335636,4.546851812858888,1.982091300306139,5446.082297443239,32.87913483405915,1.0
5293.0,35984.45762671264,40737.504492400505,-140.42596039596754,295.37278747389064,198.30560732353047,167.20061958309287,4.762089683543952,1.9487070118022825,5139.2380570016985,33.4033800499961,1.0
5294.0,36229.16444685667,40932.58721663685,-263.14751954028196,359.8250556154995,183.96278618161264,169.6238781947664,4.084329481154682,1.4231152434684877,3691.5208746488456,32.556754419322246,1.0
5297.0,35818.41205930139,40703.33170918955,-325.5087592504371,398.01873561877346,181.07252181210217,135.58629223023664,3.6828490451095437,1.434423094239872,4003.412464701374,39.758419605268834,1.0
5298.0,36094.55975440176,40756.91613266126,-132.1344642629055,291.530361387965,199.6885903856722,149.61173337075243,3.953946325357501,1.4783050621181628,4197.512143543479,32.8465846396376,1.0
5299.0,36196.88404326358,40968.14603622786,-269.15568449610504,363.3451664868873,183.5553097293294,239.36579447561715,4.062255470556638,1.613801292080258,4269.336111080418,27.2252448806033,1.0
5301.0,35529.0275048613,40501.671138788915,-324.6103397156244,397.4424545626219,181.0931196424453,260.41398428117213,4.37114774962927,1.7214071756012888,4412.611328452364,27.50776763824436,1.0
5302.0,36540.2264673605,41292.7602944985,-224.6219304450311,338.0623377713798,187.22937179392727,121.29526428763683,4.492607102405484,2.197767472418362,7055.668086315328,46.84260621146633,1.0
5303.0,36750.78887826934,41251.29901028996,-174.83548347341204,312.01156287285073,193.12614320927582,174.46406566445089,4.372890175181033,2.3483059066802032,7561.256772423797,35.639265682707844,1.0
5303.0,36750.57967115593,41254.170671272936,-154.56735854931003,302.07573857909466,196.06776910635497,168.1965877283143,4.546944600169945,2.489409629394215,8297.296632128111,37.13779706068446,1.0
5304.0,37536.593806232246,42230.34347210748,-208.03002770471636,329.1209324760515,188.98467111671357,278.11127983917197,4.294792537335241,2.0475411266452186,6018.167820120192,25.224819158157565,1.0
5305.0,36920.16728540711,41451.29360842647,-364.5724178338054,423.8117286344387,180.7717628363745,175.6062732538031,4.114812373856352,1.4711475060952408,3717.411277831443,35.22074747684531,1.0
5315.0,35826.080848217985,40466.567457762176,-247.5766304825191,350.8606890785471,185.1468455125181,225.70407556334933,3.8660433945094983,1.3370565768165183,3579.8583534493464,26.715292491822048,1.0
5316.0,35052.88388616671,40006.96736514663,-210.04948672533163,330.1953467831278,188.7598137401807,235.123131952197,4.285558906337529,1.8895458753669194,5239.689266358644,27.498643746258804,1.0
5317.0,35500.920933923684,40413.79308072835,-206.69578316440163,328.4131831733051,189.13493811348155,212.04009259718464,4.542491115444909,1.845351524523444,4942.4878800243205,29.129512089426242,1.0
5318.0,34963.548346912925,39901.9014464381,-330.8130557220929,401.4366296621297,180.9634485234775,268.1980344214107,3.692713377394367,1.4052441803495235,3555.9265781124914,25.987297670494435,1.0
5339.0,39037.65072269105,43345.25033057786,-247.86763202069503,351.026125973017,185.12302251482882,288.17113913121705,4.104959233563722,2.320517723780352,7100.260793190145,26.359247865860393,1.0
5340.0,39289.59820577894,43446.94212001158,-474.69752664146426,504.2718161366199,186.18431647353611,219.27532937719022,3.9694509797269233,1.7204331922885157,4405.488320870959,36.52200808903228,1.0
5341.0,39062.17036059408,43275.92890121114,-414.24728589685475,458.68953351689623,182.06900151266692,210.3863898467761,4.196150655132336,1.7060538736799258,4739.516282949196,34.63634721188267,1.0
5344.0,36804.59410842534,41513.90204068359,-509.35714184863303,531.9610762782563,189.79998355966512,170.9840634498779,4.058532317184154,1.5338558873641173,4027.79163008689,43.5931616497457,1.0
5345.0,36174.10551248025,40634.17039430909,-289.365605041998,375.4357479287454,182.38656887854935,156.3074595846324,4.3650257646270205,1.7256599833886803,4580.888496534392,37.18786090460839,1.0
5347.0,36062.327479016334,40901.223443071576,-218.7055798449861,334.84422569093874,187.83121025928986,275.8503782561369,4.328791798858522,2.0633752086180928,5778.114712098394,25.594245671432976,1.0
5348.0,36667.28133507395,41255.38452353857,-123.1614751205733,287.4451622005042,201.2442732655285,191.8123566566361,4.508554831240077,1.986352135904062,5803.224420607907,30.4022742080657,1.0
5349.0,36099.991683113665,40931.149483099274,-2.892740650540461,240.01848355905608,228.01867982096115,161.36196149722738,4.274022417832174,1.5637626505799014,4479.903691270969,30.581267867023573,1.0
5351.0,37312.97908390896,41663.00134276307,-81.06572784858227,269.2935512571469,209.36175242753797,240.89214940024894,4.725563454385443,1.8253242078727878,4990.675707313246,25.200653955492818,1.0
5352.0,37910.42065677273,42207.819819883065,-370.3277866714489,427.73351440358033,180.82574287458976,226.77663749797657,4.1817167700557745,2.12762781054068,6016.8275923491,33.844745065511866,1.0
5352.0,37906.37394717782,42206.0464858654,-399.55469996945345,448.1312050059484,181.489458701371,233.78220384573874,4.1122419121249205,2.148892194402547,6243.631061421942,34.446606071145034,1.0
5352.0,37895.94207436236,42201.5203207647,-370.5975883008317,427.9181273439804,180.8288927991071,225.8065486258945,4.214556573720164,2.133330174788176,6281.388511041841,33.99280283924012,1.0
5420.0,38567.50772705585,42971.42246990348,34.3523449079621,228.09742729206465,238.54570892092283,116.15952675083851,4.203456186424175,1.6279891101493014,4364.176573028224,38.17924021921321,1.0
5421.0,38851.43307699578,43204.29270469225,-237.39859817794624,345.1246304493386,186.02067804231064,163.79230380292535,4.072348970015806,1.6848681813516186,4625.434389408696,34.25870170772221,1.0
5424.0,39383.74670536403,43510.25851441173,-264.747838712179,360.7593371994957,183.8515639055202,262.5845432572027,3.9493291010372467,1.4981264205396607,3624.7083032853043,25.249478482782315,1.0
5438.0,37360.23395848723,41794.131285669435,196.13202510512326,191.49812189269957,296.540557280246,100.44077408833424,3.330940341451435,1.3536006690008617,3808.7958970010945,40.72354606963473,1.0
5439.0,37397.064909656256,41862.46722951545,141.19011304587806,201.1599160982367,274.60824468265145,110.94187381771243,3.703213194802434,1.2948686216149787,3797.32303204194,37.08223043389064,1.0
5440.0,37462.91461109927,41915.70174194081,184.9587769388198,193.23240606889536,291.8939501931912,105.53902344378851,3.536631714202853,1.1955293250116998,3175.4708469531483,37.98455179131264,1.0
5467.0,36349.463267683204,39568.45667786938,217.3263974960323,188.5318415493037,305.6160433070414,117.05672653070457,4.617426292047839,2.361856763930692,7572.441247754009,46.55041573016608,1.0
5476.0,37443.79638736204,41843.7112153637,-289.92360961089264,375.7750381521513,182.3587152741111,128.3759429837324,3.8966633437409683,1.550273581430804,4204.602338952717,40.92850924827964,1.0
5477.0,37383.72789373083,41905.10059297182,-158.95860931677126,304.19554103306035,195.40387588419395,121.55567740525919,3.8865401227041736,1.3443439155075245,3437.7209299297124,37.00664488978083,1.0
5483.0,36640.709357426465,41491.880545128,-237.14790691476344,344.9845804585198,186.04319729324013,185.31773178920253,4.245758477276835,1.4615037883311617,3776.4138393410944,30.430757527414652,1.0
5486.0,36077.40055143976,40913.501397536784,-359.6743932584999,420.49875221418876,180.7457072898651,232.79559873136986,4.134101678583813,1.9216037265433998,5104.706682229691,31.649975490323648,1.0
5486.0,37263.17616453953,40999.40588437168,286.409324942748,181.80386964041534,337.5739968376269,251.13927732052937,4.521159867997323,2.5686249918670407,7109.572212983357,28.93291595541466,1.0
5487.0,37229.903204254464,41052.266293901084,257.6957641914256,184.0537325460762,323.8493310306987,126.37132327850962,4.121441988686714,1.553712257921883,4282.360830376027,37.73891358004359,1.0
5496.0,36423.83154901202,40744.78509648886,-96.81792187723792,275.8902090947461,206.16607467627566,219.0208666549233,4.147516341801077,1.718029500040376,4704.253035380915,26.4880897706063,1.0
5498.0,38535.75609950457,43202.14494255918,-178.71292296751002,313.9565019624914,192.59906381423204,87.35446150081702,3.5561304391627293,1.3672868189023295,3881.4022836179206,46.71439149997892,1.0
5505.0,39224.427865378726,43330.19071036204,-129.48513110470836,290.3162805158001,200.1415319261642,120.20976040728416,3.7372687458594274,1.3325689242436536,3650.9551130061213,36.65478322218957,1.0
5527.0,38134.84619419793,42245.370206815314,-57.036148353544164,259.68124473604024,214.600939587122,212.68342227656146,3.927142347997072,1.498725819893529,3961.2839751677984,25.84664215610906,1.0
5528.0,38071.007680587056,42260.23633015328,-43.11972721240227,254.36339045516073,217.83636915529743,274.9956711573467,3.6510486295561146,1.726965521546761,4458.55385007668,22.71383115980866,1.0
5529.0,38111.387269303406,42297.78366920043,49.15307480847526,223.72335730186182,243.02254696299988,149.6134751578071,3.778162167351363,1.4992544645075485,4031.646989323986,31.594735703001522,1.0
5530.0,38157.88087394533,42268.16211725376,-57.252629760330045,259.7654109207729,214.5517756377444,176.9785368506591,3.6169460555240094,1.454087056900635,3708.9967400720193,28.702308246265225,1.0
5531.0,38074.745055431835,42265.44945817542,21.56357201965029,232.04326629261686,234.81188385212786,193.89351618706326,3.801963319331819,1.6134577400582804,4594.4427931622295,27.409552749998596,1.0
5532.0,38157.87880529781,42522.35326646658,185.385406117461,193.16402396569072,292.06962498098443,182.4623726975157,3.919093562184005,1.668029251440786,4785.518921751636,29.332316211584182,1.0
5532.0,38158.20621220928,42522.24576203239,181.70348766365973,193.7598302581521,290.5580739773593,179.19894488244665,4.0228963214677815,1.593020078012498,4286.76421640811,29.27827578347128,1.0
5533.0,38122.707392367534,42310.005019145356,-68.4350945735661,264.1731629845524,212.0607568548285,244.93273457422032,4.459483195584221,1.7198861008133501,3947.2175699387317,24.502785295048678,1.0
5534.0,38099.466481055446,42248.34881651661,-11.521849958477837,242.96705468921672,225.73057010153093,215.5024920186478,3.90453570434896,1.820641301571,5388.497205392118,26.54872390971663,1.0
5535.0,38104.538342912725,42500.92038948612,355.3261060382014,179.57632981580264,373.0790621109942,232.4516712206465,4.506088364476192,2.224658397741418,7138.641181284115,30.66377119895453,1.0
5536.0,38110.948630627,42402.07954191182,-16.221146460129496,244.6023390811524,224.50836313698534,173.43292276775915,3.9359886720659634,1.7023324196007568,4511.664653878845,29.950752399572977,1.0
5538.0,38077.75655697479,42309.456723668125,82.99268555430629,214.49879764375547,253.88535055107536,203.7712706813293,4.03262901741787,1.6496151850631267,4417.73967183494,26.711657702250058,1.0
5539.0,38458.84636492795,42703.34125374093,88.23877262193804,213.16541341619399,255.64752231856755,128.6024492289972,4.444692854842019,2.3004056825129853,7174.783137503356,41.02644897283616,1.0
5547.0,38221.437494925325,42365.69133702869,64.18431351292033,219.49259334983563,247.7399750009074,316.619797976903,4.096322132912172,1.9152056015322383,5536.009059448866,21.075359898944104,1.0
5548.0,38234.52510583976,42333.557926102,-122.21653291767034,287.0193702582912,201.41167280924589,158.98663892395174,3.5201203451094982,1.3369806734925125,4084.6025451136957,30.751797753483462,1.0
5572.0,38435.36237257369,43104.298942387104,-302.6600132509903,383.5991434105879,181.78747973924385,143.01648158230626,3.5244178119370213,1.4102953685210473,3927.30731545307,37.39844061078563,1.0
5587.0,37394.977432560554,41833.28722338891,-509.2707334506916,531.8906367903048,189.78983114161912,211.68611406504255,4.180586328970555,1.8496990917990936,5239.836986389142,40.42270371143319,1.0
5588.0,37301.18540992963,41860.25207950875,-499.77066400489593,524.1891913743555,188.7083385443195,238.94950965022153,4.452588118533493,2.106141693190085,5353.193388856701,38.62033341792093,1.0
5589.0,37179.484845951345,41846.15186627475,-558.3982653163963,573.0750217793081,196.48004415196064,200.6538408496593,4.0762990287159155,1.5264189405528428,4223.755922939592,42.01263919309115,1.0
5590.0,37309.27519936387,41824.577295830146,-512.3397576100946,534.3967986523287,190.15390930319214,219.65002532979972,4.1975378144157,1.587009400073323,3606.9795631269726,37.412348218407566,1.0
5591.0,37237.410430519754,41848.247961209294,-452.5406247243488,487.1644310099282,184.3526188695036,235.79306773424295,4.341716642261647,1.551396862528955,4137.135877967775,32.744689912158854,1.0
5597.0,37446.47011570783,41880.10825048393,-333.0155442248521,402.86362813592524,180.92445844660637,186.87265535104237,4.291024657256508,1.355818544218048,3348.063864290379,32.14785688898528,1.0
5602.0,35806.86474326711,40476.86499682741,-359.13668029015463,420.13642651401284,180.74396062773454,247.696397564332,4.288234027743078,1.9253921516712542,5787.9059548270625,30.371952628804063,1.0
5603.0,35888.209215060626,40707.42749807265,-711.6003146905972,716.1221174554717,229.1546936873103,344.33557348471777,3.791119534086547,1.8678227310024886,5736.871015112086,40.51289809282605,1.0
5603.0,35818.885136744655,40709.72240704327,-717.5356901372477,722.1094242367201,230.78049639634554,341.0133856034691,4.118911645434534,1.80116420468894,5111.86812426604,40.62547901175861,1.0
5604.0,35726.81364678552,40473.17854667276,-357.2596959207119,418.87380015312743,180.73959063793117,180.1668767731327,3.8910293508827833,1.605774730936726,4511.904466313205,35.2882802441316,1.0
5605.0,35471.12039620436,40488.67005853455,-390.81518228651174,441.9474044531971,181.22276550876336,220.27737984342414,4.260602771071718,1.838185140062778,5539.529338142543,33.49888914040514,1.0
5607.0,37947.31940963122,42432.92223073817,-448.37265498027017,483.9980680112008,184.04986460216105,147.90469489497045,3.7298307687465657,1.4157965752752097,3859.5834363342597,42.964861689509405,1.0
5611.0,38365.29431280053,42894.529913252576,-549.2361478221549,565.2216239985097,195.09281405711394,273.30349406180875,4.163505325531277,2.2490001151815013,6768.801408215337,39.0329887583522,1.0
5612.0,38161.071918688496,42455.78449163397,-130.11691389884095,290.6051996869134,200.03303388048306,266.7575093707666,4.721409742137276,2.160713328519413,6270.66737516568,25.209529262790124,1.0
5613.0,38294.646137301264,42545.97691010527,-148.7047227423928,299.27399420438763,196.97702106473565,132.79042489651303,4.534786520881391,1.7182993905134682,4749.996334064071,37.50126313083457,1.0
5614.0,39523.519138467505,43501.313421517,-201.55890773094384,325.7040038209025,189.72613647643394,200.70578820779548,4.276382530819844,1.7327052798841314,5240.376635196663,29.53854270490837,1.0
5616.0,38596.149756874045,42714.051047614805,-393.15466570000865,443.5956876397487,181.28845129723328,154.49602349494623,4.059291513420194,2.124512495632327,6039.409720940536,45.91214208150419,1.0
5616.0,39498.33399114004,43230.75981802182,-146.24129688678087,298.1063977639601,197.3668959790157,108.22226582773011,3.970598624214751,2.2650576397130404,6566.345196436458,49.12432584207947,1.0
5619.0,38222.008883261304,42664.81576177197,-646.2955838739192,652.4395980685437,213.0393541159017,239.2916202206024,3.861645093688595,1.3891891103664447,3680.3841373707223,41.611961150076745,1.0
5620.0,38129.706891242255,42497.6587403491,90.1377424267936,212.68915473145086,256.2905604782542,97.99138290783611,3.84788089382708,1.476055408633457,4275.941355296212,41.435385726880945,1.0
5621.0,37528.22449414552,41993.136185455114,-336.93769054923297,405.4161241024846,180.864179184729,167.3323898553234,4.261138131753803,2.284055167044317,7044.115366221753,41.856591458597585,1.0
5621.0,38469.26071999248,42548.35803138709,-206.10984800299784,328.10290467157256,189.20135677268485,130.08848637232504,4.328464958503743,2.500139103417579,7574.8766473175165,46.86700469038487,1.0
5622.0,37725.25751907206,42013.90271565593,-214.8178992624561,332.74755029873006,188.24120674253965,132.88433255057953,4.0088356954975035,1.7740490998988185,4880.356975308708,39.52323588741167,1.0
5624.0,38206.61010523976,42474.87789041274,-180.9998505993145,315.11028099959583,192.29356234209683,238.93609457158885,3.997948692571196,1.8345096830089407,4394.531644820487,26.522108059710078,1.0
5625.0,38310.17628188052,42498.66505670899,-63.19464640579082,262.09287218841877,213.2162597020942,253.79541148946126,4.220492107988261,1.8353193764521722,5193.51278978906,24.296891143067214,1.0
5630.0,37533.58001661659,42116.9418202774,-263.52734058087634,360.0465801825687,183.93621195352586,122.05060456197866,3.617509317625028,1.319460956103335,3768.1549033475885,39.31600618040181,1.0
5632.0,37908.41651174378,42450.1092720985,-340.6593853090837,407.85158148390616,180.81782077074854,146.864961862472,3.934144395575894,1.3761337681196668,3184.3682353679505,37.832313190793606,1.0
5644.0,37067.10990865594,41465.22028942371,-110.40541448537049,281.7683065698706,203.56146056445746,130.0938321133881,4.100752559484493,1.6657159227699376,5149.436905866424,36.93342853925133,1.0
5645.0,36230.991506413775,40974.95015459639,-374.1911663120141,430.38359483385085,180.87613794442098,213.1791712188856,4.282054563332671,1.7294617661080403,4826.355659094603,32.93290298614375,1.0
5646.0,36273.833073722795,40922.177014666646,-414.02757983153964,458.5301499218378,182.05912364622978,253.8924137201546,4.646323447837975,1.9057468067421617,5230.06335139389,31.696513440305043,1.0
5647.0,36265.19830486238,40863.904329405275,-306.03156581121726,385.6959301323739,181.6569578935158,128.10680427447082,4.137583159862166,1.3390731526493338,3332.7920860475297,39.67202301084409,1.0
5652.0,37355.3196219741,41819.25974597047,-439.64107031611013,477.41788185387264,183.4585360522056,247.49247699698054,4.849187691310563,1.6204755917079183,4142.146773148955,31.627636915227715,1.0
5653.0,36853.2097338995,41430.068884305845,-208.81815318863525,329.53978190183324,188.89654721898097,250.13715512135082,5.500968029127613,3.4104552318187986,11820.360144789829,33.5646675835803,1.0
5653.0,36571.6458047299,41631.18157841607,-1105.2331509616108,1185.1556973390204,395.12974942742534,1127.404427871643,3.8450320131603517,2.7200226081129837,7363.390270904612,43.93228306166718,1.0
5654.0,37253.733030886295,41764.53138053279,-558.9491810059932,573.5497675557921,196.5654969495273,494.1027778237123,4.738304337722838,2.6084014804988414,7328.015282040188,27.671759526055464,1.0
5655.0,37331.05802667996,41856.21754617307,-485.80356278337166,513.0209905501512,187.24321287330457,241.09196135459445,4.361300197371866,1.6204165129365111,4021.608222396586,34.1358341161049,1.0
5655.0,37332.71718067286,41854.34856378583,-485.506580767122,512.7855188418844,187.21367414775946,236.4330956928472,4.471405303559804,1.6552713420826068,4188.142842478252,34.79415788304308,1.0
5655.0,37312.87427855844,41853.17123710881,-512.8654469102456,534.8269669804046,190.21699186551422,247.16644855078954,4.397117181553514,1.6506541158137176,4134.717695763206,35.06842472022537,1.0
5656.0,37289.2439983691,41877.71096031006,-495.5887165413895,520.8259797623328,188.25406628167568,257.5556213246386,4.275195331302017,1.6402152967345196,3968.574943531906,33.25562701794694,1.0
5657.0,37362.006803677694,41881.036704165526,-434.0885021493043,473.27082267541135,183.1127223068957,217.26578155655838,4.217631807329417,1.8417777927206878,5592.652487108684,35.67681796877362,1.0
5657.0,37359.89820386268,41880.71497204057,-480.38432170668386,508.73726001157604,186.7147763043807,205.63146209239736,4.815246933229411,2.1756150476124483,6023.825455888953,42.4716208585249,1.0
5658.0,37399.45523536106,41911.35380997739,-531.0326697754335,549.8532164260729,192.52645712753034,203.52285379290606,4.216833408709452,2.2517444867680934,6411.970102814359,47.23681089843827,1.0
5658.0,38297.325145096765,42620.853649847624,123.57349584043818,204.8605765091746,268.06292237406694,111.28907783451216,4.216005090867332,2.3355734056721227,7247.855267330853,46.37251285236246,1.0
5659.0,38230.112372052434,42640.7226436927,65.79964339138775,219.050613559352,248.25717902991389,109.56146113517207,3.9324123808233615,1.343577599001357,3454.8190424359127,37.37906174724551,1.0
5662.0,37364.17281327566,41847.86381966508,-596.4151885387502,606.5072890711514,202.9196126102644,257.3944460633444,3.971207889482337,1.3956237202855464,3315.9663858445306,36.72195148545907,1.0
5663.0,37288.668934251284,41875.175730853494,-422.67576937878016,465.9120406068271,183.34349650821147,335.7117921665998,4.2219171908310695,3.2558572765860507,NaN,33.25757956006378,2.0
5665.0,37252.53094002219,41855.237709013345,-477.3561678573438,506.3556658288936,186.4292447178684,223.65185322180574,4.388594388038482,1.6352123793809796,3929.993600883831,35.559810795593094,1.0
5666.0,37288.254281085414,41831.335901690654,-530.9913889958596,549.8187199710801,192.52092428442253,253.4579595527972,4.35739230912324,1.6689326843449317,4279.540131416174,35.5306003044091,1.0
5668.0,39392.50126808514,43526.177098366934,-236.60351887333576,344.68065930254124,186.0922638516665,160.5230962715031,3.996772787781944,1.4373608590197824,3676.850393486539,33.13418959215507,1.0
5670.0,39824.6946280628,43650.182064742665,-267.06213547265526,362.1147173473769,183.69417229658617,125.12237027312995,3.716194831217233,1.3099016295140313,3419.8910288304073,38.72386754663379,1.0
5673.0,38003.77365116137,42605.87629970118,36.23419893364772,227.5298186872108,239.10565723189345,199.11545359549896,3.8770152025513283,1.6900890823000532,4702.408081875176,27.23913703089587,1.0
5674.0,37992.99685140021,42622.48842873866,-203.42401728137997,326.68478219862556,189.50915745745064,143.63227655621034,3.669912413725076,1.4409950129919935,4084.389109241427,34.793722140723034,1.0
5675.0,37986.489747983695,42499.30633457028,123.17357943676016,204.94798278013621,267.9170819305668,90.46524063388618,4.090348063661311,1.3935958513964706,3837.4147425509886,43.07923762581142,1.0
5676.0,38063.237275957996,42512.331893168404,7.9899283637453635,236.39998949355285,230.98525955288935,123.18044538470153,3.740553008611146,1.3690728516200579,4007.381778930186,34.97061639620413,1.0
5677.0,38128.70592896729,42674.55569819917,-42.569470612763496,256.51116492816584,219.86996333726955,313.3661138380247,3.932697811700265,3.036780432812286,NaN,24.989701231774475,2.0
5679.0,38122.65349423581,42628.95024013942,-10.206637993438644,242.51311051311765,226.0756485659597,118.01290358089192,3.5822823005559843,1.2438874698837188,3376.16382898814,35.16869431107315,1.0
5680.0,38064.54355720915,42598.643282273275,-127.70583470765153,289.5046172455151,200.4487308034174,104.4495104382434,3.758041086926502,1.2883814536718214,3561.7073703488013,39.684987624417744,1.0
5681.0,38132.06926979222,42683.663164747915,-80.70161203832079,269.1438347910605,209.43785737591568,117.31274032130008,3.7990373807418107,1.400647166853923,3334.259609261717,37.02812909952831,1.0
5682.0,38092.02759804929,42619.9844955805,-164.48700647331322,306.8901390271897,194.58895934518756,134.9845048966368,3.501217008540268,1.3775380439488902,3910.200042007769,34.958199724038664,1.0
5683.0,37994.91193995594,42674.39274463346,-61.58671740341833,261.4597677332018,213.57499915246515,232.61147400038473,3.685202450573633,1.6522102955049538,4619.679741625726,25.0163139815494,1.0
5685.0,38058.68387899561,42700.6921114083,-196.05752442356692,322.83017856229907,190.3815867085005,203.1981373060825,3.677209226237246,1.4382811914991438,4078.7475426664787,27.921189034753095,1.0
5686.0,38096.61246334777,42731.5820296742,-94.93986491282566,275.0914361354157,206.5371508962825,224.57451406585213,3.6702421748437124,1.3698796142574639,3307.5499177534766,24.90145400823735,1.0
5690.0,38150.211052212195,42716.54240187601,-76.2714120129861,271.098606881149,213.415723362743,277.03772574833965,3.802434464135657,2.7763634203107697,NaN,26.747552065455967,2.0
5691.0,38151.562995257416,42684.844079802046,-162.81486037391093,306.0720773423121,194.83298590516034,248.59565690172874,3.924315377095905,1.7055317891294397,3999.3434269383674,25.167929830612174,1.0
5693.0,38159.36826894981,42750.96639474332,-123.20829587930726,287.4662815776271,201.235996511942,131.47398220280107,3.789968316354918,1.4769978039088412,4183.222070356397,35.518156960702534,1.0
5694.0,38126.58795216575,42674.66317731727,18.418455170803902,233.15378397024062,234.00687506349985,245.16553379387875,3.7368966144803313,2.6069423818653634,NaN,27.28210327739237,2.0
5707.0,38242.13700568471,42840.95198221356,-8.201666782695066,241.95234546192103,226.70777195317393,282.1037233220879,3.738878130818987,2.903264025671648,NaN,25.911804824616013,2.0
5709.0,38241.95789727633,42821.41106832055,-95.51461646606913,275.33553559011517,206.42330307271578,177.45724287325646,3.951990932668809,1.4665567517114497,3677.3000958538996,29.05020797580501,1.0
5710.0,38161.616451695925,42788.015457041925,-86.38085886220014,271.4932498440221,208.26232313895326,157.87910100622503,3.440841246927649,1.2342754947789039,3315.1428593465585,29.994075861645324,1.0
5713.0,38134.452939413,42835.64543146415,-238.1838013286365,345.56367183010843,185.9504542657174,120.34607523041508,3.6064413261254002,1.29523287564285,3855.6653091988765,38.719681637281056,1.0
5723.0,38232.81137507839,42527.16511233905,-195.648579050064,322.6176923675687,190.4312306046196,134.96891590326712,3.609443798227074,1.205067716383332,3094.412978254334,34.45359362806997,1.0
5725.0,37998.45264746994,42461.035063731084,-162.25622075514838,305.7993624598282,194.91498648516514,166.55158006386895,4.0933168866219924,1.5634075794579858,4136.737915576798,31.61406302198197,1.0
5751.0,38204.44074127778,42344.95975812024,86.73161798073443,213.54582596504704,255.13911860753043,79.11993952201908,3.8033395467485374,1.3774530205943456,4153.719097618422,46.70522067172505,1.0
5752.0,38162.24415287209,42309.02827741794,75.66512148497827,216.40466723533754,251.4591139681169,119.57601444406995,3.792382899760309,1.3209725784520054,3886.553243745366,35.22999552478568,1.0
5753.0,38137.776770811375,42401.88752198434,157.24148962539226,198.04287014252034,280.7779395289021,125.44376126436522,3.778656428914854,1.3007280721917667,3662.137994620952,34.52118336401723,1.0
5754.0,38159.187147025055,42281.0782901885,-65.2253023463725,262.89590457068084,212.7660225812665,248.23743932771376,3.744998918831345,1.5790313922659525,3581.0763464053407,23.859704313133978,1.0
5755.0,38159.53363295529,42236.70585522342,-92.61839432771313,274.10866776593105,206.9995539594127,137.8096730430756,3.641368642241982,1.385685639429764,3854.4047202616416,33.480031276108704,1.0
5756.0,38040.31935875076,42248.71810874051,116.85614175531582,206.34873954558512,265.62942607137916,100.67318607884972,3.6276661033457103,1.36668410941023,4100.807890534777,39.86246801811072,1.0
5757.0,38140.329572312825,42273.19089210028,-87.50515076089272,271.9619583354631,208.03252325630197,240.08775064040003,3.705987762825032,1.6096826985316661,4136.735080235212,24.599233225885865,1.0
5759.0,38314.26366495646,42301.80787906598,-219.66460200499859,335.3636300944976,187.73184252096195,162.98462785931818,3.8980493692249305,1.6113962098203907,4511.19263503795,33.474424344158024,1.0
5760.0,38313.875340846826,42232.343729609296,-277.0094378880654,367.997917109614,183.06414879041,155.68992631717032,3.8337027893847813,1.423730123853995,3640.7947760927154,34.74550744744583,1.0
5766.0,38749.112000472596,42968.32764682215,-184.36311055223803,316.81604105285567,191.85151906680912,170.42557776505262,4.109271499648006,1.8680364692810543,5898.6987307358795,33.302997608346395,1.0
5767.0,39238.548029780766,43437.926554323574,-514.4038911828519,536.0873637784348,190.40281477250034,331.8867013873875,4.585594614495305,1.9129808390642937,4923.443503417458,30.33085254922413,1.0
5779.0,37105.068636128766,41607.57613538158,-317.25590250051056,392.7536520170588,181.28486076210493,175.53355635472184,4.101533534725167,1.4750865679315155,3618.930023875722,33.65746632107524,1.0
5780.0,37181.98195908479,41620.6883535792,-376.5227168934112,431.9897293657921,180.91205518469997,134.65165388990354,3.936696476913463,1.7048642836599246,4739.628946898104,44.949559053379566,1.0
5782.0,37961.304409267694,42018.83529543487,-338.68182238666043,406.555848475022,180.84113952728325,178.3650193611243,3.6479321191485012,1.4366556314702488,4064.0427191470226,33.75616545284152,1.0
5783.0,38035.31128339088,42059.80965524022,-64.47439524095316,262.59850174254626,212.9321475580867,128.56348395269112,3.964615506208081,1.5186745773587964,4341.212508342142,35.54978481776003,1.0
5784.0,38058.87605355491,42084.987829140344,-227.84251877856508,339.8280042015114,186.91297158730873,236.64817781857388,3.691873943768853,1.6850858103810644,3989.977920829981,26.887519403219198,1.0
5785.0,38107.36733882013,42083.56384741782,-350.48071900172005,419.3837404696689,184.82122182572581,972.1600148271914,3.7718115183673113,6.199289912026231,NaN,19.28601453714953,4.0
5787.0,38029.1809816572,42119.63847220009,-265.56004196632466,361.2344330952761,183.7958623829217,122.85842112397913,3.645113210566063,1.2508535995154613,3466.8826751752786,38.6442887292035,1.0
5789.0,38157.04635856703,42079.72598506019,-399.41961812237145,448.035077419829,181.48489367830254,185.90935044432604,3.8155391513315027,1.4528500827172603,4111.588528449825,35.14116610276743,1.0
5789.0,38159.33512310033,42081.221914922586,-403.329862037472,450.82466405382576,181.62266338547454,186.1615732609392,3.824524807816166,1.464729828655396,4133.847619325352,35.34803847564686,1.0
5791.0,38132.4234979975,42097.28159162174,-305.23961394026065,385.2024477445635,181.686838021414,173.06430086842118,3.878777373777249,1.5194516006504057,4086.137198503561,33.87301410957234,1.0
5792.0,38312.35641501722,42211.718860024004,-414.95458182216754,459.2029435095252,182.1010509976053,162.9371746138569,3.626110587520647,1.4778074204085252,3829.4104357293522,39.189003789031226,1.0
5793.0,38211.828824094875,42207.570533035905,-393.0380221829501,443.5133841905632,181.28507749307397,177.25139615040874,3.52232705285137,1.3609518653679764,3707.1212274719096,35.33441003203554,1.0
5794.0,38133.17051106726,42229.05536363424,-493.84937789676906,520.3132112533601,188.78118907216742,353.2667016726731,3.8189132236251404,2.9884447096119207,NaN,34.00645923503897,2.0
5796.0,38160.2317880722,42221.98777505,-467.2119938242462,498.44044018744034,185.52364400226722,179.72475581586377,3.898463698099276,1.497120893021583,4089.0536880465797,39.40310157766426,1.0
5797.0,38263.745067336415,42221.882235064084,-366.02513078270704,424.80844129965885,180.79089512686244,332.22352071160014,3.8273873231816715,2.6547464113406605,NaN,28.16744799534763,2.0
5799.0,38196.92318905801,42254.43448798136,-547.8937819664341,564.0776507323436,194.89494046716203,186.76899017907405,3.7069054950355076,1.4314644973254114,3831.137821777434,42.43223268278102,1.0
5866.0,35564.31859119089,40782.922076139075,-493.67650259382555,519.2936310130956,188.05078878510028,240.86875968627103,3.8249038372905813,1.5568320928726707,4258.9061424180245,34.10822887595786,1.0
5867.0,35615.37082763362,40724.36695945853,-420.7785141740935,463.44833813266047,182.37944322306475,338.68970836277947,4.094483731805713,1.7529692528009742,4143.770434113353,25.899954155544737,1.0
5868.0,35621.304531370406,40771.67005540591,-408.58570039278743,454.5969191592871,181.82619968961166,382.6831091615942,3.963222356172762,1.9317372958228558,4800.645720246255,24.24854165284806,1.0
5869.0,35595.8196521545,40752.362668249014,-376.53613958611334,431.998990693025,180.91227395343975,261.1912712778899,3.958948646854354,1.550114010934484,3465.3896942786732,28.154588967741407,1.0
5886.0,38445.99853205295,42576.785298533156,-348.4987584477541,413.024359097665,180.75470658130416,145.0753190485359,3.767483049031591,1.3237422391275684,3541.4427132535993,38.011056798922255,1.0
5887.0,39053.227237189334,43345.37492612663,-82.24947715352475,269.7811470412604,209.11503159119835,192.79607118169366,4.548409095365036,1.7358174854477262,4601.039019811813,28.628943960903268,1.0
5888.0,39058.905462100105,43125.459006318495,-109.14426857141719,281.21539138971826,203.79728865128737,255.30894014615706,4.724852046127955,1.6318194024053192,4036.6549503608544,23.954663864849834,1.0
5890.0,39551.93035053236,43613.78279637225,-552.2244632134531,567.7743885581331,195.5382428081371,263.6619892432615,4.203986970271714,1.5317517230761195,3767.706923376671,34.76994680656806,1.0
5891.0,39234.18986329547,43377.97742584528,-235.43719991739616,344.0304670888184,186.19814631256114,142.9355086284558,4.746690817870404,1.954296210062985,5571.530059457005,39.65703563331238,1.0
5891.0,39233.69447295686,43380.23593260593,-276.1059941459586,367.4597348286279,183.11825599732055,151.33464448995696,4.578819631519842,1.9603886665815087,5800.988657974846,39.47667587672255,1.0
5892.0,39685.76597774577,43747.92397192818,-418.7209374402712,461.94479978327774,182.27813516763936,235.4893608867762,4.244905094843649,1.5459114561620408,3827.420008767321,31.433936722104505,1.0
5893.0,39270.200982623086,43330.692805008286,-141.61504018401297,295.92914345464135,198.11156996978758,201.48594499925747,4.598770967908868,1.5624709398983059,3840.348820817219,27.77939815952638,1.0
5901.0,35872.3267953061,40445.76308219027,-501.7856131397047,525.8155439943772,188.93197430528983,198.82697934691376,4.2322001944505505,1.4055497630173361,3423.0228135831157,37.88738584875388,1.0
5902.0,35886.8228329431,40322.86414754647,-291.105390104018,376.49457978260085,182.300508447947,142.52657625879252,3.9188832497368344,1.6121944522320546,4303.5268739368685,38.70765142454563,1.0
5903.0,35895.50523445346,40276.37307880636,-410.62846429908234,456.0700950232242,181.91098845483495,135.33237521332964,3.7979892937729947,1.5058232691816886,4291.920267239664,44.45815790227629,1.0
5914.0,35731.65740660498,40348.19848155075,-495.0129757603198,520.3642482553263,188.19256907722058,269.857014575683,3.7345928398301242,1.663907709052838,4085.898612364134,32.375648311691315,1.0
5914.0,35637.93359017914,40358.38248141216,-553.9288270057688,569.234110240647,195.79533748111933,277.1513765072471,3.993418023173618,1.7406064078814578,4542.987103682046,35.130979086137074,1.0
5915.0,35655.440776972966,40436.59594104645,-446.1597766731087,482.323625194753,183.89450530458276,171.38071917146678,3.9554212577766923,1.5650787636582615,4226.329574969963,40.164821106854845,1.0
5915.0,35645.38840765692,40438.75979070427,-506.7415016764171,529.8319449971792,189.4951839119474,182.35005499357564,3.943855855451259,1.5169761329328988,3952.5504316233773,41.40234720910647,1.0
5923.0,35718.81741429228,40349.0578375016,-525.9738341935498,545.6377476673207,191.8580959969346,248.47556451665417,4.38696962299461,1.8248919037864464,4915.241645378172,36.88489007306856,1.0
5923.0,35803.002446176266,40324.3036690359,-465.6003280494245,498.346815296542,186.32038949277415,1184.8160029344992,3.938923261667502,8.737983986168999,NaN,23.703111609707893,5.0
5924.0,35769.27995013692,40325.51019280028,-541.1708565298879,558.3738943183395,193.92459828124416,242.17644635645823,3.94062928409726,1.5060932112968106,3990.0780633210215,35.973207379935914,1.0
5927.0,35784.28996297688,40295.461821412166,-300.01356321835806,381.9608112201277,181.89599964885764,125.62278877185794,3.724737671166119,1.314440949613314,3488.074847771487,39.74609021146773,1.0
5932.0,34892.992782495254,39854.27701654272,-158.63381379260898,304.03812870766376,195.4524769639251,201.28414274810663,4.037062434855125,1.5832043415494692,3969.7154591895605,28.113008862400385,1.0
5934.0,37360.28662716748,41811.186837600115,-578.8010821375734,590.8479097647895,199.79907323200024,203.82128529193182,4.044919361025845,1.6136290647819997,4628.360872435843,43.83012427832791,1.0
5935.0,37417.38393387467,41869.27313068217,-483.26856174396335,511.01370877303697,186.99323587700889,184.31200724236024,4.04080057696183,1.3543926971453808,3780.261994772352,38.39142810869691,1.0
5948.0,38591.56291224134,42896.02655734401,-375.88971694986867,431.5531679349094,180.9018942030981,256.7271927405837,3.9400348476514373,1.8267101907658987,5630.708623226731,29.713487658938792,1.0
5948.0,38592.19063706005,42898.60927155665,-424.1997164630636,465.9571600028386,182.55503394631668,263.3843995256043,4.00371406930484,1.7882017226848488,4855.881021357683,30.689441651394663,1.0
5985.0,37423.56911023006,41816.28060040605,-533.7372016856643,552.1167712205057,192.89177397130916,222.33014629248075,3.78159125842322,1.4965350390281655,4190.729674816143,37.55888986118007,1.0
5985.0,37388.62639656363,41818.2506250337,-543.8583323021729,560.6488457874092,194.30835804692668,219.65368115444264,3.861288805690418,1.5200042867341268,4348.832348421128,38.61946415933305,1.0
5989.0,37270.221511060656,41622.57349062182,-318.77991965897536,393.72109560196196,181.24174148932036,192.60024702472063,4.040642196478437,1.5489036840111257,4323.955503249963,32.198040164904604,1.0
6005.0,37241.431260702615,41982.28711964201,-374.7655268231376,430.9492706695507,181.02238546578164,680.7344142361617,3.890463409158734,4.674364785745408,NaN,21.89548590118619,3.0
6006.0,37276.696565898186,41985.48077295676,-445.1128246484315,481.53302575711524,183.8223025411018,367.35141946229123,3.8020589825492306,1.5898764706006476,3890.054073820072,24.792994539883274,1.0
6029.0,36062.22437236141,40804.71864550845,-55.831761880659585,259.21379608813004,214.87511352085784,132.94908010901062,3.6303656250590235,1.4593283628997633,4226.209608305532,34.3146184788609,1.0
6036.0,38731.237222570424,40300.061058192434,203.16302869857293,190.46713671102955,299.5133055632596,115.84978898387364,3.510387787520624,1.3039026518392156,3345.2582788978793,36.881232400579854,1.0
6037.0,38767.59704582571,40226.2416820357,210.22726734312027,189.47822695581462,302.53804775422765,201.16475212461273,3.7644830975499954,1.387118796521915,3508.4800034644886,26.764336819040572,1.0
6038.0,38756.120091219396,40269.73668776321,197.91916974761722,191.38124240230582,297.4134977058951,729.0777510956499,3.769055671735294,5.84666613953777,NaN,18.39996330231958,4.0
6040.0,38762.48207956931,40210.81665960153,236.30134676991747,186.2355694785087,314.03160672499206,202.56678440623503,3.5958963792502283,1.7352203196655318,4334.002360796422,28.37566286359979,1.0
6043.0,38768.3948428844,40234.41332410254,214.68644910450223,189.3694842142329,304.86396127545095,403.8254839568244,3.720688670037598,2.952570975553625,NaN,21.09741388392177,2.0
6045.0,38731.32475819071,40321.95059179544,176.58469234615043,194.60939215751947,288.47380276126097,140.0244756236697,3.541565712073204,1.2276594986760956,3347.947272427995,32.05439871852602,1.0
6046.0,38744.63220202189,40213.32638868505,98.33291485783032,210.67282264520725,259.09717029005407,199.20551361527137,3.563026689997545,1.4380716913906424,3953.4300970241165,26.338485317636337,1.0
6047.0,38748.357275145405,40283.871568792674,222.51311981731993,188.1657740103216,308.12782256187666,332.9145508652026,3.6758429871830303,2.7037407784332728,NaN,23.370965643871912,2.0
6048.0,38775.8945232421,40204.52552638431,193.7548248282606,191.85724592433473,295.543985738263,134.51905129236377,3.7379671295490606,1.3322644499718703,3444.6709776759594,33.64831249287915,1.0
6050.0,38741.8563127772,40249.63838853805,178.28879526545714,195.12855024616667,289.81580913488597,1331.5552535160502,3.7887619302614532,10.385281421673422,NaN,15.936629957071379,7.0
6051.0,37289.83248699415,41970.12881409085,-455.3008412848032,489.2703553852894,184.5604032540041,237.32970149004817,4.129089125079259,1.6132588910481247,4436.364224484366,33.09184941595878,1.0
6052.0,37220.36569361273,41978.19601703499,-341.22823690869075,408.2249857602965,180.81166502677317,304.34141666052545,4.253851646107259,2.224686634063446,5771.590198806047,27.26320211575548,1.0
6053.0,37278.95998166296,42003.137806115476,-371.4766190940397,428.52008414818863,180.8395402591424,318.15918144196223,4.1488570381218315,1.5693998897714356,3786.578200250572,24.90752468647536,1.0
6054.0,37254.891399951506,41984.492614258794,-369.5775853493791,427.22054667999396,180.81727588269547,353.91994978484075,3.903407206108332,1.6291372052584183,3784.4764779932284,23.496697462178286,1.0
6056.0,38751.07212997398,40246.72567621019,164.37863875917787,197.43170997039874,284.1474291566646,1068.2943684083316,3.6885377831778756,7.467468348793524,NaN,15.47507508214281,5.0
6060.0,38764.44303816994,40283.22791080066,182.17227127059374,193.68326170568963,290.74995140752674,181.1840572240017,3.8494507109625307,1.471690211492421,3540.9108400190194,28.546368786949625,1.0
6061.0,37221.634079152354,41981.830236000045,-327.3295909325326,399.18902208581693,181.03266276994188,275.4380812380804,3.870101404036579,1.9499048044644196,5129.380498204495,27.541597982985763,1.0
6062.0,37261.96479226474,41973.681676998545,-370.4004467215188,427.7832256054177,180.82658571983768,201.0026890852914,3.88540797280452,1.445479095142047,3535.2315058228073,32.36949557693167,1.0
6063.0,38750.73247373378,40290.2192736585,235.09414753161457,186.37154645395745,313.4880296134154,133.69761646695363,3.5866996762898307,1.5708498053774365,4364.717911283192,36.01709875538338,1.0
6064.0,38758.273589243734,40226.93893882577,226.32423371320095,187.7700490923905,309.87100503339633,373.3200357384208,3.6913523729207474,2.5370870937272816,NaN,21.27515052045849,2.0
6067.0,38752.39446786388,40262.67173453723,208.87549199873442,191.43618782969332,303.3886563386993,835.1315984796665,3.725151188659781,6.06225036261015,NaN,17.16926383200531,4.0
6071.0,38732.23304998511,40272.60337334122,237.88067179531313,186.05975186891487,314.74442139689785,176.02127884701054,3.5589662031670106,1.4436524595825317,4389.993528900224,29.622711017245386,1.0
6072.0,38738.714365300686,40323.058614949594,128.0147266432416,203.90003276422757,269.6907313508327,111.53138678222473,3.5892741489265942,1.3095255839995699,3513.6946425750957,36.96266151060653,1.0
6073.0,38739.950518431695,40196.55354509871,37.341181422931975,227.19748841549495,239.43630216494162,200.68928496158316,3.7811793895061716,1.5025327926056489,4111.861029729002,26.397703929116187,1.0
6074.0,38742.72365224581,40259.36013782887,224.30796720907114,189.29796983656763,310.0143794443468,725.0606904951918,3.701610896324893,5.588704713748773,NaN,18.46892167178748,4.0
6090.0,37317.76662017192,42015.14198890884,-436.1911270513304,474.8377946330872,183.24090959966423,195.4071872761937,3.9090084841860486,1.3233186733338675,3570.7127222168083,34.66179220645084,1.0
6103.0,38072.55352527027,42534.25560087751,-327.1616837996755,399.0809738118407,181.03623259697042,238.04332128404135,4.329481027852135,1.7798714154077289,4948.541856015326,29.463117650409572,1.0
6117.0,37207.96893468103,41996.645454463294,-375.8903833479189,431.7649759934258,181.07270729003721,902.9403138263754,3.9357998719436487,4.9216486278146965,NaN,18.21948726155359,3.0
6120.0,37248.05610795675,41996.154831665735,-392.92532521862745,443.5074982238785,181.3413245817468,762.0321521635439,3.896167792646583,5.020957921521427,NaN,21.345812998103266,3.0
6123.0,37052.89652557576,41994.143591080254,-258.27219354517234,356.9936796809197,184.31365169827777,90.84516893165686,3.544004194824212,1.1301547619558745,2865.2030649188264,45.291578916451115,1.0
6131.0,37229.26802744851,41975.017448317696,-383.38658991821137,436.8573828582029,181.1304001507158,527.4310951243413,3.9247137392292277,3.277273019400776,NaN,22.63738179588506,2.0
6133.0,37217.80726802612,41997.623550929704,-417.27679220888274,460.8919002176137,182.20895735206255,343.7912596793416,3.9161364517528843,2.0447174323337145,4870.093350739365,26.64677562207487,1.0
6145.0,36736.38990400347,41476.460894286625,-179.74572938786966,314.47695293711917,192.46060179482774,176.21010867825768,5.511498751901362,2.9144410452440646,9000.80564669502,39.5233210994556,1.0
6145.0,36884.49236147418,41633.94204751635,285.810843710457,181.84283016889916,337.2815198095954,193.98439917544664,5.180615168683609,2.8742033497021544,9881.656071593035,36.80608443028965,1.0
6146.0,36750.90972940716,41429.38996841669,-366.1416881820926,424.8779531891861,180.78397798000188,248.63933522047847,4.33692463905444,1.6211473432972958,4373.6884011427655,29.03839713561105,1.0
6173.0,37199.87535354579,42005.991264756834,-264.1794688499801,360.42724090563485,183.8908421475477,274.8134080328904,3.9947138617021998,1.509542485473562,3668.1065024330987,24.59979597323874,1.0
6174.0,37246.71023817832,42002.70766573391,-345.949741052534,411.7299466768396,181.08842594132466,628.1589788421055,3.9519282336963313,3.5031706203605397,NaN,19.745282370586203,2.0
6175.0,37227.04344191381,41974.02265837194,-397.0248654990003,446.3337687096631,181.40627274203595,297.29022665584074,4.062114764720099,1.6007152715368247,3931.3583500254867,26.763014260890564,1.0
6177.0,37181.414520756334,41981.365045121536,-368.81199085319963,426.6976006881452,180.80907736136166,343.13046502366234,3.934663781609898,1.6062105490799221,4010.8618690034305,23.8514520528269,1.0
6181.0,35132.54735042604,40307.396731149165,-153.34637875077243,301.4895620701911,196.2549745989286,123.46387780998589,3.7118997678505243,1.2105281207829552,2896.906771569093,35.60177752718998,1.0
6183.0,35559.748558020794,40612.616091423806,-215.17075457622596,332.9372615395848,188.2035191914683,81.59245150664266,3.4138050799972515,1.3210717066016537,3941.736824853838,49.50211391824227,1.0
6210.0,37271.004029143296,41975.648452943526,-391.39958951691176,442.6449986398961,181.47018517222165,646.3292382214429,4.023608219790249,3.4764150793127673,NaN,20.31693888669728,2.0
6211.0,37217.8987547758,42003.10656001039,-385.0825644106104,438.3541957754875,181.42201150552796,533.8750512402576,3.9307501588993095,3.3379647235167527,NaN,22.693388183170217,2.0
6214.0,37273.13951031588,42023.61796191457,-372.63218086980174,429.3125168289313,180.85443314843258,303.15891858240917,3.98209631843687,1.9291123650951432,5808.580162858005,27.01990608147538,1.0
6215.0,37260.348086986865,41985.440593297404,-400.0717241153866,448.7254476762881,181.6898293446414,683.0359621687529,3.896488013421751,3.3244028055437114,NaN,19.432640812344218,2.0
6216.0,37295.01471923293,41994.23812998427,-356.7503622689892,418.5317501936698,180.73886794875833,254.30326033622947,4.211786078013713,1.8686986885401147,5581.147048287177,29.497005409592834,1.0
6218.0,37237.52961989079,42008.20430548779,-380.59974291683153,434.8699556731388,181.03279519697787,519.430046377724,3.7647410846079516,3.171414484543929,NaN,22.50318791804165,2.0
6221.0,37187.126709841614,41992.65391403946,-363.78677164624355,423.28806617574094,180.77383945652082,443.9956084877059,4.007170716666716,2.8131525749858457,NaN,23.499055759003504,2.0
6222.0,37243.10025135477,42002.0407920972,-408.4464308364019,454.49662570465165,181.8205348417501,314.8952442781968,3.689799209472983,1.9127124755692129,4384.503658345376,27.37047596045423,1.0
6224.0,37274.52752411825,42000.222211482665,-443.86824850401405,480.59453639536383,183.73755743021093,311.27148215948324,3.6249199473358407,1.7414868778527353,4338.196266716893,28.017480280861953,1.0
6225.0,37221.868060919915,41994.1055831442,-426.3415856066277,467.53344476105747,182.66950417336395,264.09486990398005,3.9111771995841256,1.8762675924121788,5167.294886257481,31.183698089089088,1.0
6250.0,37281.25330521479,41990.47472660623,-382.28470051965303,436.1092115271823,181.12222397492303,546.8432193074859,4.06831320465877,3.474148113365911,NaN,22.578632950042106,2.0
6252.0,37217.41510037785,41983.05228131681,-286.64596247332474,373.78629399018774,182.52572045549252,215.257967497292,3.804885773547926,1.3683111048443184,3604.4403770283957,28.405512475370305,1.0
6258.0,37345.750798606554,42005.11875270397,-447.7425635203429,483.52081958636205,184.00524782109864,387.3537417822783,4.118002790985989,1.8701552960947265,5268.178252856489,24.985134435450583,1.0
6259.0,37165.69475406064,41901.086512239155,-289.59713321981565,375.57649114852495,182.3749830119994,125.12346817129624,3.9340127290589724,1.2907267746793294,3184.2540272286356,39.28654838084531,1.0
6262.0,37842.952918460025,42310.94893604889,-403.0329551296836,450.6123434088406,181.61179365853317,129.78542183676964,4.25573182256479,1.6283266323401022,4742.176736934001,46.75439937771207,1.0
6264.0,37672.588341902316,42345.10748431641,-384.5898280340107,437.5864709942443,181.06829318300723,149.09869110803737,3.876273241481187,1.3717560459373181,3678.121821663172,39.1906500562763,1.0
6265.0,37822.8965181994,42303.912739249616,-332.8775403745021,402.77408071936304,180.92679292894792,176.24767402362735,4.33471593203942,1.743405120857675,4730.105074538761,35.87990784061027,1.0
6266.0,38038.586178925085,42387.95367876214,-118.40000976474555,285.30820925750083,202.0947066612285,217.0643661273946,4.550268776754739,2.0049182507831533,5679.960892821913,28.0405538485929,1.0
6268.0,38775.31288919487,43076.537473756536,-268.1444776309955,362.7503301692247,183.62196480594568,243.39798373235433,3.871189446844622,1.5232817775542775,3579.656417403305,26.5837967214326,1.0
6269.0,38865.04908882968,43074.987927650516,-489.81711700023277,516.211422938399,187.64900543775917,171.7454060965042,4.068287605411827,1.5762758020521066,4505.564739642509,42.67970129433915,1.0
6270.0,38414.62123423805,42782.121481110626,-255.30444405903975,355.2811155798661,184.53610293025991,120.18335041161842,3.780553997959946,1.2302882802574973,3204.7943831408957,38.709971388700474,1.0
6283.0,38030.40405472302,42581.94933314314,-412.41279482724093,457.3601168344697,181.98765256843433,113.14420216496633,3.6139479175656892,1.2983967491994095,3790.18713092083,47.71764722250483,1.0
6284.0,38211.85820187927,42755.42805940003,-175.68031503253073,312.43412572956237,193.01032484026462,135.0096803492742,3.77972914770107,1.4289955545304354,3987.126867801992,35.51781797064529,1.0
6295.0,37471.57784559298,41855.3492814939,-637.5057092007929,644.1751527152333,211.11843539603734,262.0887686496134,3.8414582591693156,1.4831091820165876,3954.9333681061216,39.447928925552716,1.0
6295.0,37380.4708210303,41855.664868207925,-552.4363512309587,567.9557133438499,195.57008454349327,218.25253551348302,4.112285289562524,1.4904541875127166,3963.5285775076713,39.032835485215095,1.0
6296.0,38959.48776704362,43471.08731201879,-220.3381276623121,335.728928637019,187.6624750911087,143.1505433132428,4.175723447283335,1.3479603394181556,3374.545896778873,34.63787657103059,1.0
6297.0,37919.672169033605,42339.86428571154,-286.0240279823687,373.41007274601225,182.5583338907446,188.54388322412268,4.280054324824373,1.6460300973194129,4594.510540990587,32.25609779157339,1.0
6323.0,37161.369348447704,41992.09521663094,-285.3081731025343,372.97748862817457,182.5962373061658,179.1861969683271,3.7449092539729176,1.2982854100413297,3054.854631403086,31.3533098086443,1.0
6324.0,37220.893625893,41988.614353825644,-369.2299929441249,427.1411692066829,180.9412813985257,780.6571700168092,3.9738105456350277,4.909153318333879,NaN,20.103648803150588,3.0
6327.0,37263.2688615537,41986.62878467523,-410.04306391336956,455.9955127165746,182.16759677451665,754.3862433984048,3.8700236462417195,3.688546458674166,NaN,19.1113054976988,2.0
6329.0,37259.05936410739,42004.34889828446,-376.64688801444885,432.42832152596355,181.1992908555102,1021.4608682341363,3.923903641379965,5.512143349600172,NaN,17.591859429975376,3.0
6352.0,37197.17226532075,42005.393760504434,-331.54389873912663,401.9096377772835,180.9501007661545,270.1309775239869,3.873001739293656,1.3967866321481308,3419.7096351000255,25.865256332015786,1.0
6353.0,37240.32002991697,41996.76320746616,-403.3202676261592,450.911738208478,181.69822636851032,639.4294464048422,3.8197300079326446,3.3113471565271277,NaN,20.36648194028435,2.0
6354.0,35704.319089619,40577.46180933873,-422.3423690366264,464.59376814783974,182.45860013306816,265.01367725547397,4.047844023035244,1.895687039952267,5476.805356257302,31.06368605847577,1.0
6362.0,37832.163555206454,39766.00908126949,271.25223964199597,182.89462594115344,330.25083296419314,86.54923300353057,3.5047710154587217,1.240118669376926,3398.608308545029,45.471939271420254,1.0
6365.0,37128.17940588643,41763.45516598934,-383.095217768542,436.54491941396606,181.0356034719842,218.42838712659778,4.202247645788965,1.6190490286447454,4608.259231881612,32.08928858299208,1.0
6367.0,36853.40824160878,41289.30335099706,-574.3318627723371,586.9211977773501,199.04490795300126,337.44998326950116,4.1305699696469995,1.6436274690315515,4049.717588583013,31.271423985304743,1.0
6367.0,36761.74026230859,41298.55322545273,-533.4219852686155,551.8525960967353,192.84890886969046,300.5309137714732,4.404607451270295,1.7272272345253499,4387.009195199168,32.21644741071241,1.0
6370.0,39174.217317280876,43210.86607825976,-134.39778164749472,292.57278965859615,199.3058806324619,103.28830740575069,3.972551743215709,1.3472434034242227,3365.0895096644717,40.61907767842489,1.0
6382.0,35454.29908304482,40095.03669786311,-312.10748489931865,389.50164237778114,181.44361580611724,258.6892802060929,4.132406620651947,1.7679670248500334,4699.7861828278155,27.5013032321858,1.0
6384.0,36637.16363233777,41321.69155326531,-178.2171775368071,313.70704362062986,192.66581411121518,172.07486095676038,3.8887341533492488,1.605986542137722,4363.077110368698,31.466670692015473,1.0
6384.0,36637.54017743154,41322.21275630156,-175.13352906983795,312.1605607180635,193.08522189503498,170.07627511104087,3.9471147540527864,1.589616280821633,4351.935381009196,31.557596540858643,1.0
6385.0,36519.670649442734,40939.000820579146,-855.6548962381505,870.8185046819509,276.1953857115893,417.23479384915566,3.746131068199938,1.7393968295161741,4530.982568000922,44.976231268264314,1.0
6385.0,36283.51405560317,40940.6872635729,-718.6345818470545,723.2215753458595,231.08444744988154,303.85680665992476,4.1275421954582745,1.6937651982254422,4019.011542035199,43.05786381378146,1.0
6386.0,35627.7610837333,40539.889578730756,-312.33649473594033,389.64576576510717,181.4361248404042,422.25847143287683,4.659467728428934,2.49411257738859,6074.1987392118335,22.146906398939173,1.0
6386.0,35629.843863082155,40540.83875740472,-316.31598636069015,392.15808675304993,181.31233643635335,420.13598976804866,4.74066445067088,2.47769730120329,5939.647048050367,22.257656595305008,1.0
6394.0,37323.1543414774,41997.87312670821,-461.6673998293664,494.15515815432497,185.061808228665,246.19658285419337,4.177370908921535,1.7743530910133174,4292.35940763849,33.558165046375606,1.0
6395.0,37254.36017764694,42014.26386983387,-353.8573095685715,417.1115072124273,181.1571260243438,872.8703403649274,3.9773122255195985,5.308692673843155,NaN,18.906446195668163,3.0
6397.0,37216.20572967065,41994.92360234467,-377.6799921422071,432.84790205849714,180.97914869776537,567.3321706033878,3.9198785827105347,3.1279744966377567,NaN,20.994923982832937,2.0
6400.0,37266.50974019043,42001.86704492453,-346.26747561263466,411.5461563813498,180.76790230293906,295.82804890545174,3.9796801682244154,1.5742569906020447,3286.500812437472,25.414635231560272,1.0
6411.0,37202.82302545614,41995.418593227834,-365.35764275447747,424.49919522677664,180.90229343746896,1178.1724949154045,4.018932090945908,6.666383241965382,NaN,17.16691063220517,4.0
6418.0,37190.44898762891,42000.150851240374,-406.37668274649906,453.15298815764044,181.85503993680757,757.0045581366581,3.8626804603566876,4.523398906896485,NaN,20.720803686146294,3.0
6419.0,37253.59665255414,42005.46097778034,-401.79380513167456,449.72711421379705,181.567153814847,287.3821742776505,3.8536155019715865,1.605665223340012,4088.6187670220165,27.4891183859219,1.0
6422.0,37254.19144092868,41986.22742034617,-332.1856130381511,402.6951974985802,181.23758942298159,845.7631639727974,4.057493335292922,5.346532202745351,NaN,18.932039927011914,3.0
6424.0,37251.512887432094,41952.446954263396,-336.9491008453205,405.4235709785448,180.86402092315572,328.848867550639,4.1052576369935,1.7310114228194178,5069.885444946289,24.112613074823575,1.0
6426.0,37183.25634767119,41996.85113798864,-369.37091533297377,427.0793244594245,180.81501869944407,312.7745879117753,3.914297043020083,1.6546833625377992,4221.294623053464,25.39744022271733,1.0
6427.0,37292.092769939714,42007.495114666985,-478.4486272930793,507.2138704850573,186.5314494355684,310.9263478121272,3.8326184938812533,1.716398436973819,3727.8750512756274,29.169622969259073,1.0
6428.0,37235.190005152406,42007.98585260702,-383.1801574966669,436.80575916072814,181.2004238803937,1541.0887091964623,4.012288280059001,8.713378613852633,NaN,16.62623247840948,5.0
6433.0,37267.10326760082,42019.475114683206,-390.34470926885245,441.6165559933056,181.21005976619597,208.04850938580162,4.042911477612841,1.6401479370713294,4009.497639780279,33.51264173051387,1.0
6434.0,34747.73776605623,39972.522634270215,-273.3948733732553,365.84933818026917,183.28435900843456,123.99192793652415,3.9035661226202896,1.2747358164495999,3142.2552734012443,38.85502627480982,1.0
6435.0,34711.762028243196,39934.70290650776,-360.73771646478235,421.21605116377987,180.74981000683505,268.0098359999196,3.822705609952135,1.6459513006812516,3811.09555607444,27.661324894873836,1.0
6458.0,37232.02957870354,41986.45260395839,-305.0214501153416,385.0666090393994,181.69515325516207,200.2709207058112,3.8559850028127673,1.4001919302906938,4227.566918908835,30.274181590473816,1.0
6459.0,37291.66940783095,42009.86696128563,-388.2476976142044,440.14442325834557,181.1554787974755,173.288594944487,3.5807954162737006,1.3126998694454186,3422.8679910085107,35.325370023544984,1.0
6478.0,35534.3767028645,40430.57566834966,-157.73939776707593,303.6051636684835,195.58672926406527,108.99049312372368,3.9446504906594204,1.3773378707271282,3500.7750703447605,39.95019602740502,1.0
6498.0,37272.614039962005,42009.632930845386,-400.89782067188935,449.2519337758279,181.66813852225545,478.6994731751389,3.8805205833378515,3.3167160475244657,NaN,24.918127947558247,2.0
6499.0,37187.39743349266,42021.46234421415,-409.0237053987847,454.91246291503404,181.8441120757945,268.0894488524676,3.7913842439321592,1.7120336132647103,4175.205489810089,29.429327670792507,1.0
6518.0,39324.82162228564,43516.314717578585,79.99007822170731,215.27364055071774,252.8862060654306,160.05583625039606,3.875380271158575,1.5750375228147284,4048.2666053458847,30.694540845316887,1.0
6519.0,39581.456961544376,43773.067104778835,-356.14315391535683,418.1242908117577,180.73826472765322,296.8735317209868,3.724265018355829,1.755959960298587,4406.725232678113,26.24976860421517,1.0
6520.0,38918.702348973486,43282.42741903592,-517.5784925347467,538.6952649483228,190.7919642306812,214.98634513714666,4.111264921327299,1.3350690644096672,3203.150917431957,36.298964467362836,1.0
6538.0,37201.40971070621,42005.94111896376,-430.27074270782487,470.4363114999484,182.88858392751362,188.54799332954153,3.746446121355732,1.2289441190240669,2831.0799352594818,34.58111425071357,1.0
6539.0,37244.432243750365,42005.579407112324,-341.1449230069474,408.1702779645789,180.8125511816778,279.925234775621,3.892778887166838,1.520991244659632,3625.821445944098,25.96575998214211,1.0
6540.0,37238.839300214684,41974.314124223805,-446.76568499482585,482.7816453735723,183.9366732226161,252.56125418636185,4.613954867878499,2.249078100538668,6901.7113380494775,35.360043774952906,1.0
6541.0,37209.20148585065,41910.79020520457,-328.10481111200636,399.68822116065195,181.01645962587088,337.2180498721929,5.304011841855609,2.8668857270736634,8650.077333262583,27.59542456533418,1.0
6542.0,37131.547081394,41884.47034464829,-369.9170659189525,427.4526087272103,180.82105422944264,360.66626951835644,5.052097786997806,2.855898977172066,8607.187082772169,27.519468690498837,1.0
6543.0,37158.700949248465,41960.51979946268,-449.79477565647574,485.0974949332542,184.16856583600796,442.29781050628304,3.8704626955704837,3.0703713294794115,NaN,27.204385618923475,2.0
6556.0,35087.57310825913,39791.432350711686,-156.61302356442812,303.0609865434936,195.75666593687177,86.50764216264535,3.358420163098895,1.2444059667370424,3342.8376345169527,45.00805182117675,1.0
6568.0,35024.86042608249,40019.96786940407,190.20029797457298,192.40417032308824,294.06188877156904,229.92942885399123,3.591771673787122,1.6033974243424716,4127.369771877658,25.22964730496155,1.0
6569.0,34915.21239029208,39982.39710130757,36.56475955638869,227.43045915530533,239.2042946857174,343.52392018388895,3.912983811623585,1.7473482555585247,4474.132346600046,19.739297525089572,1.0
6570.0,34904.65018001802,40017.049842541506,45.698883121212575,224.7256971999026,241.96280877866727,295.8645288958746,3.8309730786247624,1.6978810781052665,4440.804190601364,21.43585158145319,1.0
6571.0,34889.61725755403,39902.79927210823,23.736692306674975,231.36189608321104,235.43756011940735,303.0733648849894,3.4779173768374068,1.7021749190103799,5115.431238594882,21.164684471435514,1.0
6579.0,35473.760504391896,40253.82368668267,-265.5262664063532,361.2146637844374,183.79816871825557,125.26739081379344,3.773257978203841,1.4705594074100614,4282.732066641232,40.01911800742816,1.0
6583.0,35312.107292939305,40199.38307963274,-168.4061369862331,308.8178218102907,194.02536645638838,124.30127377662286,3.8176514759970157,1.4128543712438715,3706.005833484925,37.18007520167269,1.0
6583.0,35314.059083746935,40199.17882669164,-175.62409920837467,312.4059871277386,193.0180146019624,124.8955443055341,3.8075585604214908,1.472392749136714,4110.733042539566,37.67575600187822,1.0
6584.0,34958.15326475131,39891.277752953654,2.077138600276324,238.3521400950146,229.36225506708283,190.93123489398292,3.7974732586056774,1.4015453873777701,3542.6283971934795,26.90419865079083,1.0
6584.0,37137.90620013657,41994.227961596924,-433.27519962302387,472.66583073584997,183.06404269346132,212.8700755587636,3.705283575453216,1.6631914802744947,4674.357245317743,34.88918402410349,1.0
6585.0,34962.233924326676,39843.32284028926,121.95999565321839,205.21414855919673,267.4752615853413,224.74965253190211,3.564252522140921,1.3775163675768152,3361.913620116913,24.424871979632737,1.0
6585.0,37220.73712665022,42005.764218369506,-425.22139851479704,466.7085159116852,182.60920070232189,350.4912761407083,3.8101338883562503,1.656043391445662,3895.312355777842,25.152387907455456,1.0
6586.0,37280.48795045586,41983.110008985124,-448.4297850167448,484.0413583678604,184.05392494086567,241.78348244818034,4.003529382105446,1.7691460187029895,4816.530387891079,33.350486236001146,1.0
6587.0,37182.99654599133,41982.2912385948,-375.1117730825746,431.3132245670622,181.1290905881975,461.0797546765842,4.03740917884125,2.8743113597744276,NaN,23.40967838204201,2.0
6588.0,37248.27379316705,41984.3080366348,-367.05117375238973,425.4969567392813,180.79191641845335,278.228220446805,3.823159680433116,1.5996214675345257,4208.504476799488,27.01584574084364,1.0
6589.0,35417.50808920607,40342.618613371786,-94.84506543460454,275.05120431751834,206.55595313419093,127.46709392792145,4.421698242706753,1.71536230201668,5288.144010968106,37.589319897084685,1.0
6593.0,36214.60293643109,40957.437934283655,-5.661478657965456,240.95691220398484,227.278333558766,366.79351757106303,3.940056506436778,1.5858148844766053,3318.907500360464,18.799960301071614,1.0
6594.0,36182.11598463172,40949.93412541601,28.904582319309966,229.8200314761737,236.98891859652207,655.5629321357189,4.422202276129279,5.1890432170712515,NaN,18.15552885961576,2.0
6595.0,35224.30621582599,39904.86355578422,-88.65637854490595,272.4431313620287,207.7982160212126,240.0572762086335,5.12905526449523,5.945777976032238,18359.496922584593,46.60206217393464,1.0
6595.0,36118.20454791867,40928.2431707409,103.06215699741283,209.53806428906165,260.7400898833609,414.27284703722574,5.430435921712628,3.814299982099092,11462.253498547745,22.071214832280432,1.0
6596.0,35142.14062957094,39863.72682302285,-10.481864098643582,242.60796958555923,226.00332710579886,253.14491175385402,4.256234245334274,3.836199142046537,10012.375059038706,32.19042285198251,1.0
6597.0,36151.5784589924,40958.93107744935,68.77074412377334,218.24409851716163,249.21367270874978,396.5464431296317,4.5418724319620996,3.1803554173814543,7907.218943859266,21.071456463805607,1.0
6597.0,35104.17666916367,39849.201121769496,-7.594631258545975,241.68828485593835,226.82296366483325,585.9368883537132,4.041279942824909,6.717174112386523,NaN,23.03805008936265,2.0
6599.0,35128.600532811484,39788.205493891386,-140.46950616340095,295.3931384890336,198.29848239587767,288.40917254667414,3.867046849709173,1.736547134609505,4452.582774106092,22.837810094799607,1.0
6600.0,35175.69719281479,39802.32367407249,-141.61325274365018,298.2222126328412,199.9656936344437,545.7739167946158,3.982804331095955,3.534410708326151,NaN,18.73989053883501,2.0
6602.0,35116.90767614596,39833.2570972216,-196.72333838173134,323.1764699341072,190.30103294308097,351.52621746653097,3.864936468803213,1.9452287930701,5322.977901270924,21.363238904187476,1.0
6603.0,35092.49478828287,39965.12786214142,39.55669478471134,226.5358337957277,240.10085943784125,318.72134416151187,3.9966206876396124,1.703613840324489,4293.74751462053,20.533013198866858,1.0
6604.0,35052.54415082187,39959.27963569841,102.33236863391129,209.71179720311832,260.4854521666464,289.9548451291352,3.752703453574605,1.7549807089472005,4788.862466280723,21.889721020981405,1.0
6605.0,35068.72631520622,40000.19853057357,83.4469877339655,214.39292954120168,254.04571046856324,548.1534394883088,3.8097664185247533,3.3611946014596734,NaN,17.292705917903337,2.0
6607.0,35050.20789861259,39941.29714186293,104.71360155863846,209.14677672001062,261.3178102993203,240.353148426116,3.9031483746754656,1.363807784849575,3162.8935588065024,23.400364060011754,1.0
6608.0,35039.15410489254,39981.6033703442,83.39640668900049,214.39526312199106,254.02021639709096,323.110366113269,3.79107437118588,1.8749162536770227,4910.1902913665745,20.748057792792586,1.0
6628.0,36670.34263021775,41220.54484319533,-251.36072734727733,353.01821337505703,184.84209517946243,117.36482905971053,3.4794926011617706,1.2835601432461448,3614.591596343071,39.62888020385171,1.0
6628.0,36671.24054581976,41220.80681084193,-248.7888078985464,351.55034893331475,185.04803544632628,116.06783985737594,3.5131022666188247,1.224188172779128,3165.130780121904,39.32670698612902,1.0
6629.0,37581.2936811043,41994.21028279812,-354.8270603528151,417.2423365936856,180.73792180649428,196.1815771795943,4.18361124473542,1.5025013191595193,3937.3013158705417,32.67903817458705,1.0
6630.0,37790.84879890309,42116.359044340614,-392.7822819781743,443.3329792797558,181.2777167365781,247.11888562812393,3.6861864973097456,1.4686817069666347,3740.130818083953,29.263810943709814,1.0
6631.0,37492.65988201567,41822.06309797243,-154.50279816365384,302.0447087761896,196.07763931343723,247.886878132152,4.2228238957201745,1.7898787698317558,4825.736834543755,25.393675020080796,1.0
6632.0,36439.86313943995,41081.4463354139,-399.12085200389646,447.82252917055035,181.474846418933,129.658211546927,3.7364617080222264,1.3399639697388934,3319.181692074997,43.34353388366181,1.0
6632.0,38706.99769183594,42970.94457564278,-84.73665463077008,270.809940251388,208.6001251417986,154.27809320185048,4.70238148818016,1.9139472965001334,5898.406876803498,34.20909449550012,1.0
6633.0,38699.72770870352,42939.44221369555,-307.36337354082957,386.5271420396865,181.60778692744006,145.07117762928274,3.8448201305885488,1.5210407580894933,4485.488487576222,38.08055985221608,1.0
6642.0,37299.21425038829,41952.527126373265,-428.0258096350163,468.77596907072393,182.76197146151523,523.177164967478,4.763426008157538,2.2672313855645982,5691.887668340348,21.2285950513554,1.0
6643.0,36822.2864418135,41541.40549486996,-476.7501106786556,505.88005013829036,186.3729374705764,235.66968653998833,4.358767642465186,2.075659806715254,6313.204859925398,37.45841811312672,1.0
6643.0,36769.53342014606,41524.46804327899,-481.52715496013957,509.63832748616426,186.82435304447716,230.61481016551286,4.537086561998853,2.050630934610867,6254.195681571954,38.11010557680298,1.0
6644.0,36881.85804796301,41464.98668436693,15.820918764794433,233.86527789899748,233.175803239892,154.26935686985559,4.72240251349285,2.061817540839624,6179.076855614719,34.34111105746779,1.0
6645.0,37313.47563813636,41731.441119324576,-102.64069113310788,278.38788477483115,205.0326680946909,113.2550234369372,4.5155437750685925,2.065213970280636,6187.897819064773,44.27877718377494,1.0
6647.0,37158.781168125395,41668.650300424,-270.22777328183827,363.9768693229825,183.48549260414228,193.12159139490913,3.8995432841279376,1.5650537600666414,3960.3051420408196,30.919478778477473,1.0
6648.0,37530.6869779483,42007.86959705193,-607.4052813698671,616.4259791235818,204.98642046205913,224.84191450937752,3.987741100845513,1.7866181624409854,4903.711133696425,44.73609461317266,1.0
6652.0,37708.093339907704,42397.87737605462,-762.8241529468614,768.8879582101517,244.0697728496558,282.9837523538417,3.827140078451558,1.5697437213410825,3988.141766147839,47.60590845946864,1.0
6653.0,37666.812477698324,42102.914625652666,-523.1364094821515,543.28391881091,191.4917597369701,378.0853227423545,4.474212596846033,2.109717628612695,5652.721862173048,29.093217244319572,1.0
6654.0,37281.22664166996,41987.939548367176,-441.5608852616599,478.8585024219112,183.58356844160159,303.0965798564482,4.283877531129465,2.740034002009411,7315.1122794779,33.629924987987955,1.0
6654.0,38135.16822076716,42357.87686607571,-115.9438293340481,284.2142304934111,202.54015408132827,140.8477802776982,4.982119183761535,3.3545138383452646,8579.147045576206,49.5000614441253,1.0
6655.0,37392.501686448595,41996.96515372196,-432.21897154415285,471.8810646481478,183.00157539311945,355.95494367969866,4.703899595785198,2.305586180169609,6456.028403549423,27.58532293288018,1.0
6655.0,36159.32520063339,41047.0402878188,-66.12600073045569,263.3213308919668,212.62227712970474,434.85283318438644,4.355769385775099,7.175568903765184,NaN,31.570823173532055,2.0
6656.0,37359.00292331545,41934.57289461178,-337.57272841462196,405.83076530667586,180.85552207288862,392.24817759472955,5.45233084834585,4.114701822329576,11427.260975798114,29.832236198031744,1.0
6657.0,37169.54319031383,41847.457327939504,-259.1269525816155,357.48846593131566,184.25082721940657,302.35809585371794,5.308550967337028,3.4924273560744132,12251.401602634753,30.67999083343313,1.0
6657.0,39717.64558421972,43625.24394516685,-280.8478506602179,370.29304515036233,182.84120197708668,102.63052133702752,3.700503011372022,1.4982928772316215,3898.3768532099866,46.72085825215387,1.0
6664.0,37242.47054784952,42001.746190324455,-398.5671083891112,447.4288073664325,181.4564043584447,291.687220009489,4.030242453462714,1.6164677143705073,4272.588472096999,27.18518273300855,1.0
6665.0,35162.25957095885,39865.710983748606,-94.75019258012053,275.4068170991162,206.89469901925094,492.1825761883068,3.6659311798696326,3.419092699089635,NaN,19.26551439763025,2.0
6665.0,37274.61722398923,41991.439144872056,-341.5007874544672,408.4317723404058,180.83124668391656,459.52516673794844,3.9348619874947817,3.0529528796271963,NaN,23.10190657825765,2.0
6666.0,35198.403875469085,39922.19093393069,-56.21317654887729,259.36168343386555,214.78816633419896,286.3634923881246,3.7651992860836145,1.816291989257308,4824.200102133843,22.469623958976044,1.0
6666.0,37182.74357610026,41982.50718769012,-417.3649190839622,460.9560955458385,182.2131332921828,237.9829098828066,3.9762644574974093,1.432398976444635,3487.4904472527833,30.590406971244697,1.0
6668.0,35286.54685281454,39903.840567337276,-88.15866195901938,272.6877663884842,208.26533751730113,497.843089723899,3.896100181621226,3.435259742643892,NaN,19.10592329981669,2.0
6668.0,37309.94410852066,41980.785426534814,-376.89621737718426,432.4038670986413,181.04456368893912,396.101622581294,3.865672388900577,3.130823669154159,NaN,27.027877816862667,2.0
6670.0,35283.14285383103,39852.26830604031,-257.6983997621084,356.66191961051766,184.35613767745284,305.6875015633471,3.668769585489947,1.8601926937342583,4680.838379883973,23.99528059418671,1.0
6670.0,38452.065072067824,43100.60809358851,-269.1840803367888,363.3618840873201,183.5534492275849,286.54723871175463,3.956671083919749,1.9291905336359805,4184.719207660125,25.442587437728175,1.0
6672.0,38787.79326838619,43088.99170795828,-360.7341662742852,421.2136544943339,180.74979487515117,210.5231525268232,3.802406575692929,1.3909793905367485,3543.5151315727608,30.860274558947573,1.0
6678.0,35267.14307392728,39898.566819590036,-92.89093527653048,274.22378160361046,206.9450549949072,137.5677712205134,3.6525380021876837,1.4081138135919031,3688.3291614641535,33.65647390074649,1.0
6679.0,35290.88542455834,39941.17502718878,-51.28171155891763,257.46016777692313,215.92089193684347,215.69499741480217,3.7340910437702464,1.3119840421984474,3289.9921285538053,25.000595281920734,1.0
6687.0,38561.74381669195,42945.01294267731,-573.2477990392745,585.9715643499773,198.86426991722473,422.14286376198345,4.378167380098392,2.0437084977742743,5474.501969026355,28.834050538166483,1.0
6688.0,38757.42362159278,43061.29345336484,-388.71896057404336,440.47489547606904,181.1674528752323,405.00478435988725,4.7400656926005365,2.5028498536911883,6286.172002581737,24.68015938153705,1.0
6689.0,38833.11275792688,43163.98501275548,-819.7130715164066,830.3893723294,262.97799419096253,441.89045236698325,4.498862503220935,2.146359674049436,5498.015571897393,44.28178004558626,1.0
6690.0,36226.816280482286,40948.961267916275,-29.421422648679325,249.30724333787572,221.16523033236325,284.6377709978713,4.044818718583732,1.723973326832039,3965.676867732042,22.177579180717824,1.0
6690.0,39108.654023366646,43182.68877645435,-909.920175390353,934.1668329394971,298.01639981554047,602.1617033929733,4.2623375545211,2.4045453699097674,6554.851054100596,44.61984374133268,1.0
6690.0,38696.017257536136,43196.24628846545,-902.1653503424948,924.9439243595642,294.7606123965801,670.9469375841419,4.0923062922501785,2.354705764913932,6077.380999288307,40.04017456642155,1.0
6691.0,39279.18000316932,43534.71792804383,-205.33069986332876,327.6908128733826,189.29008236737207,166.91275687563947,4.955630579061132,2.388739131995832,8033.4505069374445,37.883496594731675,1.0
6691.0,36194.01238702973,40949.81356153049,-69.96728215469693,264.89214547629,211.81241970007494,698.9561427040833,4.008944182136415,3.5260822401092087,NaN,15.260855955430323,2.0
6692.0,38722.27685605651,43105.27978765791,-581.2236257417845,592.9842589163325,200.21423092135927,343.535455812364,4.671499921903342,2.1999011509701063,5860.957612632596,34.570044306471544,1.0
6693.0,38612.57435160357,43085.13389885206,-544.3500371872572,561.0658116294132,194.3791670142134,170.58940945101696,3.780059629133075,1.4782415157627773,3835.5337320338645,45.39329024543492,1.0
6697.0,38466.47934459169,42922.51463952768,-109.22238968955509,281.2495978964524,203.78264516987906,132.30522943803288,4.136678655602155,1.464948145131692,3920.06123580328,35.08487691110936,1.0
6698.0,38469.91586742541,42746.04156860834,-120.39618730293654,286.20149408044597,201.73607099685316,334.0556685796096,4.568277693297466,2.0692344964180434,5311.960034584927,21.51521421507445,1.0
6699.0,35156.44957751882,39810.25935606804,-407.8614463907413,454.07555529173356,181.79690179516408,259.81635639582305,3.90744796606108,1.6749819303112166,3773.2744414637154,29.803495613168145,1.0
6699.0,38636.71404873132,42899.670980135095,-474.2230741134883,503.90063994317796,186.14117380179493,276.9654212039761,4.257243126708145,2.204759921412237,6036.150009783443,34.13633608654002,1.0
6700.0,38775.07637812675,43058.65949953652,-150.73683818487618,300.2414687316148,196.65888870061892,209.61018029122604,4.079479245828782,1.5539821713976285,3957.895852776093,27.19746130382351,1.0
6706.0,36213.53680086395,40911.116965440975,177.14821545304102,194.51465437423207,288.70227996018616,107.01445415513238,3.733293531523525,1.3597894060369151,3696.2427080664133,38.857725974736425,1.0
6714.0,37279.43500310277,41989.921789092536,-333.2699503400342,403.02875328502375,180.92019293654616,155.1738465425425,4.635066421864635,2.090496644782712,6813.290946340297,42.24790493559017,1.0
6714.0,38532.271130833484,43001.73831681351,-367.9271971356833,426.0939231468779,180.80015880040577,195.3218006623804,4.541325849707715,1.9678824233600702,5401.403644979984,36.319341123435855,1.0
6715.0,38832.83803428999,43073.441941595054,-20.01710819715273,245.93848153946067,223.53338612269752,99.18877182829573,4.49248444029702,1.626234136982482,4271.798796351371,42.79420005257617,1.0
6716.0,39145.05835877569,43448.02551898356,-293.8992020914777,378.20086371172437,182.16713576875222,229.35933010860026,3.9661657743939625,1.6375095002717488,4211.641436447224,28.624209706042326,1.0
6724.0,35664.911898285805,40526.97958689268,-589.8195316579053,600.6093196755043,201.72342457016518,223.95029060527284,4.0639758989934185,1.6404974811979536,4038.6447414401446,42.070003647738574,1.0
6730.0,38492.87437987956,42885.894901509906,-57.68206003429578,259.9325006513704,214.4543556886991,125.79590709315136,4.501497280904446,1.6155206966322755,4481.088179333625,36.689380032075654,1.0
6731.0,38846.38763502916,43310.45920032061,-369.1588368776011,426.9344484054117,180.81273628704898,232.77667836570942,3.9999629309343776,1.4287959785997002,3268.807850059327,29.439657207362078,1.0
6732.0,36150.62606662749,40972.765648709035,5.9007051379484,237.08599523680076,230.4087437387368,337.74767507393153,3.9312210812840194,1.6881655209819089,4031.33756770931,19.86877177534816,1.0
6733.0,36168.566326408014,41001.34810715177,124.61425785357088,204.63381313059588,268.4430360260516,369.4241041910158,4.016507672477388,2.123952703530178,5185.875789793792,19.741431239771643,1.0
6738.0,39349.00382250073,43305.47782489033,209.5439015513322,189.57183408847908,302.2437849080823,94.69033328475444,3.520727971319913,1.3691860827079805,3798.8150792274528,42.73044489408872,1.0
6739.0,39343.23560702956,43334.27104717443,-38.12622809409529,252.49975728234548,219.03328931252437,95.56137246691341,3.709601698801432,1.2409541661211776,3077.7481908294385,40.32781707951156,1.0
6740.0,39295.3123322131,43385.47002693145,70.30350625716503,218.66960134477904,250.38724279911872,249.82341253615994,3.5891853188156997,2.5695727990719908,NaN,26.845235907512798,2.0
6741.0,39348.6826621427,43391.42519324957,39.00964877129748,226.69877664577217,239.9364217245223,108.49161516637761,3.558497504893045,1.3297388866145061,3570.4836942844627,37.51256621700513,1.0
6744.0,39376.52389493925,43389.90173229052,20.13079457462326,232.49494198424543,234.4013328651457,135.2479276950207,3.65347097433107,1.336054075579745,3556.0291796860793,32.75677408425908,1.0
6745.0,39429.06092402223,43320.39428800306,55.975086954711166,221.7767953775789,245.14223809004903,90.31531836356396,3.8021784392038382,1.2542258880557524,3530.7262828826197,41.4832142417101,1.0
6746.0,39530.36054713029,43449.508503376695,106.56001902576807,208.7123381689348,261.9661985779883,86.48420717189323,3.7284710778219314,1.3457822657103078,3575.4987880262765,43.75789776151837,1.0
6747.0,38641.37968385248,42669.12315782901,-458.96146366947795,492.0743323701833,184.84492494357215,167.0745971425533,3.8840395160671983,1.4320995360407476,3449.648950793294,40.322017450944834,1.0
6747.0,38640.482776290875,42671.080029544435,-505.14619156801183,528.536529924907,189.31184277969336,182.44886183074527,3.7898726164813508,1.4229804099452716,3735.776855286802,40.41823656430199,1.0
6748.0,38780.08124091624,42680.33947098067,-409.1356813554237,454.99316069701655,181.84871484318575,242.3747155772994,3.890400594332682,1.5191902217616602,3924.8872257464654,30.396798980094996,1.0
6749.0,38720.11883893817,42653.72374981481,-311.505344250534,389.12293152922774,181.463502672358,283.0147492144881,4.658229441954929,2.0590929456112796,5540.5012701440855,27.100798093797433,1.0
6750.0,36182.86364005634,40961.49194520586,52.4549224439962,222.7757427812934,244.04404657014297,341.9734899073109,4.034316689196128,1.966887282011817,5413.7866842356925,20.226911465535387,1.0
6750.0,38737.244179330846,42684.85501067643,-322.14866333232277,395.8673401129324,181.15270969548115,181.102681457971,4.756420329654124,1.9126205420801865,5284.277449506872,36.03339765806547,1.0
6751.0,38640.26706423818,42605.58550306563,-461.1685221556684,493.77100928391565,185.02140316625324,222.7717284632716,4.012347623837919,1.7250018261852225,4889.836317954152,35.51430670529258,1.0
6751.0,38621.23737822249,42608.900887118,-498.62848488694067,523.2689894455136,188.5829441034546,233.40531930205137,3.966451602214599,1.7146392772537835,4750.972024651676,36.16185539685933,1.0
6752.0,38597.88604238066,42520.68804181714,-291.3555935492458,376.6470881709192,182.28832157769344,317.0714131042614,4.778568945509279,2.079346674745098,5722.802999621865,24.799475482122922,1.0
6753.0,38608.38186702596,42565.572576348495,-303.67278726907966,384.2278666508189,181.74736224636985,230.18310048073613,5.159098886101933,3.544096882080912,12676.409540535406,40.136941993667136,1.0
6753.0,39220.087489261234,43380.201572589904,-413.6467339056533,458.25397684819046,182.0420881712372,253.37026385638174,4.925554392718427,3.3917402037260165,11221.547062254805,41.71296098544367,1.0
6754.0,38621.031729030365,42747.87061684967,-454.55125102618507,488.69774021231837,184.50340108316163,402.30655020619355,4.618336525540652,2.433888638810461,6766.596646839926,26.64693665196563,1.0
6755.0,38729.38745384717,42604.746559629304,-319.85736706069844,394.4063790422095,181.21232514938387,289.3778394476438,5.106812882463259,2.6770349841037997,7885.950979494877,29.633204917443226,1.0
6755.0,38729.69294380197,42605.44530858791,-328.49754940633954,399.9413392597542,181.0084256557294,289.1721430670004,5.158672698623616,2.6792960436459867,7885.337510140543,29.93007369861188,1.0
6756.0,38813.8073744044,42576.61472099058,-356.59013340991726,418.42419690300056,180.73868148164226,239.80849160885774,4.265563794348978,2.966423817130463,8432.463056824028,37.32364751063398,1.0
6756.0,38806.91737487319,42577.5246417727,-363.8795290403394,423.3416915386555,180.76696668178306,240.11474766526138,4.29226154432025,2.4706931023034073,6699.182215617744,34.358243329412936,1.0
6756.0,39563.49289149466,43625.13454235886,-231.9126934584421,342.07344254827467,186.52441301069805,193.87814605380225,4.513411094409533,2.5479046472393967,6806.983508806058,35.70833261888304,1.0
6757.0,38708.77053939891,42665.49681137104,-284.84585929135227,372.69837372515525,182.6209236633069,217.34320840737192,5.185345742238331,2.887378058023721,9012.043725601525,36.609284399686295,1.0
6758.0,39147.73992266364,43281.26853196804,-591.3462685255025,601.9709096344715,201.99736459273527,353.2357490770126,3.8775455413836455,1.621191487935511,3854.2508197505595,31.033193431997457,1.0
6758.0,39092.62151916501,43279.91317110571,-640.1385193937098,646.6429390328915,211.68762663672402,375.89507666895344,3.908810298370231,1.6514840642195097,3739.7358533105585,32.33693780972839,1.0
6759.0,36763.88358504148,41296.25456358262,-602.981504827818,612.4197717016804,204.1434119206496,263.56572533443665,4.187317268719911,1.4118616036434193,2924.062865873678,36.6529277741648,1.0
6760.0,36322.488401875504,40958.900186364204,-235.74183561221218,344.20016972508597,186.17039040725177,167.18721164219,4.316825362051236,1.9283705669544349,5655.477757967866,35.36484283444222,1.0
6760.0,39042.86145379752,43421.76452664338,-484.833228436324,512.2519379398807,187.14694946655075,291.84046876260084,4.053029211258538,1.6796081887263594,4013.500033319954,30.44615446725741,1.0
6761.0,36753.815843863704,41261.64420890288,-197.5511540805387,323.6076017770456,190.20135048183758,254.4099400470171,4.386362238771356,1.572041071710136,4263.406427339422,24.855107493170834,1.0
6761.0,38536.14306738516,42797.11714275502,-202.88626783169366,326.4016670626146,189.57144498361504,189.83168814768567,4.6275571379606015,1.824046041835217,5237.4771601863395,31.121953367829548,1.0
6763.0,35188.26001247368,40311.37558645821,-13.843051881806286,243.77219526353946,225.12476161574327,84.73170835284891,3.65191234222574,1.3232019891697522,3573.8086550197263,44.219934207488876,1.0
6763.0,37075.90338822452,41429.522719684275,-350.2373166646076,414.1793908849318,180.74705474299395,251.5105158229099,4.012325760320274,1.569357300834546,4138.513309194431,28.151860234350014,1.0
6764.0,35089.06326886515,40201.336095077764,65.87410010548105,219.03030034825372,248.28106687807966,256.3866585630554,4.240492948210811,2.1670132556984694,5665.5452952463875,24.80521685496556,1.0
6765.0,37148.55094056977,41506.049152363084,-327.7104292602816,399.4341901635798,181.02464550480144,258.229622387698,4.3004770953843865,1.9082339510582942,5500.912015533569,28.545666420026727,1.0
6766.0,38590.23221525144,42711.206737757595,-530.5133286886081,549.4193439524237,192.45694469612184,184.8127535604065,4.146835678481282,1.4111280640574053,3375.55685356557,41.44558226801692,1.0
6769.0,38429.60369791527,42790.966303246096,-415.4744483001075,459.58060353983427,182.12485064374678,130.93970490123044,4.255658437847864,1.471519346216847,4027.2652067413983,45.36050929961054,1.0
6770.0,36190.84443170902,41037.72522657979,-83.76871627911362,270.4088699901195,208.7999516628738,346.83560020283016,3.8638194964589716,1.8988597147855915,4702.286658459453,20.364997823896775,1.0
6771.0,38378.37056343656,42730.28925407167,-493.6551668195855,519.2765530852814,188.04853640990274,142.12790830365694,4.063257714336523,1.5073787101862803,3893.3465768915735,48.094912651663385,1.0
6771.0,36150.97086067929,41006.98074606591,-9.286422820517444,242.45988936507933,226.53075822734516,602.7160526698099,3.886169090652551,3.376785991491233,NaN,16.361190358632406,2.0
6772.0,38308.87110491902,42706.611641425014,-560.4930533987227,574.8817081722602,196.80620008615708,191.72246562984964,3.889465277595756,1.5410986558728939,4092.8693158591127,43.63303421621147,1.0
6775.0,38399.47920448332,42754.13527974329,-478.68277978332367,507.3979603983755,186.55347386744648,176.01450752766425,4.1157233398819635,1.5224056673369366,4088.940923673173,40.81084345266377,1.0
6776.0,35897.62756801929,40485.891383692804,-519.4868105642857,540.2675013889858,191.02958607309105,183.29614728215023,3.964706036777759,1.4610261668252842,3881.56832478794,41.48598381743247,1.0
6777.0,35970.68400934918,40492.17040203938,-403.62286579977876,451.0342750242746,181.63345608165264,176.2607862478647,4.175978363450178,1.591709721308903,4136.605965702144,37.600499738114515,1.0
6777.0,38397.99426727646,42916.17260612797,-37.281739969694186,252.18690885978754,219.237588083408,165.98413480609776,4.510722803742116,1.9579666027500082,5234.368375714794,32.3491874003223,1.0
6778.0,38433.282527309806,43028.900438909935,25.26993153570706,230.8838365884682,235.88116974765887,264.21008530608043,4.330180466257388,2.007228648375209,5720.125194923271,23.845633367025385,1.0
6779.0,38366.93640133037,42954.922131444255,-36.24036060769929,251.80204625174412,219.49026717483824,287.3006819608829,4.901148558585143,2.2297315038396563,6074.647981505699,23.480996097309326,1.0
6780.0,38325.27907783048,42780.343971781425,177.07181179332872,194.52748157575138,288.67128835449125,145.73517341351706,5.1469158021103825,1.990650551578159,5253.949913159897,35.95887354740933,1.0
6780.0,38326.656365612536,42782.995427568036,189.18334498119708,192.5628378534527,293.639631129131,148.09093021773737,5.086236594482072,2.0985244925707165,6044.04453700713,36.495327446883394,1.0
6781.0,39428.51634436841,43544.817316769724,45.36107340700175,224.8243270592964,241.85965763874142,327.07752143650384,4.898552801224124,2.5750289585069597,7507.527954431509,22.30384509418206,1.0
6781.0,35261.61203591621,40036.977366209605,54.18596364942057,222.61096784228153,244.84791074613275,388.4442827177274,4.133735648448836,3.341993633967777,NaN,21.815607993939366,2.0
6782.0,38478.76374713252,42477.932310046715,-336.5229411435568,405.14552319247156,180.86999913718537,157.02644761068356,4.64892632763017,2.6458607910743313,7784.871691612247,47.53113449874605,1.0
6782.0,39433.2247819577,43402.14426855818,76.81005738407862,216.10353641566337,251.83551742162027,144.1373754741838,4.741363528955924,2.7695840963465614,8442.47136564538,41.37575555417113,1.0
6783.0,35179.46506547876,40053.47495927993,56.3064779726427,221.68335550993956,245.24610905244134,316.6665255673252,3.784167086512097,1.6378259886947149,4079.316891323944,20.470098107960997,1.0
6783.0,39348.864578607696,43299.53030266248,-342.76421129275053,409.23475093851056,180.79627562370163,217.37708382487196,4.4296252056533865,2.3020543935062756,6727.488262725223,34.92321035173737,1.0
6784.0,35200.008522569704,40091.19851670109,63.31110751951597,219.73254089716127,247.46121576159356,303.1599355481753,3.776434805676197,1.9689027677269701,5138.884223770008,21.770428749831325,1.0
6784.0,39741.16969807353,43754.94283929157,-301.1659302286163,382.6733928069896,181.84808980485295,290.96638402176967,3.8951103831191243,1.4225939707747877,3335.649052688678,24.21146718743233,1.0
6788.0,39629.73869597208,43650.86833159517,-233.2872010524899,342.8352610094042,186.39604754585636,143.35874663826812,3.719256118781153,1.3387244926266137,3827.5574999748305,34.85089525831052,1.0
6791.0,39545.323736440536,43427.64379829104,-347.77498070469073,412.5443490727046,180.7585712124843,132.26031389764086,3.34072762812151,1.2700840184344846,3455.965346524617,39.83481954278187,1.0
6793.0,39704.48966496693,43587.63140876856,-375.7990973034442,431.4907011504222,180.90046455402296,141.6341481454171,3.640808760258506,1.1747067597697989,2877.9260472182855,38.46657823165405,1.0
6793.0,36208.737475155795,40995.56877069673,-25.415176065559862,248.23927961539673,222.4707664728898,614.2746403698468,4.041526453745833,3.788844240929948,NaN,16.837605679558123,2.0
6795.0,36295.16510955914,41028.934541718336,-98.58204017338396,276.64355132531637,205.81995937953062,236.83818073099872,3.6399802210733023,1.4352474226980243,3705.0981954518584,24.360735430477128,1.0
6796.0,36263.919393912816,41027.23750982502,-77.04986292500197,267.6492299338339,210.20670858649694,203.8818363190182,4.393051938179,2.3478849095707948,7184.512405391622,30.40820137131092,1.0
6797.0,36230.30821723917,41050.20969292077,-84.60291564316802,270.7544722068018,208.62769244272866,341.25966451225935,4.333710298576443,2.1428599903474574,5631.899900033117,21.126364635755987,1.0
6798.0,35162.99579741953,39786.94924730506,-212.68528799669417,331.60345965648656,188.47100512818716,305.3645095468351,3.9872336255810676,2.2974188010169736,6328.337892072841,24.644256626558047,1.0
6798.0,36323.69169833659,41069.22662787224,-173.14159403793946,311.16635088616704,193.35999796802184,359.5766682485788,4.50247257791958,3.109745560143215,9755.131579428582,23.961460719696245,1.0
6798.0,36270.97435689527,41065.64353702105,-228.24355539553497,341.23197029661446,187.83050961820504,625.255927283338,4.3173453911603845,4.801596415250669,NaN,20.42398981886088,2.0
6799.0,35147.56765031236,39759.72150848093,-228.72216552459017,340.49425801193996,186.97524759572497,529.5795593630658,3.662457338642878,3.5965623037956136,NaN,20.14220661889652,2.0
6800.0,38568.38638966121,43012.62644793898,93.72991236618648,214.97947677043092,260.08596984735823,660.2023018238144,4.369573761141911,3.6243548056980757,NaN,15.93906254118606,2.0
6801.0,38606.30718392185,43057.982643295305,78.58110498768433,215.64016630198822,252.4197261292948,207.81088235862674,4.145997828671952,1.8034160485845514,5180.733820673961,26.96975230562387,1.0
6804.0,37189.792957607715,41599.32256478503,-552.852888799227,568.3122919648393,195.63277998927379,237.21188338707782,3.9924854553261064,1.5574427912596973,4358.924285268238,37.49209152722874,1.0
6806.0,39109.2059415117,42981.68111336459,-114.87249366453383,283.7388412226653,202.73588918100313,112.68709224956649,3.516422031176484,1.253111164398355,3339.0629069845513,37.34005751142235,1.0
6807.0,39176.59565434859,43059.42033854457,-158.10531511058556,303.7822041697161,195.5317311947832,182.5512599665866,3.4666786728802936,1.3503539667345748,3858.8001871122106,28.810535825215233,1.0
6810.0,39027.646988268476,43097.921986904985,139.01812003258553,201.60036203866787,273.7884743834791,97.34138539178288,3.5307667323928316,1.2785185748083014,3596.1919344807498,40.13516338002505,1.0
6811.0,36267.48341348858,41193.74071038578,-73.5109890108624,266.2128214261315,210.96149114366665,109.9072060502723,3.6310180273696293,1.3759297553278895,3805.741885334751,38.32756239083427,1.0
6812.0,38991.46740740555,43098.92768582807,32.93204669129656,228.52803188349708,238.12488432848875,95.43499315189278,3.684351371405599,1.378876572952329,3985.149156437844,41.19826121514062,1.0
6813.0,37885.54652038522,41925.779450413815,-324.8657813629856,397.60622727853803,181.08720061355078,118.87843663042989,3.697281575089622,1.4368964326542584,4209.227316878067,43.39162055249498,1.0
6814.0,37923.56161264328,41938.027496060655,-305.9890821319045,385.66944261753173,181.65854865845304,227.4326502693079,4.2734302232424195,1.6741131474040862,4199.236663916607,29.24719043720507,1.0
6815.0,38000.918738632354,41982.80732087198,-353.1002515433926,416.08762716092946,180.7394740991062,362.78493818545195,3.8680088226444114,1.4863188338741256,3637.641196569896,22.425404335946606,1.0
6816.0,37757.189811803066,42000.00822913016,-463.64284593304825,495.6786080440804,185.22366593872957,325.273985717131,3.913861892355149,1.5099181096689862,3503.4376552216195,26.98379791393866,1.0
6817.0,37913.397809186514,42017.45737941161,-489.69645904738076,516.1152887134666,187.63662726790812,349.6162863867504,3.974799089709957,1.5939039637196748,3720.692149296775,26.9907444831641,1.0
6818.0,37831.429542125225,42024.39336152763,-478.67802134877246,507.39421881819595,186.55302587216667,436.42328790382186,4.1684306159099656,1.814356316474589,4419.831158973849,23.92618120898823,1.0
6819.0,37304.30184239831,42025.20238415355,-566.568809294997,580.1452560383653,197.771103981474,200.7636778113011,3.907123847325438,1.4803710606529783,3951.9672955555807,42.075344514631816,1.0
6820.0,37797.95187643206,42114.71885357469,-424.43263545141497,466.12836449419467,182.5673126610847,166.43726475238205,3.7949028774969347,1.4082395940046197,3969.936953243363,38.5078905939634,1.0
6821.0,37641.138001156716,42045.26726506465,-467.18625895778945,498.4204833676356,185.52144630267304,316.89919333237475,4.64482609341525,1.7812745926545677,4897.913069506125,28.695979228859652,1.0
6822.0,39106.93068223075,43406.2651668796,-261.5529362689702,358.8965248076614,184.07555108443506,201.93804681409256,4.563008680646358,2.0248196396259006,5746.841222244732,32.30352620693978,1.0
6823.0,39333.29937172088,43388.315020761285,-265.6204476138624,361.2697920537717,183.79173980256977,151.46428123190253,3.7740949277759235,1.5008323518507314,3963.7581797715525,35.5653759765954,1.0
6824.0,37291.52775345561,41926.2993688353,-361.971151287792,422.04944011730066,180.7556485571751,128.81405205545704,3.8263171887727094,1.287158423500068,3385.806791277408,41.26542318132509,1.0
6824.0,39061.54302258002,43083.448022789904,-40.98979370903952,253.64124677348556,218.40571673494907,584.588315071878,3.8252850629749457,3.6251261750296404,NaN,17.179084349366473,2.0
6825.0,36147.013295561585,40993.110781888376,-192.01277011486366,320.7354761761038,190.87820308509674,280.58097187035776,4.071901264690394,1.6730815799718908,4488.88656698941,23.65626615540113,1.0
6826.0,39009.49680655393,43119.82398076291,145.39390965149852,200.32008995893958,276.20508700527154,199.36506053067995,3.9235404602018455,1.496866907934172,4024.6074043941185,26.75086393330012,1.0
6827.0,39020.41060901813,43049.31037756911,95.30341851188645,212.54166587187478,258.96759274673514,414.28279544995814,3.7368035554205505,3.138949303191876,NaN,20.520408448043526,2.0
6829.0,39041.779156704084,42983.22876425683,-9.086869879534923,242.12790921199317,226.37048646587365,266.5523308119883,4.053406450703508,1.696670354811213,4649.621954277214,22.913222815290844,1.0
6830.0,38922.86249830698,42933.95117434661,-43.57363671767259,254.5339607320017,217.7285112037608,329.08882393517985,3.776342188017781,1.567149367535384,4104.533537694864,20.101563141855834,1.0
6831.0,37955.599042931186,42546.315898797366,-534.9679422123645,553.1491216959445,193.0598627849992,207.21949395501784,4.08398375447405,1.669413788581391,4628.265643583568,40.97128986817024,1.0
6831.0,38956.72515345116,42964.11417919357,172.43861613837834,195.31562460941646,286.80024054857745,279.16569779845054,4.528122696811107,2.241156782008487,7292.436916831835,24.163263665089826,1.0
6832.0,37756.2801830495,42541.28476602126,-580.2234346957393,592.1081784184242,200.0476340507845,421.12200090168494,4.154129604646762,3.5187235297406554,NaN,37.55330576747772,2.0
6833.0,37691.910635327265,42503.865585319065,-444.29115672593474,480.9132721780878,183.76622149286823,200.0239409776656,4.452233569549546,1.712269347944789,4900.097350405365,37.25252600325938,1.0
6834.0,35031.09308438004,38966.86248146975,263.96122917288494,183.49648325825018,326.79053868203863,100.9581257403262,3.3522348418876042,1.1919028504124358,3493.804653977406,40.53169898134568,1.0
6836.0,35972.980702548484,40646.66054564996,-182.5090940810274,315.8744116241394,192.09413173613777,158.32391350857887,4.077070033698296,1.6009340024730487,3967.941888076041,33.248360115608286,1.0
6842.0,38038.45357110044,42784.82522695308,-376.80119938515855,432.18191022731406,180.91662213748558,160.59043973511638,3.554230693269579,1.6578581893638868,4774.889103819176,39.35667635192328,1.0
6843.0,37989.29392113337,42781.77589406724,-384.55519286469905,438.0106759986978,181.42986504737553,456.7169211348114,3.902416534973699,2.9711721968454095,NaN,24.14646113408825,2.0
6845.0,38011.92203650148,42709.54012228768,-339.5695009447831,407.1370144642376,180.83030366742838,290.73640017844957,4.003325035952414,1.8296731635341095,4228.24377928888,26.445186465312805,1.0
6846.0,37904.78875808067,42638.91937445711,-355.85648247633577,417.93204444063434,180.73807758256032,372.726972553522,4.129497863168411,1.820701320186406,4388.402538319445,22.99723264792609,1.0
6847.0,37891.253906818005,42611.45799996875,-268.9619446527915,363.2311255216219,183.56802000565145,285.4425999834653,3.7552148396854945,1.7892366449213513,4879.953458100142,25.017345248877046,1.0
6848.0,37892.66625183279,42572.61009485832,-245.10281329728366,349.4575275214876,185.3519721379389,202.74263263117356,3.6106466176646927,1.4561052103285657,3053.2865306623976,28.930758936924374,1.0
6848.0,37895.59604266139,42572.8235230085,-254.21318838693827,354.6534860660849,184.61958713784512,203.2862558465863,3.6222002352265252,1.5044656085435646,3443.8168856370585,29.29129714731573,1.0
6849.0,37511.483152847664,41804.1850690708,-488.96373627009604,515.531786662995,187.56169629193502,131.83718375228176,3.695319316993359,1.2719444798985642,3558.1343002939743,47.25847062269808,1.0
6861.0,38803.026496203034,43058.276792667224,91.3976147028693,212.37505718487907,256.71870088012093,178.4217812876616,5.865504040618772,3.066314051466178,11233.099916898518,37.14005886514399,1.0
6861.0,38805.62962328051,43060.3610135548,83.05018318061994,214.48404295749216,253.90455044648965,172.92558041282823,6.0736493520776325,3.000148315947186,10770.842179741814,37.56601241163582,1.0
6862.0,38296.29864501689,42486.49020018311,236.4054941166897,186.2239028843665,314.0785541850618,392.6923156273774,6.772274721395333,4.195057439587164,14068.230381090556,25.291280887625284,1.0
6862.0,39507.3455299819,43629.78665403858,-404.51074814929956,451.6699485429278,181.6665604588387,220.61908725894867,5.3213386329112895,3.3537848454075614,10600.134920958963,45.74032159087368,1.0
6863.0,39467.77114463067,43581.496228218064,-273.72071792527674,366.0425222837052,183.2640992341777,393.26274948745623,6.176989699908651,3.528183668635947,11898.213319908356,25.664591661192297,1.0
6864.0,38326.754009088545,42315.52745610107,-256.2833599493249,355.84508902211417,184.46198524641886,202.7383497676336,5.96344262212829,4.517067646641717,16548.704235374265,49.97887082019687,1.0
6864.0,39250.529382603214,43458.35513224264,-434.4496783336898,473.53969107509187,183.13450187573696,363.1721573226742,6.340627335964265,4.454792382207706,17892.140540652443,38.16908545349691,1.0
6865.0,39093.75382054558,43365.52806987334,-235.1189842684319,343.85329295471365,186.22721503633178,435.62291708815695,6.058786151784108,3.9439788080407583,13483.613159127412,24.25845822611707,1.0
6866.0,38298.92344761801,42400.79315308646,-474.4509053455766,504.0788515762344,186.16186942305362,434.8565893289682,5.770550356208371,3.4509157868783595,10388.949845596499,30.229930637103248,1.0
6866.0,39339.360945054876,43530.428510093065,-263.64783860711856,360.11688716134364,183.9278042660988,279.7809675115117,5.037255052884078,3.367586813009922,9779.867762161766,32.07007888380525,1.0
6867.0,38353.81657678561,42351.85925372324,-283.90125208699243,372.128708176652,182.67186964576223,383.0410981443041,5.716535839395906,4.539795049488475,15883.646620099293,30.318321388999586,1.0
6867.0,38819.50355237019,43075.411608451635,-148.08172540319134,298.97816989504656,197.0751830415657,268.5748927268531,6.123415279554273,5.789288748560212,21959.495469675137,42.828853261677914,1.0
6868.0,36107.09546093449,40775.77543200506,-120.48628250040065,286.241900098212,201.71995600830343,152.24790839956015,4.312954159543196,1.6201427222210507,4849.169371403671,33.151392886954156,1.0
6868.0,38398.64749345958,42294.34695118781,-328.5836535810011,399.99685246101797,181.00667999419684,210.3484995126989,4.646429066476709,2.5002889482864363,7656.866480091694,36.559043504645835,1.0
6868.0,39256.8717333456,43285.08571800816,-167.04510158818874,308.14673463367984,194.21976427463858,168.99295674155235,4.848091049951796,2.651157971408017,7184.551849670282,38.47580390255404,1.0
6869.0,38418.20507464268,42441.82816652375,-357.1458814981491,418.79734530040497,180.7394119943639,250.04348970410345,4.65236705306905,2.0586277684599734,5521.4230792339185,30.80560063043417,1.0
6870.0,38184.51869006237,42406.70588590901,-487.9852671845612,514.753374585715,187.46227238784473,711.8044089585742,5.515342798724899,2.6305166696886038,5761.775225710831,19.59234496859239,1.0
6871.0,38271.19343398676,42459.25254030684,-484.0602717977939,511.6399552535663,187.07078065770037,576.2978962410486,4.898469686758413,2.436277356188467,5806.892873641332,21.842855063049907,1.0
6872.0,38158.45489626273,42440.88244751722,-500.7893783417502,525.0109612676733,188.82101718839726,481.7949699872644,4.6066517122383,1.7981926500118652,4222.077613157582,23.113513180709983,1.0
6873.0,38394.29344747777,42485.85145772861,-445.5461112461902,481.86009411942786,183.85208271578725,347.9686275211282,4.299589764430289,1.514854480830218,3553.408978964217,25.37791580370583,1.0
6874.0,38269.65335464498,42459.877479648734,-432.6898921349787,472.2308236129764,183.02932148596767,442.39360328402825,4.659150696051129,1.8444451348132322,4304.915326491909,22.535920247036135,1.0
6875.0,38343.310455406056,42844.58448471277,132.72943579676542,202.90069522806607,271.4352251693496,142.87712888080517,4.367972894854616,1.9437415385332,5582.729458778904,35.643935188213106,1.0
6876.0,38326.17887816569,42606.98918423727,-209.11498366786915,329.69768435915887,188.8634799682823,112.96671238184727,4.15073552800909,1.5237091939529042,4228.312425210146,41.596497745431314,1.0
6877.0,38508.42901494404,42932.21781057163,-811.1813638024037,820.971393613138,259.9850932613207,529.7091652568595,4.562245836085527,2.606044688641386,8050.079558927691,41.931108079033535,1.0
6878.0,39426.62085445182,43369.15320713522,-230.63267506525142,341.36559666486585,186.64524886197708,265.95735170995107,5.442470246863268,2.832831546288034,8057.508480369864,29.734673580547177,1.0
6879.0,38839.43812227124,42909.46665508402,-186.430427441596,317.86982515077926,191.5840833886632,123.86979851144696,4.817048174265928,1.918717821827748,5598.58052056681,42.044715538587354,1.0
6880.0,37604.94799611061,41972.05564374501,-38.185107562116634,252.52159480417353,219.01906544536772,137.79322837850157,4.505011303159287,1.8845262559133036,5489.0798718302185,36.224339244923534,1.0
6882.0,38661.29232617907,42878.401649296844,-714.8808032310312,719.4272020064516,230.04995794750874,253.1497064834854,3.8951335351775622,1.6510612825324058,3886.597908696585,48.15240244565052,1.0
6883.0,38712.829216537946,42921.21450335999,-619.6290615473459,627.5918817493445,207.3933639403235,306.17108846987594,4.431710884652913,1.7851172435811513,4556.739231174301,36.785630911055854,1.0
6884.0,38680.61416528882,42856.96793922997,-575.6812516248839,588.1048027125906,199.2710084777211,345.75727412369133,5.538178435577964,2.558867213713562,7215.767265871703,36.48943732276189,1.0
6885.0,38287.81948199273,42650.93741744355,391.13411634820375,180.18707652001783,392.95583318549575,308.3907256144263,5.72158501278296,3.9525897163325947,14660.791289727787,34.27752384126865,1.0
6885.0,38568.56448272229,42910.76484096964,-424.7707914044271,466.37701329027027,182.58521270420601,339.78283581980224,6.061539827761437,3.670906745759901,11515.333835903042,35.15443724937364,1.0
6886.0,38230.798498765325,42578.48871681282,-143.36818543730212,296.75185090606675,197.82745235207292,170.12022919079482,4.8444310161619155,2.3449515302113775,7806.740503712368,35.59919343035628,1.0
6887.0,39162.13948753461,43375.65571623458,-413.45766777954185,458.1169250362584,182.033672184406,240.68803544140982,4.4109497919728335,2.3200318788464935,7270.249868091495,35.474597700452186,1.0
6888.0,38774.39650635498,42885.27040372713,-354.88010901814977,417.2778545212705,180.73791009743312,179.0874264355631,3.790896860045344,1.6999060446561962,4539.658321648534,36.00449499642408,1.0
6888.0,38772.832702208405,42886.12863548502,-413.597548041945,458.2183193498559,182.03989611674734,188.12298876703824,3.8308235418835093,1.695738000864307,4444.587717181237,37.22458882150935,1.0
6889.0,38786.540163235535,42945.20588612593,-486.4948901157802,513.5694537328974,187.3122347217647,240.8479355649882,3.99186602218146,1.4137841015591839,3553.0522942454936,32.909146857589114,1.0
6890.0,38865.392652689865,42904.56738458542,-532.1128543922081,550.756448366677,192.67169535384386,153.05469767353358,3.6642802668168786,1.4592410241784026,4479.678218695584,47.773527320722806,1.0
6892.0,37685.071037255664,42475.35900928682,-427.3094884419835,468.2471812918026,182.72237979371263,177.53687043611447,4.451209706340958,1.8839596833001966,5585.771489948156,41.06197072739923,1.0
6893.0,36019.278723283394,40634.474100022926,-485.8392915171741,513.0493248266043,187.24677109041224,158.0509172161092,4.016298755152307,1.4573664437746288,3769.7496218786096,43.65195722647725,1.0
6894.0,39066.42094909831,42977.97115923355,-110.50149009573538,281.8104897947262,203.54354458488552,143.5026460816752,3.692468238219865,1.4611395876045692,3567.1520567371535,33.31069037927122,1.0
6895.0,37617.83598370046,42418.995265103964,-419.55534972629914,462.5540507938729,182.31882987232282,155.37760411434974,3.611444859536119,1.2931316664583745,3319.0777586297404,39.0460086368957,1.0
6896.0,37552.646996952135,42400.674726732235,-289.9218656853333,375.7739773147404,182.35880195502796,216.2312934535122,3.7218247508688695,1.456395011292668,3422.1741336432333,28.77815734654781,1.0
6897.0,37579.60041499334,42384.29079516478,-313.45112132647415,390.3479429198685,181.40023582218973,365.51711058319484,3.8337814163906083,1.7866427496476043,4396.9223008575555,22.29524046976114,1.0
6898.0,37643.43887268373,42407.73991908641,-306.9389723150737,386.2620818717592,181.6233092758376,208.2089712729324,3.9476200557580237,1.4492694353098532,3735.6606141486345,29.84189978136304,1.0
6907.0,39167.42848571886,43398.94108085486,-42.08770333635152,253.97629921505813,218.0821829584897,165.90394852367825,4.600474526757256,1.8189946149956215,5557.807437127976,31.612812596808322,1.0
6908.0,38428.0310937871,42657.76745288963,-345.38501637416203,410.9628314802642,180.7741681627172,274.3786499250236,4.346953186720936,1.9636128995173867,5119.075601234349,28.16677296945683,1.0
6909.0,38560.86208685594,42598.365738958404,-615.5946021716683,623.8909966247764,206.58636241732125,222.14043146736066,3.8011322901726747,1.5467876733160564,4109.967902902543,43.17002817178602,1.0
6910.0,38581.27862199223,42570.95482790894,-402.89781196626154,450.5157289183748,181.60686833219316,121.21309421124887,3.808590663308559,1.329480726089686,3408.8865753334394,45.41160219561517,1.0
6911.0,38395.855789073496,42528.52508441944,-735.1868214745583,740.1112946504552,235.7740905525038,412.6941808516458,3.860835574776141,1.8739824330048112,4649.112052978718,37.298894674562305,1.0
6911.0,38370.038282050686,42566.12541373172,-611.4216986755891,620.0792624885199,205.76471870082784,323.77824810958475,4.1064424259017995,1.952623124148377,5273.2838464351935,36.11858811736439,1.0
6912.0,37638.42491583605,42458.704100213305,-297.59281917047,380.4679900190881,181.99993839506323,327.5154418628484,4.35249097780275,1.6200819489594012,3185.1182629188306,23.04630627565933,1.0
6912.0,39564.81347922745,43548.44098952038,-334.68437972423027,403.94791754305027,180.89737729981258,162.38478813824037,3.9307735351791044,1.4925107007147533,4415.535515058336,36.0931532609159,1.0
6913.0,37701.10713227209,42442.357488588605,-345.03146328207134,410.72933118214127,180.7768450667888,187.34596663896113,3.803605612634602,1.492739682796415,3846.8071621086,33.26400003716631,1.0
6915.0,36706.055481478375,41250.43392005195,-315.1209566400304,391.4020751511169,181.3482417843305,150.06456264223863,3.8141109233166572,1.3353985152452912,3455.398129595912,36.1268121277653,1.0
6916.0,36696.23727415286,41329.55471552467,-257.49382114065304,356.54371000558456,184.37134617188156,139.13110848984442,3.730402191903743,1.3905368132442577,3999.292246200826,36.51675106245614,1.0
6917.0,39486.166147815034,43709.394048965645,-358.8625070346069,419.95178603394413,180.74315484681662,274.51195095592345,4.069556217074837,1.7503511484978458,4380.538923215378,27.62622073209579,1.0
6920.0,38729.477005104636,43135.50924192999,51.330262648925995,223.0973602511753,243.69517514700158,225.83263204856246,4.244897893720104,1.7761169987800232,4447.298543302578,25.483759780115175,1.0
6927.0,37434.80970381741,41832.81584218295,-474.6237866668883,504.2141135601417,186.17759992886923,208.98776427584184,4.128969481987696,1.4030581429087943,3546.3623410460214,35.37520786873617,1.0
6930.0,37422.075720301465,41802.48149100234,-441.5195814783549,478.82747166330336,183.5808488716663,137.45773457525036,3.818163797807293,1.2754215956074648,3190.632712044772,43.22613205699275,1.0
6932.0,37730.56896676075,42317.83388579536,-285.8230573460308,373.28857936195726,182.5689355472591,252.8416667156981,3.964170798752686,1.6330872382418684,4273.138026724808,26.744246125163116,1.0
6933.0,38245.76465988653,42584.427620808034,-510.6252549144603,532.9956425841997,189.94963302245947,252.98397460941865,4.732489567636151,2.1430140826658564,6192.551223619758,37.97618026109803,1.0
6933.0,38244.42382814694,42577.06748102661,-591.1288994351814,601.7769191295134,201.95825394192568,287.86486485919187,4.475027601583264,2.154648031739375,6383.987841972612,39.54854890038723,1.0
6933.0,38036.12787328712,42572.34466353336,-793.4715250871537,801.6409870857897,253.94961437028363,409.06993079459664,4.019673947417562,2.0716185390908413,5625.106319522155,43.75853336512959,1.0
6935.0,39727.245946502255,43659.35152779515,-76.11114330496663,267.26705819695746,210.40599169303073,119.68866908509149,3.7378278720493796,1.4281652214447695,3966.3030341609765,36.70198009700279,1.0
6936.0,39700.27886006981,43720.65433819841,-196.32884374030297,322.9712418961633,190.34872024823147,200.25205474719098,3.9099208317640173,1.5237804882733579,3773.764447647541,28.535178556096795,1.0
6937.0,37412.838190496135,41995.88111402121,-502.1100654958305,526.0777814120327,188.96827394380372,196.03653840240267,3.732551012116875,1.5160665602298742,3671.0415926173573,39.17496010647408,1.0
6937.0,39339.95712649926,43624.09484188371,-274.2136057937137,366.3349319611062,183.233607112226,139.56893280443433,3.8371485377627135,1.485653527956966,3821.6662416193444,37.65837375801196,1.0
6939.0,38332.00971000329,42332.34961055482,-99.47351825724387,277.02536091134453,205.64595586044805,117.09347342944012,4.1079354120885645,1.5007558143734507,4625.494006840447,38.106332360915886,1.0
6940.0,38374.78196796831,42331.06594877243,-237.85983004691488,345.3824548796691,185.97937134081386,182.84010717580844,4.65116585019665,2.3401999141178464,7038.2805294527325,36.01256455103148,1.0
6941.0,36680.694484950975,41194.66122038542,-259.9230206739771,357.94989795075674,184.19281726800466,210.43617423050674,4.423496082697436,2.233836456508848,7572.188387042613,32.54561039330907,1.0
6942.0,36413.759718719564,41122.7013507125,-296.00668097539517,379.4928490774821,182.07046367475922,190.4071612542887,4.357925341833042,1.9894631295945662,6039.864112451792,34.445783795655146,1.0
6944.0,34935.93387365576,40035.812176424326,-140.062430377662,295.20296232393713,198.3651442372381,256.39459714717947,4.218016061034975,1.7784062039355228,4967.889748642387,24.65927879248411,1.0
6945.0,35020.02431664289,40022.535501567334,-110.06387776533133,281.6184209786418,203.62520657209754,114.94929554579542,3.746386165360212,1.5689325149755182,4627.670621076691,39.31250107301479,1.0
6950.0,37667.294928620024,41963.81713415591,-447.86845495233246,483.6161432555559,184.01413800742876,129.50283408688415,4.153732316808612,1.4736708748385297,4240.653089033413,47.69303705451391,1.0
6951.0,37656.85838559568,41888.7339761311,-401.49007143946943,449.5103526190204,181.55639050942335,145.65094075713046,3.860821497863576,1.3909493066431549,3844.9876726280136,40.73653978337142,1.0
6951.0,37640.86114979823,41890.96226284314,-456.3747647233341,490.09165340379076,184.64281537461935,151.71713963121803,3.8944381939228108,1.4065298038377745,3590.854363209987,42.58967943839243,1.0
6952.0,37762.051309725975,41888.316799456814,-455.01152910477765,489.0492857981848,184.5383519293993,251.20916196920098,4.119373990549268,1.5168380869900182,3723.831897192293,31.359892181511395,1.0
6967.0,38339.361658719085,42340.24881863708,-10.93362411144442,242.76382745899755,225.8847427861451,123.91162851995527,3.758845091615551,1.4839568784039263,4071.324611543615,35.71337864248725,1.0
6968.0,38336.18395418852,42390.45081015485,-30.83336988596817,249.82022413921743,220.81549897311078,351.33357986806254,4.397748353175923,2.271175445725466,7295.91464622005,20.742806756705498,1.0
6969.0,38356.47290061266,42429.8400304005,-51.7674734399049,257.6464536784445,215.80849267850294,382.29922606180935,4.2171276649218505,2.4518667348831666,7221.667488627575,20.16327110659604,1.0
6970.0,38358.822689627166,42532.59913343734,57.543972749252006,221.335343707658,245.63472832887516,272.3091950910654,4.0382971536626,1.8931491926455761,4692.544657054001,23.044515931112393,1.0
6971.0,38402.34566393257,42518.554201755156,93.5819143891253,211.8340387137947,257.4638546623072,313.4459474763768,4.164760148947603,1.8772530949059811,4449.288183949228,21.153698003131662,1.0
6972.0,36145.02886098386,40997.13298228661,-516.7493397526279,538.0132078230702,190.6895838594518,212.70160678809503,4.236962693327954,1.6433076616948141,4746.058994627841,38.93731438092436,1.0
6972.0,38424.69023315591,42565.862168641586,98.20703369291478,210.70331538001636,259.0536725680517,244.7881673443186,4.30184110144284,1.935155803536628,5933.5055366586585,24.818473651422632,1.0
6973.0,36190.6197639774,40859.08022532675,-61.54664069764222,261.4440191100644,213.5839656940317,172.43798422314507,4.2143810363323935,1.8189709844135231,5390.816483873188,30.983886065722945,1.0
6973.0,38422.288214208085,42605.70217684599,77.08084900062912,216.03249598167565,251.9246876137501,290.40805476560274,4.341666983960509,2.262765921108713,6664.93897216341,23.189608671714613,1.0
6974.0,38365.21279099884,42638.80059124272,307.33414798192985,180.65403719435176,347.9715454877933,265.5419880564683,4.269104591653532,2.0000519958969085,5584.117135808858,25.987040734161763,1.0
6975.0,35953.96360642819,40524.78095810755,-254.71520103444325,354.942076319683,184.5810690044825,167.9330207210843,4.07642126688355,1.462764838769381,3910.549121641382,32.78224817314223,1.0
6975.0,38360.36759048319,42685.45743572316,125.33007289377227,204.47844273372746,268.7049496255771,253.94623505246744,4.286001373783802,1.4952527196995196,3768.315236494766,23.071149492195996,1.0
6976.0,36190.953032277976,40847.33209059521,-67.92972675843744,263.9714197864431,212.17127708200175,200.93587286307684,4.4712737080803295,2.2156575878218736,6437.637105407572,29.956669639931416,1.0
6977.0,36751.123802559785,41237.44646332628,-61.89911149971491,261.5825786647646,213.5051477740947,186.38684528301332,3.865122198736884,1.5784072768452897,4372.754601731994,28.36576879253553,1.0
6978.0,36427.39174043508,41019.238504540335,-136.45797635113226,293.5258644527521,198.96091149458206,150.5888723683871,4.068308883941153,1.461883171170621,3466.14137983542,32.681246815317216,1.0
6979.0,37493.23753823974,42189.369049530826,-531.9409047763099,550.6125933972694,192.6485160405016,190.21487502077437,4.027826149427078,1.5929151640834727,4240.164114694516,42.501062098338416,1.0
6980.0,37431.69287777603,42111.30590851335,-538.0539678209379,555.743974551962,193.48641401232115,261.90729344478905,4.162752349893619,1.5574068936646843,3832.4009348818713,34.37775606897261,1.0
6981.0,37420.1271251076,42194.56120330132,-398.59250655370494,447.6585476760531,181.6283219658261,591.7759361165465,4.5296524428052365,3.7550698958460464,NaN,22.532096751664692,2.0
6982.0,38813.8496950351,42885.0995637716,-389.0359559358525,440.69730566312336,181.17560246156808,197.23457549181674,4.233946472489698,2.093756601328044,6038.162740850317,37.94012390292717,1.0
6983.0,37307.74456948296,42154.26265640953,-411.5620221016008,456.7446571025835,181.95079630321177,193.1848510060586,4.578997715301202,2.164950638438462,5461.065223238768,40.23045997252587,1.0
6983.0,38895.99393818979,42899.685186175266,-464.76288006993235,496.5440050804465,185.31675678716326,160.54694699161922,4.657101187753212,1.832689702805249,5056.818870583372,45.93286562870681,1.0
6984.0,37340.93495931865,42164.106016017904,-392.42635193245087,443.08200084684717,181.26755525867966,258.1948282970923,4.674747184982594,2.165652322099896,6062.676400623599,31.96313176279025,1.0
6985.0,37719.56795637824,42226.58456580322,-628.0028874286281,635.3223407129271,209.10794959927443,333.7791764940092,4.818204942622201,3.167716261848165,8958.9216478816,46.57957863149176,1.0
6985.0,38369.81239999532,42626.86777051488,-253.46893275090255,354.2260757747896,184.67704538949164,255.78585692325584,5.2721531650157525,3.1023368855551117,9041.981719655249,32.58995885578172,1.0
6986.0,36700.53081797921,41259.14300659575,-172.95267485592584,311.07225226022064,193.3862152857871,209.17213364245393,4.680930993545206,2.6997405093480293,7804.617464009289,33.24145253513614,1.0
6986.0,37632.52695628448,42055.18497761334,-242.74402776999597,348.124987225603,185.55190405846557,174.64881494652397,6.0529097526860784,3.2156222551163713,10710.752051591573,44.37823316926643,1.0
6987.0,38483.54935025757,42659.18003799809,-551.6968300339918,567.3230464233977,195.45910075991245,378.2363798724847,4.304081254338561,1.7826142741406048,4533.868740917948,28.766971693973186,1.0
6988.0,35863.95065207279,40617.89213007219,-85.18742078114387,270.9970190663746,208.5073101793857,146.1726062597104,4.6861379717294325,1.8727526862766641,5348.597910538147,35.217142074434335,1.0
6988.0,38575.10416864248,42605.93348759505,-495.87776860328154,521.0579110527101,188.28503635405795,325.13890990749746,4.8016941321207645,1.9058561222732695,5344.070988439644,29.920226096893792,1.0
6989.0,35687.16665888316,40484.88645435461,-267.1603728852694,362.17236235539923,183.6875816369986,249.53877587102,4.6244455658708485,1.9165957195934058,4430.1089083524985,27.701285139017756,1.0
6989.0,37335.73209527935,42140.626262152946,-450.457345477444,485.5797378217264,184.19963809529173,215.4259740948559,4.780606977770203,2.236885860366898,6412.806044900777,39.78786841541006,1.0
6990.0,37402.59020264501,42188.23310993041,-389.53047732103244,441.0444608244226,181.18846895784463,152.53618176955587,4.484558913312044,1.8029952895172134,5212.801728466592,42.78570173406165,1.0
6991.0,37305.39127847049,42156.220154215094,-375.78275214494164,431.47943477684106,180.90020735296483,195.00136619887164,5.239396032780911,2.563890160755328,7772.875639728871,41.452426730481385,1.0
6992.0,37463.692330910104,42137.52429678267,-295.49125018886815,379.1764784370455,182.09379429747406,323.1101450474043,5.30775880533286,3.1860980821616653,9964.309861477257,28.867632466104226,1.0
6992.0,37463.70017016119,42137.376822493374,-311.1276388139852,388.885551653722,181.47611815303105,325.4198990517885,5.308256793767425,3.1893060573998473,9183.668783661558,29.19602735978821,1.0
6993.0,37448.98724887949,42017.13614964381,-312.7167424986212,389.8851773635417,181.42377512383746,171.698974259911,4.267400973088949,1.6781344968894394,4787.4238578041095,35.340130594647,1.0
6994.0,38495.977919360426,42761.67022903307,-208.05900998150096,329.1363247381775,188.9814220926847,117.58235144508767,3.85301374279452,1.4798311466162517,4276.800232198138,40.06786734588832,1.0
6996.0,36158.78338315499,41141.46113076718,-313.38624309465985,390.30703970995353,181.40229883558524,162.74666127921716,4.2332471126481295,1.8064860402400131,4968.786146808335,37.62900401069412,1.0
6997.0,36708.315440056955,41057.9576351918,-330.55985311997506,401.2728721627478,180.96816783469075,173.73176908656356,3.687699447041867,1.484992497776868,4013.341881398359,34.36782670755403,1.0
6998.0,36617.03322220684,41378.675431093776,-301.08256988430867,382.62180380358456,181.85152156819854,225.48708579995045,3.9677442304364847,1.4090589993214366,3585.1214382325684,28.115051487968906,1.0
7002.0,35834.04607650849,40439.96396016787,-327.2223354152546,399.12000007149396,181.03494062096448,278.6026472373393,4.110901682052101,1.7354710345164555,4515.746683899387,26.486933609310487,1.0
7005.0,38771.321252229565,42865.032732785425,-367.7250521617944,425.956107162399,180.7982049394908,130.03822397749445,4.1047983219594615,1.4873582774116902,4042.162486128415,43.2444533079591,1.0
7006.0,38959.38213289361,42866.79829753208,-434.083373945548,473.2670060006208,183.11241378284777,227.7562668534637,4.002117874744898,1.4248671861068383,3607.202103148279,32.005283666608925,1.0
7010.0,36349.19405221668,41016.01149014176,-215.49139553949323,333.1097546862523,188.1693546585965,184.29151701569836,4.069502167521005,2.0818888127956683,5841.448572089147,33.53219210392223,1.0
7010.0,36357.86470483938,41013.149480106724,-271.8965816233297,364.9623316560454,183.3785585302538,188.42610265385795,4.08767292348462,2.09260689021821,5936.654574077007,34.61400135182473,1.0
7010.0,38902.428723609555,42954.56244240662,-458.17330606849544,491.4695490477229,184.78280275457962,166.25198632179945,3.8035186104832346,1.5101181463939037,4347.378806893689,41.1341334602569,1.0
7010.0,38875.472617493506,42959.949304496804,-480.3296807806941,508.69420919611144,186.7095621746399,171.05833249938436,3.7880303166866973,1.456030691843778,3962.958772880884,41.06672587595325,1.0
7011.0,36029.244883260944,40812.550128181734,10.239738229409335,235.66585724902345,231.6098086471751,149.7420564282101,4.6243426056320125,1.9779297918143914,5973.561661789219,34.526349081716134,1.0
7012.0,36101.51797038445,40537.85272432872,-353.5135375433807,416.36373372408326,180.7388957240995,145.39233636065148,4.0296256445886875,1.3106080034968641,3336.8959783216173,38.045296976501284,1.0
7013.0,36031.8582160675,40571.00873065041,-144.5734333302656,297.31912495593673,197.63348655594874,141.02922405069495,4.190234295942577,1.825795824983403,5024.272978746366,36.714818495132334,1.0
7014.0,35560.954071549844,40336.57427364939,-250.14212754737633,352.32194771104406,184.93904321884568,137.02732075792187,4.096242417776422,1.2136298293750023,2907.279282814933,35.42674356147568,1.0
7014.0,37637.538743426456,42022.68874926813,-164.61213012369157,306.9514591273262,194.57078497249609,272.57792757893594,4.398856630512464,2.172008835191483,5737.687240281436,25.334114490807977,1.0
7015.0,35460.91340294634,40590.54691348685,-413.44515889636375,458.1078586828029,182.03311633158393,241.48124253752016,3.760405247577533,1.5535001186553308,3861.741994744999,30.791514565252857,1.0
7015.0,37722.93644769089,42163.2121031809,-267.5078411369321,362.3763272507805,183.66432931737597,254.44114279604662,4.473593091867971,1.9896504461472095,5351.995079283063,27.66830370535458,1.0
7016.0,38099.64714845905,42364.294975805344,-167.6608875232894,308.4501444815034,194.13163618811666,224.1301415809243,4.28188865474446,1.9084952158976132,5180.238001097751,27.72471358891236,1.0
7028.0,39181.98368416465,43354.2385617226,-485.7978868908218,513.0164894572633,187.24264770190547,185.4434330603404,4.164201334007085,1.4916146579548868,3875.1056954350497,39.52515130127255,1.0
7030.0,38278.72876345171,42583.2090321894,-580.0491174170908,591.9478135084377,200.01239377755618,220.70627482982218,4.018834503348173,1.529298314226239,4002.191498228148,40.77260282094044,1.0
7031.0,38357.82339820182,42579.87124429526,-481.8314684833171,509.87847128677305,186.8536989368298,168.5164394409045,4.102079994969599,1.541798857979313,4503.546499424462,42.405730438171965,1.0
7033.0,38440.57971057626,42541.81627760068,-558.3042665933491,572.9940479557775,196.46548706448542,194.38772005203873,4.054013338296871,1.7253853993740753,4892.466849115714,45.04338545762504,1.0
7033.0,38297.76760066982,42555.05050801846,-575.841643028838,588.3401632059306,199.3743950315183,349.7477521879847,3.956233765140267,3.3457851279838646,NaN,41.952248627685584,2.0
7051.0,35753.572485652905,40382.536457239716,-385.24736182718937,438.04535491031027,181.08321381035122,184.24625157685247,4.3529089634740945,1.462649357884108,3697.0342871689654,34.85822950296359,1.0
7052.0,35864.87209791448,40670.06618305037,-531.1140886404872,549.921259149361,192.53737346571558,185.6425070802749,4.171482354704452,1.6432057280769092,4762.774058150372,43.689234518924245,1.0
7053.0,35632.88322728209,40684.054473461365,-462.7457061199765,494.9862841138857,185.14979037573812,195.37605288841922,3.725766037732858,1.3805069893221875,3407.5555755061155,36.20846784337057,1.0
7054.0,35294.297011748335,40405.79162423634,-380.9411628426837,435.04752528161765,180.99148539751073,188.10002705395388,4.222216304110225,1.6002184724047346,4091.41100938914,35.15451098603653,1.0
7056.0,35310.4511897774,40349.65946163223,-303.4824950891887,384.10966076019304,181.75484036528962,257.8001813302719,4.093475224110388,1.910103360957489,5363.20546080017,27.94703934197644,1.0
7070.0,38585.60234437295,42577.278899489436,-466.4102376505011,497.81898936696166,185.4554129134795,190.84727361646577,4.131832416194421,1.613210448129261,4716.747139628491,38.777989739565584,1.0
7070.0,38576.80404446658,42576.76069935064,-418.0971174614882,461.4897428939408,182.2480577863112,181.9731405579966,4.135047527152555,1.626270041367058,4837.027619369475,37.727350785552574,1.0
7071.0,35835.26647702597,40586.69029430478,-43.45425035340526,254.48907885042638,217.7568645668619,105.91377248348871,3.923265790578443,1.4748711541570436,4250.961373375558,39.76550767925085,1.0
7071.0,38522.36344146313,42609.23709470205,-472.820265436363,502.8044289722137,186.0146177999992,231.5897072116662,4.327724104753303,1.4197515193947776,3316.451210538504,33.17837556882563,1.0
7072.0,38440.736820919985,42554.41167333064,-535.8571691776044,553.8958979695946,193.18202759482855,287.7410469111864,4.1975398303496965,1.6000040663469224,3651.2386410519603,32.50374700316692,1.0
7073.0,38531.56537221272,42561.913830507125,-402.0389296917132,449.9021124424398,181.57589147470455,160.23220882929678,4.211816640202236,1.2917494658467537,2989.4155430033948,37.518712352444744,1.0
7074.0,38448.19361899139,42526.44723621321,-434.9778625453448,473.9331058294856,183.1665313234516,193.12575309442374,4.1856887598691195,1.4466572350411468,3500.4860437769667,35.70765962149655,1.0
7075.0,36568.48796784051,41292.5661227893,-547.8894324645413,564.07394681926,194.89430155388018,251.40616314706054,4.056364380270303,1.6579606401516163,4692.773755298321,36.55159188815169,1.0
7075.0,38419.15858775876,42529.51051822062,-657.0676478508557,662.667100874758,215.47375159274392,230.6958368280868,3.913852128571206,1.5903214876108613,4948.274254563341,45.62019707360341,1.0
7076.0,37113.68224608951,41572.882273687144,-317.97662178206156,393.2108904520862,181.2642487211427,348.68379330545406,4.109133061982424,1.907456525042176,5094.670663226965,23.376908680631153,1.0
7076.0,38420.568505445146,42509.863746332834,-336.55637995635993,405.1676177141918,180.86975421767033,346.0868195664631,4.4161096305621435,3.701660605106508,NaN,30.960937163638267,2.0
7077.0,37176.846959440554,41668.577667772646,-137.45748754519235,293.98969422980787,198.7947137524951,260.38964050134103,5.044194761172073,2.4317185860411925,6930.5329869558645,26.726154419510777,1.0
7077.0,38478.40235425054,42491.43212251108,-387.35122257253937,439.5163500431194,181.13316794640792,154.85229270346883,4.67215295863954,1.9380977726680635,5416.18203983977,43.55766429180599,1.0
7079.0,36784.00629035404,41625.0010643138,-600.816311936527,610.4656823815142,203.73624226944392,276.2957617922413,4.180084077603203,1.7327283682242784,4503.30854228298,37.841988472136755,1.0
7080.0,37105.005650295956,41771.59071545465,-272.76358044092126,365.4753471917427,183.3238406438399,127.14278776185292,4.1271820548814135,1.6924929217254583,4613.8458738291565,41.91436622983548,1.0
7082.0,36433.33215870234,41301.733304473964,-344.80233941962416,410.57807176517935,180.7786307352147,193.69770115876642,4.367675963390106,1.4590562161731704,3890.6015232668083,32.36731889877641,1.0
7083.0,36382.41956976538,41200.981731146545,-162.27655066336393,305.8092818886196,194.91199816531272,126.82770657128798,3.7172975779493003,1.5015214048963184,4286.598502518094,37.244874592856675,1.0
7084.0,36107.449640903345,40956.987255002656,-135.9388892578332,293.2853503361989,199.04752516355828,248.89617009421787,4.262897296640934,1.8280273441069796,5047.381693759354,25.23664458718768,1.0
7098.0,38662.07561030963,42689.934780382944,-315.08366102637984,391.37850249917,181.34937986543497,258.6598604871028,5.565576387147187,2.5591578600692797,7518.624275138123,31.337967523358582,1.0
7100.0,38480.10932081331,42553.463759889426,-426.95615655027655,467.98653015068186,182.70299486123344,209.01823887552897,4.083447188485619,1.4405703129755183,3325.4196860122547,33.58968023656336,1.0
7101.0,38490.536047193345,42618.86547576903,-306.333708165585,385.8843574533045,181.64568410940512,161.4645457862887,4.304515689393944,1.4395625208954503,3585.0266328031594,34.91413791483947,1.0
7102.0,38571.21215273677,42573.67186619277,-491.231858722634,517.3396426188475,187.79496998612612,195.34482393175287,3.8498037218992667,1.5618382368773076,4127.663094639684,39.06107528831061,1.0
7102.0,38577.902139110345,42582.09308898123,-432.59835734391874,472.55655515119327,183.34211176127354,402.5290635930137,3.9410051869431406,2.9584694247530585,NaN,28.01861416575598,2.0
7103.0,38669.704720271046,42569.26102221211,-385.3687659775075,438.1301258087324,181.08600472388125,210.39763015315955,3.9100828026981986,1.5698308879563758,4282.512251615436,32.664358610481756,1.0
7105.0,38900.702573472496,42709.71963621057,-852.873220371129,867.646046802985,275.1372926906107,448.9871762438171,4.109238404814795,2.2820447052200823,5968.69453378848,48.31315191206971,1.0
7106.0,38716.954193301666,42571.12380944839,-433.18008005750806,472.59511481790895,183.05838230913963,151.8829914723104,4.0895284408077375,1.3075636441291834,3254.9180752357283,40.39823084608002,1.0
7107.0,38629.39221264486,42580.45403961927,-373.9457812379733,430.2148546458876,180.87259877210764,171.2630166525782,3.850336586512258,1.4683078315389857,3760.6748699606023,36.13130909028108,1.0
7108.0,38661.82948056124,42565.51354576298,-364.46716476231313,423.78436977141286,180.80662704408405,461.4562365380217,4.099081564749861,4.314324837999958,NaN,27.901012743162106,2.0
7109.0,38515.44786459141,42571.00409294558,-317.2699432633681,392.7625550737289,181.28445542573053,248.6738404955928,4.179225684424748,2.087454142152301,6504.9800473888245,29.824420640004945,1.0
7109.0,38527.91220172546,42570.64696488454,-336.4120499636177,405.07320035122916,180.87157742366995,247.86440103978774,4.299469941332287,2.1031455407970356,6244.012914153469,30.548075511290584,1.0
7110.0,39338.55928276308,43515.30169045669,3.9191114103096645,237.74046385139079,229.8650018253847,135.05306947926027,4.385182537525979,3.4339304142429303,11283.936622977504,49.86796576194557,1.0
7111.0,38728.64970557189,42642.88016928638,-418.9791034494358,462.13323106016446,182.29066936538132,264.22854640640054,3.8402826064824596,1.6946227460865135,4800.088713414737,29.962804018959652,1.0
7121.0,35419.52208826829,40260.38482123772,-665.9782727810936,671.209961160151,217.55430964468746,204.96492949239416,3.8638009188203433,1.516246777753327,4331.403666756374,49.39347697046163,1.0
7126.0,38876.81425316951,42939.3176038227,-565.8445648555954,579.5160012504807,197.6546082869961,197.80768996241457,4.377162006765331,1.5294436415069135,3848.355302209021,42.949148793847975,1.0
7129.0,35820.31082369461,40435.48390890434,-788.1201517296674,795.8581156370843,252.17290166849426,410.39678698448665,3.586866733832009,1.7572608599096906,5414.864973872177,40.2331046726821,1.0
7129.0,35467.96425714824,40420.79202157295,-633.9810352867635,640.8816376107017,210.36470074943443,299.6798563506233,3.8833232249991805,1.7223558559655439,5389.410441367825,37.734857593478445,1.0
7135.0,39417.87485675584,43485.403337570846,17.568663025279243,233.30746681235493,233.6710746648468,106.30574250258499,3.72521718363256,1.336116065903081,3726.55759523126,38.10686507465409,1.0
7138.0,37479.13647462922,42133.5911399241,-543.9616495368269,560.7364399031261,194.32322116610544,210.1553540941931,4.404283199084336,1.748205519593907,4836.534697367424,41.889933929278506,1.0
7139.0,37865.97924510293,42267.59187292864,-330.6109606345882,401.3059208187676,180.96721133268562,261.5086662665751,4.154570765670106,1.6927205694050544,4589.467865000604,27.471199065222677,1.0
7140.0,37805.434484437545,42301.31170739136,-350.30294520329755,414.2230478127391,180.74681101367372,272.3477249219722,4.266132374857452,1.5581434053918832,4141.012098984633,26.76663620447504,1.0
7141.0,38934.454936042406,43300.17126631194,-416.99002308380705,460.68305619742034,182.19540960652463,228.9277522961341,4.426735652758889,2.4036221484589433,7482.964822443237,37.56918628462827,1.0
7142.0,39212.215895436995,43420.049266850554,-403.8816216888046,451.2194528418395,181.64304167167268,281.306446305318,4.3325064193271485,2.084675555218864,6357.109425621726,30.14075562528001,1.0
7143.0,38961.45309380083,43162.92078585407,-499.1080815535521,523.6552289034435,188.63547566510286,225.7944701160927,4.492958996768916,2.128725274917332,6149.825778324844,40.38763533481037,1.0
7144.0,39012.072947929446,43332.10326951322,-64.26388265788313,262.5152219610464,212.97879688187427,116.40652719334915,4.123383027439911,1.4916389683777207,4363.778044820602,37.71871269840266,1.0
7145.0,38042.22292683666,42480.64094152096,-125.30779819591784,288.4154259871098,200.86657345393627,155.0651748974839,4.8071515944988885,2.12814378567958,6266.2358297760375,36.142289168691974,1.0
7146.0,36763.67872916067,41410.489233112756,-320.7558064190315,394.978645922262,181.18847251053305,228.59317277870989,4.486886459120949,1.7244842641285458,4404.172655515635,29.7879541257111,1.0
7146.0,38310.15564627005,42667.418298120036,30.11899227136163,229.38650590103728,237.2959334407338,205.59060310438107,4.858214541712538,1.9419698672339345,5260.06545013422,27.7235162963595,1.0
7147.0,37073.47660775156,41435.82057411057,-121.16301533932314,286.54564685225614,201.59910909595752,106.10059233086663,3.884505893171754,1.509529566138804,4016.8442423935903,41.13952334584881,1.0
7148.0,35399.75528036282,40113.627513585365,-504.213099765196,527.7799581642978,189.20550611950472,153.95343881677056,4.102272810920339,1.4779659538531904,4020.795654312127,45.85833186304533,1.0
7148.0,38191.224631449375,42471.21925482323,-269.30315788362975,363.4319973827256,183.54565393197842,150.76659144181716,3.757269062056732,1.5509628099346542,3849.923450659587,36.13581189779951,1.0
7158.0,38266.10034896022,42567.35232124413,-228.51477995166314,340.1978009157018,186.8479238554177,110.72268294182477,3.5919209688341494,1.2158645221192463,2981.7820317174164,39.86194457408317,1.0
7161.0,35715.36100186579,40343.37397776709,-341.57268246371166,408.4512342567805,180.8080575308761,162.06056390526916,4.131460030915269,1.8105295605411773,5436.975233774126,38.87834966168772,1.0
7165.0,39324.45202628036,43519.87232019066,-408.2218517933349,454.33493608007115,181.81143113121473,268.6323545654587,3.7355370639011625,1.7232941106552668,4824.248406753799,29.41786350379472,1.0
7166.0,39503.29597370978,43672.09310395847,-712.1085610362024,716.6335101201506,229.29286015686606,368.49234011672286,3.8455645204930975,1.7310157208163828,4691.241677074798,37.55759510407525,1.0
7167.0,39514.42009148636,43588.61857939437,-117.4798043329952,284.89768482489984,202.26105449127542,208.52881072066293,3.981170327794438,1.610237555004334,4722.856775027286,27.102218417333802,1.0
7168.0,35607.55296866245,40368.649819958926,-160.36496078304435,304.8782779550862,195.19436288118598,112.14523792401444,4.297190257390735,1.426214300032431,3930.135372707408,39.69074325792971,1.0
7168.0,39285.754165194776,43521.138391525994,-634.1428922978446,641.0326229095818,210.3991056929362,207.24513821099924,3.9576558639027324,1.6029351512814025,4224.282273108197,47.41994663231187,1.0
7172.0,39338.99279231962,43430.70945125323,14.957200703208578,234.14200617614176,232.93190444534315,284.7011899544058,3.77039674072934,1.7343211138177237,4266.820849713643,22.05821748381118,1.0
7173.0,39315.058769654665,43452.42549378675,37.68002419349561,227.09599448517255,239.5376978931906,304.5111343211104,4.085785850751203,1.9804117760794346,5497.654060169166,21.745350265278724,1.0
7174.0,39303.96071824903,43399.99577211338,158.31216605816388,197.8435972656989,281.19646271683035,172.29965541915638,3.9616547616718845,1.2758782870346927,3150.3106990350666,28.386268032070888,1.0
7175.0,39370.02926207331,43379.23492341173,-114.69707549968378,283.6611051405791,202.76802175594054,156.5676536165166,3.707608135863113,1.3496193441441664,3457.904534032816,31.009283272622337,1.0
7179.0,38259.44021521312,42752.412416427476,-335.16287682750425,404.25929505064835,180.89000397970602,147.76087579393695,4.391318298949566,1.6593921391396376,4377.071543804341,39.82397968237738,1.0
7180.0,39417.92127448666,43665.34573575513,-122.95431000145973,287.3517413160631,201.28091499093114,202.96175537764393,4.281450942143135,2.3298781426437096,6804.136304714955,30.997494505202145,1.0
7180.0,39517.90831189285,43686.66496498193,-333.6626494251296,403.28375885879547,180.91370556345018,232.1351512035874,4.372382736215215,2.409411959266892,7505.903190213746,33.6449892889311,1.0
7183.0,38085.87335104974,42110.56901692526,-249.51730539466712,351.96548908730335,184.98919103824772,276.3870100991317,4.040176236561951,1.637224408489821,3828.8484295288363,24.65405000776585,1.0
7184.0,38102.28937685666,42155.33257412383,-321.4429259791702,395.4168249523165,181.17064533615482,266.3420335451898,4.397587849858183,1.8737501887481858,5058.930573621119,27.665867111922267,1.0
7185.0,38062.52917710705,42282.73137182277,-244.37416790535764,349.04533642730524,185.41327990176384,417.44153140810954,4.465268413405706,2.6040530049457646,7175.048681659498,21.354004737686406,1.0
7186.0,38133.68388963863,42353.30224095316,-137.67881388182073,294.0925295818768,198.75801478704395,595.5075943935449,5.193282703870402,3.234278411596403,9103.643875647742,16.941997790580462,1.0
7187.0,38129.67353012985,42173.37353600757,-297.4522298239809,380.3814613563089,182.00611205134294,340.4531092418371,5.925761273713642,3.8884462450505333,14070.787051855255,30.842482578691417,1.0
7188.0,38094.02846521006,42136.23119516225,-342.7057617353218,409.1962848855958,180.7968283402124,303.18197735088745,5.080982752025466,3.03237726884122,9602.598441328806,31.091326567213855,1.0
7188.0,38891.32977578412,43153.37059833027,-197.9783230606625,323.83032695196766,190.15011667273035,202.82246732372272,5.122855880667695,3.8152518726225337,11504.159179711742,42.09953220185581,1.0
7189.0,38051.468363280204,42212.90446148262,-490.01810070644603,516.3715871883335,187.66964877326987,222.9675401549151,5.310921054684978,2.804696960305289,7905.705209522413,46.44727806794223,1.0
7189.0,38828.90911528434,43175.14312264829,-208.46796932914162,329.3536043185493,188.93564443245648,190.87074411082824,5.472440479575654,3.0490783066387306,9008.33550229182,38.91131982598913,1.0
7190.0,38089.54766970736,42173.26067367931,-425.6951243558319,467.0572329829992,182.63458627659668,184.42535266824774,4.106298040414474,1.6650895700620083,4513.471180240806,38.053157968640804,1.0
7192.0,39515.92940633098,43697.808977116525,-159.0959431652059,304.26212988110655,195.38334999001307,225.10317374298592,4.791206315459112,2.368396042936055,6612.787651125819,29.584769931931355,1.0
7193.0,38121.04787494339,42121.15407860414,-325.8885377261778,398.2625691134688,181.06399970379667,103.02251807324292,3.6707962325791565,1.4669487068373874,4212.602524576806,48.26742560824373,1.0
7194.0,38044.895539458914,42269.35249366201,-243.42050608124157,348.5066111112975,185.4941317442151,100.90988884822166,3.812131598945139,1.308578098513717,3378.167997349166,43.69717420887049,1.0
7195.0,38130.48977786576,42231.59755371732,-281.40402450605785,370.6267543618029,182.80982903460185,165.67291475142426,3.6830148154476454,1.524701732328722,4219.6892764408585,34.15875749235958,1.0
7196.0,38083.985285019844,42149.90347830222,-269.9482825833286,363.8120816219992,183.50360933163995,172.31394933025865,3.6915542848336047,1.5287944008477694,4074.4615625209694,33.02359905813299,1.0
7200.0,37853.659142143144,42385.5709116519,-283.0640160503355,371.6244985068911,182.71759318307446,268.95800574660524,4.596234208489888,1.7042433396895966,4223.6190635466455,25.944246418658196,1.0
7201.0,38592.59083799479,42838.12234826436,-210.61609611970138,330.49749129952426,188.69728276598946,182.299844668454,4.602277961409325,1.7955624547001794,4503.048798521666,31.966475110889903,1.0
7216.0,37304.87961382974,41588.36705225736,-196.76779811206396,323.19960843163653,190.29566599800577,145.00758919706053,4.07015984294669,1.3515568906834354,3422.107036250246,33.87519854979551,1.0
7218.0,36135.63097877707,40980.04305834031,-240.82438751052553,347.0444041926114,185.71774336744258,198.96816095082642,3.937669127522746,1.5385249452311436,4288.784822813952,29.55667403030422,1.0
7219.0,36106.98535009625,40789.79167464496,-56.2957087523141,259.39370201013355,214.76936690558705,197.22893239016355,4.163496265956655,1.6319479693704295,4568.033412898285,27.566551416906968,1.0
7220.0,36051.24788920178,40709.54872512717,-129.77656498894396,290.4495087228193,200.09144527288467,195.5530679597396,4.067342269052135,1.55238452786327,4214.117787963411,28.103097294043955,1.0
7221.0,35921.20013784242,40788.29193145591,-62.05545287000274,261.64407542086826,213.47021773881988,165.71901603340189,3.906396912511365,1.28968407780992,3389.9516135893855,29.17478265963168,1.0
7227.0,35566.96791375205,40242.42554577606,-392.84438246747914,443.3767806961963,181.2794995408723,268.00303246635394,3.9909541000418383,1.5831224318870045,4059.137547414618,28.33106525798673,1.0
7228.0,35618.586114386104,40342.14546742846,-49.80181061774013,256.8940088845186,216.2644310789617,106.51576216803473,3.9728852138560176,1.2933718744096248,3635.455791559613,38.173269494910365,1.0
7229.0,35440.12839878598,40212.404201285695,-295.9602941880212,380.2757606970714,182.72828746143682,438.5727848185667,3.8013269550807096,3.093518816790504,NaN,22.998149663818975,2.0
7231.0,35314.95458647753,40309.684126293876,-201.8857405760993,325.8756336623069,189.68792253834056,181.3518834299938,4.714832711747533,2.2935090770553397,6916.7709334218625,34.93454339953041,1.0
7232.0,35589.10310496085,40667.86476411493,-596.5969514058697,606.6704059322288,202.95304652454053,236.08791739047902,3.7686004546456204,1.3662311313769198,3690.408367595909,38.59702651889346,1.0
7236.0,39214.31783471669,43406.29521222616,-528.2861957049204,547.5616171209808,192.16117962515762,258.65977295278657,4.257041272103065,1.5979592038513644,4412.74614016054,34.440918894587504,1.0
7237.0,38829.77225772885,42999.75511147262,-424.32856879478624,466.05186514230485,182.56182150331483,169.03891805712763,4.029078228072356,1.6550649759550204,4727.704118604263,40.21892440256926,1.0
7238.0,38449.50232162074,42829.59965313409,-592.9481664455835,603.4018935550409,202.28670037327552,389.56417264626646,4.06446831165409,1.9092952396313994,4938.39189320408,30.66762445072713,1.0
7239.0,38756.53788897698,43008.50337193058,-100.77804463110058,277.58542496893585,205.39242295027472,171.6142366597686,4.242262891667271,1.5065565596994768,4103.199673459945,29.89911243815694,1.0
7240.0,38994.89205031844,43312.83809314529,-387.849043066798,439.86503106260585,181.14548173619102,227.0955778259942,4.10324386664793,1.5709392878351776,4244.7443765808175,31.202225709333103,1.0
7241.0,39037.44250793837,43183.768430323624,-653.8149160339686,659.5672724608913,214.729341216272,302.9674939439553,4.3780042241635835,1.8727755082493653,5058.646524345606,40.02181453766465,1.0
7243.0,39758.759535136254,43809.1058857558,-105.90494556766676,279.80207201111193,204.40858125283407,112.89929519527429,3.6798671519789825,1.4700288311548495,4192.35734263181,38.87721214073971,1.0
7244.0,39657.70343598511,43779.68563350816,-244.15042320696807,348.91886563227575,185.43218683833373,257.7537697765113,4.048918697497123,1.6693082206365406,4584.712177822651,25.73720096534986,1.0
7245.0,39235.26305323097,43499.60187766612,-348.9222090948201,413.3054209877369,180.75263066680583,158.8863642683894,3.7771713311273962,1.4907094255434425,3910.239725176957,37.120873725999154,1.0
7246.0,39638.68088167365,43618.129877384905,-415.03500130255895,459.2613480463218,182.10471915964587,216.96976204920952,3.840566942744772,1.4917325341722554,3948.455383024948,32.6547893380955,1.0
7251.0,38057.50451574867,42137.88193019085,-302.0551656393596,383.224119444164,181.811811481919,168.7560411048518,3.656217458779486,1.390051003048143,3626.7882169430654,33.51543066205596,1.0
7252.0,38023.03738240209,42208.76314107024,-275.5261471283623,367.11472495194243,183.15331074417904,107.00427704519366,3.7665124509680443,1.1983087731756832,3288.2827696626287,42.03372963731773,1.0
7253.0,38071.38979498865,42238.49601170301,-272.1407129593309,365.1067159431437,183.3630930106544,157.72500732520191,4.220564657146187,1.4730556437507294,4059.9957792661257,34.6462906357426,1.0
7254.0,37906.145902829165,42182.01592691871,-286.4791169322878,373.68532981477614,182.53444068557678,175.34193467600716,3.935260432992658,1.4967888580798767,4664.878648832521,32.91399558527232,1.0
7256.0,38006.221904398415,42147.94996124362,-409.6798027642032,455.3854613353595,181.8712169662225,145.15410895062325,3.8557593804523633,1.4475568046389848,4194.825661837841,41.76453035294264,1.0
7257.0,38121.793932518354,42144.03387170641,-236.05305233193394,344.3736288066868,186.14210792628765,146.34427640858004,3.5611411233216823,1.2759833101237597,3182.196042053955,34.07631017950998,1.0
7258.0,38049.439920055585,42200.69146372922,-186.89561110093308,318.1075010863337,191.52435443436957,170.60882453854887,3.774590548888892,1.5032227487483294,4017.7853594382605,31.243740786309004,1.0
7262.0,36697.70752825367,41173.74645419746,-395.0376017743035,444.92605909589975,181.34434813720628,229.92775118159204,4.709544420418863,2.116791945144963,6466.072461145806,34.448119236177426,1.0
7263.0,37072.289719765446,41680.02316857005,-224.01978164100674,337.73329897711426,187.2894058107234,205.4080930853695,4.282989907842447,1.6259383315606089,4405.209007810961,29.038282326167366,1.0
7265.0,37561.04208716171,41983.11965096464,-287.1196672699151,374.07309269292057,182.5010777609359,141.07978372602926,4.370275729489367,1.5717558855200289,4274.603057958837,38.50034493368859,1.0
7266.0,38139.077963976815,42519.72929810465,-497.05348585018015,522.0021019649888,188.4116631340599,200.3590106913602,4.538005096506531,2.1616980882683654,6289.0702617732495,44.29108274481186,1.0
7268.0,38168.075444086804,42519.32239766516,-174.54068857255297,311.8642725065659,193.16668480145748,180.69852494521538,4.242735915575339,1.8310669422121573,5066.988807827356,31.631317600124024,1.0
7268.0,40014.752193246175,40182.1801875305,263.2998105660147,183.55356201387386,326.4786354382473,103.75208608049158,4.143568554251802,1.3853670745562705,3425.588757448925,41.58116948810191,1.0
7269.0,38050.76137985664,42269.212807093194,-427.60751269778217,468.4671237995667,182.73880433941363,214.49915477786982,4.370833148793768,1.811222239582003,5085.643647384924,35.477911380805985,1.0
7270.0,38746.916522874024,43098.7299681505,-255.63392362862655,355.47083459983975,184.5110751631143,134.60860508429482,4.014847419871847,1.5513451660952382,4581.756649048205,38.5189353305566,1.0
7276.0,36187.418688343874,41101.772723596034,-328.97863621892657,400.25159580353017,180.99874459015243,133.42712366751627,4.261138549118338,1.1751029409508156,2819.4851818799975,38.13216505538438,1.0
7277.0,36105.32471139947,40837.29020313547,-328.0497154753128,399.65272389950474,181.0175960803353,166.15033327113142,3.8852601864740874,1.292633195198628,3353.3204378422824,34.025958445677006,1.0
7278.0,38672.93961716423,43179.44813107798,-366.5344749810723,425.14519150428515,180.78732908186288,232.38254210766414,4.511079169570996,2.103795536072468,5905.089422564257,32.98707056885302,1.0
7279.0,38252.04697092921,42459.90541774141,-267.1335161571539,362.1566021163691,183.68938270022184,261.95473593037366,4.164735141413395,1.8744542287184933,4934.346041855104,26.682800837567015,1.0
7280.0,37792.718389466,42360.74079718553,-109.521172226479,281.38047742204674,203.72668252642603,157.02218014057217,4.403690452654597,1.9261109317656713,5478.816962181525,34.214760907126696,1.0
7281.0,38320.9927044251,42706.76208958068,-344.9285833166559,410.6614073676994,180.77764190896812,226.50748932621232,4.534283375265078,1.7123925455785578,4504.604278656332,30.610442630565426,1.0
7282.0,38403.687423386364,42714.32903578014,-2.648993126058903,239.93621464576273,228.08413645118802,119.98798829715236,4.408710506749213,1.865169657100891,5380.137362719743,39.42707054871473,1.0
7283.0,36104.68160641488,40948.68914927514,-323.7289562218062,396.8778407279272,181.11392464039233,233.45957110189798,3.9565525037051503,1.7443924215163589,4913.304861255061,29.566030119299167,1.0
7284.0,37427.32280533086,41768.38340765579,-232.2823704431704,342.27816023213785,186.4897472773652,182.71884436596108,4.243379640209609,1.9232075159917887,5631.955920608762,33.1661441749343,1.0
7285.0,35612.49650122544,40316.597076104044,-400.11371839060473,448.5291993031822,181.50849830063214,151.46317494503867,4.31792415721138,1.6313695795353755,4552.139678743895,41.85641801117204,1.0
7285.0,37549.56286064368,42003.96176082353,-49.06470182653805,256.6127870901526,216.4361636950777,139.24990664407957,3.875662885615017,1.5757929381796867,4497.850522041385,33.98133628627283,1.0
7288.0,35328.15228511967,40464.13573171841,-476.3682951036658,505.5805904493624,186.33760767267376,233.80130735436285,4.014120805790656,2.483886686112543,7712.650452680752,40.95486576007717,1.0
7288.0,36346.88879493695,40928.98966952277,-55.718441491770875,259.1698843812575,214.90096736967513,156.2598371543595,5.079096893878079,2.9744176319868454,8915.186168212813,41.16446299333779,1.0
7288.0,36350.858924994594,40931.05773782533,-79.1186278597933,268.49439956912323,209.7698961760168,160.956930697473,4.931122513033738,2.552566173685528,7816.21474572385,37.425751141476226,1.0
7289.0,35844.49750644193,40631.50610454461,-700.7850394544752,705.2976336973558,226.26123350173748,423.8202496520011,3.9336131739025646,2.0551301131679134,5994.933106639893,35.68586209078124,1.0
7289.0,35693.6523498677,40639.4088933946,-685.2288683882566,689.9216473580589,222.2557410554317,381.97624669929854,4.098655007968447,2.340948728459918,6835.6816397159355,39.60165094700388,1.0
7289.0,35724.1030545669,40643.258146258464,-666.5843268745459,671.793721292037,217.69801607004283,362.59143765425983,4.212585116432595,2.3117071240132323,6699.888051632479,39.504953836977045,1.0
7290.0,35788.75430578704,40677.602290172596,-499.01294646456824,523.5785953512717,188.62504131605243,291.10463575989365,4.099565607573873,1.916063968333754,5653.127955102679,32.40490951288189,1.0
7291.0,35702.97101379472,40684.45650365859,-528.6875027235654,547.8960153772786,192.21419432200432,260.5947751635219,4.210994346450705,1.8208337669384396,5308.587706279652,35.819020786370274,1.0
7292.0,36195.00610874836,40675.9120668127,-153.1997928002525,302.6270892120609,197.2536215082347,363.96356235306627,4.012211110874782,3.0391782774450835,NaN,23.415240293578176,2.0
7294.0,35813.234943343996,40724.162157798455,-621.8572315394301,629.6424032857751,207.84437574033157,239.87893156674653,4.018152434485622,1.5499063357482301,4400.393815151411,41.42217077005231,1.0
7295.0,35580.86802982112,40505.52954694301,-415.9332064030965,459.9140827186204,182.14602380282565,285.35560000028903,3.792848616031435,1.575170905903304,4337.436723876391,27.918946377820024,1.0
7296.0,35274.28043167563,40409.43635635199,-383.8038813372237,437.0385043768252,181.05089093573784,288.88952940599074,3.879283600518013,1.8576459627425936,5548.086148274872,27.90593295137072,1.0
7297.0,35468.12044271797,40232.04208620231,-371.6255929507679,428.6221730640942,180.84140309496854,200.11459271260827,3.850108382191612,1.6568386808192588,5244.515444422612,33.77651541287895,1.0
7297.0,35464.08097874152,40233.58380388784,-362.32869858262984,422.2912905887997,180.75755779303566,190.10881894827028,4.090719282700294,1.6501005119862218,4835.641543977432,34.542019452537566,1.0
7298.0,35636.49764447523,40279.5739410593,-309.9151745352969,388.12445258140787,181.51734951518668,191.4600598287068,3.7417792733293225,1.4575000037955947,4273.302993944266,31.55766913716322,1.0
7298.0,38087.651723246854,42106.56256827227,-237.69660694787174,345.2911917131781,185.99397063317832,119.33710835830757,3.8798795038282794,1.4798616902017871,4299.343981838367,40.520021537390654,1.0
7299.0,35318.96986606019,40239.88936986691,-0.05411092399872074,239.06387106874413,228.78378002810786,224.94302944891353,4.164781901476965,1.5144546238546117,3757.443935612246,24.772346289934873,1.0
7300.0,35062.42642611599,40275.01066990821,-99.19232603139139,276.90484867183716,205.70077509049293,157.94776838441896,3.763912213272545,1.3655903913428211,3413.313166754545,30.742793012718803,1.0
7301.0,35404.37363617065,40351.81871812969,-474.40452596129063,504.0425692378764,186.1576532286133,302.11555294231164,4.383250864755792,1.819378735411254,4266.852707769925,30.061031700986483,1.0
7302.0,35653.72126052901,40457.78402834983,-612.906926047811,621.434059647398,206.05563854289798,387.0608431822856,4.256497261420339,1.9649543874873197,5116.718777631548,32.11159814303287,1.0
7303.0,36041.86236543024,40573.00553781009,-312.1985048619002,389.55891829794155,181.4406337357753,173.444255043037,4.588042311136899,3.0933232075269013,9905.888762740735,46.84984650821627,1.0
7303.0,36641.21254517205,41297.57087398284,-156.32013056494173,302.9196792419676,195.80101325875964,176.5088225580184,5.131918990329519,2.7601274938799025,8198.718594108233,37.752158488968895,1.0
7304.0,35969.97444189929,40600.234109293,-178.50543800538608,313.85206764655175,192.62697810998048,175.60532277954226,4.44080661165247,2.437031335988169,8336.99741468047,36.15877684181174,1.0
7304.0,39305.09881090376,43570.26426996592,-151.38100262502834,300.5489633241013,196.5587001864006,267.97211783854044,4.235835983712659,1.9335606522326525,5111.0212090960085,24.620554848103296,1.0
7309.0,36331.43573092117,41268.43299501406,-249.68809403008854,352.0628867815533,184.97545410547357,123.19395847760606,4.41916724219056,1.9904366822930721,6206.320302095823,45.039747294442506,1.0
7310.0,36199.40717648202,40879.99879841307,-212.59498729203844,331.5551103156176,188.4808119205945,174.5133950649284,4.496278250544816,1.8927029899039753,5322.051185323888,33.540538870124436,1.0
7310.0,36199.0518953051,40880.01762984472,-210.75588488474028,330.57208023203765,188.68189331472965,172.95500266783486,4.542966043322679,1.8778113482424779,5398.905744070767,33.60827737285513,1.0
7312.0,37730.5908865607,42259.959264968,-397.37906621321304,446.58506341636365,181.41762592073954,225.0688083987649,3.873184663443301,1.7298473840530513,5096.432726193857,32.619671148190484,1.0
7313.0,37352.27164500608,41647.059714498224,-250.44331129849397,352.4939033791616,184.9149766809348,201.36819601830305,4.167574160814333,1.5942542026327071,3721.1971071498565,29.805655137989625,1.0
7314.0,36850.03796565136,41482.15614162282,-415.5065736211817,459.60394952757497,182.12632810787895,195.88015068911565,4.236967156986209,1.4845267400259934,4263.486319207923,34.82828493924649,1.0
7315.0,36614.09457751634,41184.90185479001,47.57619802856177,224.17954077682538,242.53763672002736,169.62172683074934,4.430599765609841,2.283560272452272,7343.539875329675,33.406506610927146,1.0
7315.0,36616.06750705028,41186.59346481544,47.676883782442,224.1503427532216,242.5685422708482,160.02401367661315,4.776635880396216,2.3148985945824587,7327.287285930721,35.02143027940213,1.0
7315.0,36617.729614526776,41188.016626182674,48.005032725901,224.05524866469622,242.669321402191,150.96171777122936,5.1034665531897865,2.267901273847209,6742.508146882537,36.19299828928975,1.0
7316.0,37275.31721693551,41848.06173307659,-513.839949623093,535.6250858829758,190.33448897838593,205.32483778768406,4.322453596973579,2.0460530818601494,5906.699567580322,43.4968133012861,1.0
7323.0,35883.40648092753,40341.0632450015,-347.2145827693877,412.17303199616174,180.76183769486934,131.95314817929733,3.7777962860379004,1.2195931846450434,3334.2409192501837,39.437438978831395,1.0
7324.0,37188.154297577865,41798.909620807295,-21.00940388717991,246.29000048835576,223.2803296009842,143.47178351706447,3.7627618397223888,1.1817697916931222,2841.0311072924897,30.98257089007015,1.0
7326.0,37558.13327652455,41892.110569808196,-393.9843375306046,444.18147273750697,181.31274794956389,178.12212938854321,3.836610533460774,1.5541104439572153,4422.902895252946,36.637881039637655,1.0
7330.0,35733.84686819222,40345.77310084551,30.119405643286772,229.38637920203635,237.29605481014048,110.97312977159129,4.22630176902197,1.6362991683417705,4726.549119686819,39.45420601802137,1.0
7342.0,35259.96447817675,40225.610842225564,-402.0646872601914,449.92050446024706,181.5768122823992,215.37214052024464,3.831798525126732,1.4263230246740946,3647.8491857150007,31.961659240027483,1.0
7343.0,35660.50454830871,40349.82438510395,-380.56516049218715,434.7865952967948,180.98414683596823,260.41516605253753,3.9952285955320517,1.5670477776810396,3805.0381218584407,28.397354130764178,1.0
7344.0,35934.298470134665,40710.14204205872,-290.7258307911593,376.2633368441616,182.31908704675,169.02170932287953,4.012393588935348,1.4494836423422561,3813.0552432652676,33.520332973992886,1.0
7350.0,39276.94277506754,43643.79988254775,23.81181133415567,231.33842254554972,235.45925244887454,84.47410794629931,3.637179578191058,1.360157174051734,3999.161488981751,44.49324607014005,1.0
7351.0,37946.66195000756,42074.55392462028,-258.25803448437404,356.98548936074997,184.31469707218508,170.64968616498075,3.9426285044381424,1.5361646011528496,4201.86899258577,32.968990249859154,1.0
7354.0,38021.4981244664,42171.66188718562,-405.59898124910194,452.45007582176123,181.70795427995245,140.92411106563,3.9072673551278583,1.2661486180479884,2983.351428027788,40.65749468807962,1.0
7355.0,35694.568787271564,40336.1179865581,-375.81659059710216,431.50275918849553,180.9007400472503,174.8133183529714,4.169697260538191,1.6382055037294048,4704.580719254692,36.97184841200667,1.0
7356.0,35562.70621700316,40455.29517713081,-518.7390377891224,539.6510127109005,190.93614347481304,380.1734970814822,4.538338453675975,1.8356737776100291,4595.651538112231,27.590320067650808,1.0
7357.0,36105.19211504805,40690.493157043304,-142.9333510144579,296.54752364044776,197.89770390185618,316.85743032158064,4.955988637672444,2.333158155109631,6166.409696681043,23.208130474870014,1.0
7358.0,36192.69669861633,40710.46874462498,-244.23444444342914,348.9663527644652,185.42508237907924,234.7605774698698,4.251208653908453,1.5043482812300535,3954.6713820287323,26.63483154852847,1.0
7358.0,37865.76249767969,42133.64801723896,-285.9637927032104,373.37365453422785,182.56150820798052,114.85206852947766,4.083543749611979,1.5224246316707095,4364.304287592937,43.702306445720694,1.0
7359.0,36020.790895482045,40848.24723408263,-404.1893704577726,451.4397744587409,181.65450863141317,265.96609160055436,4.2651117296635865,1.5247679810791446,4007.344561461972,28.56224235546137,1.0
7360.0,36151.65626893536,40905.53273129631,-529.5725103074594,548.6340049589867,192.33154210825847,215.0171514414392,4.091852040651693,1.3134290303572702,3147.9766607237366,36.74132882973041,1.0
7365.0,35120.08326125096,40107.78661043785,-126.35185536157812,288.888971555248,200.68411445168522,204.16063059098505,4.273283789543392,1.6542775150129634,4199.659746618892,27.740746468331604,1.0
7367.0,39284.534301824344,43335.30454227161,-49.872183115055144,256.92088419736285,216.248057251066,183.37598926022036,3.7537113534520974,1.2139018882055321,3008.3289804705937,27.1201458727241,1.0
7368.0,39240.801953799215,43261.5542271883,3.34643595271144,237.93029328963445,229.70841920702,167.28048575559967,3.732586907380515,1.4275383580059078,3861.16078951016,29.240235885751996,1.0
7368.0,39240.93620381372,43261.57152048361,4.073633535618919,237.68929611535918,229.90729454000865,166.01466957310197,3.77431953527606,1.4056612859227955,3752.290315006678,29.274922564407444,1.0
7381.0,37234.265576950274,41689.01287437614,-260.33286399983433,358.18769211255784,184.16314007112894,231.23059220548225,3.797296162736185,1.6626931059201766,4621.5229159404935,27.82934291291774,1.0
7383.0,36445.70105808184,41110.05926450932,-207.52809624462816,328.8544862234376,189.0410410953115,194.78230166110305,4.5050894327842865,1.8206870479261315,5167.3245115075115,30.676713282418948,1.0
7384.0,35837.03872718982,40614.39408831465,-382.38048851489094,436.04758937643345,181.0205728150766,244.10167660151453,4.074924710309888,1.8134169743638733,5211.69597436691,30.85863961884598,1.0
7385.0,35622.39100818716,40426.9875835212,-345.3918717038167,410.967360173205,180.77411719950445,148.99066494211553,4.011802876873466,1.7103917250156209,4822.906140410616,40.4822566108958,1.0
7398.0,34594.00499214855,40826.71111221955,229.89113833178618,186.97333084760825,311.15792996254305,87.13911711333577,3.4582409219246864,1.1250277933949835,2884.2656548487384,42.990441472546074,1.0
7404.0,38998.042984451815,43249.156532063935,-334.9086488827805,404.0938317140023,180.89389973644703,299.7758825693772,4.462675523927381,1.8069997692274846,4857.228640259883,25.74267560007471,1.0
7405.0,39699.67644040535,43680.678331352596,-219.02835666288595,335.0189441121014,187.79768793687634,225.1752266614978,4.455042041156722,1.7333450968915058,4594.831759927928,27.7712114359084,1.0
7406.0,39559.11813075104,43468.666571283284,-343.408611568694,409.6590487136106,180.79035456554726,203.10033630260733,4.350746462456856,1.769713473149061,5011.1587729174025,33.155251448884,1.0
7409.0,35471.45299023911,40152.81349999617,-419.08864695332863,462.2132041191826,182.2960031522344,205.84265322983686,3.9724933737787267,1.5495958578223339,4014.721831242155,34.29781243771817,1.0
7410.0,35582.02205990219,40132.59375127201,-376.5280499230054,431.9934090044657,180.91214208823922,168.2315448875727,3.9367755220446443,1.613334093756021,4558.202101507937,37.76770182093171,1.0
7418.0,36008.27982295044,39419.911627599264,246.8611807765545,185.10471509788783,318.83383231222564,101.82901163026288,3.5398476859679318,1.3562600768379387,3773.494513300675,41.402352666368216,1.0
7420.0,38595.67749561716,42784.68740661657,-373.5095072463619,429.91498902661425,180.86641974227263,179.05576652176987,4.341981895917383,1.545537563658315,3994.427441137975,35.62740712551273,1.0
7420.0,38624.715467951035,42789.197322967004,-442.89867372934725,479.86442773183217,183.6723556188254,192.72470531270992,4.266426449605327,1.5173952302347977,3870.585416423536,36.62230619221036,1.0
7429.0,36665.93402535303,41282.05683852837,-229.11121379826102,340.5262433991842,186.79050148390562,117.78303954457476,4.457401327681983,1.4467249900693424,4235.13476128579,40.316304227463974,1.0
7441.0,37600.70465833454,41853.59762288988,-310.68631845134337,388.60836157007935,181.4909961237593,165.87772398142963,4.046193217707482,1.5859961966536817,4611.352645800922,35.43885636336077,1.0
7442.0,36936.95903174138,41626.079741822636,-429.5100391605947,469.87316621177354,182.84525061613564,198.06536448223306,4.099282254134734,1.5322331420540365,4181.232880712831,35.48954255209041,1.0
7444.0,36169.08905772796,40958.098429227066,-19.96799602984411,245.92110775877012,223.54593025979136,332.9501988407681,4.404869671559029,1.8795883200491692,5114.403924645516,20.50192493812101,1.0
7444.0,39335.41067653769,43380.64594481705,16.01784907916172,233.80228150512295,233.2314924895109,164.7621604195122,3.5772631814739575,1.4186135472976742,3747.107646146045,29.43094698429386,1.0
7445.0,36558.386567429014,41343.52588251879,-926.8255052739961,954.4691142103981,305.27279222296215,676.174409339649,4.089754893182035,2.621210080009241,7747.982927118592,44.29443000211487,1.0
7445.0,39355.36508781433,43423.02680963815,88.51480627382132,213.09597337660304,255.74082343809434,188.0259698873971,4.076580665147565,1.351811080245301,3583.2830098066024,26.91809800646979,1.0
7446.0,35316.58747882733,40458.18171451224,-397.2493489042016,446.49301917429483,181.41345700205022,293.9453299134522,5.285559346809384,3.229043662450323,9520.476658254795,35.21243579785968,1.0
7447.0,35228.85196776702,40127.781426988484,162.91745461596514,196.99879196861193,283.0066122531848,162.29482998343968,4.52400438553682,2.3475051247114798,7530.521041105787,35.51067580317618,1.0
7447.0,35230.748427858816,40135.06978174037,124.92866333702774,204.5655107093526,268.55802752992486,143.56136644033614,5.202470160397038,2.3349862105034536,7460.784649613765,38.32203584140256,1.0
7447.0,38728.94055089425,43101.24979716408,-243.4029412826292,348.4966967679017,185.4956273955591,149.96599806029226,4.013534436588513,1.4587241861763038,3856.385638902867,34.90288220663656,1.0
7448.0,36238.53603442848,40816.40576689512,-335.07046966817745,404.19914513522133,180.8914143172927,260.9193759797108,4.279178061107587,2.1073794261994205,6594.636347758061,29.487810160130266,1.0
7449.0,35433.16937183656,40250.04638731445,-304.6445989194316,384.83207009705285,181.70960224312836,225.81437483623668,4.278380219929894,1.5911436188849504,4259.158922571621,28.96203372624071,1.0
7453.0,35164.49772685814,39966.96664847286,-415.1269342347817,459.3281216825826,182.10891852076716,149.43090426974706,3.936876953651143,1.7165896628741364,4881.058374118853,43.925730547690044,1.0
7454.0,36179.826562456714,40972.44076079171,-142.82751746193804,296.49781978201315,197.9148241016624,166.98231834784295,4.208377645991947,1.7788970605740648,5088.784324744386,32.455137073534424,1.0
7455.0,35898.13110242357,40695.98144999041,-371.3150279202417,428.4093724901095,180.83753877354704,222.21487819569228,3.947770129684886,1.7073766795749055,4735.575706878594,31.824343481676767,1.0
7456.0,35499.3183578751,40598.372011339925,-924.3862964666134,951.5231341016768,304.2123479719598,548.608974828357,3.6273264677325936,2.385530969349342,6814.878962480572,49.20792581046677,1.0
7458.0,35354.07061456358,40308.318532961755,-215.10934592170267,332.90423698466543,188.21007126909953,223.80843034544353,4.233116037921592,1.7067667636694668,4713.1744724849505,27.695223185285407,1.0
7461.0,35740.66500239166,40355.78773399376,-230.1397494279285,341.09342250131886,186.69211486719277,172.63529501832357,3.908096552528685,1.441783588296144,3729.432808676996,31.542830771018533,1.0
7461.0,37804.3578155859,42103.408747431946,-303.66401836732496,384.2224188249487,181.74770624090718,152.558128001676,4.353159192863739,1.439943030227463,3444.110607306575,36.12262700216662,1.0
7462.0,36336.26145797596,41127.39525723116,-4.918199387773723,240.704277275998,227.47650893855774,228.84470897987714,4.548692969504253,1.8816981612274055,5381.899519741517,25.756587777745995,1.0
7463.0,36650.07675464192,41390.478026667326,185.93410749382298,193.07632789788607,292.2957698459988,146.9109923595838,4.285225246214678,1.899851719249244,5834.496171502216,35.25175701980624,1.0
7464.0,37154.18052294948,41710.4802371643,-90.18533519847125,273.0841140460239,207.48859183479155,143.73851503071648,3.951496022091037,1.2791139680669714,3256.3128658270975,31.99811355159422,1.0
7465.0,36574.077217921105,41345.24993286501,-282.93489397485195,371.5467959969818,182.72469240667633,127.19528611770349,3.9370471030747103,1.3723454848235255,3676.151972707328,39.342402954733274,1.0
7468.0,36163.22029356182,41009.24783976577,-303.12851059287095,383.8898631521383,181.76882469447392,290.6220943580576,4.45673179612617,1.8429130678091517,4921.946672172733,25.629631892400457,1.0
7469.0,36616.157915245436,41153.75929570055,-74.3575281027605,266.5553521206143,210.78007005256427,183.70604902873518,4.155924870778501,1.6457361439497082,4546.998157073301,29.029152921955973,1.0
7470.0,36911.51784029527,41217.95140634345,-391.92767008201133,442.73056418634803,181.2534807426131,253.82478405072578,4.1886734022690355,1.5952779838112117,4163.783241494919,29.33471131627311,1.0
7471.0,37123.809598149965,41436.20266587259,-172.87487330747385,311.03350992459724,193.39702012694636,141.94297910566274,3.8159965873859947,1.462294198769352,4033.308502591381,34.565879348604426,1.0
7475.0,39667.05018334745,43492.306634857356,-181.3514391947421,315.28809854547495,192.24694852373594,124.33428492911638,3.7100234847133233,1.3537716806951443,3972.0684780633383,36.99949865370357,1.0
7476.0,35936.52421548631,40983.43721856858,-292.1476920097691,377.1302911823876,182.25005476665586,191.50817867250151,4.076206392640997,1.5728329320778993,4075.5826102779515,31.69224954970148,1.0
7477.0,35907.56501373385,40990.51731395308,-354.49023131438975,417.0168797496016,180.73804619267267,332.9410354923512,4.750333980593418,2.4354169944914545,7060.428650099366,26.8576338397007,1.0
7477.0,39400.98326152565,43409.9633951308,-75.39036503399697,266.9741787716414,210.55946327729384,98.26550302488154,3.6500609690638868,1.4198197766807528,4429.326734918086,41.664652557920675,1.0
7484.0,36791.10687294464,41121.76843696898,-374.1740932018051,430.3718525922465,180.87589021477814,187.2251526568914,3.7897118458293435,1.4028353640659326,3674.1963777782107,33.71901256097399,1.0
7485.0,36831.260656163984,41124.416904684345,-414.59762632565764,458.9437786852009,182.08482872933288,278.6501369772633,4.269054327615202,1.5350245347889775,3769.387598609677,28.119213918320128,1.0
7486.0,36846.29003611525,41108.9014017792,-425.4048681482641,467.6982408040858,183.30973842564023,1401.1545618702298,4.460711087398293,9.861822265298546,NaN,20.906396392857918,5.0
7487.0,36898.68547997978,41102.56741183578,-381.2076181387119,435.23251488442975,180.9967511236267,247.94987289769318,4.039970144753183,1.670662623183093,4947.470942200047,29.789127067955892,1.0
7488.0,36777.44682424019,41117.551484199146,-614.7528500258926,623.1207769442658,206.41955315308564,316.8754161612277,4.005197142619697,1.8149959009347294,4827.905662271334,35.86134939439283,1.0
7489.0,36806.04730914134,41095.25264560935,-445.138815438238,481.5526400318823,183.82408487751962,287.59925342704787,4.253647266601563,1.5537584279096548,3819.1084870339114,28.646722919163075,1.0
7493.0,36769.46702638622,41101.82224320753,-311.17225567096546,388.91358539712985,181.47462227302117,257.029199567874,4.445270924679033,1.846836414475545,4903.731049116321,27.92321944548725,1.0
7500.0,36381.87019560819,41250.90374629509,-16.82233754207737,244.81304702349496,224.3532178334457,84.65060712559514,4.0275619149496,1.3860506525989877,3974.2066240769354,44.96237211475243,1.0
7507.0,36130.17216758925,41037.367735008476,-382.65272885861395,436.2369655684304,181.0262520891665,160.81521291209341,3.9331316431521954,1.41816432095168,3956.4225942169633,37.60482289730832,1.0
7508.0,39394.59524723561,43365.99615392934,34.98528596267063,227.90614561561296,238.73374020625496,215.88471409991908,3.9185587350453375,1.6386181214347744,3713.864503773507,25.72801001293256,1.0
7510.0,39489.042376224716,43428.32364184908,4.460943782198114,237.56114295519131,230.01338134290614,231.21133545227738,3.8125860512632306,1.490899260657184,3846.6159465667874,24.287943621897575,1.0
7511.0,39405.70233913013,43406.91886443544,-153.00517824808645,301.32600747025833,196.30749192672766,141.3647755461376,4.009275161173158,1.487119621528205,3829.2405957375945,34.45187118473686,1.0
7513.0,36774.68453316669,41306.6319651992,-680.6646509968766,685.4535967471915,221.1155133479734,229.43705018591072,4.11177221048851,1.632471090555744,4492.923309014123,48.28415272360136,1.0
7513.0,39445.61032812945,43417.22162293143,-21.514065410198942,246.4691321197989,223.15191803757392,97.56087188755718,3.6387691406717804,1.264172783727693,3170.6756695061586,39.862647107431584,1.0
7514.0,39351.413239161404,43358.29148764867,-39.98576205948515,253.19100964214095,218.58534640885065,126.92235815641179,3.767041291193804,1.4749565213017934,4695.879398532431,35.31022695752121,1.0
7515.0,39459.81840478314,43352.68713735633,2.0425470179838277,238.36365776034165,229.3528384002396,137.72831481873493,3.9015405210869716,1.5125377077454394,4138.3371046142365,33.487010381976454,1.0
7516.0,36802.879391753,41158.46009448759,-474.6094923286442,504.2029286309675,186.17629842038897,291.5339694688677,4.324871645925549,1.683637381467755,4332.857206209885,30.082077779593558,1.0
7516.0,39392.67771897405,43317.58714440494,25.637982408648327,232.04226728259312,237.01659089675223,186.45892837752587,3.7745084516026157,2.544325915426834,NaN,32.97073542869616,2.0
7517.0,36838.15462606658,41132.38080197551,-425.8687666614644,468.62782487254213,183.80987438653338,494.2794252815254,4.6744416911771935,3.9277549603611774,NaN,27.49862871869616,2.0
7518.0,36869.97560097286,41144.061937618935,-409.5085227710342,455.2619417801218,181.86410935377702,200.2405773164114,4.3062210776397,1.5473723863455109,3946.1448450424164,34.51052293369901,1.0
7520.0,36778.589914555356,41186.832277671434,-402.8092771581468,450.45244430021313,181.603649205038,257.08021390227594,4.221935923049276,1.7497054663953513,5143.129226425649,30.204601896786773,1.0
7520.0,36799.412174573816,41191.45591952749,-513.0622180739023,534.9880506449431,190.24065851741392,277.0353673523899,4.516897560267761,1.6996474913917283,4483.849519200739,32.84299095107401,1.0
7520.0,39450.65942334933,43426.99315847645,-60.50076685301651,261.03356593505873,213.8183965352724,390.9222205595204,4.5865133124575275,2.274034379012295,5762.368836952149,19.55468929602781,1.0
7521.0,36789.887413116594,41152.03513198254,-685.8289563853072,690.5105528826314,222.4068352581555,278.24137620721785,4.234657311281927,1.5425314165179498,3738.379093441976,41.661497009468846,1.0
7522.0,36805.267656880766,41086.86869011843,-545.3412598025317,561.9070616789164,194.52247016276573,282.65647520071053,4.634649889478916,1.7042339250636325,4503.7033705351605,33.99002561619552,1.0
7525.0,39394.89706290336,43412.78847856672,-147.41247785901714,298.66079189252775,197.18096193134213,155.09850219711402,4.469942266510745,1.9857934134077553,5766.822916515454,35.54911957734452,1.0
7526.0,34878.32749643709,39972.1620100013,-2.448218625974044,239.8684919364793,228.13808699550626,300.74399255044045,3.9081988139054418,1.856110589133165,5074.174454002172,21.68088671379922,1.0
7527.0,34930.1458817465,40026.799594415614,-1.645422907163132,240.03283644864152,228.70546331794526,582.7084537794226,4.002950082674991,3.7092661797421256,NaN,17.249905499235346,2.0
7528.0,34943.84596931243,40083.635311935024,11.334096793720187,235.310484246494,231.9149980319045,175.3655231942767,3.9768268280241825,1.4939587029200174,4024.0582070182113,28.671346096707964,1.0
7528.0,36848.1708569758,41161.124243401355,-414.5646060652448,458.9198106478038,182.08333299103126,190.92151037714572,4.626609524539535,1.6563254729313934,4229.914439340471,36.60337164894505,1.0
7529.0,36830.73886042522,41133.7459460799,-476.233141085411,505.47462148357266,186.32512835294037,230.64432460477386,4.319627765318361,1.7261593623897955,4077.2821532074877,35.416004176592764,1.0
7534.0,38830.104905620865,42999.401616600095,-221.64368789521717,336.4382405840787,187.5289980231327,164.3497817777076,4.358074319602588,1.8060081564142387,5323.9272818486015,34.579502284718245,1.0
7542.0,38009.35334352444,42144.05167620978,-289.9207742370994,375.7733133835494,182.35885620607644,239.9533245731717,3.973276099278103,1.7067576378917935,4621.477640792989,28.026897296235514,1.0
7543.0,38128.072161262724,42179.95393073399,-365.58228039526057,424.49760297218046,180.77940830553158,280.51839581197044,4.947447630606,2.2965656608922678,6761.3791158560925,29.91785912190835,1.0
7544.0,38041.838612891195,42110.2199348732,-404.0602819532429,451.3473473315848,181.6496899046645,143.12038572804695,3.8234221837003277,1.5613058768114483,4426.940480298479,43.015066692358886,1.0
7552.0,39399.82317828255,43393.539463853376,-120.81224526099126,286.3881522695853,201.66170395506583,142.71501742665495,3.9526736970769805,1.2791719546453015,3171.677459675039,32.507602699442806,1.0
7553.0,39413.7983781831,43447.85861649834,73.9069840514776,219.40261339753977,252.93022482467362,361.01206066311397,4.205252437322826,3.8047590901003443,NaN,24.661315431381034,2.0
7555.0,39380.1928234119,43485.77578245064,122.9029663516408,205.00721389921023,267.81846461814024,149.27589997872101,4.461538685513763,2.6132904098818717,8796.880877269292,39.31940091208845,1.0
7556.0,37916.304456897626,42218.28581664053,-305.06383732872365,385.092997730402,181.69353484307285,221.38753246089487,4.858551218622563,2.2881200914788566,7090.47301526798,33.05419529824795,1.0
7556.0,37918.624897190035,42217.50151513093,-319.82509346096293,394.38583632264067,181.21319342595325,221.6114507695958,4.908203966443215,2.3058336102719856,7239.914780060485,33.634070300664305,1.0
7556.0,39383.24071431702,43390.79358097664,-132.92981254169578,291.8961287211643,199.55365814843964,108.95623683557803,4.274417231685198,2.026290532187218,6356.087366150501,45.82783971507754,1.0
7558.0,39404.618282477044,43410.87593578689,99.11467340582983,210.48378847627126,259.36757413666606,178.8822047630493,4.005771920481508,1.4083428293786553,3815.4180763573763,27.978184797118583,1.0
7561.0,39408.44671255263,43361.015517269436,-174.97055426590282,313.3957460303641,194.17166320791176,310.6686535716407,3.8488051935601124,2.8739722592193973,NaN,25.92250364127255,2.0
7563.0,34900.89828038473,40150.56439020749,-283.4035787071961,371.82891405560684,182.69898442977856,321.46407682596055,3.805037181173016,1.56108698904207,3794.130344138437,22.885931093229306,1.0
7563.0,39392.31803450352,43396.17982115477,-61.799723374487016,261.54349640720693,213.5273629105651,184.49464163881146,3.8157610888167794,1.598482581233617,4376.147805238734,28.63282428597538,1.0
7564.0,34833.397810780516,40178.22511295903,-210.92681771964595,330.6633121589548,188.66309542768727,323.5700021181444,4.162930248769357,1.7102071319506775,3713.9674566943695,22.058409624392265,1.0
7564.0,39345.75030936072,43368.228998911625,-25.04174155884696,247.72800197864424,222.25971812236276,178.4977662602357,4.314189090045986,1.7743848015793386,4720.5782313105165,29.800351082255062,1.0
7565.0,34954.65257949193,40120.73032802521,-304.40381090061487,384.6822822174298,181.71889105338096,107.8480731036558,3.38753661841814,1.2347584582415825,3552.846008325709,43.2374872677539,1.0
7565.0,39441.59377355857,43453.82712315594,51.20979633481931,223.1318805670615,243.65786344282589,163.44697324110572,4.007609281730866,1.6889442631506912,4560.058071297763,30.84555957930601,1.0
7566.0,39459.110965392,43340.38987844768,-139.66499809416874,295.01744213265675,198.4303487156077,197.74573026112557,3.8630050860566127,1.4273180133086882,3795.996207720396,27.529206612766007,1.0
7566.0,36898.26436834517,41205.45681023273,-465.95177588734873,498.9113963492432,186.58641686206587,680.616284731578,4.253042834551084,5.490327259710217,NaN,27.60066828940489,3.0
7566.0,36881.57088131268,41209.79269786079,-459.6824927622,493.34835559646183,185.48423419190541,449.883164922256,4.2644261489540645,3.741276403542022,NaN,30.165763776220242,2.0
7567.0,38719.6083083031,39893.813716929995,129.40168869565548,203.6038737834,270.20216372105295,88.88226419083118,3.6663178548002247,1.4386071934871574,4274.632470964658,44.1226134273202,1.0
7567.0,36946.14782912169,41201.96209705511,-380.9630728364007,435.06273402417185,180.99191635056974,367.95846959328514,4.3035321267767,3.2298233744847167,NaN,29.07285727920729,2.0
7567.0,39402.56690724156,43334.28377742617,-94.69639583964752,276.7923835020511,208.04357256203414,352.0125758731808,4.050233527858114,2.9667165904285664,NaN,23.16331770553251,2.0
7568.0,36806.681089029,41202.341247034514,-508.8818131608792,531.573679006738,189.74420601005465,269.28808933283506,4.789315887764812,1.9483307600406503,5491.542239509716,34.869478516620376,1.0
7569.0,39258.80512324235,43405.41197540109,-115.00865936881927,283.7992026883192,202.7109629212368,207.88934220392665,4.48459333548183,1.8408298714090294,5273.102472179865,28.075320865511365,1.0
7570.0,39403.86987910584,43519.281890311075,35.999263137840245,227.60049806061588,239.0356043197977,170.03353583633532,4.023020090737298,1.7148719714708582,5381.576470044215,30.216367633442722,1.0
7571.0,39324.89882871493,43414.1441048108,86.56305687263503,213.58850472169473,255.08236605324217,177.34216446085264,3.9325231229922437,1.5034735078535884,3866.7665419654804,28.48767069300702,1.0
7575.0,35286.695827986565,40212.5138729764,-243.62702096554986,348.62319899687486,185.47656453240768,183.76701196158214,4.342785907650975,1.9295079982827967,6254.205227526707,33.36429568778908,1.0
7575.0,35286.20779349441,40212.439039878554,-250.13526765652057,352.31803217103374,184.9395921738938,184.91605528158271,4.325039818842115,1.9306635313019085,6200.442916647582,33.40182155898209,1.0
7576.0,35377.96359028476,40380.566396277405,-433.71873580415246,472.9956869871578,183.09052772535154,266.4407543948179,3.908456923790173,1.7609909939892854,4828.677111833944,30.672254211998887,1.0
7583.0,36503.191106966624,41068.42891894993,-310.51355506668034,388.4999001775982,181.49686081893861,231.61901359101796,4.531802889382504,2.0289974319904602,5743.175459338928,30.778386596593183,1.0
7583.0,36499.563126988905,41067.28872745892,-286.66392003597446,373.7971623152547,182.52478316288366,225.44373675312653,4.6321726908426815,1.9967636004836482,5458.46929980731,30.49495877622443,1.0
7584.0,36683.318747939265,41260.50384226155,-395.10962372436103,444.97701194135146,181.34653983255822,233.89005267229527,4.519604530298474,1.968132085412404,5261.991839453894,33.117153086902206,1.0
7585.0,37756.379947114125,42077.130392114006,-475.0283829532698,504.53077901272223,186.21450325591823,218.8528063301483,4.51467026873685,2.1153289165262876,6537.11413130268,39.730021673443204,1.0
7586.0,36033.14630411665,40675.7518345497,0.8996854800802321,238.7448211477669,229.042236564021,92.77243108900937,3.847929909691049,1.7282530133792784,5636.022792121116,45.7934107157252,1.0
7586.0,37445.87589530163,41900.23173705071,-416.9866133406684,460.68057346612926,182.19524889810276,181.5928495306537,4.547043823532105,1.6795118198806218,4623.531518919934,38.15480477297881,1.0
7588.0,38944.20624459108,43318.91795947203,-362.8339252455649,422.63323917639144,180.76042170736895,255.40696339410297,4.180716571806785,1.855683831231531,5128.452628017135,29.539278814813617,1.0
7589.0,38641.40377202013,42865.80262521946,-66.87943817623493,263.5529142104047,212.40159006884528,128.24695632103555,4.403339894358242,1.5916234825885731,4883.213449103926,36.150151486691435,1.0
7590.0,36921.277844609634,41337.064245839756,-497.4914031964777,522.3541162864174,188.45909685371822,245.92229891352181,4.9600303425468555,2.5263169413718654,8597.970077143633,41.10367243939191,1.0
7591.0,36021.10991025823,40460.64730605453,-31.48576618545667,250.057884136399,220.65441727929053,136.4337850401465,4.36595063185885,1.6777191094024457,4798.0681925661165,34.96257844077213,1.0
7592.0,39008.65948023977,43297.4286917685,-507.83959171747136,530.7250046466054,189.62250898218284,309.475918656455,3.8983955244119777,1.5009437750934276,3570.1274974278954,29.37695115410437,1.0
7593.0,39347.3483664544,43600.90130109807,-418.7990608174192,462.001814165639,182.2819227699508,228.74520979439234,4.19354529229456,1.6189120835024635,4095.924523884506,32.439128893977795,1.0
7594.0,39597.17183361764,43636.7408817034,-468.23183027678675,499.2318035743311,185.6111420545743,311.43216613264417,3.823515528822295,1.5424876315460119,3990.281661247513,27.99895967028001,1.0
7606.0,38468.42049441702,42561.51540587772,-21.638748253199598,246.51342579324256,223.12022228011926,347.97626080639316,4.676990201789711,1.9563478794948117,4742.271170824359,20.132429722360964,1.0
7607.0,36741.69732903487,41249.29961525766,-544.5055054016476,561.1976961471157,194.40159387154426,176.26998104130672,4.132713207986927,1.438779725833482,4029.9646661926054,43.96865666952902,1.0
7607.0,38516.3270261003,42515.1686950083,-83.56704239624919,270.3316098861739,208.84668135459867,752.6444318329169,4.362547799436259,3.9790611231978428,NaN,15.16035317837482,2.0
7608.0,36678.63382420004,41272.02033050932,-425.42738867001015,466.86012251338644,182.62021809354457,164.7216571730425,4.226508767841247,1.5545968421156167,4325.586729734691,40.08061108320584,1.0
7609.0,38529.499771551746,42552.22069140052,-66.79491136857953,263.5192782758848,212.42016211765966,357.71402825512297,4.604853782650439,1.894357677164451,4461.008762112108,19.88242900484702,1.0
7610.0,38435.61397169334,42601.4529373449,-12.96274329947944,243.46625014238268,225.35402925740306,246.90281606201873,4.224639206241764,1.6401633041159502,4145.3422410803705,23.84283689716572,1.0
7611.0,38470.41443515089,42630.05105485229,-33.69497037021,250.8656510078805,220.11135661659367,315.80011584587345,4.017030723995646,1.7601615911173705,4615.004541562229,20.948366193415502,1.0
7612.0,38410.35323810232,42699.7602028206,195.2259731725742,191.63437081815255,296.16021364811496,357.2668864957444,4.784660566157083,2.093859413653799,5568.986013405163,20.484877261313716,1.0
7612.0,37009.536861915025,41572.571497520265,-314.96342292351056,392.24682190010475,182.11620277753087,495.707368930297,5.034265422690071,4.221431135923127,NaN,24.722563527051282,2.0
7613.0,37207.02189651371,41815.28075001991,-646.8858941232581,652.9972323742346,213.17046909738016,310.8549979499299,4.617206263630351,2.700939590764733,7466.490807549906,46.48365439984868,1.0
7613.0,38447.46557806704,42704.94117689264,122.50314550333984,205.09485208084348,267.67286331945957,345.10451119847613,4.707456181741266,2.584100801482844,7574.800218147164,21.68996929856287,1.0
7614.0,38433.71223900487,42659.66358325979,47.40232511788204,224.22998497054414,242.48428451945253,414.0898951703768,5.304127964179359,2.836432736848225,8529.484855384386,19.690552252968708,1.0
7615.0,38388.87871507326,42706.35082705007,62.9919380561154,219.82042464883398,247.35947023002035,293.65060752502825,4.767821725026386,2.3411370591065745,7588.059048864261,23.241262449491693,1.0
7616.0,37335.03205274436,41948.34357561135,-650.8064771939909,656.70913481818,214.04801657750954,309.65990855026706,4.16713037266737,1.905232525815735,5145.664758709758,39.47972911809474,1.0
7616.0,38366.380681267816,42736.60434866088,27.295747530339007,230.25559265338117,236.47004318032666,326.03050508262265,4.806255566882608,2.9113812971389894,9262.148385874674,23.33822525039644,1.0
7617.0,38318.15436843721,42691.1585985987,126.36289192466805,204.25511695577148,269.08354178629486,270.7691869967931,4.539564379430661,2.48257777566044,7521.377717486683,25.16400023152686,1.0
7618.0,38416.16027667458,42680.41546936603,125.0077680097124,204.54834044245064,268.5869713463519,270.3941006636203,4.421507439056554,1.7071889313393578,4337.730332568538,22.776921033364918,1.0
7619.0,38400.55675826309,42546.59575472124,252.51759709558308,184.54221778300342,321.4411153117321,274.5352333560813,5.328083833433248,2.490733895738204,7127.513599964568,26.267161830521513,1.0
7620.0,38404.49037021094,42643.665515545086,124.39804672591502,204.68083759935368,268.36400210495964,387.673193864705,5.057076787472915,2.8483591636845635,8076.742117186194,20.728168626555135,1.0
7621.0,38429.60173670183,42719.35609035548,136.48463868056888,202.11973304149245,272.83681095841763,187.6472438983966,4.859010442331484,2.0321968502584062,5263.774355013375,30.12153652700176,1.0
7622.0,37113.74883213798,41695.41282663538,-304.95182619839716,385.0232674742978,181.69781458014393,204.2934173930162,4.700641203019427,1.621926145404093,4168.320181036012,31.015217793831194,1.0
7625.0,35962.2214330565,40879.21481106451,-144.52395417861672,297.29580963891175,197.64142766058148,218.91266378966472,4.754236940385084,1.7938303231993695,4832.002334231138,27.334948779368954,1.0
7625.0,39404.990476336425,43373.26119086119,72.24823791124622,217.31069490490464,250.3417357537941,152.7465674720064,4.22876593560268,1.6767953226247791,4081.1328200417174,32.1685207957671,1.0
7626.0,37250.12497146412,41797.620882261734,377.2832184439454,179.80743660917273,385.1514115546764,220.1496090633166,4.573574488340111,2.371814369579585,7941.085435222276,33.44668489863244,1.0
7626.0,37249.65936751307,41790.22152151516,256.93491464282766,184.12392301661708,323.494201240701,201.73505860092075,4.768345353320968,2.3245405176944987,7575.776548076577,31.740408326912586,1.0
7627.0,36641.93747568741,41191.05223147308,-323.7932068752309,396.9189749103987,181.11238800243848,199.80487116475604,4.8240018161486535,2.0705534719907672,6013.392423501116,34.76717134511429,1.0
7628.0,36615.879824961536,41148.30776328056,-500.889767700213,525.0919956779551,188.832163931875,272.9141858899499,4.591150688240815,2.3468957447802854,7043.792357229547,36.88434608680502,1.0
7630.0,38475.67700815717,42885.69632800971,-350.30954849430265,414.2274406297033,180.7467866723159,175.31220739555866,4.245872504679872,1.4086344084364844,3414.9110092575984,34.33791147580135,1.0
7633.0,37555.86842183421,42073.88693866947,-365.7343615065565,424.6009761209755,180.78062701663336,160.14398590480036,4.508996641930419,2.172717500129236,5487.3141683382155,43.6580607082024,1.0
7633.0,38623.999350618775,43087.63439057659,-25.881968937863448,248.02957199539713,222.04861102675346,416.5577786906426,4.7523200880086485,2.28397309910365,6568.460182854903,18.672248080603175,1.0
7634.0,38674.37896899727,43008.27846419816,92.3950581584448,212.127447131166,257.0585184616681,369.79458282509506,4.980128582996123,2.205353172627206,6350.8394724397485,19.80910343500472,1.0
7635.0,38596.02256663196,43036.03180157128,26.70558787101242,230.43821285819268,236.29817002832618,363.3329880934313,5.156742335309747,2.317782299661155,6000.705702667795,20.25219983119634,1.0
7643.0,38506.96195910808,43034.80078905443,18.70436067753188,232.9465409290361,233.99415367343096,318.40435744166797,4.116538079386691,1.831894376526413,4905.404587864747,20.846258277016776,1.0
7652.0,37209.73272759218,41662.45265411483,-544.3592282525228,561.0736078253192,194.38049234662265,323.64037161453706,4.334706480523966,2.019268565657082,4989.238714085095,32.85533041223145,1.0
7653.0,37101.606720391166,41640.348924343416,-338.91213297307513,406.70656216670034,180.83827044386828,159.45256588170056,4.162814294400518,1.4326314505066875,3675.074145057345,36.236794827661484,1.0
7653.0,38824.53598363882,43076.36582365076,-4.746298804487793,240.64592376228356,227.52240154164923,311.83946476886354,4.317904688621969,1.6887982876707106,3844.341882937256,20.845642261986278,1.0
7654.0,37159.08385378224,41511.799264273664,-456.02504718272564,489.82408259048276,184.61588179185824,177.4282860203244,4.480086482572313,1.9918405674451138,5831.961602974544,43.804732756142975,1.0
7654.0,38877.029712149226,43120.899495722,76.30347086467282,216.23662180477805,251.66885132388506,290.1616175322217,4.577542050726783,2.0083851822075562,5157.693107307968,22.482184420519765,1.0
7655.0,36955.10768351403,41456.88808316341,-454.6447043033631,488.76910065467035,184.5104843199526,170.45434806690244,3.924639774335205,1.4436354938635518,3886.6141252977877,39.671878852391764,1.0
7655.0,38870.33126527041,43041.89552214806,74.098296578591,216.8187628938747,250.9456313995334,377.8670819340962,4.100772335775382,1.835709387414028,5204.418514147659,18.827758401274544,1.0
7656.0,38801.523399170466,42913.83352080778,59.106482762378185,220.89799304910903,246.12708155504959,301.9648700276207,4.528115662016667,1.9806965613791219,5108.365896277032,21.85141421245789,1.0
7657.0,38873.28661077277,42984.33058753079,51.734022870027374,222.981760234904,243.82031135698813,363.6678813394318,5.273199281818234,4.132805496257817,12501.517360936605,25.17529813362049,1.0
7657.0,39340.49966669151,43347.34830390738,184.4192459899752,193.31913037462792,291.6719840270351,254.06917685842126,5.117325953143054,5.793439982137068,17648.707460323858,43.293501137858115,1.0
7658.0,38854.37197878534,42959.98036244613,5.905356107912277,237.08446349873697,230.41002346763705,356.2396269145338,4.76395330952062,2.6195121598580906,6959.188575012788,21.26510527123272,1.0
7659.0,38816.89233799595,42977.24473803796,64.03765638890448,219.53284289814715,247.69311608934686,289.965715764264,5.122723681677034,2.702930500666095,7989.45091624746,24.58224037553133,1.0
7660.0,37190.78010693327,41619.460808940596,-116.64031075830641,284.52386430954306,202.4133747456543,138.4459749678533,3.9467503711202867,1.4329248746750818,3951.1977482565367,33.98465664116305,1.0
7660.0,38802.6691131851,42929.859059205315,199.0503493856398,191.54044115535652,298.1544725771072,515.858720007235,4.583908181815628,4.532132065367612,NaN,21.03579110141518,2.0
7661.0,36652.927199120495,41377.009493596524,-329.3465887616082,400.4890384975744,180.99145920437522,154.7472719357496,5.054949258905539,1.698742102095596,4246.402825380764,38.68798208444662,1.0
7661.0,38783.425668273936,42911.62253274175,13.574169743868307,235.05729239457216,232.9229509954248,609.5934162472233,4.676778542688242,4.50902789241189,NaN,18.016353402291475,2.0
7662.0,36434.428025820955,41004.916415123895,-228.72218760627965,340.31197752491687,186.8279246932672,191.0937605269426,4.79902400745155,1.8845981710487199,5491.45642670775,31.87655081504527,1.0
7663.0,35756.71585506982,40463.66537616155,-90.52820461435927,273.2281573929055,207.4194029861127,210.3480610724069,5.6286177683296055,2.108015357193072,5769.900591926922,28.769428860559316,1.0
7664.0,35324.67668395733,40208.696128322874,-486.2206616770586,513.3518412081095,187.28481227788996,190.56851570148774,3.982660918489951,1.4474952007307467,3649.072389365765,38.47295041610997,1.0
7668.0,35853.85376754416,40654.03809196256,-383.55739081021534,436.86676973642165,181.0455301721607,235.09376757571385,4.290323803961464,1.6495796243661813,4226.919863648032,30.788729190449423,1.0
7669.0,37471.514959411565,41977.13214324581,-582.7751776318725,594.3554208817875,200.48247402083823,448.6341727400147,5.006027017406921,2.037489693898326,5472.03776158306,28.07745329293182,1.0
7670.0,37648.129218172304,42101.08368900444,-646.6478327179464,652.7723090447308,213.1175608523718,472.29141504863975,4.375987842347159,2.4449874378481824,7084.445495648275,32.250244408726815,1.0
7671.0,36195.676962511854,40977.76858841792,-9.411264912057021,242.2393797576109,226.28497408103354,162.31019758407712,5.232163311397482,2.230628706951211,7148.593652958664,34.32514554150793,1.0
7672.0,37405.341199179864,42017.2126138768,-412.71851984327753,457.5814488816032,182.0010315881362,133.51181431617317,4.301849098160274,1.702160674509932,5113.674677137859,47.27281392452102,1.0
7680.0,36907.57735481313,41128.714103149105,-277.17995462258057,368.14986348021614,183.09464284422984,627.3185877018842,4.752194994914499,4.7826467323931965,NaN,21.113458707679506,2.0
7682.0,36950.30827147667,41156.77311389577,-358.44030954778384,419.66759806999625,180.74202606128125,191.5233698811728,4.971217965266361,2.2569260930436426,6550.338515358392,38.620088701780126,1.0
7683.0,36975.74130353396,41133.559039374966,-306.386683242936,386.01427735536254,181.72200369419556,822.2209015875792,5.070464666663438,9.006700912785371,NaN,26.097474933223687,3.0
7684.0,38703.05187262585,42604.34893490611,-360.71201137870537,421.8081311607373,181.24221701020699,531.7628129700436,4.482137587402011,4.213775841392055,NaN,24.64842089326647,2.0
7685.0,37009.522598634125,41154.0889585048,-323.431785949613,396.705679069775,181.13565217469719,394.46577983004056,4.946754310921413,6.346165271954416,NaN,38.97664441482199,2.0
7687.0,37358.2173221113,41988.69657615828,-362.7249245908734,422.5594447569971,180.75978737206134,159.12426299037753,5.383951698465064,2.7103783331694147,7926.815292239389,49.29681181948341,1.0
7688.0,39267.78183302962,43468.06676725175,-232.66201722334998,342.48853306750897,186.45425504643177,141.92126456120653,4.251816776223742,1.5707890787724168,3900.2658417556027,36.693962801086414,1.0
7688.0,36973.409409074,41176.93685636485,-258.914064086338,358.07777125642787,184.84231589277587,668.7438961308883,5.135417219030159,8.846602524661382,NaN,29.334615010892144,3.0
7689.0,39593.06312259243,43477.084615237414,-400.73668570883046,448.9730693348705,181.5299965158895,187.43230441785497,3.8860640901828356,1.347538404531249,3299.898091976981,34.318748038113036,1.0
7693.0,37121.521086278655,41533.55014916937,-230.7840463922074,341.44922394731634,186.63089405824226,242.4923724840151,4.424727488451467,1.5621998424013912,3767.7275539423417,26.086214700205673,1.0
7694.0,36466.75979487141,41187.25383829025,-508.9902546941116,531.6620410988588,189.75691594529943,245.44043711862406,4.342722806138233,1.500418269045832,3374.7380605611725,34.04317465879249,1.0
7695.0,36211.91066109348,40979.39191902096,-180.03932703942573,314.62508604581143,192.42138935106792,319.81177599463905,4.803209518118067,1.9964126112694416,5563.468457445037,22.56057562895947,1.0
7696.0,36609.070491317085,41058.347108020746,-351.1026738492112,414.75536365325576,180.7441047109481,155.84836212721484,3.8684063248431477,1.4759464012149455,4053.8495421822217,37.56145789478933,1.0
7697.0,35162.96873134224,40016.844282091275,-167.7139985783872,308.4763300941058,194.12404874671233,211.7171710347643,4.348624310225337,2.662930713118254,9525.16239863217,32.63109190972181,1.0
7698.0,35482.92481858127,40187.548647614225,-334.7029574361235,403.96000278637575,180.8970877739224,385.5762414249819,4.172149019085773,1.9998863837199652,5637.031131496301,22.557446763587212,1.0
7698.0,35484.984498673104,40187.49486745566,-352.15764688401947,415.4584979865699,180.7412802393111,387.9265870639099,4.203113580626459,2.0264672829240853,5675.605260379963,22.927489762454424,1.0
7699.0,35254.51943218089,40020.19989307814,-364.2501436019682,423.59305015903965,180.76948655181135,241.58896891561187,4.731669007887969,1.8650639548867138,5018.478611398397,30.73021386515091,1.0
7700.0,35419.823726545605,40353.55282502366,-75.49125068478051,267.01514293347066,210.53795838797924,220.87574890982123,4.698328820280959,2.138610418210971,5999.477339961691,27.833795909582165,1.0
7700.0,35419.741032687074,40353.62484421563,-74.18186268715165,266.4842179737368,210.817671855736,220.02879240694406,4.727136291314094,2.128317158159057,6025.067991590741,27.84864329787463,1.0
7700.0,37268.54722348326,41999.2470687678,-401.15828777449616,449.2736723912438,181.5447135528097,139.94691060833978,4.1703774061905,1.55239603038334,4913.499103872142,43.43531051934381,1.0
7712.0,37258.49857271442,42023.63592751449,-415.0698803528203,459.5079890683578,182.28516308074725,708.0308159874552,4.450072732123084,6.7859190999745564,NaN,28.17745072560805,4.0
7713.0,37219.07335724049,42030.54664849657,-482.12310058496104,510.1086897071337,186.88188814580724,178.1865128381455,4.477955290436856,1.7863083354696925,5115.280035491998,43.22823647633634,1.0
7716.0,37204.96850818424,41986.05164816652,-516.9503996995843,538.1785392330536,190.7143617931733,184.22459915690214,4.175959987504461,1.4316398016746588,3652.1013767820627,40.91839762770157,1.0
7718.0,37343.962707449515,42025.60438624414,-440.3130272808488,477.9217200010248,183.50197929117272,159.61112891380216,4.379961289224021,1.591181704666759,4041.52764826466,42.085247819430364,1.0
7719.0,38718.38247664273,42891.3611167604,-394.52597738895565,444.56424470636847,181.32889271265853,156.23657658247376,4.377147064095776,1.5219763243635969,4225.776590453015,39.71843331033547,1.0
7720.0,35037.95982975126,40302.419724774874,-262.5566058656581,359.4806850999202,184.004348110948,113.76433300445723,3.5361872054575723,1.275200250013133,3487.0256172772224,40.70352500497146,1.0
7722.0,38640.389163222644,42965.40546973243,-542.6438083439759,559.619906305239,194.1342476736316,155.93840338826635,4.004095843561163,1.4980278498294046,3869.701490504158,48.42749052760151,1.0
7724.0,37778.69682010253,42035.807719730314,-214.03432752596623,332.32668596733026,188.32523729975057,159.0858738587919,4.354398908857433,1.551894287182967,4016.888725006413,33.50379754193512,1.0
7727.0,38453.46773366921,42510.259620581666,-484.2751435542281,511.81002183186064,187.0919088882931,213.13367085239287,4.285396636745097,1.8396548701211994,5288.077084073825,38.69269648113665,1.0
7728.0,38376.438775616436,42582.37489064543,-430.7418460815468,470.7853407489454,182.91564135461476,171.01777760721671,4.226562629511675,1.5928747577467872,4744.684416986724,39.6769768863127,1.0
7729.0,38399.787963096445,42510.2721832662,-658.1275231794382,663.6793090839757,215.71805317018132,247.3668395270454,4.208950562528573,1.605824554348709,4064.8363138966697,43.70131318064307,1.0
7730.0,38454.20317450545,42520.901946043945,-522.3711648946683,542.6503984204154,191.39401051593939,204.29051061744866,4.425810235734028,1.8807344382688003,5378.003636706468,42.596941986549986,1.0
7732.0,36951.68680110007,41201.96493081206,-362.62464903370335,422.49156720144254,180.75921180937678,195.34761294314183,4.1432620901684025,1.651136962477483,4369.9411591708395,33.94818633820435,1.0
7732.0,38431.33305288173,42580.202639027986,-461.7765339838264,494.2392255973004,185.0706724982584,170.99947557879312,4.422938691749526,1.7603224823287542,4474.034875804762,42.966657451652395,1.0
7734.0,36962.85398392544,41174.11196770271,-270.33187412870166,364.0382660050136,183.47875995110132,131.0357494102635,4.063389916516118,1.4254198259771822,3632.7939971026044,38.62402781458696,1.0
7734.0,39416.16309397151,43806.61119004652,-371.6807827799406,428.65999890429794,180.84209750688674,199.15427280257953,4.136829752440954,1.471252484221485,3577.914188475639,32.750686410937824,1.0
7735.0,36993.84479991448,41155.417614987535,-355.4023261812827,417.6276387323455,180.7379093046332,226.73478055757775,4.017132155591895,1.5329174721936576,4309.852240187868,30.00651729130557,1.0
7735.0,39385.373545200775,43800.65583934332,-350.73002456388747,414.50724558148653,180.74530512153822,194.52530932421274,4.181669026697802,1.7859496218458366,4993.777960510284,34.48876764881061,1.0
7736.0,39453.27861143589,43811.35138162067,-361.9637606225705,422.50517831553964,181.1279564494078,404.15091035464786,3.6507075214604168,2.9347345941809673,NaN,25.49816848702348,2.0
7737.0,39514.824287531854,43788.69835153624,-391.8549567587288,442.67934042866955,181.2514443545427,178.24427405603092,4.0381285802777125,1.4941422173989416,3961.118956930995,36.09404913468366,1.0
7751.0,37213.63906831718,41426.939273880074,-285.3011502309864,372.97324716911595,182.59661109088464,219.76558165657238,4.1110086460529525,1.384967064422285,3238.3267574452116,28.092648440207327,1.0
7752.0,37253.2460817191,41449.924962678204,-347.2242681167774,412.1794469475498,180.76177920785415,302.23567335220855,3.8943863805741006,2.009100741380809,4855.34147046019,26.682075632122498,1.0
7753.0,37165.75061701024,41308.90085754133,-281.66511523826193,370.78351171317684,182.79518260175533,240.13067497076094,4.082996220770019,1.4720033541610054,3735.3371328514463,26.889035820866535,1.0
7754.0,37160.64676667475,41273.26948175513,-320.31863807939516,394.70009358196165,181.20000203946944,485.5979887464951,5.083042731602251,2.269187947472654,6019.446919187758,19.88930538302832,1.0
7755.0,35383.21876310816,40385.906628356475,-520.2004442121998,540.856336375479,191.11916000445862,204.31986747033753,4.0077833859468734,1.402644127370691,3652.642236651827,38.16487844619909,1.0
7757.0,39509.430794599786,43842.120458207726,-526.9598761241509,546.4611965537487,191.98981739090272,407.886466441223,3.811764567999455,3.144800671964929,NaN,32.90572896887788,2.0
7759.0,39592.42275703394,43892.04331915291,-426.8841870786385,467.9334530693316,182.6990580462583,210.07226107913155,3.8445919917719276,1.356939717896363,3751.508736198637,32.979123789054135,1.0
7761.0,39509.243897856475,43811.19146688435,-407.0522172898093,453.4936060797113,181.7646393039104,205.99519266737497,3.901310879409296,1.4686043688023387,3799.3827638679427,33.30102018385589,1.0
7762.0,39491.06576575281,43853.64388392483,-375.3324255671601,431.16913323825264,180.89320126843188,193.03987685760535,3.757484280916054,1.3386356522965563,3723.6854843294614,32.74340990169172,1.0
7763.0,39582.666470304255,43873.091896118385,-471.5495128271673,501.8130138191877,185.90126998015933,165.02952565169292,3.642117518582744,1.3631012657952044,3704.8714618452627,40.689398332011436,1.0
7764.0,39536.30456174664,43823.6771255314,-466.52077181458844,497.9046296977173,185.4647904831352,208.0733866550959,3.6655984566769333,1.519898761169596,4513.961856285721,35.92204039288718,1.0
7765.0,35654.890539851855,40795.716661106286,-448.83357749325876,484.3474203776566,184.08269414837292,214.96585166049135,3.9532289991138327,1.5583280212897321,4251.008740773179,34.63988831968426,1.0
7765.0,39598.43526615789,43806.77905887229,-452.62932908554507,487.2319968185501,184.3592060830186,138.7156014057906,3.9160382682928616,1.3009395136715918,3413.181130872558,43.84801204274344,1.0
7765.0,39616.88306303719,43805.026235272824,-438.75802028770954,476.756412062278,183.40196850103632,138.33328029017963,3.8762892060343135,1.244978346806993,3107.030255908473,42.59148230722294,1.0
7766.0,35614.13985695378,40756.10569668231,-446.4794904093186,482.56526109366916,183.91672077255612,214.30901965966757,4.181836306756418,2.23453866261654,6380.562775958807,39.694622614736915,1.0
7766.0,35585.09571874635,40757.0433100753,-456.96967076483793,490.5470842556588,184.68884634588704,207.90473190377526,4.372705828016933,2.265425924593293,6818.205951355195,41.48382162749296,1.0
7766.0,39469.25841867678,43833.169323760885,-420.25091136735915,463.0624209659975,182.35315827130276,226.0453069821664,4.027864334059093,1.430852086603369,3730.4888759426553,31.677300987601367,1.0
7767.0,35598.947103795785,40790.2446716001,-446.3895794622865,482.49729771035,183.91046539251604,221.56030173026826,4.010064235381975,1.7178983670903873,4556.017296925478,34.91254925454831,1.0
7767.0,35591.548461904684,40791.051059641046,-538.1130427257691,555.793734681472,193.49465015806805,245.7260247291115,4.028590933766467,1.7026279026302555,4483.414475591381,36.911788794694324,1.0
7767.0,39518.47898032506,43853.03420351229,-437.9083183256682,477.46008215366965,184.43059443629943,538.616572321642,3.848349702199339,3.065015964044801,NaN,23.394966700801696,2.0
7768.0,35759.81550452277,40743.43922557304,-445.39238594859853,481.7440336149363,183.84150066298764,218.30570230599022,4.017227598412376,1.8033759068291348,5107.761442854086,35.813379114137625,1.0
7768.0,35778.03949828038,40743.42469512062,-552.5034520632597,568.8132069505778,196.22675030870585,444.0893345962875,3.972086482415972,3.3735587874227075,NaN,33.55729972574628,2.0
7769.0,39571.73854357449,43842.386558794096,-343.5957017667489,409.78230940103646,180.7886947687709,127.7237958021866,3.6595999958422394,1.3107445005435048,3795.3077830051575,40.938401144564786,1.0
7772.0,39397.616528700084,43418.791740258115,-33.22166238114583,250.69220468202352,220.22739084469617,181.91340453447006,3.795428474032621,1.3438674762181435,2995.348466884087,27.628841368521172,1.0
7777.0,37010.34355487933,41179.1925685275,-357.77829848924756,419.22232613511227,180.74052961261268,187.09147249953136,4.317081374438209,1.790913206201607,5340.490488318563,35.709436147356094,1.0
7781.0,38427.40774022544,42819.86373951305,-96.43595378764314,275.9411653386865,206.41401794416666,339.33843472720514,4.410571722633375,3.3853304840600105,NaN,24.90787744959174,2.0
7783.0,38031.137549122395,42424.82052728295,-471.0408992643059,501.4166306540052,185.85624783002487,184.57356494071487,4.397169819032173,1.9395794118495708,5170.693358196023,42.98006482538724,1.0
7786.0,37520.929250255474,42131.55133839607,-103.64518981135765,278.82199785331187,204.83975487455683,83.26353758675063,3.8786091676420353,1.3562431503956849,3962.729819440826,46.31429553264286,1.0
7787.0,35950.187454290724,40598.37019022168,96.16218094364382,211.20074177053638,258.3487734740819,110.60451104266191,3.809651110701437,1.3462951399622356,3658.8820611795636,37.25318957490507,1.0
7795.0,34943.81558793024,40118.21602765064,-104.82847048880156,279.33459556308895,204.61349315023023,180.92542592898724,3.767959535386924,1.5230816260387057,4217.038810715548,29.056221391265648,1.0
7801.0,37022.0161360123,41230.0355370326,-294.70023711438074,378.691443063814,182.1299927464968,182.39611553775939,4.041425126192195,1.581771455546763,4385.456087109577,32.81969463711282,1.0
7803.0,39516.06612057395,43618.980814904375,-458.39396549327444,491.63881037835745,184.8001473038812,149.95915596272317,4.024149431731052,1.3698530114679002,3460.7186632298235,42.66160129945399,1.0
7807.0,37077.973308737564,41226.34746012442,-253.88586124535846,354.59376451530636,184.74850792592048,398.28895670842445,4.022797259892592,3.1626172101299983,NaN,23.825541966003815,2.0
7821.0,37108.593810422906,41207.29464281664,-254.51641791052023,354.91213657420775,184.66447610332347,526.6515221780825,4.227684590589497,4.424831695278496,NaN,22.674565357104854,2.0
7823.0,37922.569810995556,42381.57000543461,-446.6864740892331,482.72174833825494,183.93114467768837,260.2545154360303,4.093743415397782,1.7474764570711894,4568.7349992055515,31.577728738540557,1.0
7823.0,37919.64259435886,42382.93745133165,-437.97873109094553,476.1732776174105,183.35254142244824,253.49153262341503,4.222239767660357,1.7431435855931003,4611.661349984015,31.753106413102984,1.0
7824.0,38040.02227401336,42259.320545047216,-364.33940014031697,423.65360518144945,180.77010906261398,175.35420751359095,4.283082353065977,1.5946407608411524,4358.773450145567,36.114507403191546,1.0
7828.0,36993.81238763886,41209.440040190115,-178.32561548585915,313.76158962792096,192.6511973369867,92.37572138846073,4.304562413796307,1.673275912918652,4687.2225840734145,48.636399075723475,1.0
7828.0,36993.26661430314,41209.45986403079,-178.14003405133872,313.6682459748504,192.67621803785983,93.00833627356167,4.284917871001463,1.5454785225035859,4206.366112578019,46.82528215803325,1.0
7837.0,39281.46489095534,43504.043692977735,51.406383769731505,223.0755543615682,243.71875763713808,213.43311501967713,3.7260006150234184,1.535536114514074,3938.290751573908,25.541649612731216,1.0
7838.0,37485.69090146041,42039.53297780551,-475.1541140358606,504.6292164224419,186.2259966268383,284.75579906425105,4.38246154507485,1.6499326561036989,3813.041846559891,30.38803794628595,1.0
7838.0,39298.782548117975,43478.6149869388,8.291289375401691,236.30137595050536,231.0686938737133,189.23709656918246,4.009250443359988,1.4811060308950186,3768.570003559138,27.329875669844768,1.0
7839.0,37670.39570190753,41993.79851826468,-315.01004515379157,391.33197751692865,181.35162937576425,158.59314017520865,4.296175949704994,1.6956987485319202,4585.901913218597,37.48645340188324,1.0
7839.0,39330.600780145,43484.799994771536,-96.36086422926273,275.69550764557897,206.25613500947864,199.28055651647327,3.9995910169037203,1.6525079500943713,4422.219427129821,27.821343744681194,1.0
7840.0,39268.410788415626,43524.73318700765,114.61940319112621,206.85371003994828,264.82675429553336,119.2117347975674,3.759073424819133,1.3379507867625988,3936.455660575311,35.55808116310026,1.0
7841.0,39335.1824095363,43443.79387334039,-39.91428469867517,253.16437880200365,218.60251588105785,182.90813833128752,3.885896068903349,1.5177147825409691,3743.798492620646,28.279151743136055,1.0
7842.0,39297.50892191354,43474.849790274304,110.52524051835022,207.79023755166926,263.36740752172705,146.04912873128774,3.7890633160688836,1.4326260716729933,4133.335303920456,31.839779223671172,1.0
7844.0,39418.814631192545,43575.17303857758,-5.9553523942061615,241.05694134601967,227.2000961902675,184.09679499640302,4.484194176320635,2.184139582537923,7025.985156638531,31.162750963376244,1.0
7844.0,39419.324597758285,43576.228034952896,-8.043880515211042,241.77018346464692,226.6459678647667,187.1880569528635,4.377096926695615,2.1302171483926515,6551.845751745591,30.54032044861867,1.0
7845.0,39284.43875704233,43504.76522668838,-98.62065061349276,276.7256979004572,205.86544640019642,407.4761089395462,4.174804625039543,3.3219328230490945,NaN,21.70224162658503,2.0
7854.0,36244.82594846439,40956.098931648965,-425.1862942646968,466.68268354099814,182.6073263751715,178.79144485172262,4.241433307146614,1.4709815580084429,4178.007236810829,37.275138499410694,1.0
7855.0,37136.211899482354,41663.17504058921,47.550748678913365,224.18692238819492,242.529826250515,216.5523454094062,4.920675577180546,2.1793638731522122,5667.523967081117,27.76270382688916,1.0
7860.0,37174.60469658892,41294.6823088775,-256.6945022869827,356.0822259928477,184.43107377048756,305.7016222009114,3.917965890596639,1.8623197129020934,4567.092300853267,23.983215253646122,1.0
7861.0,37127.49275350655,41372.46474744447,-301.4806126919205,382.8681985988615,181.83518274417068,165.217113566588,3.6833453979349597,1.4688487126241871,4086.1953061736303,34.449540407287614,1.0
7867.0,37515.96057209645,41929.543870060166,-284.9432570209311,372.75715935867726,182.6157093341685,133.71072451646918,4.320096082367937,1.4419908203641376,3868.606912695883,38.72481978661238,1.0
7871.0,35394.67046756599,40233.66567525734,-320.0890987646304,394.55390923440365,181.2061140403643,161.29601193772032,3.935194582471963,1.413739338065264,3993.1284275636667,35.201415482620895,1.0
7875.0,37358.34605025684,41808.426710974185,-680.5272410938551,685.3193866484987,221.0814319361904,407.99460838253003,4.500982979894307,2.1041310602364645,5728.0533590001305,35.68560487070374,1.0
7875.0,37168.33232758353,41803.90526235423,-742.0942517822917,747.2359645103162,237.7928774115551,441.6164932831738,4.34142026870778,1.9918618832552215,4952.401334839014,36.90927344742831,1.0
7876.0,37625.10394702946,42027.362021118235,-559.078806346357,573.6615124177174,196.58563681284937,356.12099013726356,5.321507444444914,2.191114849935784,5799.945366992323,32.46527068336881,1.0
7882.0,37466.3668620704,41972.99663340091,-561.9420619748082,576.1338519820976,197.0337656306271,259.6657669239594,4.232338487165347,1.9454846711018448,5074.110562621332,38.80015954974308,1.0
7883.0,37347.57866796491,41951.83884814081,-654.9100470486159,660.6098097988593,214.9790692262854,238.72313562364425,3.9894547796021,1.3183258416150228,3350.016473444206,41.577483803184435,1.0
7886.0,37225.62251106563,41498.42487011322,-19.730950599548187,245.83728322455087,223.60650180376322,156.37013678395954,4.421665068846524,1.922292081561286,5933.901495649277,33.33424938390375,1.0
7887.0,37128.946783888,41464.25611596422,-12.875562153434153,243.43599071183482,225.37676686280173,116.86109186144927,4.01296246495591,1.5569698302745816,4376.246115354145,37.67072912666531,1.0
7891.0,38003.63504210373,42485.038982683654,-328.4100892823852,399.8849590064401,181.0102045918668,233.09242568208842,5.261235844869112,3.0092681250169813,8978.651988936681,37.17647041882034,1.0
7891.0,39620.02909175463,43724.23405895843,-423.62227199732547,465.5329365577114,182.52477130204866,118.76731420169864,3.8569100794818816,1.3481417417169044,3352.4806665256997,47.44467806756889,1.0
7892.0,36144.02107360109,40796.360119926525,-174.0519784796274,311.6202755265387,193.23404043658724,142.09086151265765,4.419246721394016,1.4726665660331166,3987.5009637752873,34.63353531014225,1.0
7892.0,39099.62772620697,43313.230871770094,366.271850549913,179.63470842043853,379.0512694603863,220.06777551185286,6.0790901674136375,3.2241868379740977,10979.012421715186,38.53899560348542,1.0
7893.0,39327.755645971825,43475.06688704856,-552.0224892378069,567.6015872021295,195.50792276944878,529.2410318603426,4.422845412683955,3.1154013410513266,8279.596589143955,28.119814317840483,1.0
7894.0,37155.430055947836,41405.34113167587,-307.1487144112675,386.3930552582938,181.6156208651324,278.692175840406,4.350119677919198,1.9849842183598096,5778.390941054598,26.96420193455103,1.0
7894.0,39419.03370653355,43546.44079946729,-318.4858051025463,393.5342216066609,181.24992508377136,436.63606141214103,4.984781661727574,2.7348867033615947,7409.0268982478365,22.446686367642265,1.0
7895.0,38889.65519498826,43047.19053957804,-234.43255974767473,343.4714349249163,186.29018209700186,294.56796657383495,5.6811340603122735,3.1960159802064863,9254.978631353584,29.27372576524853,1.0
7895.0,37250.406057594104,41377.387296980596,-219.97512245399673,336.69617501764014,188.6406583529045,635.6326034402155,4.2477857470352856,3.4551246680475365,NaN,17.496568486240953,2.0
7896.0,38935.327065133235,43162.65246707648,-365.8807426156148,424.7004954423807,180.78181669819375,257.8400050857217,5.211217088248666,2.532889097630311,7025.283026712572,33.07473249248194,1.0
7896.0,38922.00819821982,43162.78493070279,-440.73216933361914,478.236211347091,183.5292518503582,279.62778041319217,5.001410964001333,2.5391593340528646,7205.623336620735,34.3866507205184,1.0
7897.0,38873.47716450285,42995.029041868715,-112.67232637337564,282.7659435352086,203.14060674206294,126.47196245453048,4.8104252386789454,1.4130777427363514,3696.290344610232,35.800272378547085,1.0
7905.0,37235.620857966445,41450.38896420884,-94.53327623126171,274.9189443065731,206.61784075466673,304.15618220280567,4.087582520409129,1.6637534245004026,4160.252914269158,21.55238578270556,1.0
7906.0,37234.75621915437,41384.68501758974,-73.26736783063052,266.1143714848109,211.01380259838373,190.81974433257224,4.290786124307274,1.8699530604585841,5338.392699869057,29.35287614259291,1.0
7907.0,37277.702334415866,41439.760720647915,-148.8545724879627,299.6924625044751,197.23409346380345,578.2238465779535,4.433538718878065,3.65542347241452,NaN,18.12965747698481,2.0
7909.0,37249.92460922768,41377.42174861829,-166.37141289586293,307.81520455689224,194.31651012278164,244.09483223443706,4.054194144735186,1.777843826102073,4978.072186667805,25.752500887550784,1.0
7910.0,37218.59920482328,41415.19352723765,-148.91840010590522,299.3755411454037,196.9434213198456,361.6549638217936,4.396001978581502,2.0832591710094452,4727.024125333007,20.78310374006077,1.0
7911.0,37297.13002619732,41425.46281188142,-146.48871232289355,298.22340739503386,197.32752977244473,190.69402875097583,4.27685910168054,1.793168518425617,4974.19345909936,29.885887661226192,1.0
7916.0,37227.0865521452,41422.77693093595,-178.6651541910363,314.3428663699214,192.93716393572984,942.9999480581359,4.108660786467076,5.469636109013013,NaN,15.413408930114548,3.0
7917.0,39527.66640434862,43580.19933028177,94.87424489432803,211.51606616549213,257.90643338748697,84.43605027534103,3.467301011293024,1.1863880981448536,3313.0986437850374,42.73116793421024,1.0
7919.0,37243.73769776856,41446.670133915584,-179.7497509254116,314.4789814330687,192.46006424080696,353.2062178358449,4.332265588529568,1.8698478236892857,4764.327051386082,20.92498686070541,1.0
7920.0,37211.18776737191,41438.65522445106,-71.43236224546067,265.374624435027,211.4092768299783,245.83936363710498,4.082423592464246,1.6139695876585702,4191.457726920933,24.143947166353637,1.0
7921.0,37254.86660124494,41418.99287610493,-273.5380697947936,365.93422299364875,183.27544563368463,264.08147628204915,3.523334250988572,1.6142307209885605,4422.982645193466,25.721625639517384,1.0
7923.0,37200.53196198589,41480.39012537552,-202.83865731772505,326.3766141484061,189.57697032968787,331.2335391000176,4.4308022961892375,2.109714227828127,5951.612200298919,22.681201051490547,1.0
7924.0,37254.07824607302,41439.93130729877,-86.5808722780388,272.36554887368214,208.85900722813423,936.4164507229368,4.3090363646133225,6.4663259234575925,NaN,16.022718830985514,3.0
7927.0,37214.83179160762,41421.032036954086,-52.581803995766975,257.95924229534285,215.62047013408443,330.61844787904346,5.023377572729371,2.474865409665675,5850.7908097991885,22.199907542881316,1.0
7928.0,37235.56107096305,42019.61633708145,-291.5342676748763,376.7560328860779,182.2796479459256,338.6921639657252,3.698073953336118,1.5511744845455284,3647.8432987835786,22.31034619629749,1.0
7929.0,37182.78429965988,41973.50494164199,-285.37445861843537,373.60721984829655,183.06927701977634,787.8054535957644,3.8632621766281185,3.6390526614960317,NaN,16.202532914660434,2.0
7931.0,37288.08258611386,42015.88010860046,-303.4993675937434,384.1201402601655,181.75417619315235,469.0599895949445,4.287972934051969,2.320547739478463,5781.509213494015,20.134868981665974,1.0
7949.0,37033.51174737805,41450.21329664959,-82.8828557981144,270.0425834286948,208.9834593390821,108.715369207745,3.791278736262214,1.4449468650236814,4423.487509304167,39.296152437448335,1.0
7950.0,37168.536642875646,41360.75898645748,-87.79599737785861,272.0834040794133,207.973232435514,263.0071587806513,3.997391926811933,1.6156519230775968,3980.6941449839414,23.31138026593833,1.0
7951.0,37078.45049509902,41371.708373412795,-383.0822006943293,436.535857436719,181.03532624412273,372.0956600666743,3.9482196771626765,2.01262948189831,4842.3890735250325,24.256370019635398,1.0
7952.0,35522.20137274385,40509.03408630094,-251.05678133629885,352.8444180843196,184.8661702522319,161.2009407127834,4.0779692973665735,1.8203518124850462,6263.1490960603705,35.926957563979144,1.0
7952.0,37118.870480218335,41349.677939509704,-160.2517407200546,304.8232443429652,195.21117419555966,387.2906026623219,4.695557456093891,2.4428148549203166,5039.489572166806,20.848418517224175,1.0
7953.0,37075.04581478342,41368.57000689959,-67.9347643999396,263.97342962816015,212.17017442639764,155.45258031910026,4.283708409416848,2.629109441800359,8829.367245805715,38.825638981348916,1.0
7955.0,37060.39397460047,41430.67815619397,-227.29655021440496,339.5279919973584,186.96605273697887,214.09914269174865,3.98724412993782,1.6559786528220526,4791.209297993248,28.48835601295023,1.0
7957.0,37104.653796625,41443.46515399588,92.96896889597105,211.98540204267405,257.2543869255351,95.65558170125146,3.6170569270729303,1.4045882631554656,4314.088015151233,41.43470044682757,1.0
7958.0,37064.626752435775,41441.61214447657,62.23040322140164,220.03050236142045,247.11702011060783,249.31651628292903,4.099304855547185,1.8190067402503838,4521.7603835883065,24.10845089165538,1.0
7968.0,36964.499379124674,41612.44038367557,-616.3463317300514,624.5794086777495,206.7357884335022,269.49292733985874,4.283742603980838,1.683743380160063,3792.2638437407377,39.07292395230227,1.0
7981.0,35098.8836926786,40159.53623285094,-329.83566569620115,400.8048413554772,180.98193529844158,124.35435014137069,3.6871167175018504,1.4251442505152492,3646.9624606715665,42.19273505224852,1.0
7982.0,37019.817128515075,41481.65640153082,159.13122414684065,197.69188505850292,281.5172190776694,82.96033016474289,3.693658211789401,1.4173018048943071,4076.6986052531056,46.34719391809651,1.0
7982.0,34887.70967439993,39851.18313663154,-298.60278977634533,383.5079551710338,183.90999644734183,561.8228148137404,4.620508510136019,4.711489462881793,NaN,23.581988820450047,2.0
7983.0,35035.9775267702,40019.21927063365,-409.52384518104935,455.27299049777235,181.86474427783918,318.5298256849556,4.015789982228097,1.747612746080642,4569.212368850158,26.54987753147631,1.0
7983.0,37068.13374897661,41480.07649529272,15.220021153947934,234.05772616663737,233.00606014119106,248.0619237332616,3.7324067268137315,1.5276170718675732,4173.948824377879,23.37679117036109,1.0
7985.0,35205.1721300894,40176.26953908861,-388.7633079760252,440.5060047853588,181.16858838859665,305.42289307952046,4.542151437315854,2.1944485132080493,6021.654319722172,28.516064043793783,1.0
7986.0,35461.33977798519,40243.86624852196,-459.6956758803745,492.63824836355946,184.90322109926774,250.45030414115,4.2285925633530255,1.5793108547592747,4033.208829275568,31.948842737610047,1.0
7987.0,35536.78378021609,40115.501406094045,-393.0892386551459,444.7978613931133,182.29541067715635,452.80270097413677,3.891170481937596,3.0109079760893676,NaN,24.766703797333157,2.0
7989.0,35550.88654004151,40168.76144706765,-265.60476217883917,364.70753442801544,186.5784603336674,769.0464402544102,3.9159330587597285,4.569915891154016,NaN,17.907059619791948,3.0
7992.0,35536.41351445844,40120.77617645792,-137.03704429581956,293.794469965332,198.86453187173183,334.3153382464461,3.8893274802819473,1.872535787918378,4836.277013585043,21.186203979574326,1.0
7993.0,35571.92594597136,40158.11281797539,-163.52203535555333,306.42011530486764,194.73145456835323,696.9746160029445,4.064319161144532,3.6434454703003265,NaN,16.073194896476398,2.0
7994.0,37361.59502717062,42048.18986980741,-474.89740982452827,504.4282533516104,186.2025435087644,155.16399161777323,3.7068001959376025,1.5141315676669838,3910.8960870757332,44.14082550206347,1.0
7995.0,35487.68771096596,40197.90274827739,-149.9107883382236,299.8477230082513,196.78782908273845,332.0530295276352,4.192090541627736,1.8776658554198244,4477.58925789014,21.411024673740442,1.0
7995.0,35487.864266356766,40198.02431399648,-148.10828028767182,298.99077175924714,197.07099291148063,328.599678352794,4.285132693742884,1.926900047833139,4767.870838606647,21.64840822699712,1.0
7995.0,37299.97397164631,42047.156641396185,-475.7470199882154,505.0936153957022,186.28035789927844,351.91498719223966,4.090565447552869,2.0484235555478674,5287.477138820494,28.274618037109637,1.0
7995.0,37295.170538872655,42044.8714486652,-502.36869472680763,526.2868886360171,188.99726677259017,351.04422398574434,4.336814795292686,2.078777133969304,5321.653297481292,29.526671521761934,1.0
7996.0,35403.11698942654,40258.833675764305,66.61538024631584,219.870254356288,249.36114169739722,624.1517899293194,4.214730621448288,3.7067964071133153,NaN,16.453508446698105,2.0
7996.0,37259.10030396508,42042.970371792064,-517.1085638740709,539.5922572782172,191.77124991701922,536.7966005493157,4.259536824902877,3.277844281583029,NaN,27.07848930212907,2.0
7997.0,37331.80316803881,42033.05821422127,-603.1659305435692,612.586420460699,204.17825873358743,212.50876607528946,4.1601190360233495,1.5746086283807474,4493.170780737726,43.895828858235184,1.0
7999.0,37311.02656264619,42021.85264584953,-446.34221317103686,482.6870254269778,184.08943465297247,489.9429459433957,4.855159634273069,4.4871611573754375,NaN,30.609333405237297,2.0
8000.0,38439.7428928109,42736.342499170365,-140.8345575022465,295.5638147293241,198.23880979110177,130.36919587584362,4.747718348842155,2.4523766222080683,6824.340253414052,44.290864696238906,1.0
8009.0,35521.84530132318,40620.64524906739,-394.9505317376884,444.8644668214043,181.34170379285126,115.69299664740026,4.222461749360662,1.5304726868613037,4199.311923873647,48.93415519318418,1.0
8010.0,35553.763328645495,40606.50249129406,-287.73613878847135,374.44664462068533,182.46926425866982,132.236849470803,4.2403317431411836,1.6487581500790673,4814.701072833073,40.93357979326284,1.0
8012.0,37284.47548607084,41812.291555222844,-396.29971345569174,445.81966428595865,181.38332772360206,223.59874451860946,4.264618552167748,1.873735585409257,5018.955599542499,33.5986601303339,1.0
8013.0,37775.1238085842,42154.22298780748,-119.30106276450798,285.7109631217885,201.9324463858079,141.64229764768845,4.456625395939932,1.9868922442093109,6257.308697572977,37.34715678007689,1.0
8014.0,36957.56935444015,41445.743534051864,-406.3483786233491,452.98794950274345,181.73698433845036,225.80153208623852,4.339969209656399,1.6644723800545569,4435.1225911744705,32.50373827109016,1.0
8015.0,36997.783310426414,41784.85655992152,-1054.8931904297297,1117.0248179056503,367.31888133321183,715.1283263803125,3.8647439167606703,2.1439162129231977,5391.075214695064,49.51158566810285,1.0
8016.0,37063.28970759652,41653.11768388429,-65.98879615078374,263.19883763418915,212.59755360215965,300.03100689511245,5.548659068498566,2.9728666696400396,9499.83241676476,25.403349649979415,1.0
8020.0,37271.27997672337,41991.928609633644,-518.6930674338573,540.4891994542389,191.638412729677,461.514996542245,4.967391877065152,4.742801471976823,NaN,37.78858483848996,2.0
8021.0,36584.502993296774,41245.02351489275,-244.19502911438252,348.94407517523257,185.42841449273763,177.39795195289074,5.104797037842896,3.5142802251389504,12182.1918881073,46.42615381211065,1.0
8022.0,36559.103867643404,41117.34772799486,-213.606707744667,332.0972512498746,188.3712927788783,321.7395244020223,4.746906034791894,2.1070576896511337,5765.213841531682,23.25309865818845,1.0
8023.0,37115.633096788995,41624.590238634475,-446.6820678688631,482.71841665337297,183.93083728483,242.37777830583383,4.319193809583886,1.729067383195407,4345.830862919929,32.977224379995235,1.0
8024.0,37355.06351075319,41922.40004344055,-98.46923142760723,276.59529008327075,205.84202117131568,234.9528873544945,4.347294659556814,1.8526466421189347,5468.728137825574,25.850596194761827,1.0
8025.0,37727.333023808904,42057.26959686317,-391.26182420368986,442.2616874228203,181.2349837474502,310.2060279083412,4.418453378030646,1.7469325080681188,4280.419098168659,26.45283317872344,1.0
8035.0,37901.471816976344,42106.51084548863,-496.56454966895626,521.6092904714299,188.35887590861563,171.50409122549874,3.6297034483290296,1.4244104263371793,4097.328398180553,41.62043873795821,1.0
8036.0,37421.41963942344,41885.56498092152,-326.77743145870215,398.8338073913061,181.044482926294,151.95298941515426,4.500686817303835,1.73735288111522,4956.3898693232995,39.39837268067824,1.0
8037.0,37571.729789981495,42007.073253651644,-95.10017085264829,275.1594874310577,206.5053718905805,304.230110483864,4.802472695398765,1.9767637243492113,5170.412687057091,22.33196266091779,1.0
8037.0,39364.86854758564,43555.22804417795,-428.9206406638748,469.4372124531638,182.81197887911316,225.28330373064153,4.199458256945137,1.6372602049808096,4623.4790508072765,33.272077933130404,1.0
8038.0,39728.684794029046,43740.47172416423,-203.09323870578487,326.51060111853315,189.54744545717253,264.0866319425843,4.860589619137879,2.205789907289387,5951.388505648996,26.600867248982222,1.0
8039.0,36027.73654600334,44298.18005383845,68.62312749004894,218.28397301642767,249.16599130820296,90.02245330695389,3.593046420377894,1.2066822194188829,3197.7077278832694,41.13682368730583,1.0
8044.0,36019.66168041381,44274.915656936566,175.92473428984462,194.7207230052702,288.2065342445163,91.9680258968543,3.5896923813078607,1.2769231000854013,3189.3259312755704,42.05654191787247,1.0
8063.0,36889.697808000186,41344.90699326654,-9.947129888031341,242.42373421591097,226.14389266783272,159.30907713850846,3.7238915653469378,1.3290199507075489,3638.0680707904685,29.720940401190365,1.0
8066.0,37224.23457553472,42026.63979490783,-359.47741346163167,420.36599019495816,180.74504186193656,163.3578370751665,4.0599500255716485,1.5457547890469654,4011.930583206427,37.27455735820852,1.0
8066.0,37245.19694529973,42025.48452363759,-411.1271701014796,456.4303432733125,181.9321711386983,170.7528794936387,4.063549667832757,1.5728814761119871,4161.571531066669,38.59773564575586,1.0
8078.0,36119.9347203634,40800.96432687025,-382.1555475328892,435.8911683612005,181.01592288008203,177.16276636464474,4.034402785138437,1.9705423688557664,5665.102391782668,39.57911549993194,1.0
8079.0,35971.21706305565,40705.68463969713,-21.156297166246983,246.34211606746481,223.2429324527894,283.8892253418363,3.8929487066495905,1.915095882655365,5176.438613609092,22.678436319583454,1.0
8083.0,35779.431767718306,40575.569769779344,-56.481260780502446,259.46571084134706,214.72712027235409,225.79205266769077,4.4858258755932505,1.7121246701501573,4465.489141666819,25.645595445737584,1.0
8083.0,37274.558427658434,41991.83437853853,-419.38793352483344,462.4317582241497,182.3106223501348,172.0285813836072,4.3171892935864715,1.481318196472328,3296.958527090475,38.04299510260269,1.0
8084.0,35987.44711689086,40752.17842112151,-244.23789366236977,348.96830233668237,185.42479084354616,235.65070205285863,4.572761481030907,2.1202160288066256,5528.060633762592,29.16926557689282,1.0
8084.0,35983.762528146704,40750.78599972778,-217.45261091343724,334.16692713238814,187.96209098139602,224.7002444776535,4.837090034766917,2.038303751355138,5024.074826343965,29.1364626448041,1.0
8084.0,37335.69716371246,42005.4894136602,-414.3782559437464,458.9047510779467,182.1720354890593,591.5373366026736,4.497719040677297,5.324961540896314,NaN,27.812631780652957,3.0
8085.0,36037.07503593203,40816.190622265036,-123.90490291733974,287.78074336597683,201.11305093196222,127.83797805593892,4.568188218091858,1.7098743162122043,5027.547926819342,37.94192838399796,1.0
8086.0,35679.1476908842,40470.5097440478,-266.23731193008365,361.6310758043792,183.7497990825376,171.9938419520231,5.0106156037325436,2.358698879534702,7249.206388922132,38.73790540858603,1.0
8087.0,35235.255181901935,40116.20834948335,501.6731032486299,189.70001342608276,460.4794957901596,174.26980735944306,4.173668203553604,1.869612782567133,5441.854494198859,42.087260918625866,1.0
8087.0,35222.51188498069,40083.06229433693,308.0716015424257,180.62104591245563,348.344073545434,141.91625871490803,4.454359961844037,1.8645936628046502,5050.965516752001,38.616412750899016,1.0
8087.0,37319.95390540089,41962.324921453524,-525.4601431404458,545.2110446083169,191.79131915302213,219.27705654237118,3.8777845687533925,1.4734912816378902,3917.3917435705425,37.27227457568108,1.0
8088.0,35446.86433932245,40366.26771672566,-400.1340436645855,448.5436754752897,181.50919504578798,236.77574471768017,4.213892352483295,1.7393499863126551,4971.76135605352,31.708394180906975,1.0
8089.0,35717.88530788317,40685.29508202998,-375.27865994188994,431.132098334511,180.89237512186517,293.51447167592886,4.2427985566421045,1.5523080518626822,3680.1397911270133,26.190327958172492,1.0
8092.0,37389.18503761703,41987.6493927107,-422.56983248430606,464.7605636180521,182.47026880628727,180.44557744957547,4.098120511405205,1.3808288913308246,3306.9339352385973,36.268845107127056,1.0
8093.0,36836.49323730112,41211.89224689044,-24.712202769982042,248.33684983424595,222.930144032367,772.8139241299044,4.329550662688274,7.051741885352763,NaN,19.124921019958872,3.0
8096.0,36894.30905633202,41176.16598393932,-173.59504771858744,311.39234866242754,193.29718078817126,309.6401200722459,4.363874217181313,2.53801793184309,7035.60479797444,24.614326623034547,1.0
8097.0,36908.83431939585,41137.91675663722,-123.40435872766193,287.5547418381394,201.20135558921947,297.06169947677984,4.331134062713802,3.39336521368417,10420.811338086853,27.805542426056064,1.0
8100.0,36033.21847560905,40758.995506883206,-12.49570947991831,244.1473328008251,226.1572593861196,1143.2900830055075,4.0926851401423106,6.1906796390106145,NaN,13.249649579189574,3.0
8103.0,35998.118767025866,40760.00764741842,85.25201997437097,215.77855513959162,256.1425911240786,1355.9144711453723,4.146156399053266,7.996695059617894,NaN,13.21534795763536,4.0
8104.0,37342.53630249311,41859.54309731446,-458.7104058948027,491.88162260581106,184.82508531307727,254.05736686298818,4.53507403881011,1.7569149924526073,4839.243338077865,32.63431551391432,1.0
8107.0,35972.59649333241,40729.411365638465,45.55516802163082,224.76764435678996,241.91891434240847,385.9515752078097,4.016068648697918,2.322628265357926,5553.037891682762,19.49670775944281,1.0
8108.0,35999.56914518087,40699.07723431543,76.12012272638188,216.28484885494586,251.60857830234755,258.2347947046646,4.020474313100075,1.5180524589663582,3708.947427411441,22.77867906554573,1.0
8109.0,37331.00947209779,41876.506377479534,-486.27335685713643,513.3936516848705,187.29007727076188,207.90414409121985,4.836007764976016,2.308905915035085,6742.2167083592,43.7811194062584,1.0
8110.0,36097.5540600898,40924.04527150791,117.06336358977012,206.30219552713572,265.7039822869943,111.02349056015208,4.1578892394540246,1.3911284037677576,4009.5546421432127,37.61475786365322,1.0
8111.0,36189.59101182546,40885.64489018978,134.09535956446902,202.61508794549292,271.9437967411967,218.72580481531233,4.110343883594526,1.6155648056753502,4552.170063547273,25.638455752051218,1.0
8113.0,36037.73380306505,40835.29491911722,179.38844228817877,194.1409958251394,289.61296041808623,104.71373212726591,3.7247896090094756,1.2479254787534149,3506.3835149720644,38.51073794637084,1.0
8113.0,38571.699797618945,42818.223976026326,-379.35527170917646,433.94788753004934,180.9612641784829,218.94167518379248,4.58045630279933,1.7328345372972027,4966.295868996783,32.565001842994405,1.0
8114.0,37361.49426258252,42003.9720537686,-365.57666020053443,424.49378321004247,180.77936360549313,224.74365282575255,4.135553758255534,1.4805157274589273,4003.6465614355716,30.222595075265897,1.0
8115.0,37426.13264721729,42011.18945125816,-401.9447885458744,454.2791804654171,185.1642018178458,571.4901190544105,4.434178033343798,4.007122802200986,NaN,24.44643112579226,2.0
8117.0,37299.77160181288,41772.02835649841,-141.7022594303344,295.97000476690727,198.09737970772454,364.08458342829067,5.156458384144434,2.6756401994159833,7293.582855976241,22.098319267005685,1.0
8117.0,37299.70035913204,41771.91452282545,-143.00494427092994,296.58115281448306,197.8861274352306,365.5768029620913,5.111552128368532,2.7290831406984477,7627.372578575162,22.197460150544114,1.0
8118.0,37433.756138824414,42043.070746109624,-406.6485823911192,453.2035668082364,181.74873365971044,265.5209655886758,4.55517241662669,1.8881586291782237,4827.628579287591,30.40557816115616,1.0
8119.0,37358.52026393666,41988.03775136124,-359.36900104213316,420.2929371359708,180.74468824408726,158.4769554726492,4.521435590764121,1.785325948144388,4823.551218509759,40.04446066560176,1.0
8120.0,37616.59481531393,42048.47738404334,-648.7781527832553,654.7869622102847,213.59255246810733,377.02292464612185,4.566501913732159,1.7517847733136758,4330.632720942309,33.33642870292547,1.0
8121.0,37943.816445560915,42276.175337787034,-121.78068333632334,286.82325974261744,201.48911428367757,422.9494787179946,5.845143313545938,3.690514939994476,11572.992953957119,22.30703937501437,1.0
8122.0,37686.697689395136,42135.675857263974,-743.9584998422874,749.1665537399543,238.34395943942886,523.4634887028154,4.149598747940016,1.971433446693167,5034.237079443245,32.79585943464128,1.0
8122.0,37576.719163092996,42138.97640659048,-730.5664121079595,735.3706867855624,234.4440114574888,496.9852037164847,4.158962354673068,2.009941761909639,5313.94335115733,33.4147816744282,1.0
8123.0,35983.92136973886,40771.44132556594,181.97694189450448,193.71514055368087,290.66998094901015,111.67806245316359,3.9071100668277823,1.531732823126114,4270.535377993823,39.278937285393,1.0
8123.0,37522.3615061714,42057.95315066687,-659.6431919469845,665.1286523576321,216.06890276335474,420.8534821093743,4.76856581871585,2.0854541038234546,5088.044103188087,33.53578325443548,1.0
8124.0,36053.09713955815,40769.80605667013,23.414417577236954,231.46266235198786,235.3445447548723,335.4786800000413,4.747341675662924,2.3210883204973713,6137.690952294919,21.309663649988238,1.0
8124.0,37557.41676056691,42051.34476409495,-393.4081151613017,443.77456533647404,181.2958178272285,409.5413796473511,6.1521603082296155,2.966454806756357,8438.39928543655,26.282049641612115,1.0
8125.0,37612.81974056171,42129.50119014691,-492.8839386596456,518.6595222907073,187.9673523046349,492.1032557495926,4.494296212280432,2.1661292797991676,5073.763546751804,23.652829990121408,1.0
8126.0,37418.562533086915,42033.55603076326,-465.30865724016326,496.9661297822408,185.36246510809076,285.7269485317786,4.677756599874096,1.8102175230741053,5020.787268237745,30.758518792933938,1.0
8127.0,37378.794891327176,42009.54310912834,-505.4720570020913,528.8009423626352,189.34913526069818,383.95893396893734,4.449437234083222,1.814092945812487,4537.857403831433,26.83764661522969,1.0
8127.0,39490.549399758325,43504.028458031826,125.63731643279698,204.41190255393613,268.8174884703942,98.1189190542827,4.074254071759288,1.3902560699616995,4018.6970564330836,40.81567642632051,1.0
8128.0,37389.87907027887,41951.24196680272,-340.700572016785,407.8786069220049,180.81736679357567,211.3641544367455,5.018715114576722,2.521358312933609,8434.04353288987,37.07638543624454,1.0
8129.0,37492.97640543693,42016.8755207809,-348.2492308617757,412.8588163896553,180.7559938478691,214.1746872931179,4.511411257207942,1.929661408574248,5243.401451270432,33.11824255216347,1.0
8131.0,37401.63664633391,41998.26783391581,-519.012369832916,539.8762955689566,190.97024996600518,209.86848754362344,4.630883824484706,1.7306957626769828,4502.772447305992,40.1926958884429,1.0
8132.0,37476.73976389323,42002.01778415191,-454.58486891910553,488.723409714194,184.50594836530672,204.3099809127496,4.620191918776871,1.6760643401905038,3893.4973713717754,36.945257700596,1.0
8138.0,39568.208728166326,43608.5840388281,-331.3133432111231,401.760365799099,180.95426756708173,189.1447972109369,3.837308384222729,1.4631553550644658,4097.487509380897,32.45686008707641,1.0
8138.0,39571.59361092537,43608.18636384902,-345.3259718978335,410.9238279983639,180.77460858798713,195.5636900496584,3.7085856120215515,1.4676217911943268,4077.2530136961063,32.23773497247772,1.0
8140.0,36602.55111899608,41409.88737513516,-206.14803325337084,328.12311558323154,189.19702031497545,106.73145569674031,4.045185762194192,1.728163136805689,5190.89342575608,45.32716447891346,1.0
8142.0,36009.78182008216,40780.42715892104,64.95215871622807,219.2821919377273,247.9855793791852,312.67384657256457,4.6516709705809065,2.969037127113246,9487.43792367061,24.18249270188362,1.0
8142.0,37302.77343158403,42006.25736617195,-368.99250842818697,426.82085499189304,180.8109702246125,196.90954212593732,5.257597045838889,2.7260032463680335,7943.97209560001,42.158196449884606,1.0
8143.0,36913.55489506678,41341.7582725568,-0.3536550100615095,239.16424716094184,228.70275363869885,138.97034349744064,4.817038145614981,2.229345837761683,7582.551344740465,38.29446946168934,1.0
8145.0,37000.08937886199,41322.09751040374,-234.41480067911195,343.46156144977266,186.29181593628547,133.62222329117913,3.8299255104089722,1.4842141137362916,4154.378678740974,37.550761456091436,1.0
8148.0,36945.37906896944,41272.039939181166,-53.6247343394926,258.36075058715903,215.3804037807906,139.80143856147788,3.9244022601390345,1.4677720448921008,3730.946799722605,33.269564095688544,1.0
8153.0,37406.80801700976,41845.387561929514,-573.564503434779,586.2488809417592,198.916949910521,234.3824342877443,4.2558771572941705,1.5879314297906595,4054.559970644368,39.26801324590213,1.0
8154.0,38123.07563691619,42337.37675742145,-189.9217130309636,319.6586065079434,191.139832813712,232.7120801299855,4.904412695808968,2.238164686820534,6370.555091608254,28.851042827421754,1.0
8155.0,38483.01074088966,42745.66832466656,-319.36097645750004,394.0905262319512,181.2257676395927,231.35257114357384,4.4471461794901215,1.8911156272517302,4888.070754577278,30.345870451612498,1.0
8156.0,38501.65704071502,43045.52140163232,-320.0565394638469,394.53317755038927,181.206984256813,139.24659554857408,4.063049188915467,1.5014145443685132,4722.55001328453,39.43448118057805,1.0
8160.0,37621.70492231772,42045.31454910176,-113.32026998608605,283.05198518549275,203.02103521843944,161.69178694437207,3.770638679271395,1.4337018938115729,4072.6040956561715,30.806281723247,1.0
8161.0,35941.93504903497,40690.453590315265,-239.03919362842325,346.0426207186758,185.87448794721934,296.1596656061234,4.565070520524128,2.500762541028761,7968.600892892068,26.384225878383514,1.0
8162.0,35975.949723117024,40724.62016343205,-172.98547498792698,311.08858724104846,193.38166148609898,573.9222027831412,4.624118032819121,3.641734564241309,10425.804573770843,18.41550512011756,1.0
8163.0,35879.327795807665,40761.1635768709,-150.2275714777976,300.2111778748836,196.91007955819794,753.035971053938,3.982498980109053,3.7405395457913855,NaN,15.30845784998353,2.0
8165.0,35844.29918230183,40680.78559061789,-58.55862417219305,260.2741082876995,214.2559358001133,200.97585430715907,3.852769005900383,1.8822621960191384,5166.811384550883,28.311097801073853,1.0
8165.0,35844.33521103228,40680.934743113474,-56.89780760217689,259.6274821378733,214.6323761291366,199.07718997604758,3.9103923657608926,1.884862999682598,5195.503059073197,28.483682508313496,1.0
8165.0,38162.72760458053,42543.35619259664,-461.23971782894387,493.8258174594673,185.02715783815728,205.18189861163967,5.109423047697692,2.2925103689623394,6081.031737642799,42.406500330432905,1.0
8166.0,37409.62322240471,41962.35617459022,-574.1156571912887,586.7317144940215,199.0088100195661,333.15966988340807,4.278704831140172,1.6862121571630555,4339.363386586588,31.756169398661015,1.0
8166.0,37309.16304803885,41971.93264071454,-499.6214008471638,524.0688669359365,188.69189517474229,265.0830315847372,4.90597046670645,2.1686650119917203,6464.577654506635,36.301760942363806,1.0
8166.0,38828.275910651384,42910.5590606698,181.9364503738429,193.72175349888562,290.6534068175455,156.4660772531763,4.970057803276001,2.194035435754122,6203.157887321229,35.65239164493624,1.0
8167.0,37365.01770656916,41995.55639895138,-592.7266219816906,603.3001744547329,202.3244195177695,404.2477288809961,4.431743732810345,3.691175261904061,NaN,40.958722742101344,2.0
8170.0,37423.770128411954,41981.827200573534,-532.2408448463032,550.863544711123,192.68896347133494,229.17175767256583,4.122216724467539,1.4563084279947016,3542.9963632235463,36.44204915332798,1.0
8171.0,37440.0561988114,41935.463562524,-578.8345412321397,590.8773783783429,199.80477674549928,254.2814157072769,4.481257553260624,1.9077088930944728,5115.667926703521,40.15538557853252,1.0
8171.0,39117.120589559454,43556.47011963037,-140.53369021859496,295.4231380211567,198.28798328096818,136.3423818714875,3.634231655412215,1.2628109683654103,3409.9741615607027,33.61810090013824,1.0
8172.0,37416.400243820906,42012.36378436864,-383.87258657434916,437.08638283359244,181.05239341351046,233.5926851458617,4.739950264046945,1.592724227088842,3548.3390431757243,30.630396731185755,1.0
8173.0,37284.63890702406,41964.79116718846,-492.6564340329001,518.4776114848894,187.9434903827834,193.15380793774438,4.128812069253373,1.610063621075788,4216.222919831679,39.8581939212219,1.0
8173.0,37302.86870943755,41964.578091156545,-524.0282836858185,544.0229684814426,191.60624727762234,196.01292616125693,4.255953511706771,1.636721322555896,4258.142800822203,41.559201257199156,1.0
8176.0,37383.02937526497,41956.63609940086,-559.7453199782915,574.236337568631,196.6893951023807,400.34832362175393,4.247174730960274,1.750418570543699,4337.541434875144,27.927223005344068,1.0
8177.0,37270.90347038269,41985.56869035316,-499.0777315752609,523.6554070320437,188.6520483325129,587.0235675218172,4.588366016305896,3.9464705614896465,NaN,26.82980962602909,2.0
8178.0,37350.3771664238,42000.7123553911,-328.60314688065966,400.0094211784047,181.00628557469238,164.71851171551825,4.341241980787738,1.4331190437513432,3324.838180435229,35.142555430993276,1.0
8180.0,37550.06189000862,41997.24103404236,90.74736618246027,212.53698311063755,256.49757690368386,124.03523647961741,4.374092523022942,1.7941037387138536,5489.433193487558,37.8563110960146,1.0
8181.0,37631.28127007824,41977.41870588043,101.37439751593543,209.94061348801432,260.15181302607334,105.08700757766509,3.9067385801632706,1.353929562174477,3664.26453351171,38.57753987651446,1.0
8182.0,36061.9665240433,40929.682955414806,74.88901157734436,216.6094957228279,251.20453204344503,167.11411423602397,3.566018664888271,1.2780722439888001,3674.795287621303,28.541902408422352,1.0
8189.0,35918.165921840824,40729.32851602924,204.23062360212953,190.31466749522463,299.9679853208589,125.63593272012955,3.8718528547596947,1.3705740237222754,4112.659929449181,35.51829416514641,1.0
8190.0,35813.67201560477,40606.14849889766,2.665592903762587,238.1563803340156,229.52258629234288,115.11071891916237,3.7764801347285992,1.361619527343233,3956.048957491853,36.4724602010043,1.0
8190.0,38667.24504337184,42914.14137615084,-410.6088454202065,456.05592780159304,181.91015901173571,141.97511324768126,4.511290928259989,1.850053745549643,5030.195632261036,46.80082653671452,1.0
8192.0,35186.31590413029,40395.727909033034,-385.9765205372872,438.554701632579,181.10014502276135,263.25589980288896,3.933621858029352,1.6649201472447552,4628.865514299622,28.800921720366453,1.0
8193.0,35151.89021049368,40425.38813333492,-462.43765945603553,494.7487391612586,185.12456553839814,337.09347693325867,4.247760640686247,1.7884956196218844,4453.685517771249,27.451852838630998,1.0
8195.0,39366.739074799254,43475.42850207555,-469.3551464817314,500.104599355822,185.70843562592358,284.2301362239846,4.029137308546215,1.4403675500020219,3661.3547268694592,29.197107488172694,1.0
8198.0,36240.73040327571,41143.357862294695,55.14867926947011,222.15734485878494,245.00243939313268,193.63517681043282,3.7702150823549405,2.70685610713692,NaN,32.74684835216369,2.0
8200.0,35160.86536546908,40411.13807423585,-532.78227785619,551.3167610827271,192.76215022376795,360.2883005270507,4.052596544281499,1.8372644793666955,4638.435591520269,29.139731157220034,1.0
8201.0,35094.9133432861,40428.48539625844,-459.5241413391596,492.5064547443684,184.889564546943,270.30646823849895,3.8265350587418707,1.6288585347501325,4522.727084673839,30.68476764093289,1.0
8203.0,36345.82998605936,41161.16643410072,-4.3311561679687935,240.5051140096914,227.63332577073567,156.90534530868015,3.8832860394830973,1.6315365895122949,4670.246103814082,31.494501044639026,1.0
8204.0,36408.980355851505,41129.50252755964,79.27925702462112,215.45831729365457,252.65067975752413,275.51816403875023,4.135362096226291,1.760526173546073,4396.856574918926,22.53857892270671,1.0
8206.0,37850.08151607124,42182.558864249586,-435.84954227821356,474.58294645219115,183.21985554124527,248.60983371968018,4.4603196238066225,1.761838692594329,4800.227484279054,32.18209492122971,1.0
8207.0,37545.41137922262,42196.269204982535,-1.1218033841976183,239.42203748414536,228.4952827530515,90.39664445786624,3.6194761901791495,1.2420969204847196,3525.113672419225,41.508957955302876,1.0
8208.0,37783.70413138775,42190.93338303515,-195.98285151864187,322.7913670841803,190.39064210935473,160.27828967627556,3.9279599706668704,1.4424647245951683,4199.899380070399,32.3265717817342,1.0
8210.0,38251.937889103676,42590.77222330767,-179.512073195749,314.3591210555543,192.4918554947366,196.51774761528287,4.485265803331316,1.7574751871564027,4783.262742155702,29.66390420349368,1.0
8211.0,37677.337162009026,41998.36806215554,-185.1909696050386,317.23754610650974,191.74403319647314,126.55926310246547,5.640508770547945,2.468926375471063,7767.130054129797,46.80604632311556,1.0
8212.0,37777.21397839685,42220.539281052996,-499.49814572483893,523.9695240060275,188.6783297436405,290.81429926055836,4.480003844744666,2.0079210023213223,5389.8187243976645,32.99606924410431,1.0
8213.0,37665.04990942374,42152.58363723316,-425.4892619421526,466.9056684096637,182.6235337031995,308.08546013540536,4.404883353917399,2.066219162874534,6130.330603573289,29.026258954738577,1.0
8214.0,37609.18061372508,42032.35453564919,-413.76782200164627,458.34176989317365,182.04749253165983,267.2187780972162,4.895490345840295,2.6029194387450834,6877.880109586432,34.66136283241708,1.0
8215.0,37709.1083260616,42009.21435367522,-104.00816089321933,278.97909669544447,204.7702356844352,236.4513210433798,4.170294544636732,1.7011166560434174,4632.21683923184,25.27224072799946,1.0
8221.0,37029.43852142356,41281.15207569347,-121.17568613920083,286.5513381700097,201.59684974870308,249.02343957425725,4.302434657157498,1.9029258008585945,5456.9565867666715,25.322483121529547,1.0
8223.0,37511.51514049644,41780.58374294257,-237.22429218626516,345.02724721380525,186.03633063604386,195.18409359444948,4.333845096315302,1.768329530982315,5110.862885554527,30.997731050371716,1.0
8224.0,37864.7944262642,42161.3403855771,-29.453180482243585,249.31876075002984,221.15734739418068,184.3337190426631,5.583642561767333,2.7218755730487056,9399.522769563553,34.368902738712386,1.0
8224.0,37864.1158286325,42160.94324283053,-26.280877167851536,248.1729791169705,221.94857370320688,182.1173400603613,5.663743559156753,2.7108129168413853,9127.569946219723,34.584051829092765,1.0
8225.0,38069.69463111463,42363.06517168026,-236.1988377800541,344.45491488423295,186.1288847509471,240.8647865341595,5.2134476061722905,2.0906674132081053,6035.382763744305,28.436702531671624,1.0
8227.0,38979.50530122979,43104.8317339633,-594.3315493502419,604.6396240687493,202.53814149216979,330.1631163497706,4.416909970366857,2.0071985682286346,5447.101133962272,35.00882981908775,1.0
8228.0,37982.023370992494,42219.67300139402,-125.09010015145287,288.3168157504181,200.90472294229625,141.5101301785915,4.828333739419349,2.8082716213412273,9268.887905845142,44.402670432645955,1.0
8228.0,38572.19797919725,42966.99102207154,-169.29281238231724,309.25595550005795,193.8994813000553,142.24074787454722,5.49223213291277,2.8354589738091494,8613.144895871443,45.698783684001114,1.0
8234.0,38728.93807981676,43129.06011281975,-225.4997331782318,338.5426177095992,187.14235020438954,98.4237802854428,4.255666115798979,1.5171486218158667,4464.823465322305,46.17250845424835,1.0
8237.0,37578.240870821704,41946.4665627696,-70.52023622907463,265.0080999191789,211.60680996878884,142.18303677492216,3.6325610423274632,1.3526385745292082,3493.642245440886,32.41243970105883,1.0
8238.0,37590.419090609525,42200.9868568953,-126.79501455546566,289.0902828694736,200.60691927243474,182.47393862117792,4.229957317342793,1.4968101803167266,4036.2865844613652,29.043043740877355,1.0
8239.0,38280.54966331273,42581.95526609016,-538.4449556810689,556.0733736657543,193.54097447726642,269.29588056367146,4.415551043318058,1.9575618272975013,5638.896304734656,36.52934428261556,1.0
8239.0,38231.57984302834,42580.6077530297,-680.354942657393,685.1511256109898,221.03871754817766,324.9103271370492,4.374116704867422,1.82161514103662,4726.521496694007,39.48887539985756,1.0
8240.0,38438.09323232413,42846.21521957384,-306.2153438731716,385.8105307781366,181.65009232638397,160.77693854567016,4.441781051510454,1.5828112220886505,4343.510739217576,36.0013851381027,1.0
8241.0,38782.79841953555,43059.85738811669,-552.2346547590604,567.7831090817272,195.53977357204317,190.05695890659337,4.215650609580791,1.6618607755750872,4276.65444369325,44.62267203801944,1.0
8242.0,39232.68624120409,43429.56296064157,-143.6855129645352,296.9010746075172,197.7762760849766,203.4263585746044,4.577483139242746,2.2177938225244733,6020.762766336245,30.68444561702636,1.0
8242.0,39233.78127735317,43429.917307655836,-144.35152801453754,297.2145778898279,197.6691155970639,201.69459166416917,4.6386618124125905,2.199765535184249,5746.045239528195,30.78195862069009,1.0
8242.0,37576.25505018903,42051.070912268704,17.762690619015988,233.33850174648632,233.80118456620295,228.11174654557234,3.844708225115016,2.7970751239555174,NaN,29.556968855195652,2.0
8246.0,37481.396808948615,42008.5146047906,-370.34960164162476,427.7484388412077,180.82599550218708,119.7701099787044,4.425947714433642,1.3222052002783313,3181.223522741831,44.02993694797737,1.0
8250.0,37540.613799185536,42027.78293490179,55.83233794340037,221.81707717054937,245.09752073317384,145.70457638139254,4.540708945286908,1.9671006467084116,6019.181650073997,35.01469368797627,1.0
8251.0,37548.210320098486,41955.18135197534,-19.977287557261924,245.92439452864096,223.54355689440612,151.99145164468914,4.848792679839891,2.3595747680660044,7105.367358058343,36.952251569913635,1.0
8252.0,37463.91539895639,42008.195092670256,-28.02563918432801,248.80198289102472,221.51245134401256,145.27936592795072,4.424203458623796,1.7009463665620406,4866.214007379644,33.66536036424019,1.0
8253.0,37425.76809778855,41977.55734191605,-409.0832554292286,455.59891808775876,182.36663953263908,573.9302657675306,4.5757218807974045,4.171175015109311,NaN,24.641058129906078,2.0
8254.0,37321.839250700665,41932.72763376578,-484.78004752210813,512.2098142969955,187.14169431899,234.3518640014227,4.5006029488304815,1.7003971774231532,4181.373207760826,35.27341349923016,1.0
8260.0,35107.473259533326,40389.00315044999,-404.65929514756755,451.7763723799568,181.67215764659244,118.8461265594387,3.65202738963415,1.3930422787439307,4000.2742512759933,46.87414584007487,1.0
8266.0,37379.93316229686,41990.028011807495,-495.4282073486172,521.1779692311105,188.62541349788398,443.2696035282224,4.08761304291839,3.353988180954402,NaN,30.407486345501546,2.0
8267.0,37348.45868320886,41987.69708009842,-537.4633289525772,555.2466470023796,193.4042141423729,254.31213321655625,4.001998827644594,1.7430816972255145,4317.586104288734,36.3284155962237,1.0
8269.0,37385.61571241262,41914.66538660442,-424.9412588767539,466.50240027707326,182.59426931617008,222.0179684772824,3.9661753017516927,1.6443666553315917,4236.5237007582655,33.472450079358296,1.0
8270.0,36942.54716190995,41391.75655527016,-212.51731438147843,331.51352837517186,188.48925228711636,188.14423193173366,4.96181448073894,2.8022226333778275,9116.888516451843,37.70495610847298,1.0
8271.0,35155.92941614478,40394.22742591377,-456.00614215428567,489.80962153510745,184.61442847189068,206.29269242223407,4.017962626227571,1.7227279733831968,4178.03772518456,37.1295638022152,1.0
8271.0,37401.89961895521,41930.47741836376,-78.84578114144591,268.3827002018448,209.82732007877158,99.62281145208851,4.218399089430394,1.5569743910787348,5088.089186124415,42.670567954256796,1.0
8271.0,38783.6401615604,43339.33246325183,-107.44675294717472,280.4735298366045,204.11662950315647,270.5345813945396,3.805354760513791,1.8800450134844038,5062.6391955517265,23.838667752477964,1.0
8272.0,35053.76273294287,40406.13011743407,-424.913663002143,466.4821003311915,182.5928016975864,323.1310563963284,4.08648676758852,1.8197786265890814,4965.687192214581,27.064854295126693,1.0
8272.0,38871.464012293356,43335.924774133375,-81.33195173152434,269.40309582547076,209.30617211190923,289.59617024141926,4.036444848246739,1.5383011172779815,3666.8073874818947,21.79330311452691,1.0
8272.0,35081.88554944834,40404.35558904207,-437.4649528992731,475.7948427889103,183.3248199757744,608.8206060808918,4.207138834660078,3.5630803671402047,NaN,22.682953776080005,2.0
8273.0,35118.951740693505,40405.09751634025,-454.40482119974445,488.5859437112298,184.49231590439797,337.41559783021347,4.184930878435247,1.9423431542173073,4540.927296403037,27.801872774557996,1.0
8273.0,38878.51393229331,43284.3817606513,80.50311676962795,215.14064529371416,253.0564375440449,132.89537058339224,3.988968721336606,1.4368593996230052,3773.144070988284,33.69682322874697,1.0
8274.0,38920.823027450686,43327.33987268094,9.732601633292894,235.83092356348678,231.46869034373117,271.509428063832,4.161312639183886,1.7314765346653231,4634.782868758825,22.69884579481213,1.0
8275.0,38930.43455357078,43265.253695155516,-13.569055770417995,243.6768914920227,225.1960578834329,160.73276068611733,3.6395463030897988,1.5379047352150021,4967.951870252505,30.576409447138015,1.0
8276.0,38964.834688690855,43238.49280024542,3.915812141146122,237.74155660150763,229.8640990136348,210.1929627052976,4.0454676864634695,1.5831507650348273,4088.278351688705,26.022881897415107,1.0
8280.0,36068.55160872946,40940.58463342765,90.3969322980857,212.62441406083872,256.3785417304357,262.92506153342566,3.9475616102425444,1.6988325598770295,3555.341002095586,23.033828762361434,1.0
8281.0,36056.789201614294,40992.11222241533,-31.372732430530657,250.01667857528778,220.68230295676221,261.7278577359721,4.068048615425698,2.018055206047884,5101.680806132874,24.217384699754707,1.0
8282.0,36075.5256705642,41066.93242935916,-78.93684676135301,268.419973299846,209.80814790611979,187.72307619120267,3.8616798255465197,1.513690707823919,3773.830214463665,28.110813523820067,1.0
8283.0,35985.04589352451,41085.868268309576,-123.71563460794474,287.69525874266685,201.1464186877206,123.66276165330034,3.709431889110989,1.3898945004791798,3430.0596428230338,36.32105040397186,1.0
8292.0,37389.183352881126,42006.834130863834,-102.66919958204919,278.4001921204031,205.0271824660719,112.85206662788678,3.6712117651436595,1.2255886324077339,3208.5072675046704,36.9249717284229,1.0
8300.0,37411.35647246156,42072.29715859764,-214.29694340202747,332.4676751121317,188.29702213265216,206.60557090700573,4.362834225421574,1.8817625123080082,5498.874329202744,29.95395639520241,1.0
8300.0,37409.41720327014,42072.72589491039,-204.10436729327904,327.043364644936,189.4306682950339,204.39298160092613,4.404423849425223,1.8712234127587914,5307.016140218041,29.91013734727675,1.0
8303.0,35151.119138168535,40466.26854094473,-572.6911740571745,585.4843947548617,198.77186723481122,327.82631482822774,4.0348294752095075,1.769380477255988,4477.936027195996,32.50448820332141,1.0
8304.0,35186.513869766524,40406.139126806986,-376.2226308461394,432.24070258093195,181.27731976235978,409.67125609070854,3.9580649256691105,2.7366293456244017,NaN,24.979042016621502,2.0
8305.0,38680.20038668446,42890.829046307954,-522.4317189670087,542.7005089908669,191.40172918594263,231.92257453103875,4.099283142291782,1.7167463566148187,4790.426021676928,37.60867868253521,1.0
8306.0,35172.86552514758,40443.89273679187,-510.7964699623977,533.1354413712363,189.9699319384856,218.9722986903567,3.9426786767411426,1.7275264162434127,4989.190617010595,38.53453014528762,1.0
8306.0,37703.536067617446,42322.596941771495,-635.9518528606359,642.7217590653265,210.78498374065137,222.37908687546403,4.308005630939271,1.6429409891600715,4647.943380211533,45.72126118689118,1.0
8306.0,35192.378690341124,40437.3964511559,-434.20678842110067,473.6522025383899,183.35690707503775,420.72307992039043,4.145994655738049,3.580111452470954,NaN,29.80033993967983,2.0
8308.0,35137.45142205599,40385.802092939135,-479.16567219602365,507.7777720773614,186.59902676867668,255.58465577519328,4.112737822890743,1.4895809475634276,3156.266493105437,31.828935774212084,1.0
8308.0,38943.679621823445,43052.13224616129,-447.17775935262637,483.09333974456666,183.96551119728656,221.4756441780905,4.08091345388058,1.6479760377266068,4732.872188387975,34.48792028900996,1.0
8309.0,39279.33721694733,43332.463760763596,-603.646033470751,613.0203962751588,204.2690946434758,301.0446984420442,4.171711888760661,2.161517947747704,7154.158661610628,39.176558979159495,1.0
8309.0,39295.68135603027,43336.641341646166,-443.00869810707115,479.9472336372477,183.67971848436923,250.80936726999565,4.176679402833828,2.0104562863070186,6534.557114435797,33.791883036138636,1.0
8310.0,39077.62992859794,43263.156172854564,-384.8740667049215,437.78478727846743,181.07470263970768,281.7131534301852,4.520212231594205,1.742439308200876,4777.970945900656,27.893718059483078,1.0
8311.0,38326.9163235105,42580.988193095196,109.34267036818126,208.06368919443292,262.94826324037757,204.30815866179634,4.582083324063898,1.9508237711900411,5914.985556431374,27.965079437172715,1.0
8312.0,38563.44101885163,42840.10706760536,-287.8116815668873,374.4924445399107,182.46538573361386,166.71182817228893,4.758218030179867,1.9790658452059888,6300.903234671839,37.415800723178045,1.0
8313.0,39347.48584498429,43519.25986471364,-380.8005205462554,434.94990977280634,180.98872782220738,284.9461333141378,4.554823139672715,1.8102134724796948,4262.398162487317,27.857621878337653,1.0
8314.0,38781.298383114954,43391.41122476636,-400.14544853037984,448.55179847861604,181.50958613954282,273.6608456283888,3.992464762894881,1.8248368728902566,4368.267804415036,29.278937460330766,1.0
8318.0,39371.52475338609,43631.65389895905,-417.20143574182373,460.8370132012798,182.20539123905502,194.953104336814,4.11112622689833,1.597552774522265,4310.499173837286,35.788709153595484,1.0
8319.0,39608.81220020326,43509.262366040275,-409.31743244816454,455.1241685409451,181.85620605728192,274.12907085064643,4.343788555467652,1.945023930217266,4650.305165729715,30.15230705941943,1.0
8320.0,39661.39120077275,43632.115172460915,-244.9287273564843,349.359002446227,185.36658283230662,212.32680724812252,4.178936589605203,1.9110457815106376,6050.078283405263,30.223787773156307,1.0
8321.0,39427.31071759927,43437.57215397734,-303.00585281988253,383.8137295150968,181.7736926269196,306.95701931201,4.414894977079254,1.8531104908015625,4935.828483579469,24.798923245216375,1.0
8322.0,34879.633842277595,40135.47445460505,-310.1974127177843,388.30149790124443,181.50765161046218,145.84191492262724,3.662708024613959,1.4575704383883659,3782.7130290110154,37.54572960387558,1.0
8322.0,39100.50449983637,43391.90519055341,-684.7075077242338,689.4102777840911,222.12469214337185,264.3648702401219,4.226564961286313,1.4398491172385477,3453.9053321423194,42.01931661766715,1.0
8323.0,38813.84500643687,43073.112268574696,-781.0570856874239,788.2668758220798,249.86130080786896,332.2565518404838,4.057729015609587,1.6812539989667306,4654.670380627226,45.23959296618985,1.0
8323.0,38739.63385609324,43088.83210298527,-759.3479518179564,765.2288515636816,242.99434469767064,310.60226154322896,4.3044897883251405,1.6389858936949495,4190.448250067526,45.08508205524926,1.0
8324.0,37160.50056158627,41321.34226342379,-278.27323500550085,368.75205366416503,182.98950371244408,225.8195666738357,4.409823377432444,2.0976520306319095,6080.826048126444,30.758767604783042,1.0
8325.0,37139.64480769604,41396.258520680916,-297.08448811971766,380.155215150073,182.02233180985957,214.38606864371047,4.587110708078066,2.021682492054673,5437.018678993015,31.982421738997537,1.0
8327.0,37110.0406862979,41311.8024640201,-298.22257631762625,380.85581600928145,181.97246892427788,137.29760275806535,3.646482779889703,1.3928570658567456,3833.5720755825487,38.10763413282761,1.0
8328.0,36507.90372635675,40869.06160586977,-221.46808252153247,336.3427404812746,187.54687584761928,153.99842307972096,4.177628582651187,1.793897734403884,5000.937023052025,36.0435050436704,1.0
8329.0,36181.84785771719,40918.84907865928,-275.5729155826856,367.14254049972703,183.15047384952825,218.19280090384095,3.7597849809929644,1.8302459519016046,4567.939930726531,30.01617325063209,1.0
8330.0,36521.93883046317,40821.09408178559,-279.3638445353521,369.40405593929586,182.9260662446763,172.53535488561332,3.5189994452827786,1.3383973099349218,3347.8138190268305,32.14949951740224,1.0
8339.0,35114.93514948405,39749.74802305042,-300.1161876819447,382.66276723972373,182.4077376260707,1245.7035055790814,3.8046296672759445,6.91681891453503,NaN,15.592607897759992,4.0
8343.0,38724.54333756562,42987.20118192632,-250.41184602533497,352.47593482258327,184.91748772674856,216.00079046916093,4.878768859553688,2.495303334090727,7796.383516067455,33.19774605759484,1.0
8343.0,35038.26839138287,39757.58794377373,-288.1356208602374,374.69980300215207,182.45761237653312,580.0746028462772,3.75353606844928,3.2650199238143633,NaN,19.162279458909577,2.0
8344.0,38357.999786804954,42681.96077557247,-4.392551058720916,240.52592793587473,227.6169130587057,140.9073113159107,4.846203361748273,2.4840564542157417,8669.859769653216,39.9375325875649,1.0
8344.0,38357.27595236309,42680.83270288915,-1.309875293713468,239.48523914527965,228.44455452420343,139.00712835224203,4.915510983253078,2.48614323084736,8392.201499802877,40.3431097522961,1.0
8345.0,35106.5519853906,39804.69829570814,-338.20442457416755,406.243601874136,180.84721542917796,353.55708964741893,3.880373177489345,1.6338929510614624,3953.571363790352,22.83774431100193,1.0
8346.0,35030.20865685578,39794.99229126423,-311.3564395950051,389.029332039745,181.4684631526298,321.75027321799394,3.7142320443009216,1.5351459383089998,3903.92670138559,23.322043900412858,1.0
8346.0,36791.68391094667,41358.56955781974,-276.1130139837157,367.46391358546987,183.11783318168818,208.3989110657863,4.557110205096409,2.55493210612638,8988.043134826221,35.24767737686119,1.0
8347.0,35074.032341511964,39825.46281401941,-293.1705698097238,377.7656825074222,182.2098568556042,694.6043697083098,3.677185062410458,3.0536357509243803,NaN,16.745275998773376,2.0
8349.0,35051.52075277702,39797.91914586642,-281.66919847097483,370.7859637727905,182.79495395683062,281.11959080650644,3.70792306217542,1.698147728381634,4005.2866857057065,25.198075102991133,1.0
8350.0,34958.53327585754,40009.31456878265,-229.22629308982218,340.58965354114457,186.77945328999536,410.0116201710211,4.450680924858247,2.7436850713780307,6948.393725782638,21.725749303423438,1.0
8351.0,35063.46539460581,39859.62569668254,-230.6915525830839,341.3981218348069,186.63966333039752,325.9746290005392,4.245154316467017,1.823290469596659,4358.760880019059,22.52978008328494,1.0
8352.0,35103.34873393766,39744.7132120891,-263.1776982321683,359.84265188124573,183.9606707048023,319.4383026607051,3.6521972035328707,1.92320327318165,5088.258063384957,23.634874142116303,1.0
8353.0,35105.4770578976,39810.83032462049,-256.33388071994204,356.9580784154307,185.33410623069528,586.6041259263948,3.8681090899638657,3.6100267524745497,NaN,19.29200790404932,2.0
8362.0,37035.72828064635,41872.249737027676,-330.50288867376344,401.23603902671755,180.9692362978615,310.65645052049285,3.7595774048422967,1.579451980606969,4128.961443177081,24.340409421676082,1.0
8369.0,34963.938589118174,40167.49158406458,-331.7480324720375,402.04184494049446,180.9464452953379,114.31428052945876,3.512306872507206,1.2986606596572652,3186.7018116598742,43.37218430921646,1.0
8372.0,35113.556211316994,39773.84345873278,-309.75381642315017,388.0232679260762,181.52292116942658,265.5255493399299,3.850449664350522,2.1699133059463334,4239.088916502986,28.713818112885846,1.0
8373.0,35079.43848472797,39757.046209354376,-208.7857469918099,329.5225480757184,188.90016137145147,240.2924927594456,4.092402466788778,1.4823399283852974,3582.4625074816,25.592353626577108,1.0
8373.0,37460.781543934856,42169.844561561265,-190.93976083633834,320.18237402698117,191.01204004628886,98.96882984354528,3.6374705989121243,1.239458738898242,3512.2153087525676,42.009196025722616,1.0
8374.0,35022.121381022414,39774.04777328109,-293.5690690733677,377.9988558174593,182.18258593395285,310.7291600462162,3.9511665986307367,1.8644901146032866,4716.053783358647,24.450878099006147,1.0
8375.0,35057.6080058835,39817.42535664799,-285.4282417682238,373.05001122183023,182.5898525964086,286.13541536454744,3.6464816127586355,1.8633320224149406,4631.687082173653,25.56817384438169,1.0
8376.0,35077.033308182195,39792.88719610842,-369.3068039400974,427.0355239036259,180.81432511058097,262.54386633244735,3.674444614271638,1.4832262538799326,3540.114288781059,27.586806788760384,1.0
8377.0,35083.09161922458,39808.777106063666,-276.7339559371538,369.80368351574396,184.67260937695193,1148.9816655759178,3.729700722256813,6.4541087680102205,NaN,15.731545294472248,4.0
8378.0,35015.83505578125,39773.98258195457,-296.1521391789923,379.5821764304013,182.06391623942915,261.14688925012723,3.9884861825481397,1.8413121623717907,4585.060328876329,27.252047184647143,1.0
8381.0,35063.248153490684,39819.08700114478,-257.4678273021801,356.7526673550917,184.55428686506337,1013.5820595927673,3.6324289375255105,6.755371511060683,NaN,17.25760705316328,4.0
8386.0,35006.425934707375,39960.05627162191,-218.99864158587414,335.0028552965932,187.800770708816,350.38074484722176,4.257433667160554,1.9712070593900293,4849.607395913199,21.765762796922754,1.0
8387.0,34964.94795494158,40025.34978451139,-224.31887760369588,337.89669453573964,187.259551512945,558.1958098100952,4.553788084394813,2.7925102489548803,7000.965953060717,17.81007860034182,1.0
8387.0,34966.11085469329,40025.52878250127,-229.38108284808092,340.67496434758783,186.76460860805423,558.9929444956364,4.557665259747086,2.807042194237718,7147.506663051042,17.881424501344934,1.0
8388.0,34850.38729016633,40134.64940969567,-373.68322626781594,430.0343703799708,180.86886277716422,247.3135489808239,3.3496756080073395,1.4268445071165667,3420.1839804062733,28.49434096284349,1.0
8391.0,36679.15313510261,41587.44019218244,-444.0806778982148,480.75461825240785,183.75193852727125,185.77498496046007,3.936828944564426,1.7319810530443962,5078.768994586052,39.33392364753196,1.0
8392.0,36486.3644339344,40789.58094504829,-240.93531405895192,347.46483637987944,185.99747236349089,301.30413830253104,3.529007902968546,2.6433121753814506,NaN,26.708916283406403,2.0
8397.0,35942.83448196666,40621.05518855603,-671.0814253611252,676.1362128276064,218.7731045971188,205.78493767609294,4.106900099391527,1.4285485354032776,3554.459000398027,48.536086702957505,1.0
8398.0,35109.903093600646,39861.40957666002,-243.79317009661673,348.71702760909744,185.4624546316891,223.33755459420587,3.9884848726253344,2.2625219261583966,6817.404373269905,30.96804006737742,1.0
8399.0,35118.00409910716,39779.452464097056,-223.16896721369673,337.26896196723305,187.37470275416408,317.9978144129619,4.100167222588061,2.0498621509720665,5780.3311933533905,23.40420192206239,1.0
8400.0,35073.49734251821,39798.15125341341,-233.03574042562508,342.6957562369281,186.41942388127197,272.50158224954015,3.888219066955363,1.8263227588750763,4250.594867496999,25.20690226679821,1.0
8401.0,35035.72013612493,39866.05640487547,-173.3962435387137,311.2932423402448,193.32470194628752,357.6949352632355,4.435610925245992,2.2407235884977084,5512.180485365844,21.574508036283596,1.0
8402.0,34976.39333562226,39995.77498331437,-190.2369359025877,319.8206786177894,191.1001793252109,500.4701012435129,4.264404935587255,2.9331666356337776,6695.627742207669,18.957618322735787,1.0
8402.0,34976.85482367189,39995.94523381488,-194.2103099292573,321.87162682995506,190.60684155745247,500.3428250984405,4.283795710130957,2.943341480771569,6959.064700659713,19.027842925365935,1.0
8403.0,34899.15365428473,40100.16723519139,-321.15570680568953,395.5942585413612,181.46951351944315,591.0704341583521,3.826030925096954,3.158341435105548,NaN,19.32625490814209,2.0
8407.0,38724.42769064154,42873.40791714509,245.77580299804512,185.216099721859,318.3363237946555,142.12846277939923,4.571184643745775,1.5976601790196039,4002.8112679704127,34.99127552721812,1.0
8409.0,38671.33857758851,42709.553645666354,55.623494512448815,221.87604451449502,245.0321267098974,236.86945361259455,3.929741454418682,1.6471380564902385,4665.772043219939,24.33466826458035,1.0
8410.0,38699.7923109454,42665.525576143475,-19.27390539408262,245.675811454798,223.72341014467798,96.58342360034419,3.7198056575786698,1.313175919747427,3850.4327919819348,40.53860063181978,1.0
8411.0,34858.78324064949,40116.30095153926,-318.7755311287044,393.7183066257257,181.2418631135464,382.5002493813724,4.425750518203044,2.5633030758772986,6645.234996502602,24.000729334714162,1.0
8411.0,36038.56803316586,40483.256450489884,-314.04292823729565,390.7212374751287,181.38156549339433,199.53609005412375,5.083335354678095,3.2389135404432876,8720.91620287908,43.12752772620595,1.0
8412.0,34881.05238477931,40059.99306663576,-192.43881255858074,320.95538863436957,190.8253059681227,112.39515561708826,3.741128607813636,1.2799691511690845,3462.375836355202,39.1107697261512,1.0
8415.0,35061.17200370815,39801.00496596483,-253.03732704676875,353.9784530284984,184.7105597312478,226.421405355359,3.811740687621854,1.6312406431969089,4044.9883678608335,27.910860154364954,1.0
8415.0,38806.13634272727,42684.92993994307,-68.12415820192868,264.0490084543698,212.12873331753792,198.93556164382545,4.041784192498343,1.5669987955026643,4001.8049520586874,27.25219662174633,1.0
8416.0,35085.21818494809,39833.128789897346,-159.64216227436307,304.5271503311308,195.30185444507188,264.37662954611244,4.125663276244507,1.7601156285365653,4521.227631527467,24.370008368426987,1.0
8416.0,38760.934631543096,42676.42906660762,-128.9078885258988,290.052632072234,200.24092954411864,273.32677979785916,4.162256142310577,1.73955783810875,5121.040392527132,23.480739025822015,1.0
8417.0,35077.564247026094,39864.462428393555,-154.4558443984654,302.022143751562,196.0848197568401,257.20055719980934,3.9232646309750923,1.744088986069077,4263.640511833246,24.66981690541281,1.0
8417.0,38836.63304946905,42714.96055019191,-194.80408613789115,322.1793967094601,190.53415111353868,207.7354732579204,3.773334395039859,1.467910338378281,3787.867066300033,27.64876923286235,1.0
8418.0,35045.40756425286,39801.090032587665,-159.14902540443967,304.287872549167,195.37542017889297,290.837561970872,3.6749155441841297,1.6996621891658878,4703.192361404934,22.8242966028849,1.0
8418.0,38803.23050235487,42683.00247419927,-288.98149958164515,375.26246307635995,182.4544474841145,434.72591989983744,3.8419010974817613,3.132544241958901,NaN,23.01769421239835,2.0
8419.0,35074.000059452825,39798.46313845042,-297.7155548721964,380.54354552040684,181.99456105562902,268.18457732281155,4.149033083446994,1.4456174628688367,3220.147999015248,25.403942954431418,1.0
8420.0,35137.193431780914,39805.57667178977,-264.43771235464703,360.5780938162827,183.8729652388454,265.5059502115236,3.7859868593857042,1.480122248029084,3591.468900273552,25.020436275727505,1.0
8420.0,38883.18124968183,42692.70688179927,-367.6677269375307,425.95735619183233,180.83024500049186,497.91446103025913,3.8297082230266524,3.1139037328340295,NaN,22.665683355676162,2.0
8421.0,35178.001088690646,39799.992527386086,-242.91804183563093,348.223113113703,185.53700966552398,360.6115590568319,4.201247655235512,2.9442347048730353,9366.007131719512,24.58137390682349,1.0
8422.0,35904.96958970926,40273.72481275919,-384.7899979737824,437.72612371372423,181.07280051457187,241.51220241636653,4.298163756547343,2.0872255931962416,6060.8764931491,32.70700800120713,1.0
8422.0,35891.76884823098,40275.590639842114,-411.2007681836435,456.48352790540525,181.9353132900907,248.16418448567168,4.307711119011631,2.043416245777299,5772.537370172451,32.87983479244103,1.0
8423.0,38901.497956443454,42770.01875385369,-207.3510606106283,328.76056496578366,189.060969084507,134.78169442613523,3.7623831130401286,1.1984796559858926,2891.6327025884093,34.683515021988924,1.0
8423.0,35911.07963155547,40333.87805213402,-366.4643618265295,425.2878522814443,180.9405740221248,481.18128756481747,3.713149126494072,2.8676370063298147,NaN,22.48722822853524,2.0
8424.0,38876.90031337813,42679.72572178369,-164.89647594023563,307.09086509020665,194.52952773938839,115.64983316876851,3.7677748511689035,1.3508691365793737,3868.301347265852,38.37514966624061,1.0
8425.0,35860.962749319835,40367.27102601303,-321.3689630155296,395.369637076499,181.172547008957,165.31118454611325,3.885105117521155,1.5182603704506281,4059.0639174886956,35.402490485003945,1.0
8430.0,38670.12965936067,42928.66479929527,231.418505893811,186.79402718029414,311.8398023235592,154.39849051434786,4.102032944600377,1.7100651580445474,4763.182242274131,33.58672020063378,1.0
8431.0,35778.49117094365,40497.62531705398,-436.5920226559998,475.13703354539325,183.26573278684688,145.9221077480507,4.362753688008165,1.4441922364730766,3681.7612249102244,42.99427487378816,1.0
8432.0,35854.01540956519,40591.5901427432,-418.3334824948024,461.6621205082958,182.25941919206429,156.13567246948,4.387598110833082,1.613560009380622,4478.993100472239,41.75295912550678,1.0
8433.0,35753.11470488284,40610.978811917455,-587.8763705581782,598.8795291933029,201.3773354495694,209.65757467803823,4.297249774431448,1.509406901336012,3212.9887989447116,42.544375485448086,1.0
8433.0,35734.50777828238,40611.0446837814,-608.122081358264,617.0768563137906,205.12442016370392,213.5500822604441,4.3448255221717424,1.5227385540172924,3257.1446536211192,43.55518854061573,1.0
8433.0,38397.47031939311,42965.30044540286,34.26911160640565,228.1226094080441,238.52100505978763,188.17424766220213,4.334484996211834,1.5340735237924896,3993.5626529670685,27.575179430876233,1.0
8434.0,35153.30568516712,39867.47787876045,-202.44623953547512,326.1702031710893,189.62257741381188,215.6437942825,4.593329206062666,2.8632059681216546,9418.895834681258,34.12549684567798,1.0
8434.0,38441.32947878238,42964.68847339612,-66.59925587830061,263.4414465130338,212.46317201101988,189.69562968018022,4.213979194294573,1.5958995776769582,4021.564880215623,28.16996145105565,1.0
8435.0,35097.37682970072,39896.87329351584,-218.20653587474487,334.5742876023582,187.88319526818884,320.09007192178046,5.110156357307168,3.456102017033153,11086.672088782563,28.21931856006803,1.0
8435.0,38378.79287906195,42831.29297302033,152.92313338535232,198.8575696396386,279.0987788322604,129.95574783951682,3.7180996406608324,1.2256885916908036,3168.8013447386797,33.29287650956531,1.0
8436.0,35665.234860311655,40732.21799038038,-431.2051733966213,471.1288130386479,182.94241714473316,364.2068455449149,5.516359008360109,5.249534926162903,16006.57161098761,42.50260734234989,1.0
8436.0,35063.42399612288,39833.81153886955,-240.18321166485518,347.2346782547782,186.21858852666946,1760.5062112506475,4.680561667887838,26.057879672175947,NaN,29.362337161436205,6.0
8438.0,35452.41518374308,40737.2882773858,-320.7487304866609,394.97413588653666,181.18865796587656,229.35168177158144,5.267429978421492,4.204018389743804,12250.32503180216,45.975000240819824,1.0
8439.0,35814.35248828552,40718.25826132459,-551.032006931552,566.7547245997079,195.35968307044595,513.86307465202,5.243582195813492,3.9921876222398924,12508.44056061921,32.73599502346737,1.0
8440.0,35983.01012954637,40732.80148007438,-603.0145207001038,612.4496027880148,204.14964828860596,525.4146245244392,5.155274664983821,4.222545817351977,11592.416068315039,36.720466670352586,1.0
8440.0,36052.024658986964,40730.67082635246,-590.8726647815336,601.5483003679966,201.91219655394053,532.2072050895769,4.70746936221811,2.555584594138374,6801.864199225274,27.44789771174271,1.0
8441.0,35059.48488564371,39852.88185734225,-263.4016753254197,359.97327286639336,183.9449919691542,361.2628432519293,5.261557789534505,4.720420722152744,15884.457486557285,31.88602628188162,1.0
8441.0,35645.41183598886,40687.98952706881,-531.1620802800923,549.9613692672553,192.54381037256667,403.91212715036096,5.24802794342088,5.591469743649505,18608.800663982864,48.75744288104298,1.0
8441.0,36091.24847187814,40723.087108060485,-612.0311140868389,620.6349083872782,205.8838849474075,497.3360575013854,4.501533587712646,2.5832783818904503,7196.724591818026,29.956226399210994,1.0
8443.0,35100.44956985814,39824.669601430905,-300.32542524009926,382.15353168962827,181.8829340537375,298.25227938371665,4.542928882304628,3.4951217728410757,10960.500329017092,32.318966870532556,1.0
8444.0,35095.6611775453,39782.532778964254,-271.50786014963666,364.73254978331585,183.40327745585586,312.3335466257273,3.7590041813665773,1.6299517935581198,4266.23692903071,23.257011569514663,1.0
8445.0,35143.63043577669,39766.10413174403,-218.49710930315314,334.7314332385755,187.8529033854515,281.1977044252698,4.060316885834866,1.6724339287736782,3837.005304170729,24.002295856840405,1.0
8446.0,35146.523214390916,39810.78269724272,-195.75577378905706,322.67337502517546,190.41820538102306,313.6684158860789,4.05639743439021,1.794500696907745,4880.211760373348,22.48868945174361,1.0
8447.0,34938.18921128205,40042.86604693044,-187.9528073673027,318.64841244245656,191.38922514210049,457.86760738401046,4.810690023765669,2.884677612045739,7216.780407111931,19.964991885995474,1.0
8448.0,34874.35802898888,40150.44451625174,-300.4913468114277,382.26446141948225,181.88276769269777,588.7850567679554,3.94885836491659,3.162048984645149,NaN,18.977496190248402,2.0
8451.0,35620.209546246086,40658.56958753308,-485.48654615994855,512.7696367562597,187.21168386556832,339.32590099802024,4.224257455360391,1.7511497895255983,4634.652776731114,27.998817120546942,1.0
8452.0,35499.892188868915,40686.67409823162,-486.26944558436827,513.3905482336678,187.28968640665397,236.71438841727712,4.053343342176056,1.4049938498643741,3153.019518010458,33.20590894142393,1.0
8452.0,35499.94073684503,40686.35646710177,-572.7977558548159,585.5776547126511,198.78954209769665,268.66372330652604,3.885568253764693,1.5576485663546316,4195.959531379266,35.596687208064466,1.0
8459.0,35730.8953052294,40837.4641572267,-513.3812342989974,535.2492859187372,190.279090893846,156.86324402654458,3.806100567371484,1.5471302315605484,4481.163953443157,46.70486210516699,1.0
8459.0,35750.215518616526,40832.39523726754,-549.6662669388222,565.588533886607,195.15650695926587,159.16417971524808,3.880305335292077,1.5090790188911796,4087.1447904672473,48.41102378097121,1.0
8463.0,36054.34887691635,40500.56230536307,-491.3156463295387,517.4065202547064,187.80366253175472,398.00574796017867,4.044331124835968,2.289628058610706,5579.295092712714,27.62225931907434,1.0
8463.0,36015.5635343955,40493.17115183064,-395.89382538852,445.5321219853376,181.3706596797765,337.3623413770358,4.480317356604335,2.3787129391976665,6122.506067920482,27.66384592376092,1.0
8463.0,37927.750197103094,42607.65799429534,-179.37196245914782,314.4210366662775,192.61773610796152,472.6451246925816,4.172960830111053,3.2290756003124956,NaN,20.213233046452316,2.0
8464.0,36070.615897576485,40412.774334446316,-300.62835677535844,382.3408212256408,181.8703135720662,273.93852701435213,4.152288469210202,1.651713803313088,4542.73263329568,25.839205154793074,1.0
8464.0,37883.642366832886,42596.176073022056,-312.4814117571042,389.73699234081573,181.43140521895856,288.83402218209466,4.2621473566018,1.716672337509029,4083.883552307438,25.492581058507348,1.0
8465.0,36016.533462717314,40408.8515486086,-220.0970854542892,335.59814598297146,187.68726067081468,272.2701757748945,4.35389590889059,1.8256097864100846,4724.250750089152,24.998881956989212,1.0
8466.0,37983.2805836176,42667.747110770884,-154.8778709594526,302.2250357687383,196.02034131232577,273.49266188291614,4.588574957923643,1.9145056333776067,5355.456139174873,24.289029797021836,1.0
8466.0,36110.953370040304,40430.7897217641,-312.26510427364497,390.559078632804,182.212867802929,521.6974896207852,3.855494885858864,3.506324450362146,NaN,21.77428702765532,2.0
8467.0,38100.64180857711,42666.60027824327,-190.88793383636985,320.15568634449295,191.01852666682788,203.6511447650591,3.955124639670921,2.0538004699615113,6271.297142552169,30.651175668694783,1.0
8468.0,38017.72331398018,42633.14901172733,-293.5572883380674,377.9916491025762,182.18313880508856,271.9387435967743,4.069994917517545,1.97766605257806,5662.875008391069,27.036963439570236,1.0
8468.0,34935.493810069514,40178.18883811691,-356.96767017855984,419.3194998645519,181.25786135942332,626.306340888591,3.9996087246896552,4.2999126833949575,NaN,21.923326368198754,2.0
8470.0,34878.70930942459,40123.8995639477,-262.9739356324981,359.72386086229875,183.9749676065758,352.6247156104891,3.993372586317484,1.9160262417689804,4455.416519602533,22.21284876602627,1.0
8471.0,34870.41093443185,40155.63640772887,-313.9176631637861,391.10975739095346,181.76335703190364,1428.1070986761642,3.8399455551489723,7.388155363199701,NaN,14.74848741545481,4.0
8473.0,34916.39812273749,40174.174236817686,-272.0673658324669,365.06333103927875,183.36773471766102,340.10244931352065,3.8313701189222584,1.6354459317462353,3935.19809440418,22.133137519092717,1.0
8476.0,34841.22152197439,40158.95185458211,-307.3582945101461,386.52396892230803,181.60797187993353,347.8598144633251,3.7652333929788755,1.7909793900505808,4378.12970707133,22.866056154420924,1.0
8476.0,37114.66474299944,41882.23990295604,-315.26164264743,391.4910073949867,181.34395827154435,153.38452859328117,4.325844372878055,1.4859611220123647,3958.8354028860826,36.71751668482983,1.0
8481.0,37896.079563805935,42563.90203007898,-41.96846420647824,253.93163976023754,218.11063637768055,145.11333762931883,3.6681608888413266,1.456806847848832,4310.381649086846,32.33958987199665,1.0
8482.0,37926.44635445892,42575.124666169904,-152.5944470919293,301.12926894385583,196.37082904509379,257.26192182989473,3.7619740759780522,1.478296597484865,3136.051105511594,23.841576072256245,1.0
8483.0,35775.074612601675,40888.29550395296,-310.2902660339588,388.3752277050895,181.51697442360296,679.631288245949,3.865998338415402,3.1628298126614562,NaN,17.42272685985095,2.0
8486.0,37984.7176985876,42627.85076987855,-111.72217347733536,282.34720430970106,203.31652657077294,175.2336663934838,3.925072592425133,1.4158929756400929,3375.070625625044,29.22359601196596,1.0
8487.0,36239.64080706922,40639.98157501602,-146.68374956948995,298.3156866140655,197.29653032876072,194.9103192896417,3.508021504324022,1.4326268180522646,3466.3197543527185,27.879971996877057,1.0
8487.0,37936.06800394797,42665.35628683474,-237.15610815361663,344.9891611859867,186.04245982944778,243.51439833049128,3.7505594896574066,1.4081967011527021,3735.3865656952066,25.603615149336513,1.0
8488.0,37916.56754658273,42592.467311181186,-167.72494526050573,308.4817275228852,194.12248517171383,92.71441419275631,3.398851288671811,1.2775483197505737,3656.450432048709,43.62659358029373,1.0
8488.0,36285.18969852936,40621.16571819939,-149.2353526173929,299.69557295731937,197.03048753912694,600.7612183056958,3.7039087332707687,3.526124169018038,NaN,17.432202100862963,2.0
8490.0,36164.06983090652,40630.31125809978,-367.88215112880226,426.06320888195387,180.79972070527023,435.7480166032917,4.277086595557742,2.0042513921701426,5289.2447840258565,21.611468522922483,1.0
8491.0,35840.674103238605,40810.27572862542,-616.4207565663785,624.6475937681489,206.75060575607213,285.561424382425,3.620893879062433,1.4792293810975117,4163.022889815562,36.0236946858456,1.0
8491.0,35817.71576824374,40807.73952400215,-697.8014802285929,702.3309458717574,225.47871589745094,316.74084570514594,3.717628330968602,1.5615139067505572,4236.781861296071,39.134442180848936,1.0
8498.0,34834.664032583736,40126.16057258025,-339.34890133948494,406.99251781206186,180.83294044451725,298.6661782338293,3.6845186756088544,1.6124506578739672,4183.449577491841,25.232913440895622,1.0
8499.0,34883.961182482286,40140.73832849839,-301.4578856580342,383.20167212648033,182.11698350170442,1120.1617897939796,4.09690132403684,5.533960639025843,NaN,15.130952652428961,3.0
8500.0,34913.00188912098,40157.67421297968,-357.90527660353763,419.8079775371203,181.1450925451075,683.5306163205106,3.87776141891434,4.0225833416591215,NaN,19.955464735815976,2.0
8503.0,38974.17106044059,43360.73896564738,114.22458298599348,206.9433353161661,264.6854657703575,106.82773670779369,3.7721919419588152,1.374950981177232,3661.8427431679456,38.411936996720854,1.0
8504.0,34893.92689288706,40113.0422771698,-380.5196663456912,434.7550332936669,180.9832662186134,401.9829613117349,3.8021266950528823,1.6522500697585205,3856.2196605924432,22.077953694539936,1.0
8505.0,34856.81548117946,40083.97584045017,-312.44588426564275,389.79392519464824,181.4966471544815,1337.1087901961648,3.9409465331477,8.300403071726794,NaN,16.535341379774497,4.0
8509.0,34894.136184039264,40110.34279871136,-325.62253556172845,398.091770448104,181.06995717546195,371.0526919335935,4.170926189950389,1.8872803170360801,3873.6460711992368,22.597129936934685,1.0
8510.0,34833.496474572785,40097.74206696472,-320.26748770233667,394.7525554885737,181.2700875613373,945.4694189379511,3.784983409157704,5.070659123669689,NaN,16.74904618573478,3.0
8513.0,34828.48833069873,40086.05996389112,-307.3823251704133,386.99341819799264,181.97435181110816,1724.3033410259918,3.928339274085728,9.514972443616232,NaN,14.590831090960059,5.0
8516.0,34876.436320171124,40088.94389492597,-300.39876159669427,382.9464421007907,182.4840312199286,738.7788230721058,3.824078798833158,3.2687712808425893,NaN,16.572562490175024,2.0
8524.0,38189.65584772463,42738.429229771005,-491.12072143569236,517.25094521551,187.78344830266892,191.87020432268775,3.99306541392223,1.499977829355216,4196.334660142014,38.99684471466088,1.0
8531.0,37175.110978140045,41922.74016454309,-455.129168914261,489.13916735516676,184.54731071995505,123.26607693808818,4.062374732531791,1.4842896926079092,3728.039764127808,49.998895356203306,1.0
8551.0,34809.960664651815,40083.12670745272,-335.2851890114275,404.60310784428754,181.1016494581933,809.4317069337876,3.769178538716515,4.856676163760627,NaN,18.713619512143797,3.0
8552.0,34769.28546260266,40091.44923489782,-279.6746937770122,369.59009725557365,182.90815108301533,258.9300848640302,3.5131953219181082,1.642375288150014,4245.4402288196825,26.260152501856844,1.0
8555.0,34788.075937001486,40089.85690112097,-384.3598422845671,437.4260633012443,181.0631521703356,148.6680581954749,4.131195489603995,1.412021975391132,3048.7932636718374,39.601041667016794,1.0
8558.0,34767.16920056941,40061.16960499825,-390.5738852465174,441.7776922312831,181.2162278930133,291.3890724744735,4.029676935963458,1.6821213210554107,4288.224769607962,27.229146660411004,1.0
8559.0,34781.20805443984,40094.42060498994,-307.0047468255059,386.30315027940566,181.62089460432412,359.35621182615114,4.012243296553334,2.1060870451595144,4771.758520396229,23.293458677211863,1.0
8560.0,34834.099323118004,40099.78328196511,-391.69793383093554,442.6304028810705,181.29689311437886,766.0141805476865,3.9406067564209346,3.439671296738255,NaN,18.008401312817636,2.0
8562.0,34829.561290346,40074.36619571743,-347.1858690881901,412.1631487660583,180.76939347939185,394.61056289151196,3.7533066270629987,3.026917770987029,NaN,25.77852497524889,2.0
8566.0,34869.78864248571,40117.348730038524,-343.4968708370873,409.71719247922823,180.78956823734296,326.1637869989079,3.8672097151413367,1.8624332533507784,4552.0206520345755,24.808045853046114,1.0
8567.0,34826.24060729055,40129.85907562193,-331.7255390529396,402.02727515656943,180.94684653343035,140.34702836203266,3.484246311261338,1.3775646390991798,4163.818861432713,38.629276584651514,1.0
8573.0,36360.48842848505,41080.258064513095,-259.6323686513797,357.7813554729304,184.21394127603668,129.24556839441712,3.633543750919836,1.5230577362195432,4813.210336615678,39.461670139666765,1.0
8581.0,38014.71923614575,42653.24324015706,-507.12521212813357,530.1438815271346,189.53957122204469,169.29055528842807,4.003847562062309,1.5064981078528348,3983.178084432036,43.459647366186964,1.0
8582.0,35601.532547618415,40624.61121281922,87.52025718162459,213.34650273743,255.4049318546986,123.50571722886491,4.0987162300793525,1.5453941360088876,4555.59320961905,36.078716240681736,1.0
8589.0,35305.29152119491,40215.13059445505,-73.5092406646094,266.21211470120204,210.96186639543785,89.26087561318752,3.5473836542285166,1.312822877914177,3706.851019112821,43.26726869241763,1.0
8595.0,34805.27712103376,40090.134699823146,-260.10144603526646,358.0534022104945,184.17988156146137,336.36570412629544,3.6955815321707592,1.9486944171549636,5143.987754914317,22.908748298416498,1.0
8596.0,34867.09773724855,40132.152065909206,-339.8218164035716,407.7846684886971,181.2171281367688,678.9659189221627,3.7485854293145717,3.747125222183842,NaN,19.08464543522093,2.0
8598.0,39338.61136606561,43592.66686491115,35.97526733863247,227.6077200180549,239.02845164482514,91.93124911115518,4.062014609363059,1.5772304294747868,4518.464602644646,44.25985436934848,1.0
8626.0,38164.85913222024,42779.332074467304,-347.2379548855284,412.1885123340042,180.7616966793047,321.516885530428,4.765797334779427,1.8596157348547948,4922.269204093662,25.113296073427456,1.0
8629.0,36640.94980577853,41234.409521619826,-134.08788428197283,292.4297731304237,199.35805124751832,151.01402155369055,4.151420368691858,1.541041034312351,3938.0235659628493,33.0517975318281,1.0
8632.0,36092.15252281532,40844.10595416385,-551.0298929984297,566.7529181757476,195.35936748997784,185.10453665477576,3.76314805578854,1.3561150977608711,3400.7027900664048,42.13081498629759,1.0
8642.0,36401.337833023754,40907.24838945855,-49.924703854230444,256.9409449528431,216.23583951688852,373.73771228923755,4.8484560100642895,2.6838730924728913,7402.49349713863,20.991977136938033,1.0
8643.0,36335.28615990776,40891.4726916944,-312.718220437362,389.88610816934784,181.42372733820324,135.58382795140042,3.9749050016922958,1.5509026404459862,4236.8020670771,40.29967542196069,1.0
8644.0,36437.26878891847,41215.52374272252,-239.4446664115848,346.26989297250805,185.83867322764212,114.268776041991,3.9735031588974397,1.3222075881700412,3480.4269287533425,40.300819552998256,1.0
8651.0,37371.97651291641,41990.36567524728,-483.49624590690394,511.1937474961591,187.0154876806968,196.21490749755353,4.3971953964013455,1.56970302793985,4067.105578325454,38.59551618831728,1.0
8652.0,38111.05857042071,42805.45112284728,-281.20241251697286,370.5057516856213,182.82117442922353,175.11951490034625,4.695075288901015,2.3725754504539633,7210.937571303493,38.8765625553035,1.0
8653.0,37342.55445440101,42148.587118888565,-376.7958685913202,432.17823075812106,180.91653416067857,291.2052689800452,5.30894671764691,2.11417286392833,5872.788909261302,28.67615647392971,1.0
8654.0,36378.74511686299,40854.97000127021,-155.9719472264578,302.7518021593989,195.85381721993485,120.66494215527472,4.238724360178985,1.5994125207960033,4587.728456189852,39.16552343594943,1.0
8654.0,37347.11703028278,41986.51306937723,-467.64288582901514,498.7746801798104,185.56051618247514,153.3930774626009,4.345387453995051,1.7043698117885482,5008.193102243159,46.16908977028549,1.0
8655.0,37271.158627895275,41943.558921253076,-541.5526938633085,558.6967049762204,193.97878751143054,214.48535695696432,4.344917576318922,1.581814480933556,3833.298000766247,39.63568814534259,1.0
8656.0,37445.64826774271,42051.307769126404,-593.5345873136952,603.9263515029409,202.3931090604336,196.92169772421235,4.122598974613303,1.6252855661373367,4521.753226097962,46.135965219593245,1.0
8657.0,37422.08928885526,41995.93626620165,-586.1650987332331,597.3591138349692,201.07493023740474,223.75934401242304,4.0748610978879345,1.5932632466706806,3985.1756579554303,41.390757385798736,1.0
8658.0,37387.56274196876,41988.878020634416,-547.1187514081524,563.6592178572229,194.9763126034063,395.6492806176295,4.106933703757895,3.0321964875077114,NaN,34.22621335266849,2.0
8660.0,37291.304223163665,41927.44124776131,-460.25998275840124,493.07201307175546,184.94830605874913,175.7414657426855,4.29528772920066,1.624938611858203,4047.7192129916803,40.77679706857875,1.0
8661.0,37305.660409906,41994.50861809959,-456.64850235309217,490.30117203812813,184.66396237691927,186.43256166990946,4.289945854065189,1.5994392694028572,4250.369353540003,38.76811792827245,1.0
8663.0,37341.73986095385,41988.93555221736,-496.19669993576207,521.7836723112387,188.69892383996466,416.76713842875574,4.34681674359897,3.2378780485156633,NaN,31.32513266911436,2.0
8664.0,37240.514881762865,42016.93526765552,-500.8897307959874,525.380755826724,189.0655469654235,361.16420514119596,4.1943631171702425,3.1089806247984093,NaN,34.42710278640512,2.0
8665.0,37267.81497104964,41999.68966442863,-442.1607241766542,479.30933149399726,183.62321025187913,201.31311377239075,4.065662002116422,1.641936027309928,4250.399922858609,36.460715815214186,1.0
8667.0,37350.27287457094,42024.500737926246,-349.5777388845196,413.7408570007967,180.74968653087976,179.63272751623887,4.401918491560517,1.6719280191677404,4771.814106003025,35.53314951743883,1.0
8667.0,34871.66929277559,40114.31422844095,-296.23416717931565,380.055441508638,182.40198545840485,2034.5501182761059,3.9280673618545925,10.797028896836755,NaN,13.626010368903609,6.0
8668.0,34927.772609148036,40110.130933803805,-391.9526451157291,442.7481592936032,181.25418111577832,319.71478785065347,3.8237970673714106,1.8577181590091636,4884.001598692492,26.391570575290697,1.0
8668.0,37269.26154205413,41982.12371192886,-580.3821548711086,592.2415704266142,200.0695188793508,231.81240983449229,3.996996127791341,1.4478503545837709,3667.182794107398,38.77550243886702,1.0
8668.0,37238.88778610529,41979.889402666304,-526.2462631256136,547.2321756529308,192.9991733001592,674.7401691931905,3.985800168444157,4.485347209007659,NaN,27.20899729773459,3.0
8670.0,34835.08957826261,40098.84664373779,-286.0551980957642,373.42891952028407,182.5566923538438,349.8954132699592,3.743787596614261,1.719766332610713,4140.213363517658,22.206606003858948,1.0
8672.0,36628.97100422907,40916.777087232986,-233.54089895338635,342.9858967600925,186.3804557137197,543.2462054488958,4.426616874695117,3.910029710514737,NaN,20.537520166718817,2.0
8674.0,34897.36324190156,40098.121941545665,-307.8812802144176,386.85083122698364,181.5890306078944,355.1513869197963,3.8239273351266667,1.8848126956974007,3799.7369364200003,22.845465851094904,1.0
8674.0,37648.069219240046,42391.454619592885,-214.23713813073334,332.435562065236,188.30344292483156,320.02098691248875,4.185081822566602,1.6091928566517,3887.1583060520093,21.999806314241777,1.0
8675.0,37717.870370942735,42409.099731065835,-282.2530680152824,371.1367505024125,182.76239037523032,198.03060091207564,3.87844408636364,1.4728011913226986,3539.6853141826823,30.26683349915258,1.0
8676.0,34871.80344862255,40116.601897637585,-282.98517498082714,371.5770520086079,182.72192641062418,232.18930242841424,3.672770211987216,1.346027306927269,3481.4329669641584,26.990262967069253,1.0
8680.0,37665.79279056993,42380.776102095304,-241.2165571421322,347.29406070255936,185.70721971769837,513.7673572028438,3.7353519932320607,3.169553719958767,NaN,19.79596281411789,2.0
8682.0,37703.3342738083,42419.06813696196,-283.9767525906511,372.17420942859707,182.66777263484838,175.01569871414085,4.02938155459888,1.7267330352802508,4600.735616855414,34.31477506634004,1.0
8692.0,39360.07513405526,43741.652952089076,-83.56050675890152,270.322712763471,208.8430288956855,74.7063765479007,3.644756326273211,1.2473567602786637,3583.7049001811356,48.038469929723746,1.0
8694.0,38544.04862184592,43110.46004995837,-236.5600924810466,344.65642723624404,186.096187668272,150.32856474961648,3.9404984479461875,1.5290314562353162,4055.8637314690923,35.14728375339203,1.0
8695.0,38634.929790028145,43181.64958958311,-43.496780268566404,254.50506592422678,217.74676278652294,139.8359565006248,3.8023237340279517,1.5883353916400282,5157.034605295624,33.92039094049361,1.0
8723.0,37263.57222027132,42134.82049107656,-474.35165788198356,504.00121330293484,186.15284916802415,180.12943599314417,3.979157761228877,1.4500105629274072,3813.040093839164,39.3127637986978,1.0
8760.0,34870.472134480966,40160.06829016082,-335.5026667215416,404.48054124124275,180.8848739940694,127.36304842582611,3.655955084989538,1.394504423784982,4057.7352713615787,41.46821708655943,1.0
8761.0,34886.03223676544,40123.6335192581,-295.50011723988064,379.6406930642412,182.46415201538503,2403.9533628439476,3.911462340608364,12.83268870481988,NaN,13.27289451205274,7.0
8766.0,34860.067611437546,40139.365356524075,-266.7632756540299,361.9394045092804,183.71426775441896,343.338549779984,3.886014501073029,1.8890887542550785,4382.606822756663,22.57157334889396,1.0
8769.0,37436.71113526618,41878.260843647164,-591.834342745182,602.4066526034459,202.0853137068153,213.97352217909113,4.092613345785226,1.4414083486344722,3654.0693224584843,41.56071756208352,1.0
8776.0,35865.132978107256,40948.07756813651,-318.07569872500085,393.2737851031897,181.26144614346373,108.68163851251519,3.5598026744933575,1.322241481486288,3885.3885310036953,44.505335897825425,1.0
8795.0,34948.056475469064,40195.739632647965,-308.86425241573426,387.4658797613745,181.55399381558595,343.3733075979834,3.857650932657885,1.4176228604048977,3218.932761225459,22.1207431137311,1.0
8795.0,34947.49232397713,40195.927670528035,-318.15527718896885,393.32430870369285,181.25920053436636,346.3397127923919,3.8357074417787955,1.440603944043888,3333.10470234352,22.233268691533908,1.0
8796.0,34915.693295789155,40166.28955929157,-315.4191044544999,391.78575399215475,181.49692383914658,1900.169487672227,3.821602633783176,9.743887017792407,NaN,13.798706617035943,6.0
8814.0,38141.354288288574,42876.47488116377,-320.12758472510126,395.9382956705202,182.30408054398583,815.4554934259646,3.9878793633952982,6.743610218655807,NaN,22.051612118212265,4.0
8818.0,38177.04147967548,42874.159226143456,-389.72336722869113,441.2592361816151,181.2576277962359,521.2597403937256,3.765245483759947,2.854014650984807,NaN,21.82615813182499,2.0
8820.0,38146.384295031756,42811.26346774773,-425.9251001281973,468.2531127006702,183.47655493882516,960.9899948583802,3.8283724503341565,6.134341601402948,NaN,20.9724175009008,4.0
8822.0,38108.86186510361,42801.40766180079,-326.91621952158533,398.9230653418915,181.04149000929274,322.09396998892,4.425488515906463,1.503575642663641,3633.089312588789,23.531041540228394,1.0
8825.0,38094.78030283603,42850.87228299628,-355.20946092035524,417.49842646500963,180.7378853929474,124.27263869401453,3.7514178169243313,1.3794577819585985,4237.57586272526,42.860294585536735,1.0
8826.0,38188.12513655976,42797.285022576136,-342.6797906547977,409.1791941739117,180.79707476597338,244.10382139549847,3.9506018449176783,1.6143498205443108,4053.5098359853837,28.667712318574967,1.0
8827.0,38109.45414963683,42807.877482124,-466.6585157951377,498.01136794020664,185.4764895284336,183.01775806731806,3.5870447876343654,1.2824713356166249,3385.636378587095,37.18614500962173,1.0
8846.0,34847.26933860684,40142.10763080217,-365.31365832147003,424.36322762252973,180.81621965449847,573.7037788350024,3.643481627346639,3.320199760435983,NaN,21.00562161529435,2.0
8848.0,34910.674895667864,40169.857872338485,-332.5277565905752,402.60024371055727,180.9756466791742,1486.623084972492,4.024666717279175,7.796731567091935,NaN,15.005518552329349,4.0
8852.0,34849.50379096812,40143.2930282255,-342.0045523577933,408.7391420285509,180.80695673933207,649.6455637830335,3.6986179309562717,2.9657911716687186,NaN,18.141234824071333,2.0
8854.0,34888.22042484583,40157.89601845723,-334.040119504157,403.5290123025045,180.90758055009536,240.54179775993106,3.875720606990401,1.5879598457283228,3977.7705043403785,28.578446345239314,1.0
8856.0,38130.74360599538,42800.77663049762,-295.5013903902602,379.18270006151147,182.0933333557771,277.52663987047157,4.148069460423636,1.692266077883799,5028.700289118336,25.665586395510132,1.0
8857.0,38180.5684104493,42749.66362626162,-475.01962465593266,504.5239225198293,186.21370308840991,203.26594239494244,3.6227721163435223,1.4680787786782041,4119.127261559745,36.49821960190596,1.0
8859.0,38269.671231403714,42761.34183436997,-452.4434644303341,487.0904328609511,184.3454105970301,184.28193365066906,3.8038262499988096,1.5415801369798539,4296.948959311659,38.375652973448965,1.0
8864.0,37444.29900779257,41941.08524678959,15.871269555651494,233.8491676136912,233.19003895541894,100.01132298053062,4.030991836305746,1.4190689692868603,3871.831795267027,40.36633898807023,1.0
8875.0,38129.731674604154,42752.9091120735,-409.59356398150123,455.3232662817266,181.86763551758776,168.5143860811086,3.6771267488137127,1.4747596876875149,3893.861970689464,38.0614323638531,1.0
8891.0,38443.781082776244,42796.0639215661,-109.47781864887135,281.3614814801376,203.73479852969896,92.86351873187589,3.7531074125761323,1.3667352557663637,4147.327442499545,43.27324840699976,1.0
8938.0,38206.24354902956,42814.22624127869,-425.38455313585206,466.82859271259974,182.61792437029814,239.5736959082867,3.8560385813307265,1.5802560499521752,3873.050027961689,31.522181171823153,1.0
8939.0,38142.76282051314,42798.0441405723,-365.28046072384245,424.29251355679986,180.77704185785697,219.7643673002797,3.7968346282764665,1.6647447442900163,3998.266278323384,31.61162983671722,1.0
8940.0,38173.29630990329,42836.27368049807,-384.4824026158989,437.5115389984317,181.0658868197391,218.75596824228967,3.8285753505080855,1.530774441562236,3802.8207615341557,31.615229900850508,1.0
8970.0,38178.82375865934,42771.03449578703,-481.2167129600017,509.3934374879194,186.79448888596013,227.6176044445499,3.7038436634387826,1.557764231436675,3854.0194898693444,34.80307145149795,1.0
8973.0,35536.27711718821,40271.105465599845,-52.99597050496002,258.11856571636974,215.52503621141474,105.47595507384612,3.5003921641607487,1.4010442269432368,4503.674254794053,39.33559741912839,1.0
8974.0,35890.2860256127,40385.96971372454,-74.56645096394158,266.63999145926186,210.7353799926759,108.78240864312308,4.1698776391140155,1.5428874561293981,4193.083179735451,40.01742801667952,1.0
8986.0,38215.2448033087,42830.512967627015,-277.15025492899383,368.0818712871676,183.05577129712583,185.14471513939975,4.103200920254906,1.8073638306285935,4721.076822789216,33.359745415133546,1.0
8987.0,38071.110594754115,42819.40547937185,-264.7598389569858,360.76635217957516,183.85073726044024,215.26189665362776,3.90567396839562,1.591721075233121,4541.751306363927,28.884403041523054,1.0
8988.0,38275.600846393216,42804.900853772466,-373.3021864523782,429.77255346535145,180.86353426291976,322.5690232087924,3.946982674976833,1.8030800484071798,4918.8832971899765,25.529566903875224,1.0
8989.0,38118.31164115723,42806.52270257375,-357.62102010398524,419.1166006664748,180.74022319205378,241.32065351318147,3.8884976254554613,1.5907602106414709,4249.460651282747,29.192732420832897,1.0
8990.0,38153.48265111534,42783.348178940396,-425.6940904887654,467.05647170670267,182.63453068848267,325.4827639368108,3.886152147838242,1.5418014983331794,3787.3982191598075,25.922304052891,1.0
8991.0,38165.86234198758,42811.96987261532,-348.5198399574916,413.03834777708624,180.75459999953372,231.80750272353845,3.7090042776809855,1.5720342563748964,4233.3401148439625,29.580164809622406,1.0
9028.0,37766.11781080541,41810.22146255339,-298.84697630914593,381.24071211374877,181.9455315264437,205.7373981407626,3.353650261006011,1.3417114110346278,3111.834344954734,29.360386873109316,1.0
9052.0,38150.96631164431,42722.61416136231,-300.2478774153361,382.12562534428105,181.90235871545292,329.0668141447063,3.6619205840675986,3.002313067057373,NaN,27.84878101011188,2.0
9054.0,37563.759251209165,41898.33322188792,57.1610771573194,221.44286840842466,245.51436021792995,260.300747375677,4.089499823746491,1.817601764820793,4622.478452155973,23.47254601729615,1.0
9055.0,37570.624169143804,41931.478938940854,32.26508156645155,228.73089810017217,237.9277976209703,77.119135413637,3.5294533670485837,1.2385964617351715,3355.033813104281,45.82129330636822,1.0
9056.0,38129.897953231084,42740.515098539705,-282.3600684120874,372.46655575511403,183.77915933316444,378.7197061578154,3.802688337268399,2.9614569253043896,NaN,24.78268147802005,2.0
9066.0,35013.92929756799,40111.8339819962,-372.571965603075,429.27119278816923,180.8536319608639,143.59205379307713,3.89509315937574,1.6058936612299732,4597.344111938729,41.788108953275106,1.0
9067.0,35306.82278228696,40205.755754367034,-189.2673463597886,319.32246247736305,191.2223906894084,266.8463068594753,4.475953948826412,1.8641522714233796,5004.777899088678,24.963592789886388,1.0
9075.0,36071.082541169795,40884.67525293768,-201.90806947012166,325.8873629179443,189.68531477101587,208.4606300934874,4.15183024678686,1.717422765467654,4411.080386091631,28.769510374055166,1.0
9076.0,35495.521673772004,40672.1130420452,-386.7297693575664,439.08140276021453,181.118061100761,203.13449273913267,3.718062872758375,1.5309759395706302,3924.6662681028797,33.22268800095799,1.0
9078.0,39844.62632552065,43794.03168685984,-238.73600740118138,345.872782585556,185.9013497403989,100.5361517866256,3.4677840302753293,1.2619903696104702,3586.6621076514443,43.16534827221395,1.0
9116.0,37802.05405607196,41963.53514014657,-373.863464123833,430.15826161841613,180.87142179694774,182.96456199096576,4.0378855189877605,1.3765106161848082,3309.7087918106827,34.03353716609132,1.0
9145.0,37958.082104846726,42380.73405395496,-412.80275336165823,457.64244589229804,182.00473029929233,136.4775495685857,3.998828297042879,1.4226289600188022,3277.308720104517,43.43264281286284,1.0
9150.0,38003.24554565702,42213.76393684296,-297.9785578761883,380.7054967255494,181.98307693381307,141.66955687435365,3.920711642939976,1.4410928791586084,3837.9698836409993,37.71168643957859,1.0
9194.0,35504.218247061144,40325.85560854976,-802.5963287919785,811.5638346924883,257.02947968264345,339.3251845414232,3.7978298678207176,1.6671046729177037,4289.038600896459,46.25337122955266,1.0
9195.0,34877.142278843785,39890.32915343341,-364.1824282898375,423.5471145336865,180.76901832846605,204.67476560828948,3.7302118152021384,1.381315703491779,3716.713893804466,31.45705478919641,1.0
9196.0,35225.42182299431,40037.20158590365,5.7031685671332255,237.1510702367175,230.35440615371576,107.72190778660854,4.256341696945016,1.915366076632181,5895.003111503091,42.98618766462225,1.0
9198.0,34961.98448049849,40056.37777956829,-85.97949021770263,271.3262111255897,208.34459430539087,87.07444641977757,3.4149914594563446,1.157384214553322,2812.254593418954,42.563517932289486,1.0
9200.0,38093.6919430246,42275.10525265113,81.06593532719363,214.99503104060867,253.24341727328826,73.66437823754417,3.8759980842280286,1.3848519472372771,4048.4576893675103,49.1098326457513,1.0
9208.0,35339.077827331406,40251.97481885905,-251.44471900509933,353.06625488138036,184.83545475180517,330.0675264797615,4.003087398217763,1.7802644178559894,4733.337362007635,22.567634185642746,1.0
9209.0,35675.58801793146,40448.124207804816,-71.65173776244488,265.46289432086803,211.3618627011143,143.92699113061067,4.455038507653852,2.1935202816999686,6738.678260616137,37.75071804491201,1.0
9210.0,36623.61563957698,41394.20790957841,-249.2723530922622,351.8258452010872,185.0089319345256,135.67705943601214,4.789957071462906,2.1342849158624233,6751.642360539537,43.342511151436725,1.0
9211.0,37189.30704432257,41555.18714110453,-374.39452831582906,430.5234806907354,180.87910579471014,358.0148594623646,4.443787939459121,1.7497782021895054,3639.2018332634248,23.79779167193357,1.0
9212.0,37281.68373948859,41887.49164979964,-348.1838364396235,412.81544183964843,180.75633905296365,193.50016404148147,4.156969593157859,1.7382021913514927,4834.5054857232535,34.205607063096,1.0
9212.0,37277.43556502357,41887.739082120286,-381.41865810404454,435.3790792810579,181.0009601229751,196.87387850899665,4.183597982283002,1.7868545838874699,4987.751054244965,35.392383549241465,1.0
9215.0,38851.306662183524,43194.95680189053,-158.78034592091322,304.10913326607886,195.43054053937703,140.6706595046453,4.403099830675729,1.856931497138459,5525.562249413676,37.30055084529881,1.0
9216.0,39744.84378982301,43656.8914611073,-295.14405014961045,378.9635087943694,182.10962419671287,312.6988030045424,3.9159084577761103,1.5051451415084816,3376.8807321850686,23.324643536882796,1.0
9217.0,39521.15234785379,43598.17650233679,-123.17134526616609,287.44961414193546,201.24252832862632,148.17973500894678,4.063159097228397,1.607359055586853,4175.342938231385,33.69919779538671,1.0
9218.0,35904.68172777357,40997.54947575873,-348.22680966084795,412.8439444911418,180.75611183810824,413.5261135918009,4.123767924598626,1.831261490814348,4237.745746396976,21.463288255580938,1.0
9218.0,38991.75831784189,43062.527754903116,-151.65551792327668,300.6801232608062,196.51610022973205,135.07100720518454,4.269227271601932,2.005633841518018,6266.020677553344,39.42868836203582,1.0
9219.0,39507.160551401605,43504.193210236255,-927.5048656124271,955.2906177558596,305.56895093904416,452.44567857298784,3.6100975361564154,1.7330805130905866,5008.70741146579,48.6859864691703,1.0
9219.0,35853.13707792335,40971.63108644652,-359.48934825360493,420.4061244092097,180.77101613309443,1029.136790289664,4.324737052529532,6.102397574950337,NaN,18.016665964419374,3.0
9220.0,38954.19097163413,42998.99171445488,-135.79758278135876,293.21992131087444,199.0711387933818,180.49585517642467,4.441802616446123,1.5223090014016016,3795.389980186181,29.472156733525164,1.0
9221.0,38954.843948646274,42957.90209382544,-538.9406450838184,556.4911888789585,193.61031301375337,222.17762865938042,4.293659515485081,1.711887511325635,4963.308126748547,39.66338368972796,1.0
9222.0,35885.76833889739,41007.2067957646,-308.2711163092669,387.0946437688269,181.57504728820157,352.11388867513847,4.00197571969178,1.712665699022577,4259.5182158556445,22.507842270826973,1.0
9223.0,35940.79462431347,40947.47880078449,-217.98386786696375,334.4539199264583,187.90645165093545,386.01825746532853,4.307958649121688,1.9396550574799039,4206.500933031888,20.43612959519432,1.0
9224.0,35957.595607657946,41010.764905055315,-191.79846572359875,320.6249223112979,190.90486325207678,345.0307655738228,4.281171468823988,1.8766845167632504,4847.707901005497,21.380642084810486,1.0
9225.0,35898.011632144844,40988.96304530938,-258.7964418142901,357.5604680940736,184.48792455511622,1047.237738385119,3.843026683690467,6.0730350409464755,NaN,15.940033263191559,4.0
9226.0,35893.75037736595,40971.425931658625,-245.1509904259708,349.4847987310226,185.34793280552438,356.3849752560939,4.239493082928947,1.9324186277528919,4296.140211675327,21.826350676778038,1.0
9243.0,38234.240636606984,42325.20161439852,-135.13830695339107,292.9149062117818,199.18151105138546,178.12064015140442,3.7779317981330505,1.4756658405363314,4000.508874606069,29.488710706284547,1.0
9245.0,35129.86317167721,40422.54478194953,-409.55200007541754,455.29329306908295,181.86591141583557,114.48341724971084,3.5711167465850986,1.2962014113964475,3323.749810547278,47.151354670341796,1.0
9256.0,38837.31789779402,39040.58477354983,123.30785190642584,204.91861918929177,267.96603446381664,89.67734758037867,3.49145941402164,1.3056817231767448,3766.9770331396394,42.440549822803,1.0
9258.0,38098.00016349121,42060.49084783073,-287.9445680439621,374.57302373747274,182.45857361661342,125.38092244567204,3.680922418640141,1.2113851325768141,3497.3037838090263,38.52759244722704,1.0
9259.0,38031.93042279479,42113.22993552378,-346.6810101094152,412.6540326016478,181.43938850667365,289.5973585085775,3.7871211159929867,2.9642671644777563,NaN,32.098275749935716,2.0
9260.0,37974.70687983604,42110.44788657033,-621.1046695155522,628.9493182366554,207.69162383828782,248.93020569179052,3.717237998765163,1.4306569822801092,3704.7963041921926,39.29035361525624,1.0
9260.0,37985.472655626545,42104.989371249445,-399.803782613215,453.1930260096928,185.44536574964013,680.4839942327117,3.947779355680732,4.858998337236973,NaN,23.666849140680593,3.0
9263.0,35190.37947503214,40361.74978037882,-384.2434945637634,437.3449334923689,181.06056673273284,129.81650919667788,3.601838949530451,1.3531378088221133,3450.3137792027205,42.71174019613587,1.0
9263.0,38032.43261782025,42092.85779561324,-410.27030124270163,455.811514816751,181.89589231144663,223.05615751226432,3.6050930032299333,1.5001672736087515,3618.2247377727767,31.96208822842367,1.0
9264.0,35234.42503860001,40403.32858876308,-313.5318078521298,390.3988181840697,181.39767460839147,301.5294469678502,4.055511578305013,1.7157246092904777,4051.593344495607,24.846805364979417,1.0
9264.0,39647.18430249966,43529.91230207469,-297.28890564133036,380.2809634655002,182.0133029693636,242.01897838297697,4.5477144735656045,1.8656269194997745,4810.630732191932,28.753206441543423,1.0
9265.0,35222.196621073526,40321.76007609577,-340.60223346118977,407.81408286675145,180.8184528639821,275.32657746991316,3.683738294515271,1.591324906347291,4376.455863923498,26.469507247146552,1.0
9265.0,39605.32992176621,43415.37622017404,-366.4898307615253,425.11480982002206,180.7869422725259,390.96667705004097,4.675199384596686,2.2425799609002417,6303.810819627607,23.799655493725066,1.0
9265.0,38068.117852549374,42093.31277660701,-326.2391004092477,398.532323891365,181.09224078611442,382.83777129511304,4.189785803177463,4.212100200936762,NaN,30.419173972722486,2.0
9266.0,35191.873037993755,40379.46589152485,-260.62964275607817,358.359984245377,184.1417299116712,142.6798375134235,3.6142228580612215,1.267111511917284,3291.8545464890376,35.17468890187104,1.0
9266.0,39516.44755236867,43399.52844902241,-327.4594699918371,399.2726175228023,181.02991618479913,720.036997934769,5.510020794197901,2.7425892361577224,7004.750479021067,16.410368545059416,1.0
9267.0,35256.93962256293,40334.77865794215,-260.36577159838424,358.2067922170396,184.1607627483009,258.76103775215887,4.252160660810796,1.9969587527659196,5538.256476245764,27.240714418507693,1.0
9267.0,39492.754982830986,43361.801772303064,-478.39613736190364,507.17261016898624,186.5265179549503,602.6813238955484,4.654224264704125,2.234221936019973,4825.109612557317,20.583676638517407,1.0
9268.0,35229.033332859515,40385.34918860155,-308.1719471411089,387.03260747809793,181.57859347673013,165.18566942675602,3.781866936957085,1.2940314292169774,2964.4471014237497,33.5580108154933,1.0
9268.0,39729.026983088035,43426.023622804976,-340.10985851111684,407.4911521273016,180.8240015793268,257.39484441817035,3.908636273776336,1.5043816262547653,3444.3851827505664,27.228918035360635,1.0
9269.0,35162.74563500912,40347.01488904014,-322.04726111899555,395.80258000635627,181.15526338479197,179.4414395690319,3.786767582435887,1.2922806059481096,3456.0127386989707,32.278853735852906,1.0
9269.0,39689.92270340577,43429.09984008436,-343.6421095657287,411.47124071545556,182.12849268157268,582.6190845609784,3.8259958936799734,2.8463854138161704,NaN,19.407458178565637,2.0
9270.0,35126.0241608762,40287.908867916616,-335.00409151338704,407.0163007254855,183.20404474116836,464.117280389539,3.8016029936077675,2.847905026650243,NaN,22.506054592206354,2.0
9271.0,35161.85562658807,40293.60833921719,-351.6458989203658,415.1172894126398,180.74254440876118,230.06459714876522,3.6988974385114695,1.5126906348270597,3810.7958993663437,29.529866729894806,1.0
9273.0,35180.7022053169,40350.009112844615,-331.61448223080566,405.23174162946583,183.59666927437718,709.5825689614321,3.6862785667949276,4.778062263290058,NaN,20.70865320654135,3.0
9276.0,35110.537138734886,40380.46441066166,-335.87899458755044,404.72570534056496,180.87929506658588,295.2406180524758,4.016511044674108,1.7615259628137707,4664.874913038678,25.8483535323943,1.0
9277.0,35160.87427447862,40363.07622719635,-356.5400758756249,418.3906008497743,180.73862723803114,343.08591984976783,3.9629368320878084,2.025430116900162,5003.760480732162,24.884033976000392,1.0
9278.0,35254.62845571147,40326.29231439072,-365.38766220855524,424.8183024558346,181.14393185335382,927.1092712434553,3.9983915869956075,4.66047596072186,NaN,17.24102068875463,3.0
9280.0,35214.90126250055,40367.56717153039,-403.33574872856633,450.82887451693205,181.62287957574543,246.02421078055116,3.6504276548276486,1.3269483714023864,3015.650722234962,29.037421053345717,1.0
9282.0,39467.82809813135,43778.16704531891,-465.5359304724297,497.14199433484924,185.38156597398748,264.2089518357159,4.207011186914228,2.205671471649504,6436.686365219454,34.865995392785536,1.0
9282.0,39425.594259413476,43782.89575842086,-471.71960865856096,501.9456308283456,185.91637074584284,254.74464730367288,4.425359298061621,2.189310020710639,6126.501972146758,35.9869631505657,1.0
9283.0,35212.4158304116,40312.00626566564,-321.18768078949137,395.25400204671604,181.17722561504843,247.59775996272296,3.7849217067321805,1.9222145082505229,4513.384904604102,29.222300249777128,1.0
9283.0,39307.35545971308,43127.13805473817,-268.4221740740248,362.9135873784841,183.60358244975424,241.22752865825794,5.0660746191139285,3.615150992240986,11193.717553763267,37.67775233097792,1.0
9283.0,39398.20716717216,43764.81584997878,-393.02637722021336,443.50516823085417,181.28474124272148,244.9789964544416,5.01584397907363,3.9100952009553196,12483.574029131229,45.626227732976666,1.0
9284.0,35209.06011169977,40390.369779731474,-343.2051258628866,409.5250236428953,180.79219010189595,230.70153767733825,3.593653174688147,1.314771031059123,3360.8844860628847,28.3804156496952,1.0
9284.0,39254.51218159692,43080.27802986286,-314.79490979933814,392.20830900981014,182.17629602484476,457.62374668877624,4.230551035720339,3.6993452367812036,NaN,24.58334415359886,2.0
9285.0,35176.738973789514,40380.519291137454,-354.5216439227737,417.03790128595,180.73803093667985,245.75024406991105,3.736551261308066,1.3986310473301855,3644.4475153171693,27.95544959302318,1.0
9286.0,39376.893748898336,43135.597473327165,-339.25082305015883,407.00305879797565,180.89454984455256,390.69394919750425,3.845947115308482,3.2722413538502924,NaN,26.644897275352644,2.0
9287.0,39331.25195202748,43139.93792101845,-284.0561662681863,372.2220748006524,182.66346796458325,206.4737501787528,3.9123480937536845,1.4307989268798682,3490.192755619751,29.34620107771093,1.0
9288.0,36602.07741737165,41053.31486709331,-49.58534591101882,256.8113701162374,216.31482037821223,112.05770072004617,3.8931034724178772,1.277728018341694,3245.9065042698076,36.85235413647911,1.0
9289.0,39453.68283815893,43167.26798777434,-329.3341760946654,400.48102642430354,180.9917032910174,120.5483300532663,3.920910199950314,1.4835845379659343,4097.239519259148,43.66625475988233,1.0
9290.0,39419.53871123628,43862.808754161415,-415.31978828538064,459.4682232395144,182.1177487382673,206.51822752250806,4.101125306538006,1.4547345215467837,3229.9299810973052,33.478026938467124,1.0
9297.0,38280.520111542544,42668.07649732642,-226.89312247192538,339.3064872143601,187.0054214703054,179.78279109504646,4.355604742971294,1.712554345455593,4828.69902799679,32.14703529634776,1.0
9298.0,38977.344552242335,43216.92640661242,-452.16652911233894,486.8795652938095,184.32490438441818,187.08487237406842,4.17084922050129,1.6511335871319683,4543.327909996611,38.87947509664164,1.0
9300.0,38496.21936182377,42992.0628770611,-59.71889504647745,260.72739416701495,213.99419631319296,151.97445011932882,3.6796000755955096,1.4297446586383449,4312.178251020171,31.41816837019673,1.0
9304.0,35893.649670753126,40655.54499384963,-180.9827245572293,315.1016224025843,192.2958353287994,144.54792877983326,4.099570995286543,1.4504376577434954,3820.9534401147885,34.24860421437378,1.0
9305.0,36450.98898912745,41104.674867251735,-270.0344712237443,363.86289058431635,183.49801619220955,176.695189465141,4.189700278173645,1.6054393458604308,4589.014144206615,32.95227520721734,1.0
9307.0,37909.87029749172,42123.2495928798,-290.1699258587547,375.9249021936423,182.34649553517488,200.0979001971608,4.141798441615652,1.6113385940634113,3828.218899723002,30.971388780123075,1.0
9308.0,37951.31429052546,42370.38724221944,-332.61605861777593,402.6044606784516,180.9312559755583,190.08736420231045,4.045288326669397,1.6870076906099591,4969.51855668082,33.741103700979,1.0
9308.0,39588.27946368031,43368.77773748623,-396.99128940963686,446.30995362757346,181.40520149051304,216.0109218827229,4.13608047361939,1.5194186997627916,3649.1734485005063,32.24368776388938,1.0
9309.0,38066.52330139298,42272.11115762116,-443.1248903995968,480.0346939960749,183.68750412443964,160.25477538137739,3.9192410611617348,1.6328535810322131,4711.245624369041,42.537541569169164,1.0
9309.0,39647.86546507208,43398.215567942374,-357.8799452593476,419.2906674023113,180.7407376766468,186.04682402713436,4.0572954098288925,1.3624568957903669,2977.051199467963,33.052761554271854,1.0
9310.0,38354.91052342531,42530.35513101488,75.42541826183486,216.46786833116713,251.38043679543878,129.48417410619794,4.242263161323521,1.763174666024715,5125.725471842858,36.485957289674246,1.0
9312.0,39300.45407629645,43589.19206462917,-170.8053194419007,310.00504292759,193.686126850479,200.22260721765423,4.1581389393633845,1.5940080614439316,4210.045366791977,28.431274452902244,1.0
9313.0,39637.3354754301,43793.52020906236,-289.14467513041643,375.3014944011034,182.3976624891696,230.45759909417146,3.767292454005548,1.52320028166904,4316.137391347631,27.939049539271604,1.0
9314.0,39529.80757080818,43494.98525799638,-46.220316617225926,255.53240035521046,217.10273426821848,123.3032490799295,3.9399448904765806,1.4032510837718701,3561.5348158709767,35.52757859175044,1.0
9320.0,35436.74899592847,40366.03641670088,-304.72153802342973,384.8799434118818,181.70664350041247,150.95748541613878,4.392354590428073,1.5937210639883197,4302.614802339825,37.56656181287464,1.0
9321.0,35746.493998391015,40559.10979178995,-573.5191119708178,586.2091289039707,198.90939488993433,198.8302240304829,3.990166493037798,1.385735155919145,3904.879537656347,41.866004194528905,1.0
9321.0,38305.09771359224,42764.28535302551,-242.083466324504,347.75275900479585,185.60865358920412,239.11770378787153,4.080287881843887,2.09877723952918,5831.3389002003505,28.738851647991776,1.0
9322.0,38229.22268859089,42658.6135556323,-192.51961238981642,320.9971147966918,190.8152895254475,225.03544443443874,4.224209474659799,1.5815126531196857,4112.848606621499,26.72942281320579,1.0
9323.0,38047.459009938655,42216.77350117744,-329.12419494683314,400.3455107418077,180.99585022174108,369.7744941714493,3.8386420424391203,1.4370057289756237,3741.4265140987122,21.6024103021189,1.0
9324.0,38048.86751922763,42168.54119151113,-289.9369515431951,375.78315420179877,182.35805219697048,425.94424835705996,4.3658637804470874,1.510605966570402,3628.966160323849,19.448698403336437,1.0
9326.0,39017.57696785135,43055.59002068026,88.67073729763277,213.05677855442866,255.79355477624603,125.63399771878643,3.6674903279226205,1.2574333854624968,3127.9245603268387,33.80380289617541,1.0
9332.0,38001.25216331319,42097.7106342101,-409.05091306417677,454.9320695926379,181.84522956700116,225.40240076482726,3.828763405685688,1.406282209818296,3751.7775984321356,31.206053413771013,1.0
9333.0,38036.105257286916,42085.96651951459,-349.10168053348576,413.4245947018615,180.75179206260032,257.85979756113034,3.748151734746863,1.3497346866048627,3477.5531278672524,26.843035899504514,1.0
9333.0,38035.04035695588,42086.32732867188,-354.29159100747705,416.88396981925814,180.73816007836984,256.44692097408756,3.808513844179231,1.332933285769075,3337.9818356625597,26.999052880412854,1.0
9334.0,38095.158895240595,42163.22222729927,-287.9223125225853,374.55952735798,182.45971355609097,295.82355301167325,4.195107611036251,1.7878566638246831,3823.04040835827,24.83773663671247,1.0
9335.0,38157.97616512442,42140.62296163088,-312.0649189343363,389.4748596730774,181.4450125537519,263.065821790398,3.685600599449815,1.8974651767583737,4394.263606090437,27.7460522171314,1.0
9336.0,38019.39746212057,42077.76576773462,-300.0507666339712,381.9837968890674,181.89443710191338,249.79925950945218,3.691135899731612,1.4187346031664247,3485.0169213070308,26.45544478874893,1.0
9337.0,38255.28872448908,42206.37355455203,-234.79472927595884,343.6728544984732,186.25691483081468,232.0635122436165,4.207386638388805,2.0735758093944177,5717.711847925599,29.04057704629336,1.0
9338.0,38203.67403690994,42238.625709181404,-326.0017514514358,398.3352833256482,181.06148049149118,225.60957045350986,3.6728706328540133,1.372673060567076,3253.8343899400284,28.55994624308172,1.0
9339.0,38139.70528054317,42224.36901632016,-201.81470003165785,325.83831954939814,189.6962218140149,188.66004469987573,3.6700629594123884,1.357644609081531,3458.3958002072754,28.95209652444298,1.0
9340.0,38123.49754099648,42064.177720530795,-407.43069303948795,453.76570635278034,181.7796663207122,217.8370615217591,3.69180316652022,1.410758686410638,3907.3136343323877,31.839727074372636,1.0
9341.0,38018.21813743339,42083.28701033021,-315.5274018327578,392.3895451889462,181.9262585914385,427.50055482801315,4.049017863017697,3.3279750199046028,NaN,24.598883944934084,2.0
9342.0,38111.14480457982,42103.132283085004,-321.3405097345629,395.35148544766514,181.1732796859211,236.88997279629223,4.039766156752384,1.69115647606512,4685.6676523631595,28.978503884438364,1.0
9345.0,38397.432731660316,42408.61104871318,-123.18928600584127,287.4577065701103,201.23935678653854,82.70494985146749,3.6534502472670103,1.2849257153342375,3276.0285358287615,46.07175543056839,1.0
9346.0,38398.59515035008,42366.260700236926,-152.5423623738135,301.10433194506425,196.3788699951293,134.02149873006334,3.6178255137973285,1.310191710590604,3479.555050192383,34.46433460082018,1.0
9347.0,38597.69728857969,42530.23207661202,-111.1046767141486,282.0755254642581,203.4312243227785,236.72221449666614,4.255668285189068,2.2806377323744234,6068.999542188864,27.528154250144862,1.0
9347.0,38598.53295345113,42530.94125759196,-107.51848817246119,280.504825136076,204.10309005435752,233.60262055630645,4.351857092211139,2.273961381823962,6111.852380952386,27.704713787045982,1.0
9354.0,38701.02787211138,42645.570506624485,187.6754689883425,192.79989549109928,293.0149839066786,155.0953117887848,3.8802842151415726,1.985011649871313,5760.344864537873,34.54769178972054,1.0
9354.0,38700.54539516686,42642.43730333271,172.51796745067108,195.30195594670252,286.83214771333934,147.85656204769194,4.09739960842804,1.929785398259817,4976.697310993701,35.123961728158555,1.0
9354.0,38700.93913542339,42643.30943800287,175.66868529968286,194.76402747654402,288.1029294000649,150.561770253265,4.010631586240938,1.9261186290762882,5069.430175531699,34.70511928573422,1.0
9355.0,38436.24338058618,42355.67511562733,-215.52134450063315,333.1258710860284,188.16616757548215,174.46365823290697,3.8170557117798065,1.5777413034072176,4479.128734872804,31.76062777746246,1.0
9357.0,38382.51880935673,42285.87255276487,-209.35168902288723,329.8236620977726,188.83715884740795,102.0345167218372,3.659328526853454,1.4914870290838589,4616.187835900958,44.23928747431177,1.0
9358.0,38855.842079065194,42991.01808171018,-203.40084644808522,326.6725775617326,189.51183679205272,102.62654115547818,4.0219305721157115,1.384213873700879,3826.684578009655,42.77272071893526,1.0
9359.0,38258.05363205546,42530.413713588685,-531.4471474271845,550.1996654663,192.58208134953918,276.503374342528,4.119760629040897,1.7463882246728417,4426.475320227096,34.06138099855332,1.0
9360.0,38009.11812851451,42427.81157957566,-325.913488518768,398.27859331605833,181.0634436639003,169.5903356221041,4.14129978624969,1.4079493001786918,3690.2040918403372,34.24745499518198,1.0
9361.0,38401.180773110675,42643.076195861366,-130.31934148424813,290.69785101331973,199.9983347015631,156.27745916983622,4.11189523212901,1.741203119303071,5003.976664881601,33.470816679353256,1.0
9362.0,38098.84115768759,42209.52912253182,-317.0429402639992,392.6186383547662,181.2910270928211,189.78222364381165,4.330947012782172,2.016205890585464,5614.4027430120905,35.417768619181636,1.0
9365.0,36490.861275223804,41466.79212410015,-294.25825713689085,378.42068562781515,182.1504263511402,308.4618082262778,4.33927250227074,2.021970770076736,5770.5292613770935,25.10566467385373,1.0
9366.0,36255.20069794667,41162.47689223283,-714.1342172292774,718.6741263686137,229.84548945702477,252.9190290615959,3.878042820504504,1.6664057178012057,4241.178969027212,48.310821327512194,1.0
9368.0,36354.180275791485,40713.76854208971,-327.4284530084161,400.4428657027977,181.99244827126847,506.55222084930085,4.025818099313388,3.1497525865887948,NaN,21.657519752741987,2.0
9369.0,36333.3399573337,40673.17776320614,-365.8322080647293,424.66749628443415,180.78142043429622,250.46901699544276,4.077471188784261,1.8604861931320644,5395.041494554467,30.037728461519183,1.0
9371.0,36302.577458821965,40690.900066719114,-300.6917705951927,382.38003821606947,181.8676805305481,100.67821617635015,3.9348669755978865,1.5558758302817002,4518.45365357719,48.97354441834135,1.0
9387.0,36374.96603090603,40707.41263188221,-366.7039806005307,426.053088343692,181.42929587133466,389.0539337018404,3.585650744632271,2.764568711374444,NaN,25.74768516390487,2.0
9400.0,36396.41103729935,40782.92566896283,-323.8194782547625,396.9357953426657,181.11176059441223,242.6585711085704,3.9730767887524583,1.5778358395590328,4510.720830640213,28.113473779066027,1.0
9401.0,36299.28578809923,40830.38295758739,-358.31106128945873,419.580632580532,180.7417076623559,254.57207925945113,4.329528395656018,1.5718796423162409,3800.8245895035434,28.174788873428223,1.0
9410.0,38030.27917466957,42095.711848473686,-322.736100690209,396.24269536075815,181.1380700040642,130.62545556490437,4.12838097693624,1.4692242252164467,4333.780673241578,40.960346489493496,1.0
9411.0,37960.58033563872,42135.04041683253,-298.6931665209519,381.1458657031643,181.9521394924847,203.09400373848436,4.222017066227145,1.5283904924688545,4291.337120097416,30.48024822578802,1.0
9415.0,36274.26660596449,40806.974061909976,133.7736849736229,202.68218998242406,271.8239003081709,80.18730256617329,3.9194080879908113,1.3850831409046929,4043.6516711937725,46.7215452704751,1.0
9420.0,36434.89640552889,41142.310194051664,-520.0171260645938,540.705030658755,191.096113216685,188.2235285868945,3.9092836880779465,1.4360132396086145,3743.263900593031,40.55839065292513,1.0
9421.0,36636.157636256634,41075.95158103255,-525.5885485694574,545.317682647491,191.80799225906443,188.18079190384591,3.6771078717690884,1.4261587925067793,3894.1514019612255,40.800680126988425,1.0
9430.0,38581.86954280813,42487.96862560393,-181.8272305512433,315.5289178208075,192.1840178359303,157.32748508880655,3.628083447516225,1.452122821568735,3967.5200287600237,32.490168355481956,1.0
9431.0,38439.044799069205,42483.95029898728,69.52207986100628,218.04146467250317,249.45661776807518,88.66117628212433,3.564543976893674,1.2774976628835706,3250.2599287003504,42.21807323660863,1.0
9450.0,35915.3911984833,40662.63604308453,-171.884862123889,310.5410188869108,193.5349126783881,185.15647111691337,4.393917819218441,1.647051328252716,4210.719889593664,30.13321096984957,1.0
9451.0,36232.26159868026,41009.619716237954,-493.68278307982246,519.2986582237379,188.05145186959038,289.9599029811594,4.2425840563165185,1.7306256889996336,4573.900030864599,31.20844868809245,1.0
9452.0,35991.92425488577,40799.532800657464,-327.9698224410168,399.60125514608274,181.019248138754,234.11240204417206,4.40031292804693,1.9427320982376113,5797.392953602841,30.627673518988107,1.0
9452.0,38470.892613171076,42516.63554220995,-466.44330838082584,497.84461090030067,185.4582176135506,211.87875234225126,4.165491735188143,1.5514300753807984,3729.0771794559687,35.71935266005426,1.0
9452.0,38519.66175911654,42515.78027846239,-519.9409688436878,543.3850063217478,193.3031744444633,466.1876366250867,4.019715180595808,3.0585300771735624,NaN,29.394322610494147,2.0
9453.0,35759.44849579658,40586.21405330007,-393.5463903751555,443.8721817394029,181.29985744786262,175.82852121387762,4.049574208048391,1.4774990463905147,3830.657358830126,36.36296283210219,1.0
9453.0,35748.801333667245,40586.33220489377,-487.97760059001274,514.747279061693,187.4614962530146,188.87792469832448,4.092746510053743,1.4104311225719603,3481.2441093089697,38.48310112327605,1.0
9454.0,35746.87802892726,40549.47626944768,2.252258980580812,238.2938490654612,229.40994107170246,107.89780970044902,4.449946279751402,2.090029360326935,7258.051153465156,44.71770040601232,1.0
9454.0,38479.04898539397,42481.336986864284,-332.19024063699925,402.32837571718625,180.93863548034875,204.12809357522735,3.9783208378467747,1.7006580297656213,4622.534085597145,32.26977033339563,1.0
9455.0,34885.97886328582,39878.634054412396,-242.86220114962816,348.1916216459578,185.54178672511205,224.22399724830873,4.015829802585765,1.6664049980634614,4676.526893598038,28.02231453232971,1.0
9455.0,38429.955353936326,42479.5721025878,-416.4242527677006,461.6786024608093,183.3062221169847,462.62046740204164,3.8532974193795493,2.8546767578111174,NaN,24.607456510414885,2.0
9457.0,38460.72629855314,42464.51534658928,-375.665327755169,431.39850402385673,180.89836559388473,211.4631546782516,3.927764481999818,1.424527540045645,3555.083888906136,31.419059857227328,1.0
9458.0,38542.43590910542,42468.735616241516,-445.9065948965747,482.1323417623854,183.87696811292022,183.97282296043738,4.003876537313447,1.4776389500156697,3756.5655430754423,37.587022850087855,1.0
9464.0,35917.47865423385,40596.85231794259,-257.1710625039231,356.35729388386954,184.395405093469,94.34563122090675,3.6434801817000677,1.3726657364717731,3971.1697127170737,46.95116107702264,1.0
9464.0,37283.705656333186,41756.664581402285,-63.53692887721295,262.2279569081108,213.14014860922308,93.72233516607426,4.067823672910154,1.447717718774107,4127.672009152195,43.12012182395337,1.0
9483.0,35775.68754439506,40440.27778535906,-320.36506274617955,394.7296656237351,181.1987707600571,153.8497788061515,3.893876540491664,1.3694760304021683,3409.7185709408946,35.972644956046906,1.0
9489.0,38068.046655184466,42139.23720347602,-483.6053509312945,511.28003840810067,187.02616462697858,174.564221806944,3.8550199013220134,1.5682151011303573,4381.080880585059,41.75863583577,1.0
9490.0,38044.00757721448,42166.60374717983,-438.1321835575881,476.34695370373026,183.40983350132797,309.37914242004365,3.9467404783091027,2.857964484722773,NaN,33.652831463289445,2.0
9493.0,39700.84055114453,43917.88823301591,-403.93421430199555,451.3097668693831,181.68756058860924,472.5231466698977,3.997666576382679,3.479855643231007,NaN,25.79993389577661,2.0
9494.0,37889.56190483561,42129.89936378618,-434.54234217217027,473.6086921354735,183.14010569553636,254.51716293391334,4.497926475705963,1.7744406215479587,4575.260205977899,31.708855867123173,1.0
9495.0,38052.119252786135,42210.45481181956,-412.1006459416299,457.1342251147029,181.9740659223816,189.5995574911868,4.049973918706612,1.4457909162433562,3427.240916369115,35.15966110090631,1.0
9495.0,39674.78871590252,43888.700193820136,-516.5244266968034,537.8283071970175,190.66190285813042,312.06585440318224,3.997647122479318,1.7536443827048003,4759.61081096973,30.828535693023866,1.0
9496.0,38114.38255934604,42202.135673384124,-390.1735150919236,441.4962197367511,181.20547830049824,335.76610738808995,4.459535332295152,1.984202825692358,5494.411025615294,25.997988025277607,1.0
9496.0,39637.093715300914,43907.76885037542,-407.6969765112702,453.9572283826173,181.7903042726135,218.58374833562945,3.966326035442628,1.4777095099631605,3814.7071273097404,32.15212901234555,1.0
9497.0,37993.862323637666,42152.88967262013,-438.3367757183082,476.44112777767054,183.3751932351908,528.315058080694,5.160820851032537,2.02553494278518,4748.892632697474,20.779527132169928,1.0
9497.0,39724.85942783555,43918.70039785524,-432.4618527240551,472.06142960480463,183.01586456441456,272.98439313281364,4.171057623744615,1.5936089609650725,3788.4467760382004,29.334639801237245,1.0
9497.0,39708.11022634065,43931.4007185911,-421.2926941143084,464.15367321981773,182.67113339023632,548.3990413564129,4.102566298726834,3.4487727984611425,NaN,23.62267967213615,2.0
9498.0,37873.89841626271,42219.92311121595,-331.4726609807314,401.8635099095785,180.9513839124602,307.58232686118987,6.492243572832124,3.1529334309488197,10518.971746570985,30.95682413936342,1.0
9499.0,38150.886346589126,42171.83023607311,-236.85560170952553,344.8213574580957,186.06951514774772,239.41258647799233,5.671916784703074,3.031681430749658,10181.715243085437,33.36950510983465,1.0
9500.0,38177.41673696519,42154.46316855838,-288.89525467024174,375.14998320128717,182.41023140590062,279.2232703191245,4.065018897750357,2.2673505466685686,7082.061513514153,27.645509178779044,1.0
9501.0,38123.66441022246,42188.96837114899,-351.3574784836284,414.92509355384647,180.7433448334192,247.1366655882524,3.859828400908942,1.4681101590051726,3495.738836121692,28.059955075510402,1.0
9502.0,38035.2746781257,42131.73397934997,-353.29116004844985,416.2151485828738,180.73919075432417,196.21566013998978,3.9367784816172806,1.5531982896121987,4223.628448052756,32.92359185321453,1.0
9503.0,38070.25857603043,42089.75334971742,-404.9952619123747,452.01714650470007,181.68487875895363,238.5406486310706,4.142368198530601,1.4848293481090926,3690.6891707202954,30.387192496400715,1.0
9504.0,37912.20281528992,42158.60769250091,-405.5420822539641,452.4092586766232,181.70576761563223,243.7657812052381,4.304435460386052,1.6326337249655665,4055.570436163583,30.74087869425465,1.0
9505.0,37951.20833520263,42171.334247005296,-397.68718691083575,446.8037619657793,181.42757986154785,251.81442030480395,4.544955898338475,1.8789755418984369,4966.073188472541,31.11216552979033,1.0
9506.0,37874.74296634972,42082.78189160484,-376.0877805540441,432.5213765841259,181.57714361404084,495.5640260777201,4.138364563527402,2.965686930483408,NaN,22.621545536221266,2.0
9508.0,39779.81837313322,43898.8726921736,-218.85678450486668,334.9260602272629,187.81549685655784,156.92236483685247,3.7845999839535116,1.6194030638716184,4362.450472044163,34.34317495535285,1.0
9509.0,39850.31077794254,43887.54935403216,-312.7416305693796,389.9008521450031,181.42297064927234,253.30520148848703,3.7809870252444844,1.6889174606738375,3602.011369958304,27.555822937699244,1.0
9510.0,34927.53996554226,41255.57570983939,160.35569609545462,197.466258816058,281.9976955261063,83.2841764866916,3.313802510017905,1.2700147937239727,3428.7351022409066,44.56723709108589,1.0
9510.0,39809.5477527882,43876.238559669255,-297.1968900718879,380.2243548165316,182.0173632292886,326.66170974633644,3.882876962788311,1.8506871837357453,4207.165970233479,23.734393654510825,1.0
9511.0,37837.086888740574,41915.704210354736,-276.41331255331454,367.6427183109787,183.09978090268942,162.85989490408113,4.163758847771269,1.701647773071424,4239.536944666796,35.59242292771224,1.0
9511.0,39845.99687083173,43925.656973534664,-255.93546781849057,355.64455774984464,184.48824191645048,298.5538673000455,3.7848648354671948,1.484999205785238,3576.0347032881937,23.221506454099135,1.0
9512.0,39772.61458967905,43919.42532436801,-268.74770026763196,363.1977115142868,183.65698867873985,1058.7640603530126,3.9450505139595617,5.279843627605829,NaN,14.94681467146744,3.0
9513.0,39819.97404403834,43908.454521584215,-349.19651095359814,413.48757683793804,180.75135886675534,326.75948324811685,3.6047826736950137,1.577180992690947,4205.4002198944745,24.01585483194517,1.0
9515.0,39792.618860680144,43926.09740674937,-238.31582684617325,345.6375501622784,185.93869285356706,344.26001001673285,3.6709237835489428,1.4096717695976997,3352.815036155401,20.975405333033844,1.0
9517.0,39845.023975980264,43925.49913652855,-315.98037212223403,391.94563113417576,181.32231025017194,305.5323173499133,3.5682482905596444,1.962078210784539,4898.74986106386,25.53848088041288,1.0
9518.0,39767.22264268866,43899.574910262585,-308.2570688005047,387.29533144037543,181.74483814296823,603.146331153556,4.197832232249668,3.3840613580202756,NaN,19.274392980125715,2.0
9519.0,38570.707699744686,42635.96294194454,-393.0602967938046,443.5291001235289,181.28572096429068,166.82850005383236,4.596211169070451,1.7295928658323108,4522.116549513083,39.69635089751004,1.0
9520.0,39781.08233759279,43924.90376722046,-377.039588432679,432.34648068671174,180.92057853244793,313.89030675104806,4.197608026706651,1.912808644829377,5487.946250722616,26.484782911254317,1.0
9520.0,38636.39374533703,42633.14321753614,-364.33299291860004,423.68611937496524,180.7998538676308,619.470036313997,4.323031562056133,5.3418550397532,NaN,25.025746359354564,3.0
9521.0,38717.06913635021,42607.32973572565,-418.0042168249373,461.42200622065917,182.24360396859288,253.60394024534685,4.32516423488647,1.7280664935025507,4342.33822201766,30.902727102253788,1.0
9521.0,38721.374379110704,42607.58254771764,-424.2862082354524,466.02072883905737,182.55958867913154,253.85216125563986,4.351756985380598,1.6552337950388827,4003.2626997287757,30.73080767932432,1.0
9521.0,39749.54612458583,43942.734122542315,-333.95855391815496,403.5467299192251,180.96605131022127,549.8511412426253,4.161540192595751,3.693045239065269,NaN,21.836685727497173,2.0
9523.0,39690.932575819446,43921.200562004335,-372.6026569465921,430.4486600704205,181.78859493993312,510.41061249308524,4.174387250781079,3.2493265165837313,NaN,22.90595500218242,2.0
9525.0,39705.2182839218,43936.48590083279,-383.13727997384456,436.5742025662747,181.03650016401303,272.5178545875413,3.766868204609811,1.53850327412743,3868.257358516022,27.569987942452812,1.0
9529.0,37329.97126693168,41934.47791641606,-607.1901960785286,616.2307693435029,204.94508820694685,229.396706591267,3.6570144015089796,1.6277233949171412,5242.364875626135,42.449364934764944,1.0
9531.0,37740.7261507618,42201.49910812852,-220.78217345756644,335.96999870705446,187.61693123761626,223.34701476980618,3.980742656893944,1.2915280651976653,2998.074108415906,26.25927018704983,1.0
9532.0,38284.32051503326,42358.249565824066,-625.0539900696155,632.592466270558,208.498051220574,264.33637429937716,3.7588928223993374,1.5156926998115416,3985.8612816729524,38.71358728845924,1.0
9533.0,38013.266002531105,42485.66688555372,-316.19552565011594,392.0818186655333,181.31590642260159,293.62349985806594,4.040405119107508,1.6265129415239783,4336.280694742087,25.016428223063546,1.0
9534.0,37896.297242470384,42357.83245115918,-317.59568479199305,392.96915553133965,181.27509391725485,232.171959113419,4.144091574085494,1.6435570458013988,4432.793573431021,29.029469454902614,1.0
9535.0,36142.01775653219,40853.62698025757,-506.57675381363657,529.698056204704,189.47616044504448,171.63124486582066,3.844785588016377,1.2544863088608778,3381.316379049186,40.57444144086082,1.0
9537.0,36058.5297965298,41232.97410826841,-348.984030905357,413.3464688522311,180.75233902466678,131.62578416812974,3.603268554420478,1.3094434221064146,3418.3570769461994,40.35564997686808,1.0
9542.0,39665.20441368719,43940.691598984966,-416.5905566685232,460.39226789745646,182.1766421939929,238.46218842378963,3.6528278079007,1.5394045897688287,3963.4196647765198,31.074735550136346,1.0
9543.0,39662.14015406657,43898.40718723921,-394.97200856909575,444.8796586039345,181.34235551416782,236.15317135576225,3.7551389240445685,1.5623600421081387,4743.193952788101,30.633629171660996,1.0
9544.0,39770.24240722901,43855.989625576614,-372.01935277697555,428.8921098560532,180.84640827707153,185.8091344562375,3.8198754317243,1.4999216508523423,4145.191615118312,34.42294300437509,1.0
9559.0,39565.813426422515,43904.02858035888,-461.28787358349376,493.86289165042655,185.0310524075641,236.78078595763117,4.097587167108843,1.7326636826864303,4319.775333037311,34.15343731363778,1.0
9560.0,37737.41392271824,42319.379922571585,-310.3160409692414,388.3759346938989,181.50359357982356,169.87133715617736,3.8478091855985492,1.4628713970248823,3643.1382470293424,34.073746021353024,1.0
9560.0,39523.589282526504,43864.67549712818,-611.8262323822252,620.4480645822001,205.84379040789804,250.520967533849,4.354838168390747,1.8838683035078547,5279.966941202956,42.68600039767949,1.0
9561.0,39602.61983626148,43879.037286744766,-456.1464173603165,489.9169305131668,184.62521858543602,197.64308626788372,4.106727309927882,1.3495734429865665,3106.0861711526163,35.43300233460808,1.0
9573.0,39799.65613111018,43864.050347699515,-100.30963623205365,277.3841414908036,205.48330824360735,181.09387156484055,3.541633841258096,1.3671563522372958,3423.829105852822,28.3210924175081,1.0
9574.0,39840.252918374186,43920.89345906574,-289.8467182679667,375.72826754231903,182.36253932027037,266.2154559969531,3.66658729472171,1.8763813780306557,3668.1698557546715,26.91434095273615,1.0
9575.0,39760.582510543725,43936.05689164543,-209.95220334290468,330.1435008622179,188.77057453801757,129.96011026427328,3.697467799131805,1.374762054545339,3734.4766585176653,36.76127757897098,1.0
9580.0,39753.52120853051,43897.664932502536,-174.79746354784237,312.7822142105905,193.76952972733784,769.548010502728,4.0157500811582825,3.9416169440906783,NaN,15.604806587997027,2.0
9581.0,39763.89812984536,43919.95365946424,-202.4993392030425,326.1981249957712,189.61639926564652,287.65190655542335,3.7716875514292525,1.7943060303941596,4104.378826256464,23.800558524436244,1.0
9583.0,39755.67469968363,43963.76087870384,-235.27629282604374,343.94086630234773,186.21283539076214,269.02305437316716,3.774348160508061,1.9399716666819034,3965.833001544536,25.855990942225972,1.0
9586.0,35761.867239278625,40607.714763231976,27.997224314239766,230.03895346019848,236.6746806497532,118.337818638268,3.792748959165183,1.4794681966699572,4108.176547924576,36.591789533191616,1.0
9587.0,35272.21501310525,40379.2148680288,-244.59287630684264,349.1690061024158,185.39483541724917,285.12232420993433,4.2811656231263315,1.9132914355100903,5030.293878267225,24.996245850811356,1.0
9590.0,37660.01647004539,42159.74800938565,-346.82663403038157,411.9161524299589,180.76423918659387,144.04261864465624,4.044935844713122,1.5494705735952896,4456.47215300062,40.02728996489067,1.0
9591.0,38084.96973262464,42437.13923361533,-362.1131726671124,422.1454911230409,180.75639526118937,204.53066654043965,4.090273218296648,1.7977591549179517,5321.142088123674,33.833486507021526,1.0
9593.0,38676.13967631345,42841.86294551345,-157.52850451803212,303.50318528609915,195.61847327150878,118.4422752945874,4.015537199671977,1.5209038653662041,4138.254082236683,39.02123389086288,1.0
9600.0,39411.60773854065,43743.28566413054,-81.24543816032168,269.3674902918584,209.3242278713841,141.72930009642957,3.41073602229557,1.3462107260637253,3893.596451526302,32.548497670595985,1.0
9667.0,35249.235301369656,40264.49241232985,-401.42925410717606,449.4669603740454,181.55424379498956,169.127088432247,3.8387269701354536,1.4243860217755373,3559.877204177675,37.220363678913316,1.0
9669.0,36356.962135107744,40886.24505606319,-113.76412876251541,283.24815989254756,202.93931017244017,124.86187674283157,3.908171927539535,1.3907807574150242,3595.4744182645895,35.95269043311884,1.0
9670.0,36202.25358198708,40812.64161425143,-385.77321080448644,438.41263118816687,181.0953833916279,150.2549742496294,3.5242431885218184,1.520559164489376,4687.818327599388,40.34683143432063,1.0
9675.0,39564.074557705106,43666.48315855903,-379.7498564956005,434.2212662124282,180.9686043844519,174.25602903276604,3.7943709563769,1.5712557280636739,4427.797940658995,36.706857141370364,1.0
9691.0,39582.34473091819,43578.05661888647,-377.3861130271829,432.58579744506403,180.92640681972804,190.06756842005998,4.244461669532401,1.910978030529938,5525.980111290056,36.99462822115515,1.0
9692.0,37320.73499779991,41742.49509448369,-314.4080265661835,390.95169559003455,181.37018049385523,234.0336053814708,4.217144968551036,1.71221101036707,4356.653344715418,29.114804132090025,1.0
9693.0,36496.82912911168,41015.01582584844,-165.83289852265298,307.55050313540494,194.39409285058846,113.26010885411343,3.891611642620173,1.41686223732164,4405.234346920158,39.47183227989757,1.0
9696.0,35291.275634660065,40306.49541474055,-225.55873470410117,338.5749257954075,187.13652210846055,131.2728178851535,3.8501170200155523,1.2992141526792882,3530.0115370713424,36.357290779928604,1.0
9720.0,36588.24181891855,41140.862486893515,-627.8387499679025,635.1701786865874,209.07382810476275,230.935469839813,3.741109012066801,1.4912485007483223,3969.3688124776068,42.34001048395749,1.0
9721.0,36551.42705243049,41338.51791922495,-385.97391050270784,438.55287752419497,181.10008369464057,232.06966880262112,4.162595121769945,1.513047741306328,4038.6718407666963,30.420841396281375,1.0
9722.0,36582.234177813174,41216.60078022312,-657.8625282626441,663.4261328025851,215.65689149927334,252.65407604637642,3.855785725218563,1.432424344243538,4149.688123627155,41.32460948818764,1.0
9724.0,36384.48625716786,41136.42940207568,-361.343781870736,421.6253691722844,180.75253397464374,276.86226813967073,4.451500623790804,1.6872378435849613,4456.928750353449,27.2895656644006,1.0
9725.0,35906.799649054745,40676.57589843718,-393.9742453340723,444.1743432993038,181.31244925128357,206.31101105490745,4.129768074580565,1.623894247429716,4461.590834917743,33.73256401055529,1.0
9726.0,36081.29055996953,40729.67240843015,-477.5618932310692,506.51719174124014,186.4484217815468,244.37223413634317,4.102588502765861,1.9127094475916335,5305.167768764257,35.39076809356828,1.0
9727.0,35428.253481828186,40249.753949059326,-458.4548116301567,491.6854917299082,184.80493653518772,212.898487566389,4.076514842477319,1.7868283383892158,5318.185809949098,36.94507234746769,1.0
9728.0,35795.536585268885,40588.143170989635,6.8029105283436975,236.78924713081483,230.65729693332557,136.04563342401045,4.239692980143996,2.1921685400670627,6390.339728818239,38.555736905356675,1.0
9728.0,35795.42981888493,40587.86646646117,7.246827197902269,236.64351841890397,230.77982151787762,134.929870117384,4.281150339924642,2.0416114074426925,5540.304321923478,37.60920786965003,1.0
9744.0,34170.17435004264,41490.01854925576,95.40546256430257,211.3858190140486,258.08872628193507,87.04813185455907,3.622562372776443,1.2862077356561543,3327.1513828696766,42.895104343328725,1.0
9755.0,37825.69569786481,42214.27607892426,-506.1901797017509,529.3839921277538,189.43160387106806,170.75819428243645,4.0798306058786356,1.6608705400347628,4643.597676215984,44.79438361139872,1.0
9776.0,38168.29203039889,42278.95996533042,-75.26165238089816,266.9219295155127,210.58691105996567,158.82654352287588,3.7560008182110027,1.645161599093927,4646.7806280993045,31.851767738026503,1.0
9777.0,38117.2452588279,42278.8792218242,-50.24208658491706,257.0622274166911,216.16205250722618,317.8586650820071,4.072094443077836,1.7056181259207086,4047.764097628041,20.825828647372283,1.0
9778.0,38052.59193212732,42295.61318648141,-47.22164492384656,255.91186609337257,216.86737365826465,209.24832579431452,3.5998350362455587,1.5108912153457674,3910.1639281196635,26.079316791293365,1.0
9779.0,38062.63489151617,42263.89595702041,32.30379738763172,228.719110705335,237.93922879147613,290.114900369223,3.979174689192631,1.7213751590231698,3909.481744709765,21.7528768409871,1.0
9780.0,38163.69362131398,42412.11691769925,70.49281904971602,217.7804463358579,249.77114411816234,187.20705941557927,4.144077427503963,1.8781580785501084,5039.25217626728,29.156661298306535,1.0
9781.0,38141.58192001816,42282.579028885106,24.98020259871502,231.1070218724655,235.90470528977693,347.19281418302774,3.8214928201757,2.7858881023679105,NaN,22.035502308995458,2.0
9783.0,38130.495993089135,42329.81780476266,26.3050906663498,230.56233059975028,236.181683763211,335.19628157178346,3.8481774231670434,1.8272382083034666,4888.359687795859,20.196991020383166,1.0
9784.0,38118.468833398525,42285.30803762538,-106.28469881476931,279.96724665305146,204.3365042289143,233.7571070793873,3.658670784754679,1.5602546756201459,3873.9012282992467,25.004082179347968,1.0
9785.0,38113.34089482757,42187.71513811716,-133.77702540146282,292.2864038517986,199.4104572619837,334.25767276612083,4.200254758249196,2.1302283717577106,5552.504205232905,21.78585234196653,1.0
9786.0,38877.32966662971,43070.27184385381,13.7789056041735,234.52065687694056,232.60009146779456,114.3083683436287,4.407288835457032,1.8022409568861766,4673.707794947748,40.143663681013436,1.0
9787.0,38195.02035890111,42182.38002617252,-169.83187603260606,309.9164997212267,194.1415037171069,527.8382682356935,3.6077051689237774,3.234027603314047,NaN,18.692206157922367,2.0
9790.0,36322.039730320015,41156.05188096572,-530.9506341766877,549.7846646134891,192.5154632095164,231.07854713017932,4.056093231133886,1.6671760520385932,4667.380114104812,37.7863894334908,1.0
9790.0,38146.5867290293,42174.043380180854,-120.82883063499553,286.39559643324515,201.65874218597872,318.27256355063747,4.430922229153539,1.7904571829149563,4633.676218109039,21.478069042289125,1.0
9791.0,36348.66688234573,40961.496914542564,-169.76731052204678,309.49072421457026,193.83236084887966,222.71939816716414,4.082654167415008,1.659080518180069,4845.878113075525,26.85661701370444,1.0
9791.0,38115.02164559407,42212.06806739158,-90.0678609900294,273.103769135541,207.5680660290078,666.9808312679531,3.919603224392008,3.8295350609736647,NaN,16.269239842462035,2.0
9793.0,38175.88386499259,42198.60721578373,-181.24426083726104,315.23388024792865,192.26114831028136,359.0511711662801,3.822582181228028,1.6492759965540509,3854.990393168258,20.273085572945053,1.0
9794.0,38128.56985074385,42244.55257775495,-36.40172942148903,251.86161637329235,219.45105871989637,188.72710875433623,3.8093078702089738,1.5855343058636606,4380.585053504212,27.999318422845768,1.0
9795.0,38103.10837001519,42255.02816542599,-20.79758028120031,246.62084659072372,223.66236663864152,968.3149105687254,3.85929471202246,6.240914697950081,NaN,15.002585921980685,4.0
9799.0,35669.24940223944,40479.67560607135,-228.20646139715808,340.0281484639843,186.87771388218036,161.4632723705459,4.283389938164715,1.6239624967448707,4520.723854398374,33.959710090972855,1.0
9799.0,38068.36133246298,42206.37642566149,-22.272713925925387,247.45187282808547,223.5354620361949,982.8864954691094,4.418252640041501,6.73011087957167,NaN,15.438036146215914,3.0
9802.0,36922.34577213716,41503.151973216365,-530.1445571283944,549.1114160128841,192.40771039561395,196.914185544947,3.9324207962320807,1.5946015880717186,4355.2205091989,41.40806946150494,1.0
9803.0,36738.32315326964,41461.27871837987,-528.0047229218138,547.327164099366,192.12406887152383,237.62326108499673,4.066158626328685,1.8303569681057805,4386.292127609971,38.199536922756764,1.0
9816.0,37992.9773100291,42247.60590685351,-10.660137814028008,242.66945129292822,225.9565127363184,297.5057900078341,3.920580998831844,1.7345295798774336,3910.0817092443554,21.555706643499565,1.0
9817.0,37923.0729675859,42222.619295412806,142.48752776512595,200.8989432168318,275.09964012321757,365.30429954454854,4.835957960920304,2.5512186882030865,7679.967915769726,20.91169874515117,1.0
9818.0,37880.41271648018,42166.39627848152,19.035337255601345,232.84158511690887,234.08849362379516,421.0243618674753,5.010369265329158,3.4955858588421425,10486.333166699853,20.993409608445113,1.0
9819.0,37844.68322185912,42183.94680443949,-1.0902950845943218,239.41145236614784,228.50378405479626,372.47075873689084,4.71150739410366,2.504774602073933,7747.15522509317,20.411199245534853,1.0
9820.0,37765.151544050255,42189.79923417616,78.86665348886258,215.56573338085585,252.51414269705347,357.6706021139199,4.601674875791377,2.3238757469512312,6623.393794673285,20.462095323254907,1.0
9820.0,39190.03500833219,43386.24407499404,-278.61502029108925,369.14445468119584,183.12161329110342,471.24350797826185,4.439207448750414,3.6965385396451707,NaN,23.102648477912897,2.0
9821.0,37756.45077247807,42148.28934522177,20.97580715838648,232.22832194827032,234.64327524812106,235.3489794605754,3.929898930108094,1.941260324639467,5159.923489971619,25.437230095485248,1.0
9824.0,37797.82525187385,42147.3481660952,80.04888823753203,215.25838260346583,252.90570965584445,114.52794838611347,3.452897115183294,1.3111395362920744,3530.811804865396,36.13612179355005,1.0
9825.0,35244.964238540204,39959.784653665534,-363.3543999668075,422.98575970131964,180.7635754804436,324.4243382137758,3.6534205375098403,1.5622182464914538,3909.0588048140858,24.400520446349763,1.0
9825.0,37741.37670998668,42216.064498386964,8.2728950814935,236.30739261102815,231.06359927598749,309.3577446822103,3.912095277208232,2.132390156402609,5768.985274361811,21.968876057375596,1.0
9826.0,35303.195786456956,39961.42483751223,-376.5516721813925,432.00970801310865,180.91252728164423,288.1161237746479,4.167705454656678,2.247783558316024,6416.7662439487085,29.5049771679057,1.0
9826.0,37780.56541503596,42198.63488464639,20.539045136336597,232.36604588897396,234.51815443896263,387.4488794197069,3.9659519370190712,1.6168212428419837,3938.9037931882176,18.22176812836636,1.0
9827.0,37764.483637981946,42163.91433715145,81.26671036445846,215.50156395162364,253.76145585596308,811.0267366883068,4.006387373467824,3.7198368940435103,NaN,13.854000228692149,2.0
9829.0,37727.904324291194,42266.38733216845,143.86131705510064,200.62433798383185,275.6213607370181,84.04452040738633,3.5471029533480434,1.2137110434919853,3097.2124032155543,43.508236608013625,1.0
9830.0,37742.953694744,42214.568992801265,72.36459309308867,217.27966085865685,250.379639513128,387.97315198899526,4.009085638132437,1.7367160799038845,4056.9849859472097,18.37655130477503,1.0
9831.0,36264.86750452966,40976.1922701259,-133.28350208963778,292.0589762329971,199.4938089528966,185.9640362986582,3.9117291771272034,1.3985827472085441,3548.8432866440567,28.36811319770282,1.0
9831.0,37759.75467009391,42180.55622323475,149.85013622342373,199.44802974327354,277.9125217614901,166.73013622628622,4.0154081962689805,1.5425226443120477,3911.9173455063096,30.092140416075704,1.0
9837.0,39371.01707052932,43520.92463931192,-241.88343966458754,347.640124588082,185.6259036847149,121.12991164408156,3.5280489938817783,1.3043118075225903,3868.433493128299,38.73755126902647,1.0
9838.0,39149.61755048758,43275.17368794794,-248.17394572105485,351.20035423369075,185.0980156978118,220.68417075779686,4.237337966082348,1.9275876591629708,5262.210725416717,29.618987189121476,1.0
9842.0,39309.013288443864,43692.528408004386,-485.4168312862546,512.7143744554501,187.20476061999318,189.23799404888888,4.04378878546546,1.6113030336702903,4359.464961452184,40.01705763711763,1.0
9843.0,39645.42707553542,43626.508145972846,-331.0690173738369,401.6022330125451,180.9587274486598,286.20511279026056,4.010498082411375,1.8069497227191065,4811.862982024265,26.406368552810243,1.0
9844.0,38921.74490676175,43034.58171519225,-520.7125710417566,541.2791995919283,191.18368038714453,253.69543442315666,4.010806818089339,1.5662160998137133,3784.734064081195,34.296127187284185,1.0
9846.0,39615.17905137838,43642.67826436092,-243.66770645632312,348.6461727146472,185.47310744896492,222.91468847827863,4.183603619074535,1.9864773063366021,5849.651111294604,29.60597637655869,1.0
9847.0,39667.16972229703,43647.457646972915,-285.3937099335892,373.0291522790127,182.59168771800506,301.02465860747424,4.117742759532823,1.7813837999216018,4601.448288972625,24.500370124819607,1.0
9848.0,39308.492735471256,43304.90575278265,-921.2832256236701,947.7834766251384,302.8698435105083,471.41305717840237,3.84232581021696,1.807505250022274,4939.587128239682,47.58379662367308,1.0
9849.0,38477.55950511592,42742.039847640044,-102.50551929711987,278.3295403486171,205.0586864459522,202.6539506851771,4.022217549004167,1.5793703761291222,4099.165425013772,27.30091918910043,1.0
9850.0,39273.81763996065,43286.587727942155,-609.9413536206827,618.7309888323376,205.47642802074523,257.9488771154321,4.1662572615329285,1.8565122395618876,5060.461319372527,41.41017521251166,1.0
9850.0,39202.01411861722,43289.14628992834,-523.89326606701,543.9110382348211,191.58887648270849,222.3828877363209,4.419146554474657,1.8423054775950887,4856.581980596403,39.85865719965365,1.0
9851.0,38855.68982876264,43275.7382071554,-492.6861713993078,518.5013864625773,187.9466071584265,163.82518869754256,3.6904223260397893,1.3439803262685786,3437.8774185315538,41.8796310748864,1.0
9856.0,35318.599848477905,40010.72777763106,-341.0483905435593,408.1068984302559,180.81358454909417,118.6557320689777,3.178783841594604,1.1167468752144973,2882.9685603085577,40.974213733916486,1.0
9857.0,35480.937587178065,40046.10832180281,-397.4870181380401,446.66167556944947,181.42110510934023,164.30596029213527,3.794692828525398,1.221549563612406,2893.6500556885994,36.23763444363027,1.0
9858.0,35390.51991385757,40050.80414072687,-358.29015006629044,419.7203807940971,180.8659653579249,556.0524572956874,3.538260965983397,3.4324191168756997,NaN,21.590726397672597,2.0
9870.0,35235.28342048757,39973.34353599481,-429.9345099660623,470.1873326756452,182.86937611904827,123.80033853441228,3.535796215044543,1.2226942172437612,3125.8923733042834,45.03950429873776,1.0
9871.0,35341.867257813654,39971.232116939216,-453.6025434096881,487.973778130509,184.43187108725343,166.43062885518898,3.5357594907602454,1.4029832610224577,3570.493472132485,39.88556480116249,1.0
9885.0,35199.28132649293,43690.937675887246,346.7095711774365,179.60985046593433,368.44194543163997,166.0594019312803,4.320936382242153,1.696407683991793,4933.630892797067,34.7058342567771,1.0
9886.0,35005.486525627166,43447.024902242796,180.15290530131318,194.0145702821847,289.92459953420064,295.60753949522154,4.34604626389857,2.690794206952466,8333.183937020935,24.781873940377594,1.0
9889.0,36817.29513222877,41383.76379262411,-387.11792003557923,439.35302183618217,181.1274621112292,152.47788040815234,3.734899801461243,1.1789377842793214,2671.897858166412,37.218081578670066,1.0
9889.0,36823.59295584621,41382.37045493471,-471.35549223699536,501.6617769295016,185.8840721421959,166.6223284120377,3.6555103478952264,1.1692515648207946,2573.049970535657,38.75539428188641,1.0
9890.0,36091.15186079265,40791.97926169741,-204.4818467767953,327.2425056871736,189.38727220733563,245.26888898879687,4.092211203042916,1.7950060120810833,5428.718081830537,26.308269377649264,1.0
9891.0,35892.43756307178,40767.05902522648,-388.7260067484742,440.47983818103205,181.16763319208087,177.04322758898164,3.83341370679937,1.601304110682217,4487.042062062512,36.91897767772053,1.0
9893.0,39586.07677334722,43695.72901229283,-411.0899379211592,456.403439900855,181.93058314320444,221.81920525694392,3.7976685622643185,1.654170795377052,4173.84752210726,33.00295758585696,1.0
9894.0,39358.123942764876,43542.476245666905,-179.6297704930944,314.4184688959323,192.47610718040028,246.43516934302136,3.8599374444721284,1.5834200421163456,3689.6097300031283,25.119597019981313,1.0
9912.0,35401.068955922674,40005.09407237947,-416.3294084295584,460.20224852259855,182.16443887377284,213.8033261984163,3.742304933734709,1.3626502247237948,3386.391756969897,32.263970392096084,1.0
9913.0,35510.42854686641,40030.04920998113,-310.5840739883767,388.5441687772555,181.49446420789323,283.4728281969803,3.8873019360734156,1.678942794720148,4670.289227491974,25.613764884666754,1.0
9915.0,35349.03318081953,40005.498148369275,-370.59613301317677,427.9171313729292,180.8288756598671,196.413324065209,3.7737869208549055,1.4916197843322578,4239.295642035699,33.12315037295367,1.0
9921.0,38158.75589878369,42565.80688262321,-28.589601688428246,249.00591080662053,221.37197888427627,163.76065908326635,4.398599120994554,1.8670796445570235,5858.099732499513,32.055840117124056,1.0
9922.0,38618.84143832997,42948.4267925017,-634.5939824908438,641.4535443651286,210.49509650268476,340.4577971183596,3.8263702481655,1.8251640342509063,5361.920551920492,35.36495281089571,1.0
9923.0,39032.26773895436,43334.08041126907,-228.5476660125935,340.2159017792569,186.84475064920028,193.5190040184621,4.110209280475828,1.42605097857065,3654.7519103985633,29.294302985375158,1.0
9948.0,35731.52313680377,40573.36706884738,-438.8461277145656,476.82237801800096,183.40758591072444,359.1174855061474,4.0798405775945445,1.6365958449471953,4222.610241398346,25.106797493333534,1.0
9949.0,35522.03428592134,40348.06092497177,-392.69533283588015,443.27165744215165,181.27522550607594,249.69224390994583,4.103756664696109,1.7668285375930577,4858.444063490453,30.51648180704532,1.0
9950.0,35313.162004989375,40260.726254648434,-174.7342683638404,311.96098284611645,193.140055324951,199.91802970299543,4.535145583207766,1.6697641723136785,4354.629704933784,28.85528971339404,1.0
9951.0,35304.2582214082,40183.856786779455,-156.00571483865738,302.76807825474026,195.84869212603311,191.28287154931772,4.2298216256139,1.9437225364170236,5842.798374762583,30.737272771798146,1.0
9952.0,36024.22918559377,40668.29364412221,-665.7203040841168,670.9615870473584,217.49322551702272,303.2921559209641,4.00982134194383,1.9043156994319705,5334.354714325213,41.13304321527236,1.0
9953.0,35053.34517156207,40258.266856225746,-268.23634846837024,362.8043328097892,183.61587683115508,190.0318157700869,3.874160993203725,1.5639105441159002,4303.799322081048,31.181224578031756,1.0
9961.0,37339.89777966623,42070.88932421167,-477.7349563976296,506.6531037300229,186.4645791578329,212.31951413978777,4.345513218060888,1.611976336711905,3822.8550201933604,36.654728350996756,1.0
9962.0,37308.770532426424,42029.773347573755,-575.3585487956071,587.8215904587084,199.21681087888402,198.1804284142784,4.032652040829461,1.5706659513343175,4326.914214824401,43.98222753960336,1.0
9963.0,37660.40447059229,42146.708828351126,-421.587305565126,464.04044143853326,182.42014873575536,325.6446893587774,4.390933465058261,1.8829406084635703,4996.4250192582995,27.079377235016185,1.0
9964.0,37700.76256498633,42132.13975164909,-645.506910909223,651.695093980763,212.86459481487893,421.9875491261437,3.906838026131842,1.811593436558386,4889.578200860468,31.114040100428618,1.0
9965.0,37584.08091976867,42074.74907044725,-72.48978388968375,265.800515853854,211.18107156184863,521.0662376952527,6.256077650646105,2.9622854824840394,7877.479046321697,17.540044895732873,1.0
9966.0,37648.32740987011,42105.523669451024,-136.5746559030644,293.5799618011294,198.9414708816827,781.4799475192395,5.278083615466501,3.3168079016363623,7803.985738202291,14.332004982844168,1.0
9967.0,37638.83083452803,42040.809778234936,-158.97187251149265,304.20197116161984,195.40189294226826,393.0372959713899,5.122162868664253,2.4618666769419577,6115.414771103304,20.68386266188872,1.0
9968.0,37666.84683570637,42033.78845095411,-52.535434611756564,257.94141478266215,215.63116289237482,430.3614778484107,4.673958473589769,2.229708882523199,5990.064108776239,18.31714591880927,1.0
9980.0,37751.108464376615,42149.165058926475,10.636737854262934,235.53680831803348,231.7204164743027,186.95392070625184,3.779866466733706,1.498852448456135,4329.424820614363,27.59481807762091,1.0
9988.0,39543.86768562588,43499.20028752952,-432.10739576987027,471.79822648597224,182.99502624378903,143.5820549100099,3.8577562574510385,1.2513081089125038,3185.227523057755,41.305896803884245,1.0
9998.0,39508.01600361354,43588.14865317987,-325.9863188103541,398.3253706327445,181.06182332094937,252.3124509626708,4.169736640672875,1.6860064663519558,4448.405898397814,27.945813090820916,1.0
9999.0,39119.324640432555,43262.10307359125,-680.8279453572993,685.613111695725,221.15603352349498,288.71400571082563,3.9157216278973714,1.7852917438324005,4923.318134058536,42.59570921183624,1.0
10000.0,39243.19533199642,43456.4744680777,-725.995222876142,730.7003905302757,233.14411177089647,263.91171920352065,3.8239420287343675,1.7514808891828837,4773.903778635098,48.978904941926,1.0
10001.0,39236.60024209407,43492.33706197055,-414.25739692036694,458.6968695546677,182.0694569842815,230.23475696047961,3.888933821133334,1.5534158773724207,4238.11169646975,31.764134072516338,1.0
10001.0,39242.08831118095,43493.12006280488,-458.89766167207085,492.02535287865015,184.8398784916205,235.06390110203964,4.002155189195733,1.5671573872318816,4178.812490808815,33.16849770756674,1.0
10004.0,38164.850165480086,42575.38868730417,-170.83165743279017,310.018106246513,193.68242705391341,166.29613649211362,4.646328206679511,2.060758957354351,6270.76641015658,34.82346288757757,1.0
10005.0,38533.4158440435,42839.022961167415,-369.7995870215042,427.37229023325636,180.8197367762562,238.67512744239906,4.7716376610622095,2.352064474198913,6799.342272350943,34.003363610358306,1.0
10005.0,39638.8369207116,43562.367480007575,-507.92415198050963,530.7938233538996,189.6323519694595,211.44508304424966,4.5129256315484,2.3128950643163355,6998.32113969004,44.78318778723479,1.0
10006.0,38025.29888194384,42436.48609854654,-317.4503778294071,392.8769827219754,181.27925991365885,205.10887666765535,3.9176209524440293,1.6068397661123301,4485.678387021592,31.20757178684062,1.0
10007.0,37794.73777846535,42158.134207478935,-657.5956668532168,663.171240194848,215.59535311903858,217.58078968260583,3.652877808830088,1.60545144314467,4474.425835096159,47.7707055309487,1.0
10008.0,38392.622663040805,42622.30674421434,-452.11365731078666,486.8393152046671,184.32099603390404,239.5675229087836,4.528303537040363,1.9574851792449686,5035.43785744401,34.94828451203165,1.0
10009.0,38417.86311426819,42640.281414368714,-552.9303624602583,568.3786316424549,195.64445557585023,315.5739677316845,4.083165295983553,1.8555972512292356,5366.920339832424,32.86245991557161,1.0
10011.0,38298.25101858697,42685.254188757404,-91.10942023246945,273.47258593623866,207.30232206176765,216.22260141286844,4.040891068623236,1.613158682453715,4280.87284802806,26.25657599724534,1.0
10012.0,38571.80476085672,43104.27764394784,-332.8127273344951,402.73203127707427,180.92789431962422,184.68985813652097,4.1590545771652385,1.632337083114223,4477.8875292096045,34.04001458079496,1.0
10014.0,39825.45965734511,43637.254799137656,-227.0444136606396,339.38953669836724,186.990643095211,140.9870051930273,3.6489546343227803,1.3549011327769869,3581.2328001565493,35.17449642378756,1.0
10015.0,37608.36845094175,42007.460515431165,-250.06862353622387,352.27999484937493,184.94492716125734,316.80988933505773,4.590547289748351,2.3223021103579966,6237.410564961852,24.799919536572137,1.0
10017.0,37847.321184560366,42271.42927427466,-268.45921747534845,362.9353706207754,183.60113477244087,181.25565774435464,4.402256073948802,1.6723327512343555,4500.469221144401,32.765599588851316,1.0
10018.0,37533.87181501372,42048.954144824085,-729.7172275457466,734.5016009528667,234.20132621695052,282.4193297788212,3.804207123951951,1.5527990803277196,3742.373518630657,44.67322045933431,1.0
10019.0,37593.556752002376,42038.84337556853,-299.9273326864575,381.90753977402284,181.8996253950904,289.9412929128044,4.021530841623233,1.659072080845486,4410.796412733113,24.968153952748985,1.0
10021.0,38277.63685467045,42712.92681178655,-259.5021493364039,357.70587010374686,184.22342623920858,219.6507179083706,4.344563993108308,2.668109864289553,8245.517457783772,34.08574927769151,1.0
10021.0,37990.52241780754,42825.98617314765,-956.8895329206041,991.2400049163745,318.7154597844225,679.632227960489,3.514983076308935,2.475900880080693,7102.478249686248,45.51667138934102,1.0
10022.0,37968.36422842951,42487.00782801473,-291.22774895728566,376.5691547192501,182.29454265134206,135.25865383440555,4.016092839640927,1.428201708135957,4119.806913307892,38.53095651933135,1.0
10040.0,37251.61538025256,41636.298585183846,-450.54144157193474,485.6436281352027,184.20574943331624,197.70486579928166,4.707569717600458,2.1016157894348217,6352.96519870362,41.1648497176602,1.0
10041.0,36757.13359995933,41356.37841040297,-405.9836304320611,452.72608839492705,181.72280130891312,205.80277245048086,4.409520719227145,2.0785587744025027,5783.497285376792,37.48021484408782,1.0
10041.0,38001.95183293599,42206.299817731095,-349.67474798045527,413.8053297659762,180.74927865840485,197.32031100339415,4.517615535859266,2.1735917667415574,5730.525668451618,36.79550348704545,1.0
10042.0,37260.7246457309,41787.36395478266,-656.4390158422599,662.0672416113586,215.32925619351397,242.63539970868936,3.987669990983933,1.3649905203867894,3339.2231746482266,41.68946448623106,1.0
10043.0,37044.15185382368,41719.67122076456,-361.4186737197277,421.67597287870626,180.75289000973325,177.46165542207788,4.314642580007162,1.813537278647796,5221.699387725114,37.33875402191625,1.0
10055.0,36770.653058948796,41468.944323663185,-132.67503285999527,291.7788948804001,199.59682949005776,127.73663655466548,4.450713021381418,2.125409464556173,6330.677704551245,41.68937670254782,1.0
10062.0,38820.140766823715,43126.636185629264,-198.49112723017655,324.0979294441299,190.08879562147092,181.07602118538463,3.996834867304887,1.440621013061611,3653.9380153664083,30.006698107424302,1.0
10064.0,39806.51479359387,43715.47231641332,24.84040978478434,231.01753668372257,235.75671626913643,86.94972237745489,3.5645301601883714,1.3208556506995437,3845.266471955438,43.23365641858475,1.0
10065.0,36612.09256842128,41255.57322860056,-113.61276631786144,283.18124052462304,202.9671627584946,184.41486660782996,4.383219666322677,1.8974287081932675,5409.042317407229,30.612700100600843,1.0
10066.0,37137.30374826022,41698.320565816,-360.71845381130044,421.2030474372344,180.74972802054717,255.99909988656324,4.515237784845139,1.8353091309600384,4892.826306312152,29.33182872119322,1.0
10066.0,37115.20385464223,41694.13284705372,-504.0445221976661,527.6433592582441,189.18636551290575,284.28121634789477,4.5431507521325765,1.8035095666570422,4642.352362269973,32.4893918884195,1.0
10067.0,37269.2997333328,41671.47466565337,-319.2098786891281,393.99442901272647,181.22989671761894,283.1329222832397,4.1157460675979225,1.5650508306456479,3808.357545707887,25.433897130857005,1.0
10068.0,36584.79706119417,41070.96398837347,-201.54773645838145,325.6981392271763,189.72744408237952,183.85404421365902,4.881044177012853,2.3668925246794825,7072.473189929148,35.06276168711304,1.0
10068.0,36594.12428109168,41077.25462733284,-254.0161179743947,354.54026184643163,184.63476033809516,190.38880838795967,4.792028376927621,2.3957583319042217,7336.726367078058,35.82788669676626,1.0
10068.0,39704.23810310159,43911.96297619381,-355.6590442481212,417.7996843300136,180.7379851121668,208.6793205740243,3.7006085064948713,1.3751512927581417,3460.4938175224884,30.79316505502617,1.0
10069.0,36013.30666053401,40722.86278413841,-261.36188276723124,358.7854346133707,184.0891919016182,155.17038387302316,3.941665676145419,1.6328498298814698,4317.280485417736,35.8078004812803,1.0
10069.0,39655.87496137583,43932.711805362145,-379.4802445568539,434.0344561075587,180.96357612851,304.30540891177844,3.821512538251611,1.5056134339105862,3635.437682455924,25.574049420303528,1.0
10070.0,39681.057839222,43873.44352304734,-291.91079378911246,376.9857143886022,182.2614493616023,302.0839122056965,3.897618770362668,1.5958577356298356,4161.9752744724,24.00454628951362,1.0
10071.0,39695.71542270573,43891.428226141696,-381.6846266739065,435.94979262737684,181.3182140223643,679.9737770905922,3.8184663931640785,4.863591770886306,NaN,22.601481827098436,3.0
10081.0,37591.8571947871,41913.767193737694,-174.22506037112987,311.70666390112046,193.21016490349385,342.8748005435011,4.892722229033773,1.9652102630308697,4764.121707077057,21.46652361918789,1.0
10081.0,39733.5822000747,43730.69809536133,2.120013590865249,238.33786593963652,229.37392794397906,107.9910868155307,3.589274169535239,1.3941395624644464,3960.1243039156016,38.2510197036503,1.0
10082.0,38274.80582871909,42540.41679511996,-273.55385791272374,365.94358315016757,183.27446384623124,251.1646001253633,5.098533620011793,2.61453217497903,8309.616471367879,31.027375313719315,1.0
10084.0,38515.20207154572,42696.545943488374,-270.7078319712359,364.26008382497577,183.45451390020392,264.9157842446816,4.31190936875715,1.7406391064954847,4271.970330092339,26.065340450651355,1.0
10085.0,38240.70183545972,42582.73689752256,-538.130049134782,555.8080601747934,193.49702166233516,293.15286400083585,4.431662581182168,1.6873541475348106,4263.230582146021,32.73223866266036,1.0
10085.0,39799.69320564764,43667.880991734484,-7.839482966711807,241.70019916386116,226.7000518799982,147.53531242131487,3.8478048499914954,1.5220050507341996,4154.994963158589,32.15476253861718,1.0
10090.0,39633.271421669735,43932.1182473664,-247.02881689769129,350.54946897514685,185.19186766454678,315.91327265802255,4.454862123975295,2.4211601653392947,7488.240101022458,25.129085103576514,1.0
10091.0,39677.2363809418,43926.66859045026,-280.58632605650683,371.74205058104326,184.15378903972478,956.9253072546153,3.849379179864116,5.336689323409496,NaN,16.45917488639662,3.0
10095.0,37246.63686469894,42031.356680792866,-592.9392958283304,603.3939627226238,202.28509277230546,194.08259915752515,4.063682601716703,1.5112680417362934,3706.4976205441603,45.24100292736654,1.0
10115.0,39205.51089485283,43516.48676210127,-850.7131396490785,865.1875416075604,274.31970939246077,509.81073813456646,4.129981640385826,2.0595970656463756,5305.50568167972,41.54572681921412,1.0
10116.0,39454.98307982139,43576.43021479156,-496.8907093538241,521.8713022399362,188.39406899540717,289.7826642075407,4.172905692862979,1.967037550467024,5432.56547548458,32.70755689837266,1.0
10117.0,39353.01509712587,43499.13885869884,-675.10593314617,680.0385313928331,219.74828251544835,463.7853447701691,4.441546899150805,1.7831971098100319,4015.8051590879436,30.552002127936042,1.0
10118.0,39542.10461488647,43606.29373117876,-750.2572909575966,755.7137372950646,240.225509436993,474.1637092840039,4.295990389230137,1.7570782520607857,4161.915182175878,34.056604943659366,1.0
10118.0,39467.28835375231,43614.90738190742,-666.3334638987276,671.5520444059565,217.63849795218127,408.19933733708194,4.343943766291387,1.7639624958108224,4314.347556025619,32.63319126958832,1.0
10119.0,39676.26390098843,43673.94557022427,-371.6834675499571,428.66183905721186,180.8421313465267,305.8504902571309,4.245603691716949,1.9722598080283842,4786.125438104279,27.01219322325461,1.0
10120.0,38917.942846269725,43314.80160267897,-431.6316620234192,471.44515512708745,182.9672086257212,170.04672424826816,5.348222110437039,2.442857028258316,7397.701245339603,48.46325437884391,1.0
10121.0,39152.718665806904,43229.36401021098,-398.1456948175999,447.1293683978652,181.44252605175032,229.244840923341,3.8825864565878554,1.9318430160471238,5920.238029976933,33.468626166234955,1.0
10122.0,39599.849033858816,43667.62002649244,-87.01868835419482,271.75900966744825,208.13183561164428,148.2520792322244,4.036299261549516,1.5885510778905743,4793.256107640099,33.09377346489419,1.0
10125.0,37044.633088336835,41515.30587335735,-17.93951176779576,245.2055040322806,224.0656477670719,115.08130119522001,3.6694590306445978,1.325021695556974,4074.3749443738684,36.33131209162091,1.0
10133.0,39206.24748089835,43680.562137065295,-399.7106955650541,448.242236742756,181.4947477962969,126.10014549654564,3.8118614778690114,1.2309781231276515,2954.3114885492373,43.031556168840076,1.0
10134.0,39153.78084732871,43726.57068323937,-321.0436240806616,395.1621342658831,181.18096134846743,208.94545801076248,4.045235239128004,1.5658760779745684,4088.1319733363102,30.731256875902062,1.0
10135.0,39037.17030433526,43705.530462592375,-378.63852839060513,433.45168454417865,180.94823458556215,275.25126886348545,4.0946439894399616,1.7913554991101852,5294.638778449408,28.331865556099363,1.0
10136.0,39074.24935179785,43602.33920774078,-280.1396018832251,369.86851188468154,182.88149448091315,230.39193264440837,4.190355672834046,1.7510150669301774,4551.476380906415,28.721519469466752,1.0
10137.0,39097.79969962261,43621.68802370199,-333.9164251254565,403.44862961548097,180.90957571394225,165.72045752088238,4.2006020285824865,1.507622834277889,3806.3835372466797,35.700226018243946,1.0
10138.0,38971.49122230031,43648.2853122393,-310.76619629715736,388.65851864635016,181.48829224810277,161.90294070503367,3.6922644447479214,1.4071385328368016,4019.683683302879,34.77688157928775,1.0
10139.0,39067.42704540256,43621.41868362031,-466.9104928425836,498.2066720466628,185.49792817985843,310.8430452327049,3.898608493155214,1.7905540516573724,5053.760385104687,29.086663012377237,1.0
10140.0,39040.18936895614,43604.627179426396,-387.6427259513864,439.72049507053976,181.14035548236936,282.1979940777828,4.369601556469576,1.856576788988286,4518.4732608406675,28.445747029127844,1.0
10150.0,38703.026475939405,43427.767779681664,-363.73280710534976,423.24221741408667,180.7659980183803,179.23739024927664,3.9797951646376943,1.615886250348046,4489.800704575829,35.72400655165155,1.0
10152.0,38720.181508227084,43385.98238160871,-355.25228964923895,417.52711702747615,180.73788825433158,148.83846983359416,4.2237520335442875,1.4662101207937777,4524.446155872879,38.799216074995165,1.0
10185.0,37758.60193151689,41997.92679866463,-532.9269836497133,551.4379365202387,192.78174827438502,265.23558216237103,3.9664367559069684,1.6823690915736975,4704.063162568385,34.66396144692749,1.0
10186.0,37332.04060964185,42036.91526736852,-467.86726382901645,498.9487979902855,185.579772624231,220.42264216019186,4.286180230431183,1.519972441262627,3817.4828631618566,34.66445686848739,1.0
10187.0,37264.22109025171,41987.08788068206,-592.0039427386399,602.5581207013836,202.11591748207297,237.82838206576668,4.093786670187861,1.4308839333533383,3207.9366380903343,38.67627966854849,1.0
10188.0,37363.88345073573,42037.273664302484,-434.862804714085,473.84738330080097,183.1595360261729,139.05043902825705,3.960129706466113,1.5398550956962274,3976.419219616416,45.38505805187577,1.0
10196.0,37256.05489862129,42012.47715219246,-416.5747214671621,460.3807438933321,182.1759007431212,146.7668854452512,4.001517113926445,1.6887951663014418,4714.189096320953,44.27197712591533,1.0
10231.0,38470.467536080105,43179.87256923462,-442.39683223981496,479.4868794974367,183.63888923541228,167.06203414294657,3.866357790490966,1.521362574881494,4120.4811114693375,40.26601577015143,1.0
10236.0,38563.737232075786,43238.07515936678,-521.345086764735,541.8019250998577,191.26373744083048,383.0531960621123,4.025375909375161,3.4437263884851026,NaN,35.96400808090389,2.0
10238.0,38632.10284397495,43200.83906904721,-385.7581218504343,438.4020887587657,181.0950312553406,121.1552616472748,3.5500280660397583,1.2909184726611782,3357.431683476212,44.1108243827118,1.0
10252.0,38788.888035954806,42942.51280170225,-235.19263600818707,343.89429182025344,186.22048015005143,91.83459985136894,3.9306376905867646,1.4168160651210477,3732.826022120031,47.54185651976779,1.0
10256.0,37952.70793218861,42732.02044504839,-377.19330847872595,432.4526288251365,180.92315269636038,176.11363123699584,4.074920446343831,1.5458713681087846,4051.921493749723,36.16285468681894,1.0
10281.0,37289.44959211883,42006.12374820265,-514.1179380219128,535.8529228862767,190.36813908952155,174.28881109723872,3.5733083846190112,1.1537660066427533,2672.609557058409,39.705200395324624,1.0
10282.0,37272.87022672739,42040.77260162523,-400.1085085921769,448.56102086412045,181.53703517510786,467.7423919369264,4.2129954948746065,3.453802614059734,NaN,25.77088612830133,2.0
10282.0,37311.89166434595,42044.48422950086,-470.3096964522996,501.2536754511942,186.12036126515665,533.0654470349771,4.2387462787374,3.7012648253650102,NaN,26.744175295008734,2.0
10285.0,37352.467963594936,42067.412926639015,-515.9626929626711,537.3667152377712,190.59293629148135,200.57449810858165,4.164065073138845,1.5590625599708583,4048.577892723681,39.72561795853887,1.0
10298.0,37478.70722781525,41689.550872287444,-398.930509231848,447.6871593755524,181.46848082281667,191.4475198435463,4.136753971063172,1.6305911752193747,4700.017885500778,35.678436570794766,1.0
10299.0,37436.972281427436,41684.34509684715,-375.44042099557106,431.2435310182483,180.89486735071426,153.59727673532407,4.051418194914717,1.4157580873175832,3736.3949607899244,38.418957731066065,1.0
10300.0,37312.56722165824,41659.29439829517,-464.59732148153347,496.41601133578945,185.30293628760126,192.11938834477516,4.248770853862303,1.4846132644712782,3939.238898747942,37.47783114624402,1.0
10300.0,37228.67652311179,41674.23671981822,-628.0568552889277,635.3723766395038,209.1191731202938,243.33148977947903,4.040011475668887,1.5053207500631196,4073.065261657433,41.02188233988153,1.0
10302.0,37282.368053453305,41551.13449254203,-409.93284046409184,455.56799155726156,181.88175819404537,187.59207799173774,3.94285413763248,1.466781750763376,3865.042322051837,35.45650576933042,1.0
10303.0,37288.82195601225,41451.72242015535,-379.1083369809097,433.77687937078645,180.95673097459306,268.85028583462633,3.748346042705957,1.4602925073821205,3189.9733999869177,27.3721043110437,1.0
10304.0,37416.13373693897,41461.070091940885,-331.2120650870861,401.8592860460753,181.08903323796764,903.1670291053872,3.9149058196117443,5.130379991916011,NaN,17.627265384097342,3.0
10305.0,37354.906044449956,41477.96461436782,-278.8910731844614,369.121279939166,182.95345462541556,351.1624286172354,3.8724024103618997,1.725148411487461,4690.128534002063,22.04907437773015,1.0
10308.0,37348.009064254984,41407.519809558136,-252.64969539046663,353.7562090011134,184.74078047903893,334.77809979229085,3.814347715794269,1.4708978020160843,3317.9780549715515,21.646494817740646,1.0
10309.0,37371.27646072859,41444.198270770416,-258.44920611667646,357.09608870170547,184.30059562413726,363.75761435564823,3.8595751530113693,1.6883135120652548,3452.1573930315435,21.18362350650314,1.0
10310.0,37341.810619940465,41501.59043478484,-90.69639747611707,273.2988576590508,207.38549549943684,229.89671349965786,4.023701933953874,1.9066083809625853,5414.719981046452,26.335912942125,1.0
10313.0,37348.719578089214,42050.44860166759,-487.35311291956157,514.2509501463691,187.39842609079273,201.15520018519095,4.06936507778359,1.4637229054897138,3913.5819564175827,37.32199837079801,1.0
10314.0,37231.96974348178,42068.83445098465,-491.7211208128605,517.7612479105971,187.8708506559857,495.0397596564733,3.8401241144503135,3.0519875953619646,NaN,26.589817663825738,2.0
10315.0,37291.93988965652,42057.99651790756,-384.8551688755446,437.81590831458124,181.11008283358845,655.6105416799112,4.150970687639038,4.7899874043758,NaN,23.109992760843408,3.0
10319.0,37269.08257885692,42063.64594540302,-632.1381604170971,639.1642880672982,209.97438001618428,203.4015243040811,3.8989434717604823,1.544705063031593,4208.660166052175,47.16446611297139,1.0
10323.0,39760.7437097891,39881.02046535704,246.28965743829113,185.1632280132367,318.57174919670024,86.91906161685871,3.378564513105944,1.284865735039992,3740.041616904097,45.15368752189834,1.0
10327.0,35917.03728698917,40430.56823998864,-433.48600388748616,472.82258197127,183.0766118279709,171.3609642380995,3.786415116089589,1.6063576017954384,4481.732673483228,39.88053833453269,1.0
10327.0,37185.774200883985,41787.04069545217,-52.93177827685605,258.093861370929,215.53981908380024,184.53806303225429,3.7660973192522085,1.3944875886569958,3852.5348035083593,27.712727216265588,1.0
10328.0,35887.30677974555,40351.35956159744,-500.3968255167018,524.6941833966201,188.77750377756124,147.40555145046437,3.9929847431080923,1.7120312896068224,4501.025273339701,49.97961023175523,1.0
10328.0,37134.77139110082,41750.1233441325,18.25101820923476,233.09046777648024,233.86507063421303,356.2525595810183,4.123948527229263,2.01581332631943,4642.287877543798,19.86559458504312,1.0
10329.0,35817.94626768112,40400.19505846625,-342.3966913357508,408.99293710299094,180.7997942856845,169.28323939815428,4.116411810221828,1.7189708818928042,4907.090288670407,37.04902070587784,1.0
10329.0,37163.313709548405,41713.10979036025,-35.093162459859,251.3792600152352,219.76957872853,148.0923118551289,3.884777752087929,1.4974780888106234,3678.8716334948804,32.10566748933163,1.0
10330.0,36129.09902249577,40562.021215032786,-321.25708566971184,395.2982698818105,181.175431426627,158.3288408198964,4.479904862059684,2.0283563115090084,6143.249569499705,40.541485155839034,1.0
10331.0,36101.047911144444,40603.026538917635,-437.991507666404,476.18283358557653,183.35334805581402,153.90212784783378,3.939509992638811,1.3760652567134295,3611.15022865295,40.91750163153492,1.0
10345.0,36027.73274029333,40807.18611271418,-676.1288019203731,681.032778849178,219.99810098986802,248.84959064020654,3.9915555001004517,1.6768566500430233,4305.419370499599,45.71664848869823,1.0
10346.0,35846.981697589414,40634.85362335319,-191.28593913892635,320.36069929256985,190.96876518371602,189.93430417674318,4.156007536528613,1.807806530242607,4977.399238867881,30.79739602795208,1.0
10347.0,36632.1231608324,41415.727024466076,-348.67068750012766,413.1384552047601,180.75384724229593,195.0248365644517,3.9556606248956525,1.383457963859362,3550.3827318261137,31.929644894129126,1.0
10347.0,36629.48499858947,41416.5028306043,-363.1000355885362,422.8134453278777,180.76200838788216,197.39440406843391,3.94522037021703,1.3912249047637302,3602.857316913403,32.18869913834974,1.0
10353.0,35894.576596924795,40745.792278510264,209.66537804657113,189.55516211064713,302.2960676620001,88.88195369075945,3.452416039418068,1.2000532571303204,3163.6000870985777,42.79338108816719,1.0
10356.0,38219.3135455152,42181.72547593248,-224.3764099685623,337.9281340320287,187.25381673160766,182.027102071356,3.6094781313126667,1.2736650897007242,3375.106970440394,29.61668481709236,1.0
10360.0,37172.61686087957,41662.82880476179,69.97686630312805,217.91906825269302,249.6038823732242,296.1481305175296,3.843951946586207,1.7822873975806037,4234.175782836319,21.625714904737023,1.0
10361.0,37141.57668529696,41637.20138455868,60.31630759863801,220.5609413464614,246.50958031098287,302.80578883929576,3.630409234383522,1.6144242370066288,4328.919395420225,20.961428747106684,1.0
10362.0,37216.27905247953,41575.8159479421,54.704639577509134,222.13597354048392,244.74480543329707,318.7720163712633,4.018337763317688,1.554530616978638,3594.6682700680108,20.227712418081325,1.0
10363.0,37198.87308659631,41500.55374176132,-32.0935917109798,250.4080937297492,220.6084196972991,1318.808848048869,3.862149548264231,8.028699102069838,NaN,13.521628659555835,4.0
10364.0,37190.639015783534,41453.25550748551,-110.5692429474741,281.8402427839983,203.53091440390224,358.85766583327205,4.028772281228532,1.8623355815830673,4406.130651882527,20.066378283816004,1.0
10366.0,37158.02106659174,41586.68090517771,98.27877860326053,210.6859344711551,259.07846224856996,225.43476753846122,4.301367108910253,1.9550593073071814,5806.953726893434,26.223416245113935,1.0
10368.0,37154.77294994743,41470.05638240502,-81.13783363381069,269.323214411469,209.34669336454078,277.560682093458,4.175394336634608,2.2514283982268832,6232.3095601969935,24.388950767803692,1.0
10370.0,37154.596418402034,41504.11597048107,-8.05878384128812,241.77528780099908,226.64202565916827,316.12430587523,4.121792888559058,2.0531969434343926,4807.671205787033,21.52329271893547,1.0
10371.0,37109.741412977586,41557.42487236623,116.43322427460737,206.443856536943,265.4773664012189,142.77350632865742,3.880994585989285,1.428985862549451,3683.8282961296445,32.30210732290797,1.0
10372.0,37089.43735067976,41614.80729158737,32.16992816894057,228.7598744504871,237.89970763715783,319.8236472938448,3.7825941069939595,1.807999414951582,4369.508180316162,20.7194583990556,1.0
10373.0,37119.87204046608,41645.96633956313,-1.5510676161770023,239.56634076571825,228.37953769348402,308.5036250254499,3.7904512982558085,1.8125726493753163,4806.705024904366,21.246321971817622,1.0
10375.0,39934.01179367305,43652.45246650506,-217.38598800141776,334.13095523992206,187.96908367616845,145.85724850193165,3.650617306807,1.3177359870132719,3813.5605848889713,33.97995858060699,1.0
10381.0,37231.89219488874,41477.733627900365,-29.765063616787877,249.43191996308693,221.07997251605258,285.90249152814386,4.041184238666318,1.7572790871576864,4433.7163436286455,22.20406261454898,1.0
10382.0,35097.987846874355,40340.2996330684,-384.2314207618496,437.33651510501505,181.0602990238393,238.51114354348093,3.72506442081663,1.3535252057446356,3345.4171571507263,29.116337688476854,1.0
10383.0,35679.115423465795,40450.35165037902,-293.45484906400384,377.92898869734705,182.18795074941488,252.43311049016367,4.24353901196646,2.033511250709151,5590.9015294668825,28.628742602292174,1.0
10384.0,35664.374436873615,40483.07322392317,-422.8476277029745,464.96433278656673,182.48457293828048,262.441147945548,4.011054561301114,1.6705505023730964,4710.9918665817795,30.110136666031522,1.0
10385.0,35502.71120133286,40373.255223854845,-477.33637738577943,506.34012938340237,186.42740161383222,236.8190134648793,4.224581672253809,1.92821053790075,5388.377676361536,36.265826164521684,1.0
10386.0,35029.849992096104,39990.32798819041,-462.8466122530239,495.0641156215357,185.15806894168628,260.74887137857235,3.889297526311068,1.3759380847362301,3251.1731081737616,30.224738708535142,1.0
10387.0,35114.21437490488,39930.798532955916,-104.02844174477002,278.98787818987563,204.7663542916569,84.59705580619043,3.8249769920410297,1.2666925929153512,3384.9844809884453,44.81359895213272,1.0
10387.0,39795.68759956286,43578.52111277746,-295.36066175488054,379.0963632304029,182.0997374401555,100.68901701451509,3.503773468871894,1.1920594539198925,3169.812675562531,44.3794149642837,1.0
10392.0,37314.88014864715,42035.91710001202,-451.798393064129,486.59936649182424,184.29773552629953,236.7054477415868,4.124739669977749,1.4355954996827889,3458.319835717646,31.973153491066366,1.0
10403.0,37392.48207618395,42016.03335439161,-520.8836213592223,541.420490969251,191.2052747180468,211.93189487855784,4.036792263491774,1.565814662731114,4086.192480977871,38.61670133836813,1.0
10404.0,37292.10579287239,42022.04096629734,-460.5108262039125,493.2649248430904,184.96842496052335,279.10489147100355,4.203737032206896,1.6373710443190987,3943.3699074220476,30.145746631449473,1.0
10405.0,37262.975695663554,42027.865687957594,-415.43805694840677,459.5541585346529,182.12317793224327,208.9667909695975,4.1247005421502045,1.5357722247830607,3496.4736810091385,33.7327995299337,1.0
10406.0,37385.19521723271,42018.87453754953,-375.56560791206493,431.3297857351983,180.89680977530872,127.1738429643508,3.915364289022253,1.2910154849108713,3332.1859242699456,42.25513840941763,1.0
10409.0,37218.67606271468,42042.275585077,-555.8312279313147,570.8666783108929,196.08491963306034,159.96236666481025,3.4793593237107863,1.3511228007180107,3702.3757798958823,46.72410904102124,1.0
10410.0,37395.40132188347,42039.60182328704,-373.73456379224444,430.08441935327744,180.88152066605218,1414.9278902155233,4.3201662311301625,4.563780982261246,NaN,12.876345032119143,2.0
10411.0,35493.14910510809,40615.70923195573,-208.81309964245415,329.53709432795046,188.89711077105787,139.8394440550007,3.9294491202129205,1.2854330655135682,3439.931132747937,34.48371520720648,1.0
10411.0,37362.08796038831,42024.94878569513,-331.80607651839136,402.08671237883163,180.95128539938992,1196.7862475345885,4.766023841820164,4.144016499194649,NaN,13.348348864216778,2.0
10414.0,37320.52670769013,42007.08190523825,-421.97900859245374,464.32742271056304,182.4400418689251,267.7062433077882,4.286393035828411,1.4338049783781055,3164.3802119653324,28.616495354943535,1.0
10418.0,37350.838298478964,42046.237803066746,-255.1178606048608,355.17372357523226,184.5503127828706,157.3686076984939,3.4289568228945315,1.454036945742709,4016.521102814062,34.11437977601288,1.0
10419.0,37399.544237439644,42017.56894948088,-247.73447742934647,350.9504165246181,185.1339152782618,306.34981381414855,3.8295679463389924,1.5174518890631292,3312.788464698201,22.828752532476198,1.0
10420.0,37348.61815002428,42014.599624973416,-241.4193084897006,347.3789190498053,185.66604734571186,402.49990670039335,4.021974592920782,1.647170314325557,3553.029177079133,19.657343516453988,1.0
10421.0,37328.83879450716,42072.53265954391,-320.79730587363224,395.02416185626396,181.20279243374802,693.3277113184475,3.968693677656504,3.754823295362342,NaN,18.416164041676765,2.0
10422.0,37285.25820322105,42046.510684874935,-384.0738405735324,437.2266558510413,181.0568152312399,351.5233313755768,3.6450516834822806,1.743257496764104,3651.3445124843365,24.285740817161006,1.0
10433.0,38778.785445222304,43107.02461559516,188.78493426050966,192.62526476315927,293.47441852090446,94.23451482771306,3.658391172897651,1.2907231373581372,3326.423853159177,41.72462540026718,1.0
10443.0,37284.32018519016,42019.85152793377,-505.95106654732604,529.1898001730282,189.40410067187534,219.37418655965124,3.827617852535896,1.3531167202199117,3339.033503775618,35.40346877090287,1.0
10444.0,37189.74226689424,42023.53680468966,-381.4440967152935,435.3967488883422,181.00146976511684,252.782588977121,4.0224771156333,1.7324335262934327,4189.358271138501,29.730225221338532,1.0
10445.0,37234.640978882264,42064.95134489144,-392.4027941741143,443.06539368197434,181.26688611272294,236.4314914950915,3.647895738140747,1.55464590628146,4051.9146903224487,30.48583429941419,1.0
10446.0,37298.447860928456,42016.77705706754,-401.3315428749052,449.3972521941514,181.55080071170374,381.1645196461949,4.283363508943418,1.6861923444972855,3803.211845136221,23.376522871045957,1.0
10448.0,37267.06884260574,42029.818479054964,-417.28806963191334,460.9001147589831,182.20949140867188,227.61545970385583,4.02062991797156,1.669560431253792,4382.670070003601,32.78353315983665,1.0
10448.0,37256.853953622696,42035.057854820654,-478.78276588123873,507.4765848904582,186.56289131115938,244.5530113400027,3.972387211543366,1.6987905290036296,4271.953648746349,34.00008035964394,1.0
10457.0,37450.7941975149,42254.293962667616,-225.64773051359984,338.62366437670164,187.12773623407847,95.85715323272939,3.8101293502134923,1.3374231876134652,3618.924071379031,44.93686185836459,1.0
10458.0,37476.15217977506,42305.795624089376,-238.7124018176043,345.859562903648,185.90344409512417,324.47533582800304,4.856916811840032,3.3360882120857687,11016.598324039214,27.91822593100517,1.0
10459.0,36645.575910396,41233.975694771696,-156.18203871594918,302.85308438497606,195.82194460918916,252.58470926024268,4.7291525522541695,3.4043383607324955,9909.138640680627,32.06833025145334,1.0
10459.0,37560.3845794104,42302.82481358469,-103.8049506742931,278.8911292295543,204.8091437967052,360.4728241247277,4.850614285117425,3.0794675069460413,9126.575252244029,22.985402438393162,1.0
10460.0,37555.95801135684,42369.80619266208,-267.65995122990097,362.4656521571096,183.65417917823854,521.8890159153208,4.603026197305291,2.4928978824513606,7647.218320658257,18.619280093656183,1.0
10461.0,37603.07975000104,42372.738071068976,-390.0718997990452,441.4248051214172,181.20276945485062,407.5199805991677,4.148992158722393,1.9762500706053185,4967.221688830803,22.97519724037673,1.0
10462.0,37621.641032880354,42432.71441703695,-297.3040794711189,380.29029928307045,182.012634031866,356.23664122918404,4.0675348233314335,1.7142115820654185,3826.038934534007,22.15395579323574,1.0
10462.0,37625.61847378664,42433.11488789305,-304.38512613477445,384.67066120305583,181.71961369762752,356.95549893471326,4.090698185614872,1.748240474513711,4015.9515970312646,22.34333599766745,1.0
10463.0,37703.96310693622,42464.96593022492,-247.7097445766796,350.9363556841675,185.135940046951,378.96580685759426,3.8176388343930214,2.174943638374828,5075.35009605327,21.652234977069448,1.0
10464.0,37741.183956640314,42479.72436230586,-324.3555976470298,397.2791916508429,181.09907198409962,377.652717622904,3.9131789430253368,1.5454076111190813,3132.3931730247705,21.493641043636984,1.0
10465.0,37745.332097046325,42514.5797318643,-309.1026471764523,387.61518133609457,181.5456074872158,432.1045993305579,3.8259740469519534,2.2525991502057034,4706.266674631316,21.142705624899662,1.0
10470.0,37863.4291969987,42573.4492986889,-265.9424338238897,361.6927606222574,183.95927012606063,1152.2450416869717,3.8552138742446114,6.952580204682007,NaN,16.00452036436712,4.0
10472.0,37813.98335452714,42548.49176193465,-179.5500658977594,314.3782771178935,192.4867707830464,273.96263926694735,4.586725289778188,2.3534028188792933,6240.291431779732,26.132639389426284,1.0
10480.0,37824.565960596134,42563.52728240385,-260.90258819663694,358.51851349036986,184.1220983855791,299.4900982897756,3.6673253272691984,1.6528189421895225,4177.17686961038,23.728238290810403,1.0
10481.0,37775.190785305254,42530.56907146427,-301.60616395256034,383.6213300450395,182.3758679376523,714.1741461397178,3.7539452721941355,3.530447473167368,NaN,17.382480966248988,2.0
10497.0,38107.9398104495,42494.6136067763,-916.8884022242893,942.5026040434349,300.98103491780125,717.2481800325666,4.041803279714367,3.5429330413892566,10215.78814050835,49.820084155427594,1.0
10497.0,37868.65234087063,42604.689470091216,-340.0400587506465,407.4453915164555,180.82480312522284,377.5826937821545,4.563995003732491,2.9090655771369955,8346.067255507673,25.95468145964059,1.0
10498.0,37747.14669673445,42541.82010389002,-460.2564821360865,493.069321329329,184.94802563056373,320.67682797274904,5.203427289371954,3.7536235368900406,12760.940695962641,39.44207818179603,1.0
10498.0,37749.88173482826,42546.99861030189,-428.733286864422,469.2987031920273,182.8014581493472,306.21236768833325,5.364279319620274,3.528636278379857,10805.524145318737,37.526892664526876,1.0
10499.0,37288.92861786683,42079.53720140067,-463.4544087455267,495.5331278601265,185.2080980679948,265.6995527538612,5.035780730458511,2.9811760342429197,9262.348297994677,40.14220903397746,1.0
10501.0,37671.610325892354,42434.83253235594,-592.6129437376187,604.6396155925825,203.46843106896134,513.491471111366,4.090915095996771,3.3806301146810287,NaN,32.369221890583404,2.0
10502.0,37690.82277270226,42467.886515112514,-511.2906105620433,533.5390670995502,190.0286415477756,178.13891105385096,3.7746329024208465,1.68315765895339,5128.141003260358,44.053921528808466,1.0
10503.0,37604.085705312486,42423.185846877,-620.461598946175,628.3574944132894,207.5614380435759,269.08908166626105,4.414229802986704,1.708459555391677,4185.369788706708,39.595058972202594,1.0
10504.0,37719.09625063793,42436.771745450955,-436.9551820910261,475.4082360290487,183.28832510699996,185.1909375090886,3.9801098114400877,1.3887152924422337,3688.0466809544205,36.34806724356183,1.0
10508.0,37814.15296513747,42534.07380215887,-593.6137180051418,603.9971458494091,202.40748774621522,328.8877516539284,4.4740118716593935,2.068733092044794,5568.3633224360065,35.48384406513411,1.0
10510.0,39420.61938106617,43809.74818915206,-216.36901079156362,333.582375530208,188.07624481630486,235.36294557030268,3.624645976209214,1.4287340538353812,3789.3369029619184,25.848483964457195,1.0
10511.0,35278.84874756561,40087.387187765984,-328.28250114672625,399.80272358745117,181.01281018557668,143.28182270460448,3.9560573847236515,1.5562751588349706,4361.933650037119,39.474565304893126,1.0
10511.0,39439.297985818004,43852.34873631937,-115.43960689255705,283.99035445607893,202.6321675353501,199.06267698967662,3.3835774873569644,1.6323425040204826,4708.90356492072,27.960587936307427,1.0
10513.0,35749.51905679826,40535.816038400444,-259.53454938324046,357.7246502278954,184.2210650647986,152.6606813604829,4.494587081880011,2.044579217106434,6230.400608395244,39.35557593255869,1.0
10513.0,36962.4090648213,41699.31903030166,-508.30049089343214,531.1001856131097,189.6762246820561,164.98141057441146,4.323565213526691,1.5905863910766267,4197.3313581072625,45.24027886713407,1.0
10514.0,37040.42931676664,41733.5021716951,-526.1636129999603,545.7954524441869,191.88281700756588,220.76896920818913,3.700115504573016,1.326110493773549,3124.578993102475,36.05475269816402,1.0
10514.0,37013.483116333155,41732.39966762544,-631.4681444350047,638.5407033249659,209.8331122554781,255.0833679711717,3.8452419485738734,1.3439769669770474,3293.5048522150396,38.5801910837845,1.0
10519.0,39639.62481165529,43953.78856139456,-90.41110101622226,273.1789483718657,207.4430236668297,130.719111595632,3.7144648194157384,1.2876730098163067,3473.9828370986083,33.963438518808125,1.0
10520.0,39674.23579226382,43928.934047543626,-133.09639494515585,291.9728127288472,199.52545820978457,249.13703656416303,3.441431707948247,1.3538319245423476,3448.9484652588885,23.739810549772265,1.0
10521.0,39723.143786482135,43953.79311320706,-188.84261331784444,319.1044958981511,191.27615158816872,122.59749372043237,3.456851176888922,1.330484715542739,3587.563067036185,37.31940335759422,1.0
10539.0,39068.212217984066,43438.116820883275,-268.0001951864496,362.6655355024486,183.6315389070195,118.62606798978503,4.0948324387772495,1.482392803169755,3941.019274565874,41.69680779043618,1.0
10541.0,37278.561744876264,42005.04717136195,-455.4800437315843,489.4073273715683,184.57409402621713,151.1219085634843,3.6943218959589594,1.6153816557017437,4563.2215544266255,44.86607223526877,1.0
10542.0,37447.72559808666,41857.25758029553,-837.9163619924587,850.713079856187,269.54910478662447,612.3860100621588,4.016064919713563,2.0225035979316393,5148.66510475879,35.29659001083215,1.0
10542.0,37031.955785667604,41880.75443319544,-866.5099690100967,883.2683416014147,280.38084097982875,629.1199215060605,4.247551927777658,1.902504571334947,4339.010781242779,35.682529397978485,1.0
10543.0,37352.665225802004,41790.38664547007,170.39558130844097,195.66959213542026,285.9803884626249,201.61980641043922,5.645492286966063,3.2324275351070226,10757.42351335632,35.481417997598555,1.0
10544.0,37138.9221072189,41824.09613715872,-930.181210203431,958.5311710621017,306.73909239521817,517.901812716246,4.064280984679915,2.102734317695143,5386.467651347806,48.630739527614736,1.0
10545.0,36993.82159993696,41687.88433731274,-923.2870845671634,950.197383269882,303.7359484828643,527.0870716220641,4.075551859556192,2.1054393348501055,4915.381451561314,47.35033822996435,1.0
10546.0,37072.428358600606,41632.18825913339,-636.8044165697532,643.5189193940458,210.9677128387572,236.81565041441854,3.975291603299664,1.472324130839642,3842.4350767834594,42.06166791797053,1.0
10547.0,37033.32238915051,41564.20615089202,-629.9928644672177,637.1691506216886,209.52326671263333,220.69500897014595,4.284311700989063,1.7603501542964022,4489.7386334882995,46.85605951324765,1.0
10550.0,38573.8448953323,43131.68078277599,-153.74876528056933,301.68258729602366,196.1931535769624,94.94632805495188,3.519520471977403,1.2659320489623478,3936.6857945749734,42.51720052640518,1.0
10553.0,37290.08927890257,41760.418836984994,-315.4777085335384,391.62762607938777,181.33740901502767,149.9407556071107,4.226630261238629,1.691615760260895,4844.950587126419,38.92626008288554,1.0
10554.0,37352.861417379005,41799.629432752416,-368.75965961646494,426.66187556277106,180.80853327197244,162.17424152100725,3.948211241024246,1.3150666774816417,3485.1669250841833,36.09353989025875,1.0
10556.0,39640.539331291235,43669.3391599926,86.97171714450569,213.4850804250691,255.21999457695495,289.18132557374673,3.9316440948099025,1.6415130408101488,4134.903314693313,21.62105654609381,1.0
10564.0,39193.28792129343,43420.07342221399,-298.06807367103283,380.76063337346125,181.97918021848128,193.30467417094675,4.32150136293756,1.612086969529772,3764.9035277706685,31.88281642438866,1.0
10564.0,39194.98680128672,43420.88391698132,-277.34192624670845,368.19617449259084,183.04439266280033,190.45423866387478,4.344549468568353,1.6161234927811063,3799.249523064292,31.648908018803162,1.0
10566.0,39195.321591974694,43545.206571318595,-53.41111211090028,258.27842657202456,215.4295087909126,349.1262426945307,4.473238907023332,1.9093893572308278,4412.114417592186,20.132378187930616,1.0
10568.0,38846.37242159264,43220.807750771826,-478.94896884287454,507.607300154186,186.57856241596318,245.9012399350909,4.538484140069141,2.4175475226332273,7518.482605864211,39.056085324301485,1.0
10569.0,38082.06444069938,42735.21588981314,-518.8937725671158,539.7785379271005,190.9554443549567,244.66325923369897,4.398706041058608,1.857070468959105,4889.005615748009,37.129878288007596,1.0
10570.0,38405.85166239944,43024.13618201451,-896.5313032982784,918.2788504084708,292.4239567973469,409.4655461258459,4.1720388801689445,1.7817730900505584,4426.221923444022,49.91065432378274,1.0
10571.0,38422.250306156886,42774.39713806833,-199.1456236292544,324.43983304795154,190.01082215279888,166.67310349602744,4.242631417929421,1.508141137314901,4042.215945085795,31.965541390397163,1.0
10582.0,39341.02705387377,43558.08770084904,15.568769398734084,233.94599180603157,233.1045419318505,175.4454274668409,3.960141979800357,1.5307261685203828,3608.9202697117535,28.811937857922825,1.0
10585.0,39419.41700536142,43634.801847967494,104.24596410245758,209.25731610138527,261.15400699757714,88.85363612585869,3.77903755336499,1.2640467612247006,3346.484375066242,42.15438360068703,1.0
10590.0,38032.54482281426,42751.20175549845,-273.8437849036693,366.1155112952499,183.25646844932976,395.7210964543525,4.9168833841284885,2.5739761333069793,7858.226832597363,22.559796770133623,1.0
10591.0,38140.27964221323,42726.36900460495,-302.9489737952888,383.77842953926694,181.77595388221968,475.66946041881425,5.130703610483691,2.61389760313865,7097.424524461186,20.609606053380748,1.0
10592.0,38159.569810439185,42831.62837296282,-285.56757150497043,373.1676540829491,182.60950588364906,611.3036714223781,4.610161256340039,4.055982432541604,NaN,20.065792811498476,2.0
10593.0,36913.828052546225,41313.6183362213,-311.6288991688416,389.2006123830871,181.45939949874938,209.23696015422922,4.396547250885898,1.7056539732254192,4523.337894101388,31.17029273226365,1.0
10594.0,38088.36852861015,42819.10255046063,-272.236194997096,365.1632012711845,183.35705665828334,343.95403210492987,4.580869617763238,1.8041492694279453,4265.700639469662,22.414832604167774,1.0
10595.0,38121.98437007767,42864.992889969675,-369.08934252658094,426.8869843165323,180.81199583723335,336.8153936849184,4.223957206267184,1.9752254772199584,4341.825823157311,25.33124426874906,1.0
10596.0,38140.662066770245,42836.00947750811,-332.9947359988665,402.8530753087626,180.92719379982267,697.381411541832,4.4966355450672735,3.869426257503762,NaN,18.79089205925256,2.0
10598.0,36789.873590541654,41527.70644153543,-266.3892400611799,361.72011181405753,183.7395139676002,185.99763067970036,4.644334284749633,1.9550499699549577,6057.375111571039,33.87073014720226,1.0
10598.0,38131.20719565952,42880.79928509942,-309.7758652257569,388.03709286968257,181.52215865949233,321.20977286591284,4.399757035002529,2.1695367525256857,5467.570984755509,25.31208981486278,1.0
10599.0,36965.152209773136,41539.269620770865,-381.6909567230648,435.56824903868863,181.00644102109496,184.52536199906538,3.918914526692046,1.4928958404559007,3973.8083487539943,34.89167264793087,1.0
10601.0,37293.21050660896,42058.84512180762,-477.91525503742594,506.7947280051418,186.48143632314748,219.3151194081705,3.7524980101412293,1.5274615766109307,3780.446568700036,35.289314705184324,1.0
10601.0,37310.261570675655,42058.396132001624,-551.1540007135991,566.8589793556539,195.37790079465626,232.85354888264067,3.8633190435237155,1.6420405185275462,4161.78017991704,38.54848676491469,1.0
10602.0,37320.270982689115,42023.426077527896,-458.99650789964846,492.1012367438999,184.84769810501726,144.7518140243418,3.5845354837795345,1.433204523680471,3835.905703647033,44.39426697132379,1.0
10604.0,38297.43040593589,42893.82379000025,-397.2449379471903,447.0680826887233,181.8805853436489,1361.3343024380074,4.630154035867286,7.000933689236192,NaN,16.478701750872055,3.0
10607.0,38076.43184708502,42820.59444352214,-238.26915721753784,345.61143307242685,185.94284887085132,255.29691944426187,5.234247966739678,3.3758121629646207,11107.745495474543,33.669597458670154,1.0
10608.0,38207.87910995795,42865.09888752529,-447.3274927543335,483.20663823541133,183.97602196256958,316.5811028376016,4.292216678818109,2.7294208113319995,7433.146486313424,32.77521013416602,1.0
10608.0,39189.1391900636,43254.157614110234,16.116234051388275,233.7708226580939,233.25932551033208,176.63775156628907,4.335410870626196,3.074667651191534,9032.877755860658,37.490734061759184,1.0
10609.0,38167.55670380802,42854.53801082406,-371.694630581913,428.669490320203,180.84227210760628,270.013410410097,3.8976971577740156,1.8511181746757435,4966.057907029442,28.740167311423875,1.0
10611.0,39815.584223053105,43615.511040625664,-215.9978664086747,333.3824150638162,188.1155494359632,103.06803936373329,3.4622402129270724,1.3117230075385615,3863.7212915039745,42.2863741780254,1.0
10612.0,39338.491740509264,43385.52917977908,38.16275128969444,226.95158972821207,239.68230086640102,88.85045964679652,3.6286640706373032,1.2100470580435276,3179.72658797103,41.515981396319056,1.0
10629.0,37259.85861337898,41628.329481549736,-307.03848911712527,386.3242199356832,181.61965715855726,199.12595871882323,4.016960747261431,1.5633140852574543,3937.535367440754,31.269178756989287,1.0
10630.0,36979.3939174676,41441.92109756248,-367.2945260149549,425.66271662055067,180.7941474188304,294.86508168084373,4.327927917424858,1.6417524069998775,3837.633604379132,26.230719181162513,1.0
10631.0,37263.02168750131,41834.033106121904,-310.13814157336344,388.26431144650144,181.50968317338123,329.1092981195331,4.431314439968577,1.740420131633593,4155.377349553896,23.55956560651884,1.0
10632.0,37352.67514572529,41801.657367062675,-58.29369604837285,260.17078619408426,214.31584343604277,229.49584664706205,4.252124148073486,1.7913942325486156,5008.549102678128,25.678020504811037,1.0
10641.0,36534.75753388353,41158.44228593214,-303.0330361064013,383.8306009478832,181.77261281191358,306.3670939562398,4.419161879323611,1.7005610472625927,4269.491543361141,24.33780730003737,1.0
10642.0,35692.371722108925,40425.9735658075,-385.59673865184266,438.28934612911,181.09127585039525,167.0686365145937,4.040480788113134,1.5060003573185652,4107.825773785194,37.479461363954925,1.0
10643.0,35619.03155517949,40415.30835799159,-388.28582877135136,440.1711548695158,181.15644135905566,222.61517226158534,4.241568010675962,1.572484459477953,3883.604195520075,31.623140241542753,1.0
10644.0,35635.12173756139,40600.16495880734,-180.68242654150552,314.9498424546729,192.33572752637923,183.50583896515747,4.060610628051685,1.840768834028396,5352.798569322662,31.477700789899433,1.0
10645.0,35947.029112691685,40649.828802603406,-182.49249494922432,315.86599579425774,192.09631569519476,190.18771908173582,4.163753647292881,1.7409252265652568,4448.210030446607,30.266003965116752,1.0
10646.0,37424.53751814461,42010.51195139585,-457.7655897095672,491.15692266431364,184.7508525457411,219.7315850891512,4.396592343358149,2.0240441948273333,6920.843276826611,37.914717365204766,1.0
10646.0,37431.274338388954,42030.97612235312,-641.1492851187945,647.5920866799117,211.90754894687973,269.9196536918973,4.562057016479918,1.8457974945052968,5478.025644585382,42.222664920152816,1.0
10647.0,37490.279219908894,42029.21127396082,-513.6278695768638,535.4513158282377,190.30885658607983,327.5219420954102,4.868977372502072,2.5144825667762882,7568.921930632015,33.99616504048233,1.0
10648.0,38129.029562867436,42509.15101688305,-137.29293009467384,293.9132654732098,198.8220238487311,230.40222061133483,4.324224277318544,1.8916977545153544,5060.746422844153,26.752308566303338,1.0
10649.0,36772.0207430435,41492.72102714241,-151.1952442661622,300.46025064376954,196.58755920334812,111.29950621386573,4.349787212621023,1.5818273846411361,4489.60307415553,41.097523107040374,1.0
10650.0,36433.715961955204,41118.620929723016,-308.50465031306777,387.24076999602886,181.56672595650417,211.9079300673107,4.176881434992812,1.6132570406454743,3922.281630177331,30.353750989438478,1.0
10651.0,35136.72691235436,39774.75636258399,-251.91110122253474,353.3331369764391,184.79868012124734,89.18525920220723,3.6079357210303087,1.3699685355195044,3827.267123398151,48.54128574634106,1.0
10651.0,36656.251609820865,41350.52905466823,-423.84010987626874,465.6929356789748,182.5361578750924,208.33964274395018,4.3756060897385645,1.745200784139219,5023.795737368478,35.546188430707346,1.0
10653.0,34934.97983513273,39718.748604510576,-396.37636707102666,445.8739852613755,181.3857342297776,123.35934730724254,3.5460629185981936,1.3733522590769192,4103.968688534525,45.030542089306294,1.0
10653.0,38717.108876625476,43031.99153532209,-306.9503144769846,386.26916342020456,181.62289265443343,333.7571172108857,5.766042960160708,3.0199539398295174,9391.610595132852,27.821629418473112,1.0
10654.0,38782.7661204144,43002.29676197455,-525.1003902161693,544.912360088266,191.7446731039152,346.4773263623717,4.901419745788933,2.8334653081401155,8368.503444948725,35.180730389997215,1.0
10654.0,38770.27413690771,42997.23742121287,-544.9321415180231,561.5597309431146,194.46323232085177,353.24932073951754,4.8768676110187625,2.843938264485126,8466.754846102214,35.909838287366924,1.0
10654.0,38532.00171402642,42950.870240115946,-933.6693477316634,962.7647925327309,308.27235649317754,680.2614856691074,3.854210459305011,2.772570761693022,8727.266043934706,46.193625275640294,1.0
10659.0,36207.23091533241,41068.144595654456,-299.7989779525193,381.8282578504257,181.9050328383132,171.5445938744103,4.617442472238275,1.5594148194333526,3931.7695783913823,34.15590407781166,1.0
10662.0,36799.68345822453,41426.84249780539,-112.07271545891115,282.50159158085904,203.25154399205692,118.80379371154368,4.177673435811273,1.9441665523080993,5848.678647725545,41.78505562495501,1.0
10680.0,36298.12228529825,41053.36139893434,-280.34891999865357,369.99393056602753,182.86954651007338,241.8793620654376,4.294050209922923,1.555632715298686,3509.8761944076623,27.060811020363122,1.0
10681.0,35592.406251304696,40322.793286009095,-503.5954393956722,527.2795969100999,189.13548152266875,239.24228321963838,4.3084335416004835,1.7629867142512066,4833.441075974747,36.167253133871434,1.0
10682.0,35445.149049312975,40295.42291905325,-368.40721154904946,426.42133602976,180.80492322112565,354.0786017120396,4.565765249725424,2.426901113692443,5989.513750673125,26.122693477939542,1.0
10683.0,35647.72362861328,40309.00213251877,-446.9706076109193,482.9366294847287,183.9509980345224,191.34938750620486,3.938652701336897,1.5991550890993906,4244.441040518443,37.616803966217915,1.0
10683.0,38707.66093171976,42848.71495942246,-195.28047848063974,322.4265638163429,190.4760251405404,177.79625140906106,4.3203645775452495,1.5236513612488352,4340.14079746658,30.7021682535897,1.0
10684.0,38166.896285823794,42646.35591523899,-288.8115681893777,375.099160743714,182.4144591979598,140.69857838909914,3.8696472440756127,1.4378803639356503,4097.8586363737195,37.552770580309996,1.0
10685.0,35589.12426290187,40364.765942407,-611.8133376476835,620.4363064313461,205.8412680293849,223.1628009663737,3.907498505579336,1.6581422227638145,4435.5372516717125,43.92512433315541,1.0
10685.0,38127.28947212333,42464.827017195414,-177.95227681719538,313.5738409903599,192.70155879766602,126.37882605616362,4.798445089562849,1.8223603060763427,5774.282092875322,40.34981395879269,1.0
10686.0,35649.38402440451,40347.4210308138,-441.3161454762321,478.6746574818316,183.56747298272978,198.18908579898184,3.9858439798276346,1.5085448244122543,4289.563715153749,35.825936637872665,1.0
10686.0,39059.362763567005,43233.4530991613,-201.09658683102498,325.46139711707747,189.7803309669994,145.91110352138105,3.9989618594645058,1.4159852791716108,3733.349969519478,34.23648004549351,1.0
10687.0,34864.292844697135,39718.18230401036,-385.33346378680176,438.1054744899031,181.08519201710115,166.60045422349296,4.528773792363141,2.2807116393484463,6729.960125458206,44.506560660381844,1.0
10688.0,35574.14851022794,40389.33424553451,-521.4161461780295,544.8044738180558,193.6517981396787,810.0561224869352,4.063297907926091,6.173760161195249,NaN,28.621511788661177,4.0
10690.0,35604.3665269864,40434.432557024506,-392.2698690469947,442.9716972263819,181.26311836917688,145.57270759063385,4.062936744501243,1.345943099417726,3372.4484371351055,39.91992849363205,1.0
10692.0,35673.541352054825,40382.18499796467,-502.34686184269344,526.2692338480366,188.99481729474115,150.20891305527925,4.068291003016268,1.5486954478723174,4060.907800725016,47.375162430096765,1.0
10700.0,35710.50752858309,40363.06596697022,-516.0056815022505,537.4020295808273,190.59820568959347,225.48412716487417,3.8790559974131105,1.643738661966892,4528.479010353937,37.39682489390252,1.0
10701.0,35615.03042123666,40373.64381453223,-558.0330553694242,572.7604637204836,196.42352375236428,253.9033712938911,3.8997298784233254,1.6186174980960877,4103.508857549256,36.57733658804572,1.0
10701.0,35553.00052597418,40383.91125542511,-537.7406491327075,555.4801141431021,193.44277599183556,227.68128188883426,4.236355189935329,1.7053363673615265,4272.425051269758,38.875969319815866,1.0
10702.0,35749.41375076381,40359.99139851699,-495.6334698523349,520.8618840316516,188.2588571454912,168.4708549875089,4.159633230314535,1.5795402532744818,4066.9726997232715,43.64643447977511,1.0
10703.0,35669.06093742957,40361.05882806653,-401.08974539685715,449.22479013837875,181.5423116945766,129.89963900589984,4.001837107633489,1.5917909472566976,4855.837827697479,46.1821275513721,1.0
10721.0,36920.00768205555,41421.4506086252,-684.5035948986701,689.2103423721526,222.07349308903088,239.00392358562482,3.8702636425603494,1.5884040700254456,4085.474833530984,46.693567824083665,1.0
10722.0,36473.351153508316,41119.53505315254,-466.4119902105664,497.8203471361989,185.45556152567008,252.1242680974132,4.152163581140466,1.7126399353054425,3927.4907560091256,32.86451097296466,1.0
10723.0,36520.793978525595,41113.19963400258,-92.83612789232598,274.20062683786404,206.95601006934788,188.74156624545262,4.341856647901646,1.5894492448234074,4397.785155281199,28.469726840392998,1.0
10724.0,37687.39240888166,42288.89419357586,56.80671278881249,221.5425041588596,245.40306081335285,167.94403671194138,4.718287551794571,2.0513937353841074,5553.710222013393,32.264508070662394,1.0
10725.0,36587.08124053201,41123.49268313783,-209.26090256846823,329.77533809283204,188.84724905582672,174.43150858315707,4.646712845102331,1.8825948958613112,5414.492566573412,33.4115241643076,1.0
10726.0,36423.43816270686,41102.91179751137,-394.77525908726403,444.74050278174644,181.3363982286521,288.8362619018013,4.18363226796699,1.8210183683709587,4834.679871203087,28.090464653390388,1.0
10727.0,35956.0609953958,40654.36666030473,-506.4672743804802,529.6090976182631,189.4635302741417,226.1243012821474,4.064081428270847,1.9240200212808884,5656.449114536996,39.04851061688838,1.0
10728.0,35450.252647279536,40292.997254717695,-355.9139002129946,417.9705434704372,180.73811005021173,276.40201282972,4.317853173601208,1.6946684184276044,4397.4044347731,27.19961930214659,1.0
10729.0,34886.56797083838,39843.23162674433,-166.07262082182203,307.66830249134915,194.35952922749843,125.55558633511336,4.561910533933675,1.9112513049654778,5850.881571955832,41.0380787140849,1.0
10730.0,35940.59981640653,40744.9847477087,-349.8239586803773,413.9045133194591,180.74866530475003,179.13055582545695,4.551443673527835,2.0798255789586846,6383.534441138079,38.69617445485751,1.0
10730.0,35950.81345042055,40752.640138394345,-399.5066825978697,448.09703268455655,181.4878343854346,196.9142039807496,4.23319050145202,2.09689105513002,6892.410671698646,38.509112210598204,1.0
10731.0,35389.81955881207,40219.6669346695,-392.6071162243957,443.20944899393265,181.27270384875754,283.39640023125247,4.1007534010092925,2.1350152356638725,5564.150752424092,29.840738090320897,1.0
10732.0,35177.171333110244,40242.18445189052,117.91605975367733,206.11109790287446,266.01111770041166,150.8036032364703,4.3016712770771255,1.9468040100712698,5740.090401815171,34.26219174681903,1.0
10732.0,35178.78773054979,40243.41196822258,107.10900169527176,208.5837895730143,262.15948052061293,146.6918969408703,4.448006237349513,1.8957306034015995,5365.082872254035,34.516237010891594,1.0
10732.0,38172.51153001021,42894.01184802233,-339.28108998976535,406.94810939734776,180.83375843060597,162.40199151715066,3.765093013715486,1.432044928809298,3681.3101808277847,35.82172305932817,1.0
10733.0,35265.344317360104,40374.88893479583,-120.4975158639732,286.24693858921495,201.71794717261514,154.22389972125637,4.155923314755475,1.9072614998092035,5682.253262682225,34.68227428944154,1.0
10734.0,35663.65037562173,40434.75157369198,66.08246470775303,218.9734822981455,248.34793867045204,173.02463121400945,4.602888712798927,1.7831842445973636,4790.313632564787,30.21027849287166,1.0
10735.0,36307.01139811863,41040.03978604903,-288.46879269844754,374.8910635149445,182.4318317173641,183.05810249243925,4.05287107032092,1.8831932283532964,5658.484042571936,34.438354711469394,1.0
10736.0,36545.794802117685,41056.471422251634,-675.5742247072496,680.4935970406094,219.86255588380192,309.3873141619627,4.121123322088107,1.7272214667899193,4245.130760561981,39.68229163931929,1.0
10738.0,36886.35536853704,41451.43728780626,-440.64255341256535,478.1689566596667,183.52340950651904,256.62931034699704,4.061528224454847,1.6623454432593074,4279.37971791506,31.16298852394367,1.0
10738.0,36872.609270042056,41455.20804120256,-478.48846086852535,507.2451838606651,186.53519324046678,263.51472640368576,4.145685180371628,1.6451174835362132,4113.546223535619,32.05131960672486,1.0
10739.0,37013.65781730137,41640.02540227781,-381.6297144971301,435.52569709114124,181.00520339620476,252.06523718253544,4.423046131041099,1.806717957030474,5156.908596220653,30.159194824244167,1.0
10740.0,37046.153647133084,41378.19917817774,-715.3769684208684,719.9279708054647,230.18607831979597,308.645478434042,3.980054227078756,1.9250024373790173,5093.718232026735,44.720340562773714,1.0
10740.0,36940.83012421884,41380.89799482067,-635.6130993516813,642.4052095476394,210.71253282891138,272.75496504759,3.996979789310586,1.9755321072491885,5736.620398129751,42.75118297094465,1.0
10740.0,36645.16484812787,41382.58676944431,-832.9847086805935,845.1761005163845,267.7439129313621,423.81032784207343,3.7337072602009456,1.9183485540582763,5252.47094253417,44.44548644406908,1.0
10741.0,36399.163276097235,41024.22480665934,-384.8321622796214,437.75554533595107,181.07375384388106,241.67342089178777,4.063154494428176,1.9580578439478207,5230.2857175473355,31.94618077637566,1.0
10749.0,37124.65762248086,41445.545940837,-542.6397442978335,559.6164655978813,194.13366695173949,238.1890521024024,4.067385261433572,1.4182592928627076,3796.1608998326105,35.80663453810887,1.0
10750.0,37101.43415153767,41669.900989799055,-617.2225693632049,625.3825141982676,206.91050726554087,393.68477455495105,4.5198510509046494,2.3080914107465134,6323.291962329913,34.03272383773553,1.0
10750.0,36979.463839706325,41655.00976840689,-808.6660185158306,818.2078568778452,259.113304947234,540.3483423871851,4.013501566847678,2.304551986261998,6176.520468458236,38.62558776646356,1.0
10751.0,37082.58204408995,41516.577232547344,-541.9269559345333,559.0132448270955,194.0320095118962,320.85932991434845,4.165964837564816,1.8410798897542229,4485.226729244791,31.884564634837616,1.0
10752.0,36286.98114019803,41062.50791166424,-323.95645689671977,397.02350740832753,181.10849781781053,155.04362789074307,4.545337702462219,1.8102230967577042,5009.751335493828,39.357745476560915,1.0
10753.0,36009.462539564425,40766.44638511787,-216.87375264927422,333.85452240165984,188.02296053017358,161.54539033220178,4.050783739512715,1.4571097244825986,3972.9854592191164,32.67672450572546,1.0
10754.0,35863.97021193259,40528.81223592111,-398.65901695413993,447.49413601773404,181.45944913742886,257.763374829917,4.355950929352619,1.972504283710465,5800.373367617272,31.166966804605416,1.0
10755.0,36214.416799451996,40946.59256619552,-258.0757441500287,356.88006025442587,184.328169347794,189.61336106329088,4.103524171208996,1.425624532519571,3552.7576703991012,30.281547318368013,1.0
10773.0,35703.38224897068,40274.99017796494,-371.85169509670595,428.77715649794305,180.8442626925726,201.77325257748967,4.2128755573492525,1.5287050747909547,4145.59394533975,32.8226805930195,1.0
10787.0,38924.16716652857,43329.55682254456,-630.0243445209967,638.3228399372496,210.43858646504071,529.287593699321,4.007167876659306,3.3473852468934964,NaN,33.65250252473778,2.0
10788.0,38961.42825903818,43329.52684434522,-513.6163788664353,535.4419020030106,190.30746877616943,205.11595731389653,4.037560015304062,1.7157375685527754,4427.656147565646,40.371832993204414,1.0
10789.0,38859.982670808546,43440.21133131134,-579.3970235085559,591.37293455868,199.90078648631868,259.60365812411993,4.130831062181369,1.6827242142221086,4117.414544003478,37.74643904947977,1.0
10790.0,38730.22618785975,43413.22631714176,-478.3754843284304,507.34851007662434,186.67985207486254,527.3973733531154,4.011377414247449,3.2572453647604402,NaN,25.6491115747307,2.0
10792.0,38881.53151377558,43490.36060162073,-435.0673202003355,473.9997638643967,183.17197715019503,316.9905292076835,4.074899347771017,1.8547060022963262,4168.602462517681,27.880008335533248,1.0
10793.0,38988.907109253,43554.50141861117,-443.54004688605255,480.5632495668397,183.88993125279634,935.8453344141903,3.9667990105595607,4.906735020225779,NaN,19.390220104819313,3.0
10796.0,39063.21626200499,43565.49982511006,-578.1513571920341,590.2758832099537,199.68848877832437,192.29553617431873,3.6183877912505857,1.365195406406499,4012.4596006611423,42.901025276008184,1.0
10807.0,34718.099285209835,39935.321001078955,-357.89689407929393,419.3020637326371,180.7407731356609,318.6067166464076,3.7016323324388796,1.7540209232010924,4503.327509510861,25.159293608453787,1.0
10810.0,36630.799381645775,41214.65204647608,-298.22772402508383,380.85898768461954,181.97224563104612,235.77468071064263,3.859019225937456,1.4573558551601902,3514.520249599339,27.494847075115672,1.0
10811.0,36687.722524554396,41229.01164305443,-505.3176022307989,528.675602801675,189.33144915940846,336.7662075873045,4.31059284817356,1.7591578522734506,4141.780118488263,28.92507011904774,1.0
10812.0,36641.324920816616,41246.68735482234,-385.4211402240247,438.16670061210766,181.0872122035107,169.41489376613333,3.9492736351870446,1.556236666105088,4256.2477482182685,37.51944926090732,1.0
10815.0,35761.18372759558,40383.11701588195,-372.07578981958113,428.93081149705597,180.8471353444162,155.0806940778423,4.399342692185821,1.7837378352662479,5252.555157804361,41.234948138363144,1.0
10823.0,34852.328421324375,39868.564996552086,-287.4386424404809,374.26633147766734,182.48458063464474,129.10521630950782,4.240141190933036,1.5093740801530995,4240.578735646728,40.30975222010938,1.0
10824.0,34964.83093654452,39982.47413902869,-441.80843514271265,479.04451572524914,183.59989514519575,224.10149881053192,4.169881877476538,1.833046273653071,4831.570174044638,35.22280261545883,1.0
10824.0,34942.49905627135,39986.76446544697,-579.7865690541165,591.7163054831004,199.9674190823097,260.06962894711995,4.116268036691439,1.818160806753399,4795.874465625718,38.8258599651046,1.0
10825.0,35300.43981013648,40269.30582303579,-351.95138179241735,415.32094077740845,180.7417657652305,206.23379452650735,4.348770740659351,1.7281270163071598,4740.1396664796775,32.86107819626067,1.0
10826.0,35030.68428790115,39943.52068183911,-420.1734271701136,463.0057669488282,182.349315906309,280.67044151138793,3.8605401520350346,1.8340939561267227,5874.859699610447,29.52843816331789,1.0
10827.0,35069.83002237522,40197.23659129746,-450.7674136501752,485.8153389057663,184.2221977242502,271.3066379739799,4.316952078438343,1.7464923199691245,4845.151310279848,30.887321365134653,1.0
10828.0,36351.175847516955,40868.94329431385,-150.4113905072179,300.0862637074456,196.7096266390883,197.71747668335496,4.096893624487253,2.017101590472048,5556.8499798566745,30.350481907326913,1.0
10829.0,36003.54738274576,40692.16603742755,-373.90228934789013,430.53446198730956,181.15443369760175,454.48189738153167,4.323343737812598,3.9901368882475907,NaN,27.414934900420743,2.0
10831.0,36060.92246546685,40903.44193572876,-210.3167110224176,330.33780644451775,188.73029239983703,215.28857090581994,4.049968999081165,1.8028195073527187,4958.8180509164895,28.71861280818724,1.0
10832.0,36311.77360228985,41125.83454790672,-159.1669988091467,304.2965895016213,195.3727356675674,176.94314838774412,4.781957342492375,1.8397721510989178,4834.654047949653,31.84608865082565,1.0
10834.0,34870.65767705389,40060.97789267667,-497.4767578748673,522.3423409069873,188.4575081601112,176.05244929428545,3.3614818942723788,1.313714098346392,3250.401683700784,39.948798654369774,1.0
10843.0,36186.77439764194,40938.94344066102,-457.1890234127924,490.7150940868873,184.70588685911673,202.48266709781728,3.8894906642448133,1.6179576912842508,4630.01642873407,36.853019778433,1.0
10844.0,36301.80283957458,40973.4751870662,-336.7796280166966,405.31297796461365,180.86638172996814,151.2693539805754,3.9313040693287706,1.7655884091058227,5470.946210979201,40.18192716125745,1.0
10849.0,36432.44680169711,41309.43807030023,-456.75430289724255,490.3821706510862,184.67215106789973,194.50096716478066,4.128961664011078,1.5088469443718806,3752.410267887024,36.98549941138001,1.0
10850.0,36066.51621773435,40852.305028300994,-204.21925788885198,327.10396148359007,189.4174486578346,252.4514002862977,4.048471682204714,1.8419478631727004,5040.792145158729,26.003208684438984,1.0
10851.0,36267.35030313162,41015.93396891356,-297.32869416286604,380.30544412665563,182.01154926765304,216.47086614032125,4.262626854038961,1.8246603805675947,5246.696278568213,30.714643615341824,1.0
10852.0,35316.47185115375,40393.88719296838,-134.89830913496868,292.8039725691505,199.22177237838025,100.94025272075999,3.748512666308856,1.2569513102212306,3281.2866062947132,40.415813289424065,1.0
10873.0,33468.73394817352,43851.47304097839,299.2889666370449,181.04726811455052,343.93440929930887,123.94435810921925,3.6264899985981605,1.3230266570191,3945.039371090635,37.472154341235566,1.0
10873.0,38037.05630503596,42329.689165610675,73.20394044393164,217.05753746344027,250.65447545334723,511.0876098315782,3.9780733138513327,3.4602501053816916,NaN,18.283659900249035,2.0
10875.0,38025.77865172794,42229.91976995896,-102.88455736072143,278.49318871088633,204.98576308612067,342.02323468114946,3.9422481949655426,2.003394562208889,4857.559852161952,20.9057347992298,1.0
10876.0,37993.86810734942,42200.44751105691,-36.62852972765171,252.89864851226275,220.16637277069165,1024.6190386161902,4.100366407590319,4.39866787700001,NaN,12.655866486103124,2.0
10877.0,37994.48464532443,42252.39917232477,3.3099677708515953,237.94239217164153,229.69845643358923,642.7039273563248,4.177937178751081,2.7185024583623347,5889.897111485533,14.825817082065024,1.0
10879.0,37930.80286163376,42111.5826772351,-108.38308697350283,280.882397803647,203.94021244064427,155.4624394807545,4.273873493364046,1.7212451751212223,4239.198558622067,33.14126921751146,1.0
10880.0,37998.842896006834,42096.65521438203,-132.7497580390623,291.81327243901603,199.58416249701284,188.49373565187543,4.08241716553495,1.671149003968936,4780.662707086618,29.32672708714099,1.0
10881.0,38020.19190577777,42057.764089473945,-203.43875821105198,326.69254686541194,189.50745311871694,311.81512074858233,4.242399635222617,1.7109554933184434,4335.606695478678,22.452214109958,1.0
10883.0,37978.38852107646,42064.56808333538,-250.5341151158916,352.54576303534304,184.90773442922207,240.25567548776695,3.6183842635439114,1.4506839248759915,3624.965913719885,26.190938883298006,1.0
10884.0,37925.223786419,42034.615943555524,-326.7241474807084,398.7995440054926,181.04563587681503,267.2461701144579,3.57427688178638,1.5782734958054838,4143.410782530118,26.565396638870023,1.0
10885.0,37103.2889307371,41460.35748248841,-319.7267411032389,394.32323935733615,181.21584435561198,146.87109101335747,4.012403316051207,1.870153067449229,5117.724709139173,41.24610571557088,1.0
10905.0,36862.388587871275,41367.74160517465,-50.1614206926087,257.031393301471,216.18079891363234,156.83445299743798,3.96836681097079,1.325622026063135,3344.189948982319,30.22763272859381,1.0
10906.0,36960.70333442185,41440.095802160875,-334.95362227784625,404.1230980479375,180.8932069838363,183.59642672654718,3.908551197646421,1.3703708910291272,3716.106826234843,32.642248344732835,1.0
10907.0,36714.22248371223,41303.734852632384,-689.3785178018079,694.0009142219751,223.3061804157688,348.0670417582452,3.818863477944382,1.411753519707134,3634.2824823407595,35.172195214873646,1.0
10907.0,36559.764019750066,41311.515386885054,-598.1938767142284,608.1048511468803,203.24787128711588,278.46329921386825,4.21000655425324,2.0042203090420716,5449.240613937804,39.706574396612154,1.0
10908.0,38060.73380207984,42228.1120504845,5.665503799885835,237.16415385890951,230.34459148106708,359.1708244351391,3.7320925021096305,3.081289691762621,NaN,22.355445431604977,2.0
10910.0,38085.551819925204,42200.863684254335,29.54080650755094,229.5638782815903,237.12630080712697,227.57173516507848,3.933186606436856,1.483785239378418,3751.427948141843,24.441453521429306,1.0
10911.0,38149.42693849329,42220.995812900524,-82.87629021552934,270.0877024333246,209.02347651168276,773.3511219704756,4.305578085944858,4.639314704554128,NaN,15.739564931971124,2.0
10913.0,38062.47725791902,42185.83513278122,-29.87262812607887,249.47096840347524,221.05330410100606,248.26447010688062,5.10254023496592,3.2659348399519623,9886.5067748961,30.106692850703194,1.0
10914.0,36866.82398295081,41348.37894412935,-521.0968782084923,541.5966845259853,191.2322286625391,272.1343536376861,4.753916699238145,1.8726394292997584,5201.184505090274,34.73769362250759,1.0
10914.0,36853.5405370198,41349.15228962044,-492.75912118438254,518.5597132330988,187.95425588541406,249.39083116651696,5.117647024324446,2.9861510809759375,7772.726565765328,44.294571662602884,1.0
10914.0,38112.784030628354,42200.526319426404,-54.92833642624835,258.86405483779305,215.0815004541656,249.3676855127822,4.897558405309214,2.6608170558280904,8264.053845249546,27.56207805895326,1.0
10915.0,37005.89665290341,41508.474352579105,-586.5910749242867,597.737323167849,201.14999744852366,235.92996060383558,4.367066252184582,2.117657537807192,6017.109648022172,45.06235161173709,1.0
10915.0,37998.81304459522,42132.20324843311,-150.65452020068406,300.2022020944534,196.67171461132327,145.30239831696557,4.151000164450454,2.4008855675717533,7323.591436405273,40.58871762952257,1.0
10916.0,37772.62951252906,42194.2854965085,-285.4301517729375,373.05116499233844,182.58975111975488,128.7312749560763,4.46123447623472,1.5885506100941016,4482.6723069033005,41.04193064088049,1.0
10917.0,38044.83636846931,42308.47536146024,-285.38013932882365,373.02095526766715,182.5924091479447,254.7549374291629,4.144696190071402,1.6257635968238169,4583.015302958008,26.58321765511076,1.0
10918.0,38422.441891430964,42712.67790241899,-288.69964097983586,375.0311981304868,182.4201220380023,274.5269760079899,3.797620633884806,1.810771906883615,5174.01784952174,26.120937235853987,1.0
10919.0,39625.533488438705,43773.87272606288,-226.8606784782112,339.2886802837192,187.00859292508167,271.77603269845474,3.9890924627817026,1.5873788501080242,4494.957181606706,24.37086538046816,1.0
10920.0,39429.32272524151,43515.07120227854,-182.52396120409168,315.88194953885665,192.09217583690804,177.0351330256026,4.245847137104975,1.6985579809344757,4625.902006506255,31.473360316330552,1.0
10921.0,38823.80252376298,42945.237562056805,-401.08722693618824,449.22299413637654,181.54222351101032,237.584777632197,4.123839615613691,1.743766720395032,4384.928187094092,31.697210138339617,1.0
10923.0,38796.220226995225,43072.32319561716,-340.9811575437606,408.06276099791415,180.81430846510455,181.65904032981763,4.1364008737212306,1.5379476361909012,4115.383627896808,34.07526378605633,1.0
10925.0,39290.78708793868,43567.91889237133,-444.57174054813,481.1248345443786,183.78531424351374,269.3810140224063,4.290847490148206,1.7493350293410705,4275.463345159695,30.804853801022414,1.0
10931.0,36072.25633885864,41078.48737168739,-196.03135090913852,322.8165741970017,190.38476022298406,138.78669900620494,3.9003874635104725,1.4104564291110393,3897.91307213031,35.19281899482155,1.0
10945.0,36543.5403485094,41304.32505347418,-332.41005408188147,402.47087344514534,180.93480881756489,187.21211631450254,4.08245627334906,1.8533899111225158,5702.657911019344,35.180655246282974,1.0
10946.0,36440.85141388953,40957.20064027605,-182.75705776924562,316.0001611923008,192.06153198270195,107.48484671208028,4.103290260729834,1.35883447885111,3778.873663074103,40.718094572038446,1.0
10963.0,36570.60519696806,40878.798436874524,-394.98485128776986,444.8887431960137,181.3427453985227,144.56319296694352,3.9129846715225667,1.45272186508703,4019.589563927724,41.20614884691817,1.0
10964.0,36440.15498443715,40826.309760490054,-272.83831418373273,365.51960139482753,183.3191508781591,96.69257977172059,3.875757160073572,1.4176274676353766,3890.024368508217,47.33590323802396,1.0
10980.0,37361.548926072384,41678.24429396451,-538.7156047593833,556.3014743000247,193.57881048231718,209.83396772812418,3.8336854021352953,1.5187139202760314,3887.480071214589,39.49889189370342,1.0
10988.0,37513.89917958586,41592.38354291222,-357.0362152461755,418.7236885375923,180.7392492006573,269.32413997964755,4.3726574079735405,1.5482717842600293,3628.455040694139,27.08748917201918,1.0
10989.0,37494.433201163316,41630.016991039454,-383.90361819835704,437.1080092276311,181.0530732067057,327.6065641182246,3.917878927192048,1.8577160239654433,3900.385382122956,25.761878037532426,1.0
11000.0,37585.39552901114,41714.3880246034,-348.39168653984024,412.953317781374,180.75525313327933,173.7231334566525,3.64842145066649,1.4285415848218876,3924.9141932627817,34.60034270607437,1.0
11002.0,39614.33758305055,43738.053766504774,-417.4638135257884,461.02814314394226,182.2178265069904,185.7647374368607,4.012661327819707,1.355586103417332,3539.689193109091,35.221801721050284,1.0
11003.0,38727.46297978444,42916.83907298717,-203.64697194841676,326.8022436743214,189.4833972422905,128.00950371674725,4.468511092087123,1.7459919595121536,5075.4256001560425,39.995758549919856,1.0
11004.0,38742.970714479365,43110.23867797115,-357.9828879275481,419.3598898850005,180.74095641857733,274.1963435871248,4.698536850250141,2.016853754982856,5398.799512722075,28.790547079207712,1.0
11005.0,39242.16218373328,43386.26468500402,-870.8935200941496,888.3273947430057,282.096486810952,413.58574324748,3.825016153811028,1.683518420204937,4385.952024736245,45.95677493962357,1.0
11011.0,37670.87610009778,41768.94596718301,-288.318796224949,374.80003628208607,182.4394619912985,204.08178945337698,3.5355014012104764,1.3322199207939853,3372.584075050802,29.21123000049741,1.0
11012.0,37629.50525877085,41815.70314123946,-184.5127456458266,316.89393141248956,191.83346777673637,568.0357384980593,3.941707483301067,3.264062115710786,NaN,17.97798481345698,2.0
11014.0,37654.9899199544,41798.38136427176,-203.01809953780554,326.47104878518564,189.55615452423302,232.91766835905472,3.6603903473657198,1.507736700679722,4155.676601253142,26.07255124938821,1.0
11027.0,36828.498680103214,41463.745871897576,-393.784583447431,444.04037816934385,181.30685027342614,178.04865171796416,4.335658180952458,1.8214827423000945,5099.446904653129,38.74341037182679,1.0
11027.0,36849.002659295795,41480.54106074029,-440.6559633290181,478.17902001167334,183.52428335176145,179.19529559925635,4.482207537648533,1.8160209385938262,5137.995782284347,40.90105252005482,1.0
11028.0,36417.76100181379,41006.32581893366,-211.47544293322414,330.95631585262686,188.60291224498815,202.30521402837357,4.374664147857818,1.7639020905795932,5309.507467434839,29.727150536309914,1.0
11039.0,37556.28596386476,41889.79549763439,-110.91507517187151,282.782254611871,204.10500425191685,1241.2817725066832,3.7680165845298554,6.869442872261651,NaN,13.514867819384047,4.0
11043.0,37590.68809353278,41892.183304997336,-184.6398263918056,316.956859219448,191.81553328773458,282.6798828150153,3.811869962587213,1.6674208391912992,3988.238400671218,23.4373298927369,1.0
11044.0,37526.184481272896,41893.0733402513,-106.96834096585918,280.26494132366946,204.2070262211936,272.8669332987035,3.60421975042961,1.5345635190563474,3860.183382097096,22.747727822767754,1.0
11047.0,37555.597144244144,41869.28604736858,-68.66043727909161,264.2631975941671,212.0115388049466,295.34196603803986,3.9537229691683575,1.7568487634497134,4568.866779206913,21.98003560192521,1.0
11047.0,38866.61503643328,43235.81841749658,-40.12075700747971,253.24131883380875,218.5529300908977,82.09796568800229,3.9430821100207267,1.3478380670800265,3771.522304261338,45.69061476723652,1.0
11048.0,37594.759764097216,41888.11798929076,-116.41522040354988,284.42374616193155,202.45430713072702,271.3501838108188,4.2869473874711685,2.4266201399733363,7524.543729617775,25.716027720790194,1.0
11049.0,39203.510363420566,43338.389010109466,-364.32635511165137,423.6447544702538,180.77001770253332,192.18128190073665,4.118465225052262,1.8996412511011764,5466.296719751218,36.08573592190765,1.0
11050.0,39151.816910457404,43277.58482056674,-522.450152939379,542.7157644213996,191.40407947125698,187.85125396215062,3.9306957278080175,1.6041253185847253,4694.847851809469,42.37024934784367,1.0
11062.0,38701.12660647533,42838.64909837662,-254.5635643338956,354.85488040935815,184.59268345160842,190.39214791192262,4.091183021757588,1.743820958747075,4614.896214070962,31.784653454995905,1.0
11063.0,39496.9623247756,43494.61941942339,-407.60575855998536,453.89161314912445,181.78665405536913,206.0293905626293,3.912995252607944,1.7754944314965424,4876.850859060935,35.31800270884971,1.0
11064.0,39529.17350831808,43665.28756990413,-352.7872452466624,415.8786222756528,180.73999876279316,265.7241207636599,3.9838553716272047,1.6123362647803148,3987.2813158493577,27.453638390479078,1.0
11065.0,37501.282080523226,41891.94809604631,-70.83800899460059,265.1357032102508,211.53792004010728,151.9078359433979,3.6963306559061007,1.379573032709908,3499.130236703447,31.264323142902697,1.0
11065.0,39285.51322740107,43625.277901576956,-196.1854994432872,322.8967062108509,190.3660773724249,270.7344571752382,4.283319725984409,1.8091925018277824,4949.185702198902,24.659906285775726,1.0
11066.0,39322.48268193495,43618.69171005266,-300.67375891892584,382.3688988746946,181.86842809205962,198.2060863361244,4.11250212359454,1.7394356804971294,4530.274996130301,32.157648297883036,1.0
11066.0,39351.95368976659,43613.09810988819,-416.7990661933019,460.5440319218819,182.18642305019034,217.51611728370742,3.9873271070002088,1.7573417988392963,4671.677560522208,34.31680457498709,1.0
11066.0,37575.93637643478,41892.322448356485,-156.265192514213,303.17131139283686,196.03410957889253,936.8861250332219,3.873373792825961,5.676845836349144,NaN,15.522058430359522,3.0
11069.0,38714.929308864645,43050.13396904344,-304.99847601187986,385.0523069313365,181.69603101563254,153.91400626680024,4.216793691159821,2.6826513318468175,6792.78688690858,46.936125993529814,1.0
11069.0,37572.81460420645,41887.135787675754,-125.76482453231964,288.86199391564435,200.98007731089382,732.2020909731932,4.014789196826705,3.9593140555766104,NaN,15.703867579309616,2.0
11070.0,37550.16522664213,41885.26646516057,-150.16793400326094,300.68563456466825,197.3257965596177,2711.4713988109993,3.7976885546690347,15.850864511909988,NaN,12.168276577821139,9.0
11073.0,37519.56738950031,41885.20920362774,-138.73618908569824,294.5844577009956,198.58320256963438,348.76754133998725,3.7824960385564546,2.010867678214028,5098.135206083272,20.98166767806177,1.0
11075.0,37620.23592920871,41884.86162904826,-216.69348688829655,333.7572990734555,188.04196842973008,347.3219243656326,3.542737375624002,2.001631623316328,4248.164862644512,21.928344994415003,1.0
11080.0,37581.975991537016,41885.75330864149,-172.99803855985854,311.09484436589315,193.37991744230425,316.20358090563724,3.7115902491853943,1.9098148887312318,4674.335899627676,22.39851961112761,1.0
11093.0,37536.00457155262,41879.764565581965,-73.95755056732641,267.02311461413655,211.37460619030094,539.1158218916536,3.9145657403545298,3.4689587050665125,NaN,18.090700056205137,2.0
11095.0,37582.6033166576,41898.1818514862,-132.34398915704,291.6282508381097,199.6542825884152,577.460231784283,4.012115172184776,3.097653993521903,NaN,17.021302586660354,2.0
11097.0,37511.01113561625,41892.865589541594,-189.88022024546794,319.6372799355006,191.14505804223015,389.9937479594111,4.628331419855228,2.3047149017324773,5544.393459534158,20.775479206726427,1.0
11108.0,39763.75958087877,43575.62567823422,-204.77630297522026,327.3979407025258,189.35349609943648,123.72528111489243,3.598931011248453,1.1192168460244916,2876.3557352689613,35.946135328455604,1.0
11110.0,38616.54593388677,42673.281155034834,-220.75258782041107,335.9539310423969,187.61996103578903,128.12569151726862,4.248712187026541,1.7608186615251749,4956.390384571221,40.59391580673978,1.0
11137.0,39692.07206018547,43719.95081582003,-81.19658537602538,269.34738755337276,209.33442618033607,107.47661989808898,3.6370366642945875,1.2911950941538681,3742.1779900475735,38.29197108036141,1.0
11141.0,37954.13214243645,42243.752826379474,-383.9760812056208,437.1585132965745,181.05466347275598,178.57514409126046,4.030368699489364,1.4591462343660124,3785.667078836993,35.49089796199062,1.0
11158.0,37556.52380194636,41844.536496544555,-70.9886036747154,265.1962085368745,211.50529951004705,100.88883938023922,3.4667445039464346,1.495815857729022,3834.5930588993797,41.59927328118473,1.0
11184.0,37585.06226523315,41866.708980376774,-77.24890808611252,267.8930891542569,210.29603981117793,452.84659882094786,4.016619402220481,3.2512359829618935,NaN,19.869744588300982,2.0
11186.0,37546.67130654164,41886.86234386741,-121.8778611836967,287.21557952614035,201.7535663839938,656.7884456721107,4.383703252258606,4.16772596602387,NaN,17.215621768375332,2.0
11188.0,37572.30671913975,41971.259027179374,20.758558306043255,232.29680442999648,234.58102100529496,172.03014895655724,4.108729219714723,1.8863127364655468,5386.6234337306205,30.895710095183066,1.0
11200.0,37543.40064045804,41895.60625629864,-143.8803160990769,298.0293438631465,198.58264425120163,830.2244175139695,3.866458468839951,4.757276194021992,NaN,15.631910543673351,3.0
11203.0,37512.66305531028,41872.71730815896,-157.42882636699215,303.4550000627759,195.6334887911007,191.69223635934597,3.71935033821403,1.5026139685571414,3860.8961284384795,28.60466109106785,1.0
11206.0,37591.51312530698,42327.56888063661,-187.75341418996203,318.54631286416435,191.4146461138412,278.36778669751953,3.7016899289589547,1.4308576480323922,3231.0965436954325,23.04928060905896,1.0
11215.0,37567.595457020994,41890.645596962015,-133.1402883437144,292.8466537603161,200.20789762289786,1688.041009069728,3.844073705298675,8.837700547558155,NaN,12.324514603654915,5.0
11216.0,37559.664257554905,42007.30111606529,33.455336129502,228.36916019306778,238.2797525268081,455.1666754870299,4.2224861986840585,2.588762372527478,6809.191468968674,18.07713092622169,1.0
11221.0,37562.90594257882,41890.451920271444,-110.91525277050643,282.2283934235666,203.6573022378036,1072.5507042790853,3.773254927787726,5.080051161379346,NaN,13.158768149162846,3.0
11222.0,37530.91689285779,41889.49064130858,-80.7420214973625,269.16044411009614,209.4294062880503,324.8065294321398,3.7496170738766743,1.7246436076759288,4249.93558187495,20.7750446198698,1.0
11225.0,37585.63195553278,41865.77131888035,-147.4904604183053,298.6977519074602,197.16861871542673,289.86845020013897,3.937730039935678,1.6954901257442574,4003.5687242884355,22.73212030327684,1.0
11226.0,37603.072578004736,41895.2860448069,-141.36592945661909,295.81252439644624,198.1521694960901,510.46291757685583,3.785691260109491,3.4919964673612607,NaN,19.303576916033993,2.0
11227.0,37553.45238793543,41897.0438334185,-103.43089661642374,278.72930715849213,204.88084519712433,337.1982533644972,3.693768834548198,1.8227476914579874,4113.047689408895,20.68428506000055,1.0
11229.0,37549.57170462228,41875.953368402945,-95.93726342224733,275.9451827389189,206.68721013555904,1038.2662374136153,3.7213476249327364,6.818426916623416,NaN,15.25747157695543,4.0
11233.0,37660.782656335854,42316.60015975694,-26.36405339989893,248.20289979808925,221.92773023103564,191.55914964443903,3.591477466345509,1.5318718603604622,3922.9209659809717,27.469903961988678,1.0
11234.0,37601.29640962936,41987.59796063387,64.52246902016807,219.3998650218926,247.84808267583574,308.0486498921405,4.031508456293317,2.0187228158391695,5578.553897764149,21.681857484233515,1.0
11235.0,37600.804170318544,41861.243945611255,-187.20083911154694,318.26356187825115,191.48525317388234,295.69617093881584,3.7854370617786866,1.9641817130580492,4669.802699016833,23.691595470251684,1.0
11236.0,37545.13461695064,41888.38864631178,-52.87827289604966,258.07327282237094,215.5521432744106,130.79636074907754,3.6728634422852604,1.3479758488112428,3666.7828083103905,33.93720570543377,1.0
11247.0,37727.63687847214,42399.15667185451,80.54384526860531,215.13009785753698,253.0699602740692,154.74626955267004,3.883532646469605,1.5643872979730178,4039.947218203589,31.300982747423436,1.0
11247.0,37727.663999316006,42399.103603943586,80.44869984517999,215.15474005486692,253.03837193780925,154.36339612586372,3.895798256886632,1.5757469887022861,4165.152469906653,31.41066856388016,1.0
11258.0,36816.877746911596,41194.327803133776,-330.6061117202379,401.3027851642792,180.96730199700622,184.69966131924446,4.031023524485407,1.5450658838396092,4348.391968049034,33.41848293012685,1.0
11259.0,37413.54985620028,41766.19218537941,-336.925808367899,405.40836938323474,180.86434409684375,199.80442640328562,4.59506951210707,1.874468267664683,5264.154393219994,33.95383144352639,1.0
11260.0,38430.425231570654,42829.92391235005,-410.96980542694575,456.3166430134729,181.92546655716933,143.53882819015178,4.105867818766094,1.4886523546013317,4177.664782911472,42.55333435057734,1.0
11261.0,37964.35934253549,42328.9700187795,-698.144056287028,702.6711581458258,225.56822081232028,228.63150335389204,4.0135141145524456,1.528779850345329,3982.1515842756457,48.60670185385305,1.0
11262.0,37563.3492745349,42125.47280520879,-376.58751075948254,432.03443710630137,180.9131124909539,210.1021802045468,4.04527660297166,1.5921802942016765,4700.419139539184,32.51408139544173,1.0
11263.0,39414.107265768005,43455.850356521965,-351.74389604816884,415.18260999832137,180.7422868765612,122.5582558138093,3.7128219984583475,1.4080622418934463,4042.1490413119436,43.397208234602864,1.0
11265.0,35866.08537441124,40663.54894172841,72.26779082747744,217.3054788935663,250.3481045729526,70.05206981611845,3.578522999485894,1.3184470325460051,3978.627783611767,49.89035951812865,1.0
11267.0,35916.21756128359,40787.81945834733,-29.855642502635295,249.4648014982447,221.05751475188018,81.0165378673378,3.7833597651857045,1.4003319313982714,3879.0823733166926,46.60818933675975,1.0
11268.0,37491.47080492652,41847.32023823111,-9.203579901759161,242.16800237345154,226.33971180065782,143.0277338576198,3.908133400844694,1.58697024245734,4046.017925422483,33.18734227209165,1.0
11269.0,35853.39628645448,40727.76176572382,-58.03812116066057,260.07117459017434,214.37368673457493,187.30561124955818,3.8328530771633185,1.5210266499203977,3931.44981925275,28.00884246246062,1.0
11269.0,37567.92815401168,41890.783407521994,-138.55460042304662,295.0711818354041,199.07484682929658,2751.0596507643095,3.984968162056318,15.598285198386053,NaN,11.786982723199694,8.0
11277.0,37539.98880723457,41891.290330859636,-62.298953803588375,262.14384145107437,213.7422971159905,913.3040886519564,3.802284938071661,5.440961405782395,NaN,14.870704884096309,3.0
11280.0,36245.49596672448,40808.141614543805,15.119567659602641,234.08993142401917,232.97771062655605,78.44197705121746,3.5940530473847088,1.3571513373384263,4042.617357467197,46.76360899016751,1.0
11280.0,37497.05750429542,41850.061797227594,165.6042418505759,196.51515906176715,284.07014344237075,82.59841991093703,3.6125514384651116,1.2923668792759684,3444.9103615660792,45.132260048647964,1.0
11283.0,37882.510236045,42406.60748098731,19.872800849874878,235.08292177523765,236.3531682735279,290.01771518069194,3.712110709148703,2.5562084062869097,NaN,24.44802743013506,2.0
11292.0,35348.72680069249,40371.18850436874,-312.50611147154046,389.7525430098466,181.4306024012136,206.7340543339167,3.9862991390298506,1.3358495157683603,3217.828104553452,29.58599592819998,1.0
11302.0,37732.84042104498,41789.17986305613,-275.18822791745527,366.9138087246481,183.17385788093904,204.37335971969833,3.762134936687371,1.4318732714449252,3284.0177874053943,29.329253280873097,1.0
11304.0,37073.03607963111,41631.9331562192,64.00540135303805,219.54169790388332,247.68281237318723,158.16211719409208,4.415566647537255,1.6400770439597132,4593.475251611143,31.245591971189285,1.0
11305.0,36114.21759290746,40988.37670536849,161.51328463397084,197.25425693706228,282.4529779948863,209.34613175458983,3.947254169572467,1.7251747313308476,5035.980130614122,26.92776478119526,1.0
11306.0,36174.562517985054,41001.960331642695,86.19667652956787,213.68136264505426,254.9590847581383,402.219871414801,4.311578459421724,1.9915466419701489,4431.782705759866,18.42545719674879,1.0
11307.0,36202.61554333834,40978.17864385362,143.00915922409433,200.79446528714195,275.2975694510507,285.6416675043453,4.056750162899605,2.1139621631597,5625.967094465025,23.225543493232827,1.0
11308.0,36171.809899024076,41074.20340157681,29.56166074718363,229.55747526214316,237.13241475721387,305.59383489181096,4.435268651637025,2.0304015717922996,5130.240504038327,21.832674079020464,1.0
11308.0,37553.37715107812,41891.730205171305,-204.3909482811873,327.3802328278081,189.54778129193932,792.0355897522381,4.653949629332415,4.97956388370193,NaN,17.04684027527873,2.0
11309.0,36140.13482398859,41139.53395053837,-61.27204824311084,261.33615544607267,213.64543442333556,331.7396438839299,4.509841307899176,2.5638841882523806,6984.98963592682,22.449879719725,1.0
11310.0,36110.881452590715,41123.414742551206,-92.46410852259916,274.04353271465646,207.03043099138787,364.2411854086504,4.258057085105899,2.545474182245691,6491.999876798742,21.291655439353534,1.0
11310.0,37520.336354900195,41874.34213325606,-106.41478969638632,280.02386128641984,204.31183830188786,426.93413864071965,4.53728766947272,2.242746445118649,5711.855518535419,18.744538376881856,1.0
11311.0,36077.415179592586,41095.12497977078,-125.62272214097754,288.55815552875265,200.8114499771964,389.85650877483357,4.078161755291045,2.306465771124032,6506.6181958649095,20.11293731408204,1.0
11311.0,37541.158443480046,41931.000516319575,-95.11421600879973,275.16545087924095,206.50258851577337,339.94570977510784,4.615217367110536,2.7407312218290385,6388.923747172818,22.844159685529448,1.0
11312.0,36043.51653675938,41040.7966565062,-166.34052107485238,307.8000125935196,194.32095467250622,270.09967468069465,4.293533565335366,2.008954907422135,4971.312291504319,24.94022276460863,1.0
11312.0,37549.78538307828,41898.666950083985,-159.13116591774454,304.27921114774836,195.37808791925687,428.4455389409842,4.570854868448159,2.5149012507505986,6233.62910280805,19.694243328793384,1.0
11312.0,36049.92777729498,41053.85876938704,-222.29138858656816,337.6020076972656,188.1188965171933,866.8631654330447,3.972305792545875,5.3991503292553045,NaN,16.84702491203085,3.0
11314.0,36096.170382278135,41060.18914427168,-169.54956456395382,309.3829631037818,193.8631409455196,234.86531621370256,3.9990821207567766,1.479094953420583,3554.5246795256335,25.372135060679604,1.0
11315.0,36028.21216141411,40993.44585830017,-240.0110506195432,350.5109154555014,188.95948942149946,645.8975509764065,3.817941255678255,3.6304268374115742,NaN,18.11012493908351,2.0
11316.0,36066.21428459253,41031.68409140383,-172.69193555622422,310.9424360820779,193.4224441381935,267.1169798573657,3.6712879116231676,1.4360745074686168,3858.270201543125,23.43709753681236,1.0
11318.0,36008.41803387781,40921.069647506534,-16.31910483937262,245.0054953022377,224.7811502534043,686.7611364364898,4.008386084761812,3.627163750162439,NaN,15.38342615332801,2.0
11320.0,35984.902395552446,40975.58564817497,-34.819263658812645,251.27850139620392,219.83641395710836,291.16676470022935,3.881372540595578,1.8033273047400764,4264.9383314744755,22.100107958623823,1.0
11328.0,37565.81358224162,41855.044451383714,-108.94412214090399,281.1277805245114,203.8348264965239,241.4884279831086,3.558175952722832,1.5050959733945395,3782.283645181634,24.378518026442162,1.0
11329.0,37573.16689170873,41877.34878428858,-146.79139292227086,298.3670311805529,197.27975641503593,660.2602827312894,3.911551324218287,3.677164740471932,NaN,16.563661252534583,2.0
11330.0,37525.69231228475,41886.23738021328,-149.01265415808962,299.4203476455781,196.92861137980057,367.3128914705567,4.063635474969624,1.7335710927564647,4055.102145291291,19.85588690362293,1.0
11332.0,37501.630560246966,41904.24824499459,-51.51112784022006,257.5481194064857,215.86778545288684,255.62099291587336,3.982134460019305,2.0996799417023255,5857.707037626521,24.975400861962555,1.0
11333.0,37577.4510704758,41912.98069312612,-163.31253892656244,306.31528032238515,194.76013388810995,276.45624479911055,4.012080182036033,1.8882436145360904,5273.598609219097,24.14773645418835,1.0
11334.0,37540.43845252456,41893.56183135468,-89.42867397965364,273.3591933867983,208.12048608747614,759.0291046320598,3.786332996055427,5.192541085962366,NaN,16.831807322302385,3.0
11351.0,36126.29012871748,41167.738109924365,-365.1571542193197,424.2404092704826,180.80168040259068,651.2093395193522,3.9604961629024653,3.117654682202487,NaN,18.847178081584364,2.0
11354.0,36069.02592022878,41116.459046187585,-429.2123740489087,469.6529546606953,182.82841423375638,272.123881930818,3.8741578388016062,1.8287339576689376,5295.193698559599,30.43395614860217,1.0
11355.0,36050.64612320319,41091.96355679071,-370.80549894959194,428.06043794185786,180.8313579950222,185.84378872574345,4.153858965917733,1.7336391686056065,4441.84837018349,35.97631741621985,1.0
11355.0,37616.03319565724,41731.443227081254,-337.3204321379219,405.66598561189676,180.85892468946145,142.93707645042272,4.2291842042619505,1.5497211632400463,3834.498499635058,39.84323475583916,1.0
11361.0,36108.75053004947,40946.17440104956,-260.0078918894464,357.9991278600114,184.18666114218755,232.86690990650425,4.098934062815448,1.8808342816934036,5640.487167885145,28.64565154108786,1.0
11362.0,36369.22695037121,41246.45147934635,-405.0197611860315,452.034708331448,181.6858097694303,161.86266368681243,4.120061584948064,1.482087150391331,4346.525212349844,38.93457854964019,1.0
11367.0,39112.2679237659,43591.60823915446,-459.1572177451113,492.2246327364944,184.8604275741459,148.15629393164784,3.6664610366356647,1.2404263296141376,3047.3796865302734,41.756751317227234,1.0
11381.0,37544.280224473434,41889.42529276623,-138.010199818956,294.8865806897289,199.22034929181228,668.4260166834692,3.972795174375907,3.579425597314123,NaN,16.26307766085049,2.0
11383.0,37557.384480028915,41927.968109236324,-189.15860469501453,319.2666416965354,191.23614165260065,158.266059481782,3.628138748013599,1.419340522919953,3774.6585796932723,32.32083451185839,1.0
11386.0,34936.634766595314,40177.73956158682,-492.74492790730176,518.5483646499737,187.95276741381696,219.48789504255143,3.6836820464855857,1.4879214796744802,4452.332356854547,35.698635694267104,1.0
11386.0,34951.93106910241,40176.85808875062,-492.3009985275297,518.1935059082276,187.9062893276055,210.5555670037085,3.895076215364774,1.5296589004783225,4612.669830549118,36.96724523088712,1.0
11387.0,35102.898668052694,40180.442127856506,-454.95411177238697,489.00542138076344,184.53398317624476,238.28850544941795,4.2218274365523,1.723944878995139,4495.395537085461,33.67399432241339,1.0
11388.0,34990.890558498046,40206.688727864785,-519.4821021075351,540.26361793142,191.02899636541778,249.7733367581263,4.22349291670084,1.696082859253232,4171.728269976013,35.4724723070023,1.0
11389.0,35062.556692354534,40222.747556927636,-503.61323402261246,527.294007148458,189.13749484475068,214.70731081331664,3.863080200941481,1.4687118246870332,3837.8001634349853,36.611072077316365,1.0
11390.0,35107.73294883762,40259.06290778577,-474.8386741844698,504.3822803930705,186.1971843384467,156.53106056813718,3.892840263510271,1.4694309204530873,4361.232441838352,43.400091307068095,1.0
11391.0,35219.26373850207,40224.17639456208,-442.1806928426927,479.3243454509676,183.62453464578005,185.26266327259074,4.423552373101351,1.6231651580065884,4353.875584227502,38.398423509638164,1.0
11392.0,35076.11457247202,40211.152392698044,-682.8310162477188,687.5718679960758,221.65473289343535,253.31154805777842,4.137074000472049,1.773449890011312,4532.761412495705,46.812605813038026,1.0
11393.0,35289.55885178626,40212.74888744821,-650.5092684076517,658.0256543327187,215.2728506030372,503.786551765651,3.9706553082461333,3.4119466549692383,NaN,36.854894673206886,2.0
11395.0,35195.82535817616,40236.46529941904,-479.64625262705795,508.1559836217518,186.64453800872,210.8652959101254,4.337472246712038,1.6356377821363004,3989.5544936182105,37.098881644486646,1.0
11396.0,35129.5439700741,40267.36420541636,-528.1889818817576,547.4806343289367,192.14835565187465,211.6739835857196,4.743806584023638,2.1604237726272575,6150.935543775223,44.68002717661669,1.0
11396.0,36451.407673862064,41094.37352874183,-502.2401990069155,526.4651252637038,189.2108655258025,396.5156542599105,4.322540487150388,3.6922574786810127,NaN,35.32836962315278,2.0
11397.0,36399.98381838299,41100.59288461949,-614.0995675178924,622.5266004801374,206.29299387191912,524.4174720972867,4.172620654510961,3.238874544103128,NaN,32.17347480831583,2.0
11399.0,36376.77797368458,41087.308574208,-593.3296186879047,603.7430035882901,202.35588679465232,267.2540027164455,4.041043460337016,1.8003769579609756,5060.68736755343,38.801707496274055,1.0
11400.0,37530.789059349074,41872.92465567606,-96.6817625490458,275.832186141258,206.19288736570678,330.8528891407771,5.125057075077086,3.1372927873856384,8597.445564294178,24.518618879338437,1.0
11401.0,37565.6095583528,41892.046229475374,-119.44587639819257,285.77576352396017,201.90642627559063,370.5764264835186,4.5746458202414155,2.748110715229881,7924.841209509065,21.80248521285657,1.0
11402.0,36385.4584731816,41096.92339109789,-576.6974842735837,588.9973160316384,199.44220215901774,259.6432278205946,3.8724545067310063,1.623148318006613,4373.72204487474,37.11834597292317,1.0
11402.0,36347.47351705069,41097.69364295587,-552.4538477817044,567.9706880428452,195.5727153887367,231.4772352711323,4.265726212995631,2.0021634204058403,5660.634602266935,41.996232402084374,1.0
11403.0,36313.65854049119,41062.11172933694,-553.2540037588634,568.6558226420641,195.6932790641248,182.46401563662948,4.357737123035295,1.5442448033765759,3742.2945676696945,44.67117311821829,1.0
11410.0,36680.45424799718,41249.299888059686,203.34478131791113,190.44110368575215,299.590651136058,114.99770439998484,4.084454149224046,1.7341583823148805,5391.134426518146,40.61655852589622,1.0
11411.0,37100.14529231416,41632.16214973788,11.103582548762542,235.38524565700186,231.85063746450547,109.64464961619424,3.994031486044906,1.511229087777209,4432.14266927052,38.78147865059725,1.0
11415.0,36503.79973809289,41127.07233937048,-514.7379992017924,536.5761607965665,190.61698306683303,371.55886912028063,3.8956624474686627,3.121121415882998,NaN,34.51897471236912,2.0
11417.0,36393.93637313374,41073.85463804606,-544.5136204478515,561.2045808101262,194.4027650024143,246.92042553739495,4.347222300446005,1.617582028257266,3639.3133142616575,36.50481270117432,1.0
11418.0,36290.23434316649,41130.61732938702,-618.3990602075287,631.3740368746076,211.11574342153529,485.07087569859425,4.218633218376207,3.5230716707339775,NaN,36.88033940301203,2.0
11419.0,36327.14983872736,41117.62679485757,-488.8152675564625,515.4136156408557,187.54656317760808,180.11963064597157,4.246982247468607,1.6487643228864157,4262.513231127881,41.949905076397975,1.0
11420.0,36423.28315999343,41148.86191054456,-497.8863567002648,522.6717497658176,188.50200222036509,149.89406480718537,4.272616788006778,1.6134911921518234,4489.0640155713,47.932973569101485,1.0
11421.0,36470.63047726955,41108.24967013349,-535.4139063243554,553.5235508896923,193.12105541799716,156.85315159584792,3.9783596459238084,1.4947390231299043,3904.570428638426,47.649457061485485,1.0
11428.0,37108.38711037641,41687.13294492696,-200.6853161745674,325.24574885310386,189.82867811620665,212.68128375311585,3.9796261742955488,1.7491259353009183,4866.163342229061,28.524686709817907,1.0
11429.0,35294.7323340636,40346.177345458746,-489.0221132175497,515.5782564456076,187.56765113676272,276.06436241619053,4.209752561304927,1.7509085898330932,4642.690832437626,32.1367344169134,1.0
11430.0,34945.76347910526,39957.77604610047,-297.3250968598537,380.30323075467885,182.0117077712196,278.38261660198606,4.301363593060183,1.5998110314832967,3950.487189110553,25.338868609774135,1.0
11431.0,35066.05404151141,40023.969376306224,-327.12281130239006,399.05596314195066,181.03706211725748,234.23904870294373,4.62207497044773,2.0811818043360706,6494.521106443882,31.32671516584351,1.0
11432.0,36597.054564675214,41104.738743660935,-656.5138701343925,662.1386502466519,215.34644617288407,289.5689535616283,3.825375348254954,1.705740438938205,4803.180727349778,39.995373626000514,1.0
11432.0,36377.71096121645,41132.06835270893,-607.7211013449269,617.4183426924224,205.61744823470633,539.9704306159008,3.9311091493421397,3.110748753275134,NaN,30.56919244165662,2.0
11433.0,36317.650502355296,41138.97215312944,-636.9536200479225,643.6584974414149,210.99974842034777,294.3086127591382,3.915923316508777,1.5440055537845339,3396.266618543923,36.98012535678527,1.0
11439.0,36496.488896466,41093.498250834455,-576.47628334622,588.8029618747393,199.40487182824992,274.43987361809724,4.051735051275527,1.6248863309682202,4262.01303748384,35.775139576616624,1.0
11439.0,36497.3232650342,41092.779058344284,-525.6282933378612,545.3506930024487,191.8131555589285,256.47019888600613,4.116536164811617,1.6004243518391825,4061.9878440764423,34.51755700904631,1.0
11447.0,36651.87620602791,41017.20725716656,-437.06602458569046,475.4910364560335,183.29524069118088,190.10332898229996,4.112695717082208,1.5635972418759132,4451.573088027479,37.03269156234855,1.0
11448.0,36802.574041386426,41557.492572561445,-468.2721237778775,499.26309029871953,185.61461535932568,264.45142308696194,3.998461552469713,1.600182999174923,4187.68526515401,31.31011471278209,1.0
11448.0,36795.48126426985,41560.81023011177,-552.4551551821124,567.9718070137025,195.57291198360272,285.62261052033443,4.120623507945026,1.5445924198258163,3996.4990596952634,33.113180105591695,1.0
11464.0,36375.483676223485,41100.09723508909,-517.7852395914415,538.8654350733883,190.81757411501857,213.042950608305,4.330462263908818,1.5785906202592077,3714.099119209995,38.414550860271376,1.0
11465.0,36294.68070706567,41076.05283005802,-557.2847022265069,572.1162944850319,196.3080251219649,199.4328181509157,3.9522576090277677,1.439886148758658,3533.256045716481,41.275439446654794,1.0
11472.0,37038.39443902257,41343.46231721085,-137.57178268196384,294.0427936674951,198.77575737776726,74.94220205800303,3.558816549783285,1.28941671292978,3620.2576974382314,49.61416091150066,1.0
11473.0,37807.88568118105,42001.4711872875,-414.57367384797595,458.92639247275974,182.0837436569962,126.08434797876716,4.262145429444707,1.5355140048183646,3819.897147045763,47.2756009679501,1.0
11488.0,37958.1644225034,41980.2790429772,-175.26312958015416,312.2253762551184,193.06744901446177,91.76643341662677,3.725114996108564,1.3202265684660963,3808.817084166173,44.57331946131215,1.0
11507.0,37700.64320030546,41888.019729869455,-377.9327904079106,432.9635739206439,180.93578759279615,227.36145177744655,4.1323605604800395,1.4863379364561944,3703.5709704823994,30.41796411628857,1.0
11507.0,37700.96017837981,41888.567859271636,-367.87403797387657,426.05767719453735,180.79964196508917,226.05267737652122,4.118134923276403,1.429067167958832,3471.2495182670746,29.93560487377636,1.0
11508.0,37781.13731980822,41926.963644035626,-461.0805621044012,493.70330207976326,185.0142987816336,199.3878633862152,4.223459922244421,1.5441090214498447,4112.361618650823,36.85819671220036,1.0
11508.0,37789.396126975254,41928.58781709109,-480.31308308494306,508.681132663068,186.70797878418855,207.53748071906634,4.1147704732641,1.5666026904694499,4400.5028485138055,36.996741885783386,1.0
11513.0,37911.79836802201,42572.649868601104,-395.4946337066854,445.2494751217444,181.358323096897,536.3187319474861,4.168982933661271,1.9272444050362112,4999.11556975642,19.443225286763255,1.0
11514.0,38027.223889056004,42564.208655662325,-436.9099998899278,475.3744878070749,183.2855088264005,550.7466302170593,4.423896856855479,2.500469021915044,6786.062231290338,21.338376075455407,1.0
11515.0,38275.5616549635,42582.15406014397,-578.4641793220804,590.5512463159024,199.74169155625628,248.6820649583171,4.252662659936627,1.8699269369334544,5203.404118737,40.43066581508088,1.0
11515.0,38260.37999747529,42581.923646137846,-494.3761102857718,519.8538602099653,188.1248371688414,226.89197802868904,4.2939200445174714,1.9404759223166876,5895.759108674736,38.39383635096155,1.0
11516.0,37709.14262947688,42019.69140323086,-301.3805807063881,382.8062631613596,181.83927748845392,148.0373347551958,4.207199030931387,1.6787762953357992,4499.496701813344,38.63247425603485,1.0
11517.0,37944.91531168462,42457.92217070528,-442.2572626574937,479.3819199278994,183.6296158485577,275.27142405855903,4.300068343494455,1.8901295067920227,5162.924059559888,31.02337391688823,1.0
11517.0,37931.80170525968,42460.16547906106,-431.33367410060345,471.22410861835135,182.9498722083712,268.3938367840842,4.407068133681752,1.8590903496416293,4773.193971439052,30.951423866917043,1.0
11521.0,37339.370415737554,43903.174615659074,-11.193168956880728,242.85345786226904,225.81668415374313,78.73917751153635,3.7230981346562095,1.3690410668877948,4164.410840149923,46.96122406030926,1.0
11525.0,38276.7521758866,42442.08265657502,-292.8198213346964,377.5407735774646,182.21795875572332,224.85374846746103,4.390654861743177,1.5131868031018876,3612.8216402177404,28.40714272775388,1.0
11542.0,37833.454840516526,42609.66831338007,-376.47583941558753,432.011991561953,180.95542169105255,578.1791762321727,4.213444618413337,3.7242587163452106,NaN,22.193969168694466,2.0
11543.0,36665.368876223634,41212.228782635684,-395.9201925559611,445.5507964956189,181.37147880396012,163.7137729072054,4.068456475520881,1.7131690033108289,5031.170237415574,40.208485108735125,1.0
11544.0,35486.25151043514,40396.5720740308,-328.93155085019424,400.22122045591163,180.99968431746555,112.49117087976975,3.9132637475297605,1.8091254684585871,5615.344935913357,49.76077974689486,1.0
11544.0,37919.473515207384,42625.07679494821,-374.49617230506124,430.6694446207151,180.94204653368746,712.1636802427743,3.9836621659877847,3.240782223443903,NaN,18.175464598291487,2.0
11545.0,35822.42094612624,40551.104418788076,-608.1576529469374,617.109169066732,205.13127867189,378.3610538718671,4.396500893510229,2.7526870984802203,8114.045461094931,37.47793534348139,1.0
11546.0,36007.733874708,40753.2685422546,-631.1853737417046,638.2776553075539,209.77359487349221,529.051844952376,4.1299753822359575,1.926808739428141,4656.082654066753,26.742403590261066,1.0
11546.0,35877.893941212584,40763.2185487933,-732.7078143609542,737.5652939342616,235.05843495986412,627.277003657625,4.091089404404152,1.888236804020991,4100.040758605002,28.12034933319892,1.0
11547.0,36204.49936075064,40863.40797762191,-431.0146342727906,470.9875386912503,182.93138604000671,250.26066882091283,4.214747824788774,1.9188471381031855,4948.3704228110055,32.76245907602217,1.0
11549.0,36163.374444733265,40832.07120734941,-439.2255832247099,477.10655969064914,183.4318462221321,247.1009478262674,4.280547978253119,1.8196881012475012,5280.574227441483,32.790420817635436,1.0
11550.0,35948.65906313667,40658.803270184864,-158.25210547483178,303.8532607210934,195.50969700322477,142.97128950514724,4.535518009853321,1.8475536406840387,5026.807325445485,36.80490615940521,1.0
11551.0,36625.5348138822,41345.81849451821,-267.6706715233899,362.47194834947925,183.6534644900059,172.74377006162308,4.46516178704247,1.8066305798274853,5318.593922741574,34.66183944979901,1.0
11552.0,36080.434804390476,40781.982355670494,-355.1891753877517,417.48483798127415,180.73788452553282,458.21971272783,4.412231048133338,1.8477924304877664,4323.8261374863205,20.352785493958635,1.0
11553.0,36034.39487223362,40702.521357948965,-635.8419066262826,642.6190075228741,210.76145940227624,317.5321813270172,4.675804710370221,2.4679417961693146,7355.836008771636,42.58139491824045,1.0
11559.0,35467.84287497254,40287.603471754664,-290.5299659644596,376.1440611834298,182.3287171482758,179.1571674460406,4.194231954473916,1.5369195041083437,3616.166582346784,32.81334717741807,1.0
11559.0,39409.569563477184,43616.16489043464,-505.9462009103631,529.1858491828942,189.40354147043624,219.41291771072395,4.484253928281178,1.6223077842807154,4110.97140040708,37.373340331795404,1.0
11559.0,39466.87768754157,43608.85790141114,-696.9428116966459,701.4786885208782,225.25476444114597,272.80184859793286,4.431525257986832,1.6306149041106226,4036.4204210374187,43.978163091392005,1.0
11565.0,37980.53375631377,42701.00506653797,-303.15847613923535,383.90846491274925,181.76763719126785,109.19103921536603,3.7672500929381334,1.4135913756012806,4095.748064441461,44.74319679642285,1.0
11566.0,37989.29052539949,42606.96360335685,-354.722041284481,417.17203049972454,180.73795131209235,142.28705478474586,3.8593575464362204,1.6988709959631936,5200.533751841939,42.113080118527925,1.0
11575.0,36287.4571879057,40655.26391389467,-177.9593162944102,313.57737986393744,192.70060822594266,98.44685211691369,3.576850802739987,1.2443793393447096,3493.737065171364,41.87807835190644,1.0
11576.0,36327.762735248674,40659.399496313206,-271.71804756297604,364.8710926415721,183.40146530005154,519.8124903155882,3.865184765094716,3.7461838036845805,NaN,21.495557471850173,2.0
11578.0,36291.08410300293,40676.01464964684,-268.4467508682138,362.92803953168783,183.60195839839227,169.1410994232854,3.6346268413922953,1.3741502124417668,3733.323391012611,32.46862804797895,1.0
11591.0,39846.235440193755,43729.6189141065,-230.78162729483176,341.4478873120289,186.6311233281107,90.20708537453046,3.40734385677077,1.3901035292840114,4279.85608587936,47.631102071582355,1.0
11598.0,36344.328388240465,41249.27012115317,-196.71615054120934,323.17272928955714,190.30190076288605,325.60846243605454,3.758229139756908,1.6144409455071689,4576.760518530411,21.567579812823105,1.0
11600.0,36304.121666631254,40970.997156971105,-184.28335393722708,316.7754670443956,191.86190192660925,160.86749653566278,4.344989859272071,1.7966354074267763,5335.866203551927,34.158159989654614,1.0
11601.0,36144.81624643729,40851.920729898935,-74.44527312876066,266.5908945859728,210.76129672676348,205.4242843779229,4.233328304257075,1.955717114513581,5670.910195371202,28.369627012443864,1.0
11602.0,36863.7451043488,41324.99405351553,-896.705358661435,918.4843096977711,292.49578211131325,438.7069160415933,3.9451225926622615,1.836184665819221,4699.7619070179035,48.135369620376416,1.0
11617.0,37281.58287227554,41895.443756800465,-248.3681744143718,351.31087546951534,185.08219631450459,181.24721485371916,4.105734729878459,1.5493183948370188,3983.887768644531,31.566654966690226,1.0
11618.0,37269.54332947895,41813.082612345075,-182.9988033106361,316.1228131772979,192.02979483878772,146.7964308521368,4.473099864703575,1.8223846468428209,5460.50211290419,36.4938984192213,1.0
11620.0,38551.259278093414,42931.478865009194,-265.0733045653079,360.9496427952579,183.82918284296977,135.56552765376802,3.597917233309294,1.5177764008440608,4382.578421721192,38.35647726974474,1.0
11621.0,38469.003833020375,42897.29779234702,99.98844529878562,210.27318695677747,259.67035585159215,136.89064922916046,4.082001713430815,1.5765879539606582,4617.308034438196,33.991779482966045,1.0
11629.0,37307.124592487344,41533.735730112916,-65.43921622144785,262.9807242031735,212.71877654682348,149.0586482099657,3.6651816107636326,1.2156182875212973,3063.57652081236,30.75431188208437,1.0
11630.0,36159.31524571697,40614.77191643493,-64.36048763767815,262.55343416315975,212.95738514670037,178.31173990672147,4.251077520081333,3.629854948356656,9090.194766145507,41.88426793915451,1.0
11630.0,37339.888366817984,41452.04656271777,-246.84477339146983,350.44497494712965,185.20704463613646,387.7319503208344,4.4291415709093505,2.815769444338717,7195.0410784342375,23.065843776372052,1.0
11634.0,36008.94030422526,40716.05553380065,124.65696827273139,204.6245291153731,268.45865262740415,161.31533583728188,3.6617855546535556,1.3963630960114046,3815.05236340701,29.84145356691748,1.0
11656.0,37189.172624618404,41421.573275480754,-151.23796710506386,300.48065092263226,196.5809195469304,79.84293463987606,3.7685224685894916,1.4403522425347808,4260.188611975992,49.860745279538676,1.0
11660.0,36439.178448404055,41123.57521182037,-347.95837454874874,412.6659293009933,180.75755421280752,236.22934027860867,3.909853501864264,1.5222150007071962,3825.2102046646964,28.989912878305695,1.0
11661.0,36825.57601872306,41273.07539815596,-335.77637874933146,404.65884156130386,180.8808056074711,150.19997513663017,4.064857154770191,1.4585273133377599,3870.0547735744744,37.750070837286515,1.0
11662.0,37119.25007775873,41329.78132359447,-348.7269382149907,413.17579053579624,180.7535709797975,127.68518887799206,3.850866494720116,1.4134812892873168,3808.205262338311,42.146875576660754,1.0
11664.0,39257.128366434845,43752.552018851806,-242.1916832329039,347.8137113518385,185.59933378393373,140.85753426541908,4.404137753843933,1.7567552954005135,4111.87672084166,38.61365814222537,1.0
11664.0,39257.376039285096,43752.55097731646,-246.76397055587555,350.3991077667462,185.2137161192274,141.59957334481896,4.390997202208521,1.7520677884931073,4180.735860565379,38.57589998279909,1.0
11671.0,35881.332993869786,40337.83025100114,153.79051946880335,198.6925175322117,279.4349148527058,108.6904881996302,4.547994423459869,1.8473801456537604,5554.681975723024,42.5380836685764,1.0
11672.0,36591.32009956116,41004.91920791982,-26.884802909148657,248.3903753962071,221.79735331955544,162.2571780923553,4.3680711397115966,1.9925153518639245,5481.95120183993,32.97702027906209,1.0
11680.0,38985.753418636355,43572.57191729023,-157.90964013479936,303.68751572757634,195.56112882039488,102.59246641407672,3.738016517691291,1.437366571811595,3939.5208687378376,42.149732558720856,1.0
11682.0,39891.379406825305,43592.01726354513,-233.84234120701012,343.14345157015055,186.34461111573546,117.36041327416875,3.721650224407301,1.3021932561294562,3429.494944440752,39.282330323228855,1.0
11683.0,36212.49201737418,41227.83009507824,-7.302569393111213,241.51655135448365,226.8422719904758,215.2620613304495,4.785172670378958,2.0409992742187666,6237.089400055028,27.42734474956563,1.0
11683.0,39866.77587593206,43610.81162893255,-161.99141874472394,305.6701950820359,194.95393885030802,94.40875492338037,3.2984009176120708,1.2211310467032812,3296.2524262088355,42.413101716113026,1.0
11691.0,39237.63817347357,43748.40807430338,-276.5028965084375,367.69607514167194,183.09440892280162,143.05146765509824,3.5958515947610197,1.5506939126829329,4297.018915299234,37.630344738320794,1.0
11693.0,39195.09963528531,43671.700091822975,-92.97352935614174,274.2586809125663,206.92855015168692,139.31014165390778,3.6063704907546748,1.3181984155144508,2932.8433125662073,32.86499412474602,1.0
11693.0,37307.29059577655,41535.81641474257,-103.96893136448082,279.0286912581038,204.8315510862799,1388.2393038973205,4.066617644825761,7.628176291871169,NaN,12.994893740763345,4.0
11694.0,39314.9123577564,43729.12631513706,-107.19020666736643,280.36164834430474,204.16508264897087,227.07145335171472,3.6311397072447305,1.5388272760033093,4063.70246376029,25.381512104799665,1.0
11697.0,39324.45652411629,43811.12695457485,-142.72567275058105,296.4499992228406,197.93130710480844,177.10045443813743,3.8276135999791783,1.506439024983451,4158.028958881577,29.84141684533989,1.0
11697.0,37321.21594200925,41525.860589529024,-70.65681780072526,265.0941138698274,211.60238978913756,634.8736407727838,4.048261933426131,3.5992211690537026,NaN,16.354553295369136,2.0
11698.0,39388.03852104213,43800.923286982834,-276.6860164576481,367.8051662109455,183.08344700424652,163.22357508837857,3.5995742373882105,1.390965131946804,4041.996766362028,33.51243425840084,1.0
11699.0,37274.0674299533,41512.74701206125,-151.6048378910795,300.65590363380966,196.5239605586978,324.35825757899846,4.23980846092925,2.100548311229616,5825.306539605399,22.30880825292723,1.0
11703.0,38688.29563575854,42971.53356620958,89.11020165998715,212.94643816402467,255.9422685486002,77.66489898353697,3.597681344561937,1.1709255042733369,3507.2395548231543,44.891318499484946,1.0
11715.0,34888.52253737923,39877.208198161556,-304.791346752421,384.9233848703992,181.703962864432,177.79973738700787,3.7313007001526617,1.306544412540421,3424.9151446159512,32.054658107974326,1.0
11720.0,39429.772003793834,43797.01642715785,-105.75926407507272,279.73874356681915,204.43626071338298,190.52988231883444,3.721587985795867,1.5517372037167365,3842.565406335039,28.276474240234084,1.0
11725.0,35687.70364891288,40857.00326932981,-369.94751540936016,427.4734286937636,180.82139741802666,293.5770877785926,3.852714848675323,1.6341855479969252,4748.558061276426,26.343933665882428,1.0
11726.0,35754.07423364736,40855.72175186638,-397.9271192032525,446.9741236080726,181.43538105978806,400.29187800576284,3.923560446056533,1.883541020284625,4625.545668466389,23.161017792459127,1.0
11727.0,35638.289241569226,40786.82645803192,-418.9356364862963,462.10150081269614,182.28855544817372,282.9637161534214,4.003226038178791,1.6929942113412495,4408.177706269411,28.675992257511748,1.0
11728.0,35605.29472690641,40799.40712438485,-411.19595594326904,456.48005025064646,181.93510771311807,354.7740388040528,4.0177990269935755,1.6532658366731239,3753.2068157135477,24.57214135608099,1.0
11729.0,35573.59957756083,40792.462703075515,-384.51861895373645,437.53679961082355,181.0666970944349,331.83031072364366,4.1752882677012115,1.6900506760988436,3839.01713779332,24.995396514759904,1.0
11730.0,35705.790987030014,40831.17821363821,-463.6286719643403,495.66766407352065,185.22249400514596,326.83314971192794,3.9059948214473303,1.7801460568586591,4528.571267742397,28.003272690522852,1.0
11733.0,35609.037921008945,40813.991793195084,-320.0671122765438,394.5399095328955,181.2067015873653,138.37279525257776,3.832941334741062,1.469298722601652,4054.1152536279174,39.322836315902144,1.0
11734.0,35663.67499323251,40817.84170577912,-337.6719303061662,405.8955724676931,180.85419746452862,333.27959088755404,3.86721237667692,2.183066620245953,6009.563021784635,25.4274224077901,1.0
11735.0,35637.418430804806,40784.20388622818,-249.74999568606117,352.09819497675255,184.9704806978878,252.97916513430906,3.7598544685109916,1.6893586562823457,4357.330187072288,26.21247544764367,1.0
11752.0,35754.44537004259,40882.691154416476,-279.1942718249524,369.30260615040476,182.93587026454273,237.53703417578964,3.597979587650162,1.375144978162169,3218.33010123168,26.65633879480685,1.0
11753.0,35999.1481673861,40905.507515471654,-528.522511449291,547.7585142385171,192.19238327894644,177.1286641813337,3.769104499122002,1.6285920172631383,4606.23844304972,44.80756431346733,1.0
11755.0,39167.75080090906,43262.34239484815,-49.50426212731255,256.7804264964914,216.33370449626253,130.59488808277155,3.6482977428927823,1.2841601964282228,3683.6858144065623,33.55349691497179,1.0
11756.0,39128.523053387085,43273.45967540537,54.07358582955877,222.3149494880012,244.54785082323153,306.2071854817645,3.9778826890368615,1.6799692328031632,4090.102831153769,20.964823128942037,1.0
11761.0,35350.69795644002,40338.28464727629,-345.6371991842017,411.1294549024316,180.77231698479105,207.01400431216186,4.427625730543474,1.9902661961357424,5232.529484752743,34.18513062355244,1.0
11761.0,35342.52934576959,40338.19838751046,-312.5872442564258,389.8036273690283,181.42796860457076,198.99899559646352,4.542888834257999,1.9802692989936581,5204.002011420188,33.892571399673045,1.0
11762.0,35898.34555623726,40585.177123728565,-23.366204572557173,247.12861452259781,222.68230294573945,123.90176897311532,4.083778069350817,1.6121991386350871,4629.810630113078,36.72430362627077,1.0
11763.0,35944.33657359233,40791.40103607057,27.85982316356749,230.08135092855875,236.63456793153688,140.98671734671328,3.6561262320849126,1.3256119254851084,3427.8787974235806,31.856984848422496,1.0
11764.0,35915.39386176492,40738.89184749968,103.94335715901867,209.32895573766547,261.04809913598785,125.84648145035891,3.9245606602491434,1.435840001087976,3906.920702751088,34.95570579350664,1.0
11766.0,37506.159007810376,41548.10847424036,-295.72049880747295,379.4606724743136,182.19937292105612,639.8266722965931,3.6937279273683936,3.1014898655780985,NaN,17.78926740264359,2.0
11768.0,37593.34628656474,41737.74019098439,-152.32528282637563,301.0004266601929,196.41240546409932,134.55280827261217,3.4369427899091103,1.3578439734805712,3702.615882235587,34.68161388705717,1.0
11772.0,35554.58134745748,40455.051430386105,-227.94155055423175,339.88245272940856,186.90336767948037,104.31356587162517,3.547956821067647,1.2638362238244432,3161.9844305697648,41.83859646060664,1.0
11772.0,38998.46776489729,43275.29364545961,-78.46171446663904,268.2255880073461,209.90824770925315,240.80365636471194,3.7934685238091608,1.5837200250913208,4163.6064485839015,24.40482062619547,1.0
11773.0,39060.79402980037,43246.31465420473,-65.86996928558962,263.15165432661763,212.6237441937467,301.42153835062766,3.925822683780859,1.7821239984820745,4892.24807930206,21.757791839405108,1.0
11774.0,36764.43506821372,41567.40558180541,-346.8052028811163,411.9019659694085,180.7643751934585,147.3639067029982,4.02434990708754,1.4848215694704372,4293.894685567318,38.86919383986336,1.0
11775.0,36968.12543529178,41488.994340127705,-473.08602218392537,503.011959475852,186.03847820601175,151.38668502245395,4.131502564297889,1.5683052148936252,4287.304626092392,45.38920130090533,1.0
11793.0,35547.49427602654,40738.04670716161,-309.905374446234,388.1183064284631,181.51768734378297,169.7832973369528,3.6129063116466416,1.3034651333925567,3167.6151532941963,33.10091746233279,1.0
11802.0,37692.95156207638,42076.226784322855,-89.91060563367247,272.9687770283073,207.5440951523564,406.1106209318743,4.064398704105333,1.9380284631184899,4674.915463812288,18.650130035125862,1.0
11803.0,37694.0566308169,42110.65326878172,-147.18610585395487,298.55353484091586,197.2168187416589,347.1360082393495,3.6592824078275528,1.6469849073470775,4007.3105568933115,20.330425785439925,1.0
11804.0,37626.27411281072,42096.01911359538,-126.95748355101216,289.164133096358,200.57865582279254,116.48345737421133,3.574896149272414,1.3235450568275664,3858.9005030665953,37.283626339883625,1.0
11806.0,37555.824094555974,42133.87428017151,36.19355951981186,227.54204114832095,239.0935364047933,150.27811935048857,3.500928708639906,1.307055283553489,3438.4336390240433,30.540142193885515,1.0
11807.0,37559.71907295802,42099.6610747249,-74.24713052402825,267.06868286006886,211.25468021851503,1475.4572542293236,3.908093181580809,7.563006516262705,NaN,12.248038539803824,4.0
11811.0,37668.693059485006,42059.141200879974,25.279127484932285,230.8809760063783,235.88383580165475,321.9347948941179,3.8479800546268295,1.6850595809824935,4200.352558231494,20.38987404612167,1.0
11812.0,37655.651379520765,42139.474387700655,48.60465836587953,223.88174581134908,242.85368680958376,394.586321398982,4.1404233373438535,1.79439569412663,4665.402774034542,18.283933393426167,1.0
11813.0,37667.829834226904,42194.55764299089,-119.04328572534213,285.59566341322835,201.97880330282106,204.08121853866953,3.9519328123771245,1.5201528077932516,4353.623914705299,27.1280346280346,1.0
11813.0,39671.36573978724,43586.5171218442,-60.26341766112696,260.94056185553075,213.8717140094989,94.52549561185286,3.6186732580818193,1.4262202021425834,4493.112724071613,42.61446037700998,1.0
11815.0,38706.53507283048,43365.309607460134,-341.1818476085247,408.1945235734117,180.8121577863945,180.47924601211426,3.9845749974371527,1.452525850726153,3472.91177105565,33.68482160627725,1.0
11839.0,35290.95378576441,40573.275831963394,-249.65406773383114,352.04348000118716,184.9781891475162,252.32746865230672,3.834146573273136,1.6719978661207264,4267.758990391211,26.188792648224094,1.0
11840.0,35333.749477847756,40595.6563323695,-250.87790223700893,352.74217634909985,184.88037188710464,341.8029807390035,3.6559381008409733,1.8576834917765397,4574.2217098877845,22.286810960955275,1.0
11841.0,35384.07134428621,40568.38876905276,-146.84194626045485,298.3905615734861,197.27140765847003,203.62476340415998,3.705497767006381,1.459523133430183,3568.897199307962,27.260467438290906,1.0
11873.0,38893.63219073421,43424.45007933583,-62.2203464730411,261.70896116651085,213.43339713427642,77.84400331345631,3.627647005678417,1.2150638112835914,2990.2710120617403,46.041094296500304,1.0
11893.0,34950.50841277643,40274.62696927317,-360.6669317788918,421.1682679455241,180.7495101205929,177.7364043612475,3.8825728240094115,1.3831396454148006,3889.3553747078554,34.2340290657549,1.0
11894.0,35013.255288753804,40211.43964998693,-495.65383019243234,520.8782191606905,188.2610372350236,240.18208371865205,4.227446782661865,1.703109093057501,4139.736213407672,35.24587884257015,1.0
11895.0,34966.97408522343,40216.45532596318,-515.2958586520048,536.8191455443275,190.51137823175537,230.73304298940118,3.623662920525643,1.7243816386447963,5088.322831194798,37.40513448016326,1.0
11903.0,37254.06299912588,42138.64683688156,-471.2157550751243,501.55287535799283,185.87170371768065,120.55709992746013,3.5514304720775756,1.2773369798894851,3648.0333689652894,49.044182328521075,1.0
11912.0,37230.80357708182,42118.875788999416,-414.3467102442451,458.7616748882572,182.07348366826196,255.51676802292593,3.8529806775182807,1.4895065589957885,3395.3332835465676,29.446828432367685,1.0
11913.0,37262.57391542843,42118.4759553537,-384.45568246111543,437.4929026923679,181.06528964567022,286.85551058570405,3.9259597319397432,1.5119426747223543,3717.45901475564,26.65753229288138,1.0
11914.0,37321.21115259238,42107.70284533038,-417.0646519478332,460.7373983491937,182.19892924228722,268.5675926580242,4.042860020075954,1.6872984022842419,4263.529678577139,29.551303708761203,1.0
11915.0,37242.586706368354,42056.457240416064,-265.52925129775525,361.2164108400702,183.79796486246843,418.2099655162268,4.917717259187889,2.0349868707223027,4939.127354797577,20.323087934026617,1.0
11915.0,39358.70351281146,43559.60718424385,-453.92243977686974,488.21779731549947,184.45591376083962,163.2519276387405,3.996448478176231,1.4827593554047873,4386.398444590093,41.148616761211,1.0
11916.0,37228.85781258876,41892.28885133506,-30.88381085102319,249.83858484978992,220.8030331386945,482.72392265293223,5.404666034781223,2.1374906111476917,5172.115486527678,16.878690966658226,1.0
11917.0,37191.715148049545,41780.12451872073,-26.87117696104893,250.39079872769776,223.42138196869905,1096.971582175107,4.021875302245344,6.153119257562802,NaN,13.742194246312167,3.0
11920.0,37255.52982818903,41770.324304066446,49.15219496710908,223.7236111822735,243.0222758718933,130.01718428497335,3.7695011569928414,1.3653152755123814,3816.837696284511,33.69367875330578,1.0
11925.0,34876.8997565438,39934.875080432386,-504.41457853084313,527.943252164113,189.22841079905,243.34239767952118,3.8492373528869637,1.506274566799067,3809.3206655787394,34.055395042648684,1.0
11938.0,39695.68624719584,43666.73727282761,-146.0338261255117,298.00832357759043,197.39994256040754,110.48561213998825,3.6064442130992096,1.4010875449253364,3937.160386772999,39.56325843770198,1.0
11947.0,35082.382014552044,40118.77786261915,-498.4600201695726,523.1333691680511,188.56453329398875,242.8048891471303,3.7805182962164783,1.7872939735492863,5563.055284545531,35.717714909757134,1.0
11948.0,37555.13592265184,42206.81473503379,-136.2363665661537,293.4231525622582,198.99786366926512,279.2139104715678,3.7616680723166342,1.6459404606296872,4407.090707476424,22.995862681267386,1.0
11949.0,37580.63084278108,42168.603588614045,-178.9451164147443,315.16072494522,193.44657468366,780.1660729125109,3.897954321680166,3.9982697434518175,NaN,15.598821918176851,2.0
11950.0,37594.94497984631,42184.32862811093,-45.618538604361,258.01684472129733,219.43629901990164,639.9684984740597,3.929924540999373,3.3333535315670395,NaN,15.984290276845417,2.0
11958.0,37486.7135723785,42222.29502598381,-33.23973663176684,250.69882421140508,220.222956700923,81.13103837616953,3.4939846622028434,1.282697322205701,3597.749976681238,45.23161264117287,1.0
11959.0,37737.35275243908,41986.29976671862,71.23694814004027,217.58096199962029,250.01273344779804,260.15951202923276,3.762331037772675,1.8574210466575387,5189.760804691225,23.60510137388772,1.0
11960.0,37743.43077274171,42046.82245879263,46.11767808082669,224.60357158686352,242.0908097297684,344.50423580366805,3.691055567353248,1.7573124888396805,4111.965901447785,19.719613390791,1.0
11961.0,37709.73252840685,42023.60838807703,54.87793136465148,222.0868912109548,244.79894366437924,297.4740220990174,3.9836913112134993,1.8178372470637285,4020.4052368799867,21.64676452064702,1.0
11962.0,37624.53974949146,41934.92748315781,16.868323355761895,233.5306417657223,233.47233463501027,290.6448132593809,4.030773346404463,1.571940688574266,3783.5616427164155,21.408177797739814,1.0
11962.0,39371.51084314461,43324.14936049654,-15.534358112760668,244.36204773370542,224.68593501089904,316.34559039850154,4.018496901435003,1.5684623266619153,3768.6390526051027,20.457623516801036,1.0
11963.0,37627.38162030261,41874.469663081785,-80.926589367285,269.23632579395456,209.39082225495204,334.516752091836,3.882473516845722,1.976274194346142,4788.212217277685,20.96865423670386,1.0
11977.0,37833.10992314528,42066.04038263036,-4.247312413859459,240.47669527358468,227.65574438339206,140.74826230802242,3.910457079696046,1.5960027372247663,4632.138958094339,33.56294275684987,1.0
11977.0,39177.677059980786,43392.31131299056,27.425289068387574,230.2155510155063,236.50780529766956,332.72564713759056,4.200505214314484,2.0420349827521393,5202.267903514988,20.750486714745,1.0
12009.0,38301.38938602228,42485.90842941101,-546.3907747324185,562.798794244685,194.6750168807917,203.76737787315406,4.187853553669459,1.391134009395966,3316.8150422258063,39.60072543767426,1.0
12010.0,38417.56482225293,42487.73921716411,-558.7871718306772,573.4101281523034,196.5403436198499,201.50654154013208,3.8088722554906704,1.5642142500716503,3933.6643863924664,42.29009695080096,1.0
12012.0,38266.29296441777,42486.46167130414,-481.89486411439736,509.92850985371956,186.85982125592378,159.626092574411,3.8761000352002224,1.562572570583464,4547.615574790271,44.23679788821826,1.0
12013.0,38269.41796485595,42535.1177858365,-378.8208440470637,433.57785613576056,180.95151175314967,158.63572474319068,4.202569804056366,1.515107969759531,3986.8869816914244,38.56301945651541,1.0
12014.0,38324.05110767868,42472.61973233256,-403.8164421410985,451.17280135962176,181.64062229305435,172.3803610381664,4.085023851497275,1.5523148978876795,4176.647202640469,37.85578788972813,1.0
12015.0,38260.12393970158,42457.44712774295,-448.72737434640896,484.2669068274155,184.0751153958226,138.47886079374368,3.9314515783321613,1.4655978286661555,3927.6887020185527,45.497801105472064,1.0
12016.0,38338.79837994238,42512.06805504132,-664.0768163771468,669.3806987526548,217.10525663533346,220.49723039325977,3.69269418247417,1.3763356178926727,3346.178013628435,45.127317205133544,1.0
12018.0,38282.8277270421,42491.076225174365,-471.54022930139314,501.80577660557844,185.900446441971,162.82921859167496,3.690774077233506,1.458497274982968,3958.3639283199122,41.96286308040549,1.0
12019.0,38174.57226857745,42491.64607004674,-440.4047204679986,477.9905052253194,183.50793410404026,164.92313385667123,3.975903631299175,1.4421016068882626,3525.49787619581,39.800798360052,1.0
12029.0,39640.914069887236,43635.53255938343,51.33190665433871,223.09688924661376,243.69568441682722,89.96086559250547,3.5017483569439167,1.2054610920546913,3003.8161064888723,41.13341054126613,1.0
12030.0,36507.898034847974,41530.57767932971,-401.3669109293776,449.4224830817469,181.55204614743903,301.0011781305933,3.96933887574125,1.5948871149023112,4416.431935070032,26.662599066959476,1.0
12031.0,36491.544474783834,41496.552494077565,-461.94479528258495,495.1818859512844,185.74140716957072,629.8347576354415,3.9939187746630314,3.595825998817058,NaN,23.085207638885393,2.0
12032.0,36544.26431525238,41467.90430542252,-485.2794972024679,514.1425857891286,188.43331739458904,871.778844687374,3.863541145443048,4.580917474789539,NaN,21.161508532844948,3.0
12034.0,39736.08613408604,43550.82770098863,-82.21538183473491,269.76708442540877,209.12212291085285,205.2142133958484,3.744791557829395,1.6196085552745279,3917.0731164632084,27.056745961973615,1.0
12043.0,34977.58276377003,40242.517370304384,-350.23096832749343,414.1751681068359,180.74707849337435,223.4565821335147,3.6736709894306463,1.414625221534337,3564.8248401373326,29.563067506377664,1.0
12044.0,34916.62683650508,40204.11369429244,-245.91250269005386,349.91615210078817,185.284320008336,292.2974876008884,3.7637339317364717,1.5568193225593354,3558.3780041499936,23.546600205337835,1.0
12045.0,34963.4670758041,40188.464679105666,-324.7140578795544,397.5089445427664,181.0907103151446,348.9050669229501,3.967307281087541,1.9270104999067927,4552.346523462966,23.568568540150622,1.0
12046.0,34961.13383779763,40243.114270549115,-334.01422121780234,403.5121811288898,180.90799731880566,310.25987275387286,3.75215500213911,1.614473604298842,3754.0313434292425,24.54458602607127,1.0
12047.0,34918.92043045242,40221.67176471614,-288.3927473857883,375.372480479683,182.86205541015042,985.6781800147055,3.772228074696051,5.168005521911278,NaN,15.90834078817742,3.0
12049.0,34961.55503102101,40232.008489895234,-296.243070267916,379.83456692200116,182.2186651605173,1173.0492512108658,3.7329189502243674,6.5941488480030195,NaN,15.817441711112103,4.0
12051.0,38172.49973734008,42696.88556442383,-137.3445475509882,294.7014406040848,199.4310508057817,2649.418137655651,3.8857824349590766,12.894706043274548,NaN,10.752337425315563,7.0
12052.0,35017.77227585031,40227.353592291365,-322.44667474835074,396.05772000157407,181.14525000287796,224.23070271417106,3.746588745598248,1.5833156749901,4241.524791504357,29.518771938921137,1.0
12055.0,34951.7299219304,40182.88168998214,-230.81438235469233,341.4669604957331,186.6288068196549,616.1784261932912,3.8150912742592595,3.5441468885037257,NaN,18.063333339344,2.0
12056.0,38205.281911701415,42652.24849455987,-134.21651860647037,292.48912641815826,199.33638702590798,415.39857108287356,4.08929855707327,2.199815464458976,4814.809229808744,19.19676466499795,1.0
12057.0,34958.718475492264,40219.38680055989,-227.11761024546502,340.2549812975485,187.65043481266838,461.8230636869306,3.854202510126804,3.0937856645945168,NaN,20.953109347197376,2.0
12064.0,36649.09589854592,41509.21760429766,-466.3895082423095,497.80292979319927,185.45365529524142,200.48415338843736,3.6709040394316266,1.3647359093639406,3228.767451409729,35.67302115471766,1.0
12088.0,38325.43517891804,42533.26865811757,-145.38380968396083,297.70131497433516,197.50369156956364,143.48615144297005,3.995351757846871,1.49355134404657,3966.2202969928085,34.03640927096798,1.0
12089.0,38596.53866130576,42812.65712722623,-704.2973827491238,708.8008732230716,227.19113273318956,239.55089653656717,3.9412279216070876,1.5189402211172602,4287.046427807859,47.442057227379195,1.0
12091.0,36722.836910675454,41539.54034887348,-391.12785336632845,442.1673980770924,181.23130290878146,164.89395732468662,3.7256474903725567,1.4671667441102365,3716.340196536897,37.73176059756183,1.0
12092.0,36670.99591617476,41555.47682764505,-473.4248581972894,503.2766544610746,186.0689779399343,334.6643129274145,3.931783116178845,1.5890314206899174,3986.052450914158,27.144720938914556,1.0
12092.0,39292.909708445215,43450.043376524234,-302.66610433250423,383.60292182150084,181.7872361258835,149.36670019155747,4.2138882779693985,1.8171437610063326,4649.391248357097,39.606101843119646,1.0
12092.0,39293.999533708906,43451.27579216446,-324.7267758761766,397.5170982906647,181.090415445952,152.68023028152828,4.177522788740585,1.8449647046060245,4889.794152849801,40.11609930034391,1.0
12093.0,39223.4579006317,43499.56918063283,-330.9775968614579,401.54307821933764,180.9604079188605,225.87833156702206,4.013011594245884,1.736873454405856,5294.0950935005385,30.372707508997895,1.0
12095.0,38456.42147967958,42841.08313149151,-117.82855630969311,285.0531769918546,202.19793378548155,318.99666297966525,4.019964004948701,1.4782091953623098,3786.8651803728553,20.74408521051297,1.0
12096.0,38469.503244304025,42643.2272912695,-305.73360962734597,385.5101977712343,181.6681436126445,214.51087221453156,4.164148787058413,1.528360072854143,3902.3454366299566,29.636811136201022,1.0
12100.0,38962.767364369145,42924.773346178874,-438.2139688248526,476.3492433571567,183.3674128080512,139.76355384880998,4.338932379474259,1.5029324704071498,4299.074887342811,45.00718502764421,1.0
12116.0,38103.70046052233,42923.380158198226,-347.97658174540965,412.6780014211794,180.75745464455625,98.85282568189919,3.7523817395771863,1.310941401029589,3068.981712224395,48.73358908637798,1.0
12117.0,38204.28742383302,42932.86049872734,-470.24961857835916,500.8004385241587,185.78659610591907,243.2705953914806,3.965810681350628,1.5407715418365588,4134.2157430671,32.76300216902466,1.0
12117.0,38226.239385583685,42919.450324065656,-476.73340703553856,506.0601290916828,186.52751106869232,465.8632432911951,3.9639067234444645,3.0469153708263947,NaN,27.167495862121896,2.0
12119.0,38416.98902362137,43026.54608843452,-866.7454517796302,883.5396515298079,280.47263264092203,481.10089706226796,3.9275556952900192,2.470807049068194,6564.421559881924,49.26853407687658,1.0
12120.0,38623.89030151598,43049.9084889934,-877.8716865662469,896.4182744532047,284.85783121090304,594.5924447372811,3.930802926912462,2.637472372255289,6705.57194075762,44.33649310575823,1.0
12120.0,38179.40101024975,43045.99945482729,-924.4464793989923,951.5957531630281,304.23845790048404,705.8602534656624,3.7572847809899548,2.588573749437642,6503.955117461607,42.3394571302137,1.0
12121.0,38444.482838856784,43116.7262506688,-739.7555564851368,744.8186789725005,237.10529165006986,520.7837235220883,4.532255533386504,2.5121279233143174,6335.057125970432,36.14725570759164,1.0
12122.0,38247.72120984667,42969.202486711554,-462.03749026319406,494.4402891127701,185.09190510914726,280.84959229490215,3.9600050907504056,1.647960152577717,4051.9051756172157,30.137103944757843,1.0
12123.0,38281.763785980955,42924.145274545845,-437.67114001225326,475.94326786831704,183.33315958777493,291.7672065733891,3.887880188787692,1.9849971202091226,5313.432123447105,30.155679003532022,1.0
12124.0,38163.28313220166,42940.80922399182,-386.7863194075511,439.12131615266935,181.1197062796213,534.369621981882,3.937355428091964,3.1292484527986226,NaN,22.105989213189233,2.0
12126.0,38287.40044486211,42949.885109038165,-525.8672919771482,545.5492267635339,191.84422960018512,270.11594707380084,3.8953378430295396,1.4122502376400823,3415.147095343468,32.26930472580116,1.0
12127.0,38307.77237865009,42987.346423727984,-428.82693190785716,469.5580630115637,182.96037028244788,945.805112704218,4.198660172297995,5.14713385769659,NaN,19.290343070066676,3.0
12131.0,36571.21996462531,41565.15485086545,-373.7627528378063,430.0890312864761,180.8699888446859,234.65697120163162,3.9854944080044756,1.2895828646592618,2972.333458775492,28.81803723764903,1.0
12139.0,36701.15224246117,41538.69375207669,-426.4053063917557,467.5804056299808,182.6729632255941,148.2959703160976,3.7565849287999824,1.5477908835623648,4495.5920097558355,43.028596859982336,1.0
12145.0,38722.246083387894,42878.61468318769,-379.23023656734455,433.86129054059654,180.95896298756904,170.34821345190082,4.143677861832548,1.5656444666600344,4300.2750175982765,37.19683985275514,1.0
12146.0,38744.558638699455,42964.97211718508,-139.2282076021527,294.81372145579166,198.5021493208861,161.39607466984026,3.7770318397652938,1.5490153291925428,4368.278155414476,31.802958469099487,1.0
12149.0,36728.509685130775,41590.088003822755,-403.23286072231184,450.75528844860196,181.61910478977097,173.79042482595028,3.4336457710223103,1.7023282261018446,5043.884332006809,38.84377730201376,1.0
12149.0,38805.188273347616,42863.11810392526,-369.831353720551,427.3940073472224,180.82009198262196,223.8823040617433,4.452231221095246,1.9237122821033337,5059.123294542726,32.86729318009681,1.0
12150.0,36791.914278168864,41588.18881013683,-467.81109894490766,498.9052094648187,185.57494887329503,187.61044270258984,3.960083056753502,1.5631184277602566,4280.4896899633595,38.876856523146884,1.0
12150.0,36803.50594148619,41591.31352379094,-475.52111406569577,504.91663343837956,186.2596138599262,186.516998315835,4.020377232119398,1.5727706704862836,4243.080002273832,39.522556119196594,1.0
12150.0,38869.97411215669,42823.45881436785,-368.2118358293106,426.2880460443333,180.8029628133497,184.93628811719142,4.285677077463613,1.7364694683740725,4695.833847415506,36.01173292746317,1.0
12150.0,38850.81040263985,42827.63852099004,-416.30957304090106,460.18781832043913,182.16351410021542,197.87760359874045,4.174593772811226,1.5811478510348322,3946.0025507911523,35.28808912127027,1.0
12152.0,36640.95802387378,41582.45544432224,-416.7832803014394,460.5325406982509,182.18568139938145,208.9075308215215,3.786766432703931,1.5615935106559784,4298.160174569793,33.95581996672369,1.0
12152.0,36642.6850904919,41584.15138996278,-433.9281447333396,473.15148811940765,183.1030843362405,215.41114826970764,3.7187093378703406,1.5329670201714827,4182.755214533807,33.79941052281435,1.0
12152.0,38789.18712958829,42847.40431376078,-256.3034041471733,355.8566463350906,184.4604752489714,155.05658996657658,3.781254148852984,1.4057702019770628,3860.850637739483,34.15843442926235,1.0
12153.0,36745.09075551232,41577.45433386261,-439.59182678252745,477.3809754447956,183.45536590104018,354.2251275153816,4.335114219278562,2.3397279483405544,6610.560617372732,28.088620644885467,1.0
12154.0,36723.438422399755,41526.9363261911,-371.7644931872651,428.7173775755128,180.84315520230479,267.41076820334115,4.009442501730969,2.4622800430474254,7066.398344494833,32.04701474614474,1.0
12155.0,36810.23593875392,41567.61521516119,-441.15299605577104,478.55213340540826,183.5567687208486,288.44257848060045,4.625114288528326,2.917800769120456,9606.708863290443,36.00225450614581,1.0
12156.0,36775.018208846275,41495.017441290634,-487.43593943809964,514.3167576681201,187.40677406362573,458.35294927953896,4.492080734492647,2.2283455246618447,6097.1549526452445,24.79163743311604,1.0
12157.0,36684.080773799345,41380.872480332306,-226.69377804527417,339.1970924385049,187.0249203999804,213.25936434391946,3.9885427087040286,2.034240835993069,6435.25529011844,30.34958876049934,1.0
12158.0,38921.26951226526,42854.31240069104,-451.1996604125576,486.1439270182708,184.25376896526387,255.86772464032873,3.5861337371025988,1.4120238019656524,3785.54768957504,30.32659169284379,1.0
12161.0,38831.70184447346,42860.08940085659,-406.2849794320838,453.009837741806,181.78899197907015,386.8131049303115,3.8312510544730713,2.780546201052238,NaN,27.079487355916452,2.0
12161.0,38843.7111813999,42842.87082477339,-432.11526413198334,472.2442729981557,183.3512419016266,928.7339254826788,4.091153454690133,7.360235185284267,NaN,24.368021271077396,5.0
12167.0,38808.82214650589,42814.75453102315,-492.9657913767726,519.0355116291894,188.22690249716567,420.6669896638763,4.0625738200825365,3.035620869737454,NaN,29.95777663347325,2.0
12169.0,38700.79310662967,42875.424200075024,-466.16025175381304,497.6253462705472,185.43423878866818,161.37657278449393,4.063922828346161,1.5507072442307024,4120.62008158291,42.8311718497073,1.0
12170.0,38630.43881226276,42910.05352602984,-463.0075860818905,495.18829877171237,185.1712916598679,149.52566722726127,4.148309043420147,1.5339489963336213,4319.891431340745,44.758432783514884,1.0
12171.0,38737.753828696754,42878.54617697568,-467.240654581378,498.4626667058432,185.52609216039468,116.60933160423046,4.181579374179959,1.2687325971168744,2976.471278697025,49.7711278010531,1.0
12191.0,37642.921134792385,41939.29448270172,164.1952931426218,196.76792680215277,283.51174263815017,92.09819678766324,3.5872697702344323,1.2636482831258853,3411.9873679465363,41.73082219806268,1.0
12215.0,39744.405988774626,43501.29195942068,-81.26861978401315,269.6847453138438,209.5680707943269,482.3749959329354,3.9275075335112266,4.010411362769169,NaN,20.71586696666841,2.0
12217.0,39699.841383543564,43470.00667613533,-181.12421125118289,315.1731636461718,192.2770637675041,108.1923753033417,3.8878445891985547,1.3421154990282316,3155.5910128509386,40.35444803498267,1.0
12224.0,38959.047909204135,43158.896507732105,-39.488863332303886,253.00597614183,218.70478627532037,101.59465058559657,3.4285370828194868,1.2154080606669484,3356.961294012151,38.59959131365934,1.0
12229.0,38228.494644336904,42797.37582275104,-444.0801558397179,480.7542247890897,183.75190314267275,121.88495311686069,4.047735452342553,1.3327439330927342,3465.0873810055527,47.66030002111029,1.0
12236.0,38536.41047217224,43092.6023301154,-183.356539300189,316.3662222352008,192.03286151245845,609.9836785423263,3.8941181065748283,3.2769526172242043,NaN,17.168124287888634,2.0
12237.0,38472.88429258244,43103.439068130596,-217.42198809831012,334.208534403502,188.01229252066253,565.24054456882,3.7283286875850785,3.420237282737167,NaN,18.732153130835076,2.0
12240.0,36682.394257824664,41578.59990938167,-332.5351012567343,402.55195769278725,180.93264834315102,306.39110818439474,3.939399052659049,1.821696857681954,4461.81474706041,25.388482522555663,1.0
12240.0,38490.99225760338,43074.664069111,-122.20878346762974,287.0158818290682,201.41304846241735,388.05442765845925,4.064991180179159,1.8636849908855682,4005.5237069682453,19.24765251313948,1.0
12241.0,38535.0368974562,43076.81575506862,-168.69859875138036,308.9622542578831,193.98377816895444,205.1376979185949,3.6815898053592893,1.3604263234965293,3023.2827972696027,27.05529053211941,1.0
12242.0,38451.25546393288,42970.54194115334,-101.24696995392212,277.7871378237767,205.30160484460933,410.93841067536624,3.850463265896483,1.965993706592699,4812.337808353065,18.640645809714147,1.0
12243.0,38599.51778571776,43218.59188342497,-380.5518775847106,434.8140582785471,181.01353134675935,1010.4237896713934,4.059823996019347,6.450109797873804,NaN,19.36941601007828,4.0
12245.0,38547.81771103785,43181.635117310325,-384.6798460103443,437.6492692313797,181.07031638665546,258.9652298858375,4.015764923018006,1.7925333354277142,4346.043330249274,29.66538341340232,1.0
12263.0,39486.310424749456,43225.97615481398,-306.2016932828229,385.80201742410156,181.65060139919302,185.95425922026217,3.735412998690533,1.5618871238760204,3636.299756882689,32.62911292010426,1.0
12264.0,39764.03758400993,43830.76116337369,-382.2748839969927,435.97414743452816,181.0183849774349,235.82656901086133,3.840204631072095,1.6083757930791431,5185.305715188882,30.473518047347845,1.0
12265.0,39539.34774263652,43749.123850413336,-665.968904521192,671.200940234171,217.55209045715006,284.6128595317479,3.999544665440873,1.5102679593889954,3923.9691256362535,39.37892011383149,1.0
12266.0,39617.583599494035,43708.39202393766,-535.631696237776,553.7064743504762,193.15099438266247,192.0998713495361,4.0120540381492,1.6352075107912862,4380.22418936777,42.877796780748156,1.0
12267.0,39507.58035025548,43791.36043164727,-504.51989644905154,528.0286251986892,189.24039595192542,163.65517596655454,4.264326591625038,1.6387148846124255,4147.637579955154,45.78777523593099,1.0
12268.0,39584.27092143965,43699.99660724089,-678.5891133921539,683.4282879840434,220.60225612340275,307.01539442510926,3.6961974014931442,1.3980857699614346,3323.5089678999725,37.35252803921012,1.0
12269.0,39443.35032484078,43689.282424617515,-528.2314325642609,549.6130749994891,193.84872004250656,409.29266744955703,4.08951274094528,3.234697137345262,NaN,33.70379841499135,2.0
12270.0,39490.68125969295,43703.13507448089,-545.2909558380993,561.8704024098655,194.52007375973594,480.25873969677633,3.8524883129129237,3.3584231326507172,NaN,31.02096333346303,2.0
12272.0,39336.88777951022,43697.3852172129,-516.658648907324,537.9386452997761,190.67841751502047,209.0731740161496,4.240208569842936,1.488584546550381,3725.074353765837,38.09589553756513,1.0
12273.0,39476.63268062259,43664.78223306393,-513.7888493470521,535.5832124464677,190.32830976858884,204.5138043169886,4.006367359229125,1.6425868052703068,4270.598161604816,39.81095303647595,1.0
12273.0,39463.76121816788,43663.8722911933,-526.8526286057673,546.3683047868857,191.97280044401066,210.1171934423302,3.9213924996531433,1.6426639653313853,4328.788074579164,39.84843769866103,1.0
12274.0,39189.88997597043,43703.16194978476,-704.7511988118429,709.2543616895974,227.31196720945226,331.23517454130007,4.09273701315173,1.6817996532380401,4329.781320221019,39.45565738503699,1.0
12274.0,39525.224423457184,43684.01701916296,-632.8131802805613,641.3119590343512,211.34463755675068,575.4647746599481,3.8401936688895946,3.1299750425999067,NaN,30.698420799406545,2.0
12276.0,39478.9620069167,43725.748483977375,-633.3515669801624,640.2946846856851,210.2310883720334,244.54244769295036,3.71735669658016,1.4355687121523995,3910.1610724861807,40.590488902698844,1.0
12278.0,39535.032224258255,43696.8417060455,-473.4442991065057,503.2918447707257,186.07073053363456,221.9541851724125,4.196015339780721,1.3559644058946603,3160.5154641626423,33.706908644167804,1.0
12286.0,35401.3673091857,39372.851832488894,88.17351022649372,213.18184156637852,255.62547170371738,74.62411322185123,3.5867640563139376,1.3925083162313603,4116.4073987778465,48.805165888375704,1.0
12287.0,39397.46614997423,43725.606305474415,-471.09805169649104,501.4611596951348,185.86129709520546,210.73398970718006,4.139342991726917,1.5660030097852335,4112.488626619347,36.17201117111121,1.0
12289.0,39437.27925128841,43744.26693199299,-311.3394145412654,389.0186316489884,181.46903138692352,115.0888042799145,4.044671239433778,1.3876285661016827,3586.168996070383,43.25106258717954,1.0
12290.0,39494.56018695348,43729.18735289977,-476.32731069352076,505.5484543607598,186.33382194488004,210.85704453007543,4.296729672018837,1.5506953836618547,4109.607897928452,36.29833394400669,1.0
12291.0,39535.210466397,43693.49877843039,-415.4411899838238,459.55643521155645,182.1233219010494,291.26776752167,3.7524217941800098,1.7410294405135698,4777.90995385392,28.252231199431996,1.0
12292.0,39385.42865129125,43315.27507237432,-402.88521308458735,450.5067227955806,181.60640987208427,253.5453380477149,3.7659689736291275,1.4938510427034304,4225.967721954036,29.235170274215566,1.0
12293.0,39329.062397318026,43339.2794828431,-544.919274244387,561.5488095241227,194.46137128683208,219.32505162745875,3.960252781321151,1.4859518809452736,3970.6325411906755,38.4362854592455,1.0
12293.0,39293.8432808197,43340.399903283105,-560.4207953946972,574.8193190930137,196.79489391546625,226.6836744888934,3.9025753215489467,1.457879818891389,3843.177055110347,38.258748416428965,1.0
12295.0,38497.8593293126,42490.08169551187,-498.2218877545186,522.9417094912817,188.53854568585487,151.60455724987847,3.429543586225856,1.2131510614562186,3263.3573616412655,43.032110841841416,1.0
12297.0,38553.43817327511,42494.460182095376,-422.3724060922868,464.6157910656674,182.46013874772993,128.98507041155744,3.572571554151526,1.2704619711244785,3379.894111862214,43.96166850426925,1.0
12298.0,38578.26921421508,42442.46292076775,-281.4164304473665,370.6342013618649,182.80913192167216,279.2967825889949,3.88733314163087,1.6087347215865948,3755.9808277322663,24.996384680886692,1.0
12299.0,38643.1145962249,42498.56640026424,-267.6319048840037,362.4491806217494,183.65604935416525,338.38491680585054,3.931299884173024,1.7451954289305234,4347.3080064549185,22.403945002208516,1.0
12306.0,38757.627189501254,42769.112341418615,-45.349232537659866,255.20306131568387,217.3081026847865,221.41781795053123,4.836040916804584,2.971367797392467,9819.213253889378,31.432383086771146,1.0
12310.0,39928.251110856,43751.583727532954,-131.32009187570898,291.1564632886571,199.82724961906789,96.40707636874102,3.686312616562861,1.3205852984626778,3646.971081763048,42.1684315310573,1.0
12315.0,39896.640653626106,43893.14013583215,-221.96020304665848,336.6104456021959,187.4968339760863,121.78438544019072,3.5412935977307516,1.3959161998402698,4503.860518227942,38.81099415139052,1.0
12328.0,38766.328159236255,42860.43361366469,116.53611629921924,206.42069990147633,265.5143486060109,251.60082767775899,4.220581172423936,1.5353484683453809,3541.4079938731797,23.27015259389555,1.0
12329.0,38729.99569859995,42780.17709497384,78.50979582303259,215.65876620905078,252.3961574616859,351.60738731218714,3.935040829634501,2.2086889862555914,5897.984352849557,20.42131360172228,1.0
12330.0,38772.58092520289,42760.46895068648,-23.331748380646722,247.11631633925086,222.69101554476302,271.8529295752973,3.929735485988966,1.8106142450567988,4776.258869396408,23.006112268657844,1.0
12330.0,38769.879147292566,42762.62186138786,-30.08439232749567,249.5723365848081,221.02059550209577,577.2050277874649,3.929798412081757,3.578294668396292,NaN,17.200556015270426,2.0
12332.0,38781.62261220834,42888.96962553653,73.2033216703536,217.05633437314492,250.6531682218838,305.8747073060522,4.369364677200041,2.6961928670763546,8953.931824857396,23.69349923683237,1.0
12332.0,39640.803507195385,43669.29952140186,-423.77442122835754,465.7148561097598,182.5894308347676,433.99023106696313,4.2246843115909325,3.9781453256087556,NaN,30.326432015773882,2.0
12333.0,38814.64386582669,42909.41421051208,59.203878369492884,220.87080798987137,246.15783290821722,230.45222053949237,4.590682483725544,2.6161018976439476,7651.938813801962,28.457618576462263,1.0
12335.0,39760.16659607786,43744.12505632224,-439.20872141529395,477.0939286681404,183.43076584046366,218.86077759953798,4.060711277302664,1.444868957019939,3678.879552016221,33.13227546649947,1.0
12350.0,39050.41794608939,42901.88209473887,-181.1478427892411,315.18511452213363,192.27392997108436,250.63765116378266,3.6681200641968896,1.512632987661627,3144.8444766924117,24.663260574754233,1.0
12351.0,39012.08412781778,42872.57173360183,-147.84015260149738,298.8635598449192,197.11332581258353,340.5035659931542,4.219737099291937,2.0142307109758137,5369.830598643638,21.39039941150692,1.0
12352.0,38977.376485909925,42883.61942110107,-60.67390709339913,261.10144357287675,213.77952986660233,353.2792186674161,3.9596676685960612,2.0466842014067415,5369.499563299075,20.31693502496508,1.0
12353.0,38955.678605321,42943.74224641657,28.228413199729186,229.96765636558158,236.74220611143807,75.96383220347168,3.423268968104092,1.1406905177032023,3172.853995727141,45.16552571784462,1.0
12382.0,36162.82898463458,40758.788927795984,-86.99874585184459,271.750694558546,208.13591076496306,185.175362253462,4.406722452860622,1.684080087875388,4591.596686713111,29.180099824125467,1.0
12383.0,35988.86985965968,40747.41989957224,-472.4945726275765,502.5501849859395,185.98544956376443,253.98468858709657,3.95283622888289,1.799180767758808,4872.663067407614,33.502073305016644,1.0
12384.0,36183.16247021684,41015.66133103223,-403.14777635404033,450.6944431811702,181.615989283319,139.1107189069451,3.5033397344848316,1.3839320971424065,3628.365465955669,42.00314380075686,1.0
12385.0,36944.146443614874,41395.948050768064,-283.67619949572673,371.99310952179366,182.6841078276326,188.1877189688933,3.881153094541402,1.7994424678354695,5174.499058262234,33.1375589047833,1.0
12386.0,37824.96994964636,42261.5645643063,-571.8468910761395,584.7460186612589,198.63216249898593,191.41480253921006,3.975462041052283,1.342558865994736,3516.9863862394923,42.38798473715967,1.0
12388.0,39251.977808838354,43593.38014562526,-514.9988926297168,536.5754274268003,190.4751664688359,295.98146909279257,4.067109677911345,1.9263431019108468,5804.263949101299,32.85032229519215,1.0
12389.0,39468.33953486377,43597.54775146813,-481.82998822628656,509.8773029559481,186.85355602026175,177.1475339362274,4.250290547046832,1.5827714313949357,4409.0667415748285,41.37852202786228,1.0
12390.0,38698.16758053497,42946.84606556367,-648.6574356955578,654.672685139132,213.56554407036796,269.8182008044901,3.8542173033462683,1.7244464761899754,4801.123170861587,41.613720166792326,1.0
12391.0,39223.415705582425,43749.258021512804,-376.8600562371509,432.2225367223492,180.91759492166534,249.1511844002073,4.095743476286338,2.0303394930988685,6414.630601233642,31.408482933254994,1.0
12392.0,37875.19669173962,42343.98303859882,-342.6458951668215,409.1568896277764,180.79739715544773,166.48625610617773,4.831756688613609,1.886083726775467,4760.350641774171,38.81920562081973,1.0
12392.0,39164.26975588504,43703.77170634924,-367.673904584267,425.92124248674867,180.7977155019393,382.52792807273937,4.168308262535982,1.7671504126685378,4660.771106086203,22.754235977626188,1.0
12393.0,39178.229988368104,43680.71659480481,-224.8398283728913,338.18149038451094,187.20771553818633,387.4993660829734,5.0008020611806705,2.668078529658928,8218.5178945024,22.279478826166745,1.0
12394.0,39200.25064474899,43640.83546943019,-181.39771047659121,315.3115091388231,192.24082086548324,536.8148185046721,4.4116649564601715,2.434025918023868,6709.419675288733,17.18430390413212,1.0
12395.0,39195.030930180015,43605.94455740976,-253.19390228376437,354.0682637661924,184.6983851973476,190.9822842895317,4.268492164861909,2.049183337749268,6790.906388608285,33.4779618667904,1.0
12396.0,39702.84767491753,43691.645809926325,-78.79114917725708,268.36034312809716,209.83882485585602,149.87118835075447,3.959188473674648,1.5188605545246674,3923.1914307580296,32.367737861968585,1.0
12397.0,38875.277969607996,42949.994737795496,-211.53139092776593,330.98621188803435,188.59678774117074,142.05251710271338,4.397222276013233,2.130944585773553,6622.968584316387,40.61646551364937,1.0
12412.0,39183.75599382578,43464.242464262185,-550.5410028979483,566.3352590172188,195.2864745474226,183.42056350431562,4.048913724318695,1.5564609144977546,3985.8889597912175,44.455280723614294,1.0
12413.0,39602.770297126146,43608.244919804725,80.77471882662536,215.07033822984394,253.14663911173923,291.87146382232754,3.625016000161498,1.67732876031376,4572.475442601107,21.576840008452287,1.0
12414.0,39690.875429577805,43510.97347109755,-12.511639267333639,243.3097552643812,225.47174369028215,262.60951300344936,3.8642681362660416,1.6148220339634847,4033.235357448525,22.91049439089398,1.0
12415.0,39547.58460965342,43792.78077001351,-16.146184344094625,244.57608994667507,224.5277274155024,307.594928893593,3.731026092492466,1.694589767558829,4063.9525317147095,21.062824258300495,1.0
12416.0,39573.69740044727,43772.72538498433,-2.7296948061356248,239.9634466240154,228.06245958631104,380.9243077629824,4.1333150938853205,1.7781258338519883,4457.938543554212,18.703583308736174,1.0
12417.0,39587.860201233125,43729.36202439591,93.74161905732096,211.79465875553984,257.5184790888463,221.97449776209965,3.828289325104954,1.5770683277021713,3616.73988357617,25.12874983726921,1.0
12430.0,34696.98601947971,39895.82290439321,-367.21633869307607,425.64440104548095,180.82166907823338,668.0273598484257,3.742263036548652,3.497498893858418,NaN,19.32969686229257,2.0
12434.0,38137.45020373768,42401.86057672767,-679.2830935549068,684.1050214818542,220.7735043117409,280.10914972791073,4.002776145020978,1.335992475103385,3256.2535173862675,39.15464998917318,1.0
12435.0,38330.72390111905,42527.44061498938,-402.3702482591526,450.1387359621107,181.5877743637705,276.51051354237325,3.7412665344876768,1.7461743643108851,4931.652786113066,28.793252349583053,1.0
12436.0,37896.133796211056,42172.67852986751,-283.83798664625795,372.09058466630614,182.67530607013143,125.0279669087945,3.8945168947589295,1.521128015243209,4597.610486315908,41.16532678891641,1.0
12445.0,34791.44261676461,39953.67941323668,-242.41296826659007,347.9383828360605,185.58030416299238,98.55059636618331,3.688140181639823,1.164989415354338,3022.5455936733624,42.847436903067404,1.0
12448.0,39537.76040003429,43696.15470807253,40.88139559445751,226.1424281797496,240.49999885867769,108.35326058137194,3.5475864491645037,1.398188488952061,4178.169293707204,38.075145751562744,1.0
12452.0,37924.00968529702,42400.53889340425,-435.37557520869467,474.2295132829526,183.19078920634954,170.73350883938664,3.760865536611916,1.4126022150909434,3521.68819810106,38.41856904393798,1.0
12453.0,38048.709004676246,42279.71145080852,-316.5646655961744,392.31557796745346,181.30500153184437,212.5451549498963,4.127314997875703,1.5462195133063257,4192.253824745361,30.181158604473186,1.0
12454.0,37548.361924729594,42109.64918179225,-755.3497743544399,761.0343944374146,241.76882060439735,326.53488804266067,4.056954507239681,1.9164539567250263,4587.749938576699,46.224513149478085,1.0
12457.0,39546.679549210836,43709.993846182064,-268.2149053932461,362.79172763355115,183.617297216958,281.509455783995,3.8470868553668818,1.6772615243685651,4726.420259473254,24.845939612809435,1.0
12458.0,39597.035021822725,43678.29273012146,24.451330256099936,231.13879823416457,235.64410224695894,241.54139776625996,3.9437126068553865,1.680370669386449,4041.278283361249,24.176114674167533,1.0
12462.0,38259.32819927256,42495.54282586903,-44.45068966835586,254.86409040462237,217.5205507387948,106.69705199764049,3.9310179250159476,1.5006029171990642,4412.809232408222,39.805966933555915,1.0
12464.0,39574.40579754805,43815.435565011736,13.485850797517797,234.6150347312102,232.51773027472737,70.43898488385521,3.354347033164501,1.3083194545136039,4294.142588751274,49.65811304389737,1.0
12466.0,37602.73145958808,41960.66894432007,134.87356245282743,202.4531566624071,272.23417921977955,81.04284307509468,3.7630625747099833,1.3074220517890278,3768.9180072219547,45.49391164416281,1.0
12469.0,34731.04811444908,39779.05216961927,-394.620755663492,444.63125209278934,181.3317407712464,257.46055818337084,3.745203220142918,1.6119387189423189,4362.1183704899595,29.23685158727031,1.0
12470.0,34681.07129303325,39776.14671414863,-377.28507394213517,432.51600615374986,180.9246979656619,309.30964895298234,4.159500679416902,2.234909008955447,5433.074689790711,28.082714223267104,1.0
12471.0,34710.24332136548,39747.71930451083,-487.52488538000506,514.3874344125034,187.4157446267211,335.4134727611885,3.8099654937981464,1.4940294255058268,3634.818887118665,27.213820291919507,1.0
12484.0,34700.9259076375,39798.31749561993,-371.36351763093296,428.44259186894374,180.83813728252542,205.36554792173567,4.038847459559219,1.7271470389014076,4716.40296441772,33.63548794093466,1.0
12485.0,34767.445550124874,39795.65269785966,-423.51129047711026,465.5462980629886,182.59564475294337,527.4734086685382,4.224959108556571,3.623212191642361,NaN,24.899509047312815,2.0
12486.0,39652.47030506988,43806.833465332274,64.62754743527765,219.37107258877737,247.88169379317296,107.43531051180905,3.469871301732565,1.2912966284375245,3424.3901009505726,37.44507331841807,1.0
12487.0,39611.43613516781,43752.28503131115,37.69168872850196,227.09250252252505,239.54118996094456,352.9878256178419,3.9611448008523378,1.8678461127459107,4562.718258441238,19.65537222126735,1.0
12488.0,34732.20317724073,39825.799606652006,-462.48830017673885,495.0986733796399,185.37995447629012,1457.200719489049,3.9620345110569186,9.603683981241039,NaN,21.026699820225843,6.0
12493.0,34764.702678779046,39909.020515106575,-505.2314923049979,528.6057346350459,189.32159689213054,290.13842393093415,3.789025898723083,1.4640376787497678,3572.432322846085,30.28917865003824,1.0
12493.0,39660.44354539119,43815.89706220263,-51.407029702928746,257.508205012049,215.8918776647037,186.64365916259575,3.583597685425116,1.5142350272579714,4194.600720739487,27.99333907173295,1.0
12494.0,34775.437405688266,39860.34730319957,-461.3260225404049,493.89226335239005,185.03413893745403,238.7174668299631,3.9309468707985644,1.77539071587724,5044.369400889631,34.24759728721696,1.0
12494.0,39619.59323761432,43762.17802560541,-139.6814596176912,295.02512336520874,198.42764557637418,364.0109125905331,4.122275536095569,1.7077171078384163,3801.8882357273274,19.828482036326925,1.0
12495.0,39651.73093214341,43767.17295867033,26.540921395047256,230.4892261928618,236.25026130663414,278.55356264644695,3.8458428827442748,1.5514798882646592,4233.396590104092,21.881057234629814,1.0
12509.0,39581.191887732835,43630.67978360114,159.01979164408536,197.71248826003998,281.4735502652074,84.83405935199637,3.590548420934114,1.2169634994079424,3220.6998711218503,43.45682692352171,1.0
12520.0,34842.482029880855,40010.51973789464,-424.76006075822147,466.369121303053,182.58464334632401,171.2641989218442,4.155481978804719,1.6780268567624368,4286.781717494769,40.08608126980555,1.0
12520.0,39656.73572419318,43701.61501531152,-99.08531834838912,276.8590073335556,205.72165237381736,167.6743008512958,3.4543484489482457,1.1275733575480518,2802.004408665945,28.63540319998442,1.0
12521.0,39656.872639889814,43637.971578394296,-78.16114428204175,268.10272919263656,209.97166000256462,346.07708757571265,4.047981977687073,1.8157857556756358,4957.9767954966155,20.182887029246835,1.0
12522.0,39671.6507993424,43749.609309254636,-81.41945079284334,269.4391141266049,209.28791647819128,331.84384974179403,3.915065096135463,1.5634308252563063,3721.75873954622,20.1957928970951,1.0
12523.0,39629.27655732151,43798.47284466581,-78.30265929710704,268.16056319601375,209.94179553139247,437.95911235059737,4.172823485564611,2.3461604809420478,5812.173181513284,18.46170884835946,1.0
12540.0,39681.27501239607,43600.51538421407,-26.556567706639424,248.95234550559314,222.42918908567486,455.7922328562947,4.043077032620841,3.4418119966126817,NaN,19.965157076351616,2.0
12541.0,39666.38366140383,43624.053708548614,-75.64064441252346,267.07582121004225,210.50612771449025,398.42451367589126,4.046182239197625,1.731383895553171,4542.439856862083,18.42921059469587,1.0
12543.0,39649.03385276642,43599.00261321561,76.53259502131507,216.17639860223838,251.74420855461906,305.84232342819564,4.075276077187777,1.8311487501759078,4651.99948448726,21.332956907419344,1.0
12553.0,39675.613664902616,43669.9888545297,7.867952861841829,236.47961903674047,230.983586175049,575.224921982462,3.950894446720622,4.225056084786516,NaN,18.234776379589,2.0
12555.0,39706.65615763695,43650.1853611069,-78.27472540349065,268.1491457460707,209.9476893220363,336.5543291930594,4.053267046056805,1.668719839081499,3839.6034686034104,20.217841427143473,1.0
12556.0,39714.14690498215,43607.503037795774,-40.73931973591914,253.91606519856163,218.76339649163646,1185.3464199624811,3.8747202712812787,6.971793533494164,NaN,13.693905570092447,4.0
12559.0,37581.09873776945,41956.108730443375,-320.0302918298309,394.51646546059766,181.2076863687319,101.18628574644426,3.5198148527861033,1.1820989599773335,2863.199010264044,45.12888573293618,1.0
12560.0,39694.946179494036,43656.29489899206,-11.126971521556987,242.83059141263033,225.83403776785332,242.29908744814108,3.8633209996674887,1.6468107935179905,4266.009915092842,24.127145334404332,1.0
12562.0,39665.76182244124,43633.73044593801,-79.53087831940124,268.7276476679221,209.73524205123675,691.4837945110589,3.859797097144499,3.295838841861385,NaN,15.118460358204324,2.0
12564.0,39736.79281407302,43636.550194745425,6.59376134712661,236.8579709072042,230.599622117729,218.33643323403396,3.783975445289109,1.5628545875036566,4127.264190637541,25.354729463725263,1.0
12568.0,39608.22001859811,43684.97242349916,-43.041555347975994,254.33403461558584,217.85496019870084,101.15817391677732,3.7202424196594386,1.2967927997699802,3337.187989709051,39.410671884234645,1.0
12569.0,39659.62083377613,43594.11949207412,-55.18392161521926,258.9629209386849,215.02304909722386,175.89545118032905,3.7948495920615635,1.5318593764042119,4169.186651677551,29.139603214469805,1.0
12571.0,38804.67088933312,43397.934375618366,-138.49350881134885,294.47146108388915,198.62324872991695,85.82396706227233,3.4940608437034917,1.3152840296710646,3485.2461296506945,45.628633761916994,1.0
12595.0,36776.81477888729,41061.11181807288,-309.4142024567267,388.29762165733655,181.9284776485402,391.02976746229274,3.90915626030508,3.338763682522634,NaN,26.081563500205256,2.0
12596.0,38113.07618809144,42181.02349987581,-98.67905523859942,276.68506539632625,205.80099408447893,116.17569103793501,3.941300967297255,1.829425401461206,5870.410168587769,41.137636287081676,1.0
12604.0,38494.26962066737,43130.26707435182,-270.7330586863289,364.27497253947547,183.4528908502489,113.95306298286977,3.677599606266412,1.2644751047509306,3479.634708196327,40.8277892218994,1.0
12607.0,39706.70852237825,43567.11820922742,-133.46644173790853,292.1432525094953,199.4628904254783,253.68976792543322,3.613501111442131,1.4223089266247748,3862.0482975304835,23.679867513527455,1.0
12608.0,39698.06478073692,43597.46585446757,-132.7223523298793,291.8006637430312,199.58880766489574,233.31339839755648,3.7743253680100723,1.720502303150435,4796.781969209446,25.84999979468376,1.0
12609.0,39609.001566362815,43553.60554638621,-72.16268801750135,265.66866076090866,211.2515720542681,286.1700649821834,4.284590831065788,2.3203544117909556,6583.900087713285,24.056950261476967,1.0
12610.0,39577.45217923915,43561.62857444644,-49.51901739629403,256.7860570183395,216.3302676748999,345.71797584456084,4.326930462218321,2.1117480036219742,4901.225969864285,20.67300953040475,1.0
12611.0,39530.83213000035,43528.58679685285,-142.2065118958429,296.2063824439273,198.0154532683417,334.27604222765234,4.369452146783976,2.608065004294043,7041.083231459117,23.199418588121535,1.0
12645.0,38251.172080011675,42861.43869604032,-95.62575351208817,275.3827719129279,206.4013178928495,80.76906016237777,3.713917196549763,1.3074648208698338,3557.948783483799,46.53238106934729,1.0
12657.0,37421.581459038076,42064.3472482767,-59.63932469174262,260.6962676750383,214.0121134095778,233.71368658340938,4.015124698383845,1.6045043990030432,4309.939257132778,24.778302157554396,1.0
12668.0,38315.829461487076,43104.629016631065,-155.11224949841656,302.33778731731115,195.9845909014285,90.45840181696427,3.617596740550367,1.3884656555055988,4053.0564375730096,45.25457552310594,1.0
12684.0,37949.00050793154,42745.13267763332,-440.4727513771745,478.0415449075316,183.51235636273196,143.29161252747426,3.871913047971712,1.3109228624740907,3502.6797974602873,42.36846062394004,1.0
12688.0,39228.612464769096,43991.24682927377,135.3407072414592,202.3562257802831,272.4087136175931,96.75649116717389,3.6114233120332444,1.2650603184756468,3539.857042049663,40.1382157846728,1.0
12733.0,39161.64311730943,43513.11504935678,-73.72510199617871,266.29939299901406,210.91555316907431,115.39725553823494,3.553496830834528,1.2420843520155485,3155.874630261747,36.17596537232004,1.0
12746.0,38671.02311761063,43295.93281880757,-278.4303315680961,368.8459020131548,182.98030999752353,144.80144433948738,3.4477252822118913,1.4113580741986147,3786.760729659463,36.34507139519475,1.0
12747.0,38604.8553775339,43304.18410485436,-238.79551217675763,345.9061089909961,185.8960721914009,106.85728534574982,3.784524458366227,1.502907827449446,4342.441715904982,43.92420328915884,1.0
12752.0,38501.94270074045,43184.030096396054,-374.48767490168444,430.5875661048979,180.8804756933289,125.1905405497052,3.938007964635768,1.4236549144268438,3507.718940041352,44.022437346344425,1.0
12764.0,37414.04150580507,41906.45318163783,-509.13219561448733,531.7777164630041,189.77356573254306,153.67985288000665,3.8994694556952605,1.5922884457269713,4288.017242058147,47.6329791115679,1.0
12765.0,38788.0568139396,43377.94027954745,-269.96910421747896,363.8243555168998,183.50225761055287,150.91742840454347,3.752827379770381,1.5816347981616863,4813.892409292965,36.354856013354755,1.0
12767.0,39727.60774498628,43717.93694467808,-123.34147041664824,287.5263637407188,201.21246367745502,115.13405357972566,3.69595208552486,1.5124737093579912,4370.610091695657,39.02055360475176,1.0
12768.0,39697.98948574564,43704.12752044268,23.206835760025335,231.67042520522662,235.40008354007168,667.1061665975462,4.184049496827576,4.019617438454278,NaN,16.123207679407663,2.0
12770.0,39702.03536332507,43695.97395100604,-52.60391769742843,260.47698318227816,217.64322554080164,1698.18527343424,4.131897797164486,9.299064524647614,NaN,12.28946863903984,5.0
12772.0,39669.53783480168,43686.87251342185,-91.22049242728474,273.51933328169565,207.27997681676928,310.3116507249504,4.082277486745238,2.112899054233133,5589.293362336853,22.39074326511584,1.0
12774.0,39726.91316121252,43665.02597754432,-57.39180583979392,259.81954477116057,214.52018695470454,360.7063011934586,4.766374011716571,2.1884385620980478,5391.828763408581,20.34900417321631,1.0
12776.0,39652.20455882869,43675.5378872228,-79.64686038054779,268.7108495861801,209.65888447565345,296.8869409060875,4.110528826313878,2.060191594823203,5235.016785269559,22.78364355761673,1.0
12778.0,39672.10143869949,43649.828837829875,-32.219179288076,250.32553678905242,220.47371919773937,348.4816253554315,4.0437502049756775,1.9146554160992408,5263.950555263947,20.06911501491986,1.0
12779.0,39699.33788346456,43704.90637166683,-20.057903868703658,245.952915029666,223.52296756688932,216.55814806201363,4.09655706854658,1.8215917635312961,4790.802937069473,26.509995367636392,1.0
12789.0,38110.16895723742,42576.85148677439,125.43671655654042,204.45533667390836,268.74400349828295,138.79920489994146,4.01241128078039,1.4207542958736534,3801.5293048459653,32.881259320356534,1.0
12792.0,39741.999256595176,43710.35806972673,-57.24156713542439,260.57871421040903,215.21503933319772,805.9057841427926,3.8016030389885302,5.126441501338076,NaN,15.861160611253075,3.0
12794.0,39738.417218387905,43678.08471295589,-38.514971423456345,252.6439968825359,218.93942711168307,267.82229959387945,3.7958406602632864,1.642129978127141,4093.05535032037,22.825963825913377,1.0
12796.0,39756.89704183823,43734.998204032796,-126.19584138234208,288.8181440807769,200.7113265973873,233.75945360892442,3.704397223305651,1.8163424970094437,4555.870494695141,26.091694181831354,1.0
12797.0,38250.06070592565,42439.73721397809,114.55781754431725,206.86768047528665,264.80470772187317,325.71849491572385,4.185722768355214,1.8250908046896905,4573.711689800299,20.611177493838213,1.0
12797.0,39708.841265709736,43640.88160437161,-74.92270853460732,266.7844143320008,210.6592507331871,238.58574605976446,3.754923113146982,1.7714875569566642,4894.236705351054,25.119547303240395,1.0
12798.0,38283.23151682142,42441.302902625896,85.30706062736098,214.0683715644769,254.79029112352467,800.3704531198985,4.018443317248679,5.289389579751592,NaN,15.843313230231097,3.0
12798.0,39729.43020882436,43703.7792983479,43.84452335963074,225.26858359180795,241.39776396768966,416.4722892833323,4.0188566567100015,3.172096465003234,NaN,20.35781291908226,2.0
12800.0,39740.92692353139,43679.119813607394,-105.94053857923791,279.81754750633837,204.40182104483847,242.65510289128798,3.7956491812308983,1.6183292431764458,3826.693949804426,24.627518299857044,1.0
12801.0,38324.61027814339,42475.91996201237,22.01238962275737,231.9021770437278,234.94081076220832,249.05404215678053,3.966311478079593,1.6434135461445365,4299.857694606855,23.63043151378813,1.0
12801.0,39764.80839955201,43647.665251041726,-76.81162399248272,268.06428141912875,210.6710955042617,474.0804053483489,3.819431154160627,3.201016204872439,NaN,19.192558808046645,2.0
12802.0,39803.44067720228,43653.32438147227,-202.27643761335358,326.0809327086361,189.64234829574212,236.45351066704433,3.742447621295234,1.5408056617607824,4064.948990452098,25.94073017404064,1.0
12803.0,37298.46538519899,41917.69834816576,-419.0889615230252,462.2134337894501,182.29601848212758,160.97323630858267,4.075130540411205,1.3286809231743772,2962.3391612695423,38.44157893982956,1.0
12804.0,37374.92885825332,41915.487647315356,-575.9402858750645,588.3322088446557,199.31457042635796,190.5284315537092,3.9211998179092324,1.4097598748436868,3486.192752698768,43.48299632527523,1.0
12804.0,39752.556292552035,43670.51927296237,10.14979860359202,235.6951137262097,231.58476731014716,262.40666300545473,3.7180723157597413,1.6722440663941411,4583.1315315453585,23.006608011227488,1.0
12805.0,39801.918150637226,43734.96253728355,-225.56511614755894,338.57842034622024,187.13589191655387,237.49187409080753,3.5154025944298164,1.5949545674160863,3834.8588256039766,26.447363184532172,1.0
12806.0,39729.37956026099,43723.857309970634,-17.52215811938383,245.0587523340427,224.17296682134315,230.3988490095971,3.8212223912806635,1.7892505110747732,4422.844523673979,25.37489929351887,1.0
12807.0,39687.38001585316,43780.129605301496,-9.748301449908556,242.35529936341166,226.1962142692446,280.03962688937224,3.8354924221546844,1.5636126226037368,3921.7616482713984,21.92586651810607,1.0
12808.0,39677.653719635,43745.56909879538,16.428681645614912,233.670977263207,233.3477655687664,227.44647067763765,3.9713172720074894,1.607333772989649,3950.6180389288475,24.855600998124668,1.0
12809.0,39699.312246927126,43715.39451308054,42.59964591562279,225.63461271823599,241.01970918482908,210.695183233926,3.8080388946709944,1.4123763635626756,3548.8687271335584,25.33786722002114,1.0
12810.0,37357.536005985145,41899.82331741228,-460.1822131798768,493.01221623514664,184.9420782868459,173.45463106274985,4.174537395874534,1.5465739363044337,3971.5622803357824,40.415930763061255,1.0
12810.0,39764.167129780806,43734.4862925083,-150.29276556343365,301.521896883904,197.93405399252975,472.79315093445086,3.8880580053768123,3.1304473231850967,NaN,19.794719186191855,2.0
12811.0,37473.50940358337,41918.156985450056,-357.05029795657566,418.73314648147067,180.73926959276875,134.82430990768148,3.8329428265274084,1.3609836460228804,4078.4548482008954,40.52638205451278,1.0
12812.0,39780.22507721236,43709.098468966076,-78.6410256525454,268.2989224752123,209.87045061951875,221.68024205246658,3.7087404963811657,1.551623664036271,4026.881231146547,25.54429877656493,1.0
12812.0,37420.529921917754,41893.93361077696,-497.3779415846403,522.699461019612,188.79960681945872,362.2363097090501,3.9824700738060455,3.1298670669964697,NaN,34.30030478960933,2.0
12813.0,34841.092616972746,42393.063576428554,220.91981179612836,188.07091983840664,307.1886939242805,128.083527563777,3.61695060793756,1.3716861839327406,3838.5739431904735,35.35766906907501,1.0
12813.0,39711.34425887578,43675.678279531516,-120.27949053655739,286.56967618201975,202.09678832164363,774.5202579758616,3.784024487588466,4.890726722569383,NaN,16.359892327427097,3.0
12816.0,37452.91907009404,41864.94861524281,-574.4522299933028,587.0267071080359,199.0650200403976,221.37907452133524,4.021542116418658,1.501422589181462,3955.952303515489,40.082254074355156,1.0
12816.0,39837.40090536614,43765.2125892266,-108.40601239680996,282.05627569970125,204.87647839941553,446.1826426150975,3.607131084932907,3.3676401482406195,NaN,20.687986868251546,2.0
12817.0,39784.441261086184,43774.18229004157,-57.07615827027208,259.6967969324189,214.59185045572386,231.5077475234759,3.824393048404097,1.530581643638559,4063.250531979556,24.670751375540767,1.0
12817.0,37430.36637028953,41929.70632922288,-487.2780418396783,516.0539846317306,188.89619468295353,311.0803173518179,3.957138411493693,3.012614272004223,NaN,37.42395111938262,2.0
12819.0,39793.26451556041,43677.587517357126,-45.82130691123221,255.97943526763936,217.67999540591396,376.46107905348674,3.883719457002149,3.0024774356325032,NaN,21.73138249344088,2.0
12820.0,34864.4729448749,42361.17864074985,204.84667243919773,190.22717515438643,300.2307506053787,79.50820757259018,3.3954398235169494,1.313877732267293,3733.2896603522963,47.25312569693034,1.0
12820.0,39821.307651670184,43649.489146629174,-30.31337462589007,249.63108366995874,220.94412212833242,238.48475955152088,3.6807450462972944,1.8245572092119058,5280.585392718352,25.01596306801084,1.0
12820.0,37357.80490449029,41912.32434293514,-551.3126061259487,568.1286111542169,196.31810600255307,333.8866758484815,4.0674231528568665,2.7942323861200027,NaN,37.738996050050304,2.0
12821.0,34817.93978216747,42361.571297534414,297.06726742891175,181.16661493018057,342.8282346237761,102.80223934680531,3.5142745681281955,1.1830277461926364,3356.1098489352585,40.87911491856694,1.0
12821.0,37326.48857220061,41935.222555302724,-580.372647602338,592.2331830547307,200.06788694867225,212.5689296327087,3.9010046073062576,1.515946680174319,4232.353976493393,41.71297229103689,1.0
12821.0,37277.22698311175,41938.942691171025,-644.5769758357496,650.817992591055,212.659142725461,221.64656020194428,4.130247626906715,1.4792726905882472,3573.090734696563,44.64523788852837,1.0
12822.0,39769.143396253,43708.55731690431,-88.84429404597073,272.5217921340768,207.76006582072043,266.74426679461664,3.7783992588268664,1.8455197668723433,4181.835810118096,23.781255791402824,1.0
12823.0,39836.409865381705,43658.43721114266,-110.36020978091267,281.74846187781753,203.5698926771125,181.2759377084851,3.5744299310380834,1.5549017234328133,3806.881178248324,29.22787632284894,1.0
12824.0,39799.38527652648,43695.12124313961,-102.52457279350354,281.0258645520289,207.22742143018152,740.0283035682874,3.693770532749951,4.749874154026007,NaN,16.756216494857295,3.0
12825.0,39729.404221366276,43687.03194164043,-190.30504067377618,319.8557070536476,191.0916220274585,242.14155871069292,3.6073520245153836,1.553036798721572,4427.78237947587,25.436088481743447,1.0
12827.0,34843.41508908157,42382.72576411671,241.1488296701191,185.70339549346494,316.2255128672773,101.84003524795128,3.2954105059482974,1.371951455319168,4321.159401895762,41.41394206115347,1.0
12827.0,39755.818641640755,43708.520217987025,-83.16882782135592,274.0879508686165,212.09794546165432,460.1364542708631,3.8904086761790797,4.208620583290829,NaN,22.38247785123019,2.0
12829.0,38577.73700487284,42715.70189935304,62.75326875236782,219.88620534635675,247.283437445951,192.07590885820696,4.056009511953662,3.2114297229819657,8032.694126038393,35.90586041521499,1.0
12830.0,34837.47666202142,42344.79651459136,301.31424429859425,180.9425283748561,344.94606403990787,161.4522004561821,3.4751364848828925,1.2821977598670706,3779.249245801442,31.614049775935136,1.0
12830.0,38556.594827074376,42623.14754135633,-5.231090991089584,240.8105632390496,227.39303351364606,366.96152337539803,4.1280310079420355,2.736590178683287,8314.01646807148,21.17574104950934,1.0
12830.0,39709.38455011482,43709.57080989348,-104.29803194121178,279.1046460721467,204.71478932049862,240.37469862237748,4.182245487195641,3.544178767933722,9036.22780351032,33.09896162804298,1.0
12831.0,38606.40989196394,42625.32250442979,44.53496929289882,225.06597695362842,241.60777082434805,330.5998360503838,4.1383923657443145,2.8912111285499855,8244.073284034226,23.03716273224174,1.0
12831.0,39765.73556082611,43652.82700473606,-117.13382432267325,284.90380350840957,202.4532813793685,411.3824577873605,4.29944016018778,7.134364193519105,NaN,33.85809530761874,2.0
12832.0,38596.991016287495,42655.57035263465,54.55730712035534,222.177725547806,244.69879517820914,317.612473586233,4.971270280142415,2.9973587731675817,7835.7198962800085,24.005643075066388,1.0
12833.0,38564.3642127225,42647.53080395243,61.58639721829893,220.20858525628648,246.91233260493652,237.80786267427743,4.191392574338999,2.2389518779559463,5205.13969592246,26.320367883120863,1.0
12833.0,39758.42978242732,43723.49055277854,-159.25027732529054,304.6643313504838,195.62484880967335,681.3282889453686,3.663812950543024,6.372286766126864,NaN,21.10908353762563,3.0
12834.0,38522.02437178567,42677.84629400407,64.18161820606498,219.49333288467028,247.73911366648224,275.4552849441867,4.13187895003814,2.4773692055938445,6292.8439389722025,24.682622025596835,1.0
12834.0,39731.98803803824,43717.96484320627,-51.24145603201826,257.4452478869759,215.93062502102165,482.6674766269264,4.1416829519360565,4.345218660949961,NaN,21.228743556480392,2.0
12838.0,39764.12719862354,43772.62254957434,-104.21122550078476,279.0684143716958,204.73249757260038,528.7105977681512,3.8712163717487176,3.413217128343024,NaN,18.37575398698547,2.0
12841.0,38588.5373354786,42718.929466410846,117.38552235824037,206.2299159798023,265.8199565769596,316.40129710774397,3.749714350730096,1.5690054475019162,4282.967409935248,20.438733922479525,1.0
12842.0,38539.50206938876,42684.765577005775,111.23971820235829,214.4108859569892,269.104672995223,486.9557221415716,4.269858578599851,4.049078203730814,NaN,20.971975331401413,2.0
12844.0,37403.97404114283,41912.87298546702,-413.41802389873817,458.0881919282825,182.03191095319107,212.1372980554832,4.082844390492773,1.87012465370735,5145.084377883526,35.52610029646895,1.0
12845.0,37516.03735934611,41898.765705864884,-474.00980388599135,503.73386241482325,186.12183671269656,136.09856829530955,4.016839768570128,1.385973655783114,3462.8790899221076,46.68172841961693,1.0
12846.0,37432.04096622561,41899.38313847397,-583.2962870979724,594.8164532429104,200.57297862106319,184.02398017619808,4.136024092048161,1.4814256625754523,3783.5781990842015,45.85484320095592,1.0
12861.0,35587.83709558082,40497.52746385687,226.13215947104956,187.42398152668684,309.48735719423325,86.35993010612789,3.3639120074466873,1.1564120968047986,3235.04517320893,43.475261327516385,1.0
12862.0,35516.33072594167,40646.26201053998,-94.60258851338494,274.94833843679316,206.60407642635602,104.03383133143174,3.5750292110239146,1.4845298986286244,3687.9643232560816,40.99060845028158,1.0
12883.0,38469.77977891873,42930.661278937856,179.0476651355507,194.1975305368935,289.4741835590213,149.9289726917663,3.832881545040951,1.3975493873817841,3828.792911935425,31.656699393191207,1.0
12884.0,38487.37922770873,42903.608995185234,92.44770977595635,212.11440271521442,257.076477333723,337.5009965475655,3.979077122731078,1.794808188081123,4685.912773488072,20.0657489627917,1.0
12885.0,38529.78160260917,42852.6500420142,138.25532724991027,203.27593061147888,274.72968759396076,694.0852506974475,4.216648870918352,4.4292514555925795,NaN,16.540581099033236,2.0
12886.0,38582.961380313645,42867.329059643445,130.6997668346255,203.32833762853465,270.6821488893325,306.8448162741815,3.908730517947183,1.6178947906431809,3764.326578439514,20.953599790742597,1.0
12888.0,38563.48387291929,42909.90545895438,97.36219524365575,212.05740103579916,259.6906655961925,690.4442612578633,4.066716324191907,3.823612424790965,NaN,15.588027120351242,2.0
12890.0,38589.82534911203,42995.491939792424,88.37954163237062,213.12999206878743,255.69509587849538,297.6917767171953,4.010702071790194,1.5800476603551123,3976.3796582717737,21.12394222951903,1.0
12894.0,38058.16911648083,42088.52316195076,-307.93114321461417,386.88200871163207,181.58723557541538,152.1713807398406,3.7899677455922687,1.2146426216921116,2960.6518285794195,34.77969034696517,1.0
12897.0,39672.59713516882,43529.77522385712,-19.03211776649263,245.59046877330934,223.7853217831844,220.46038087295125,3.693568816174856,1.6567103341212883,4079.048751522928,25.61742806262077,1.0
12898.0,39626.39320589398,43546.30998908149,-50.278351855829804,257.46871232237396,216.47092474337677,498.5310764640866,3.8003902318100664,3.0306224478621457,NaN,18.08729901840095,2.0
12899.0,39579.03377429379,43526.30302794459,-162.4465600879349,305.8922486462694,194.8870205877552,256.4494042143939,3.791950650636145,1.4738422927181976,3773.5080076021572,23.985696874268633,1.0
12900.0,37931.735934009295,42005.847111325835,-206.54419763126742,328.3328809056825,189.15209599741377,116.85759184461664,3.7029014898847814,1.2222043638070266,3150.1133685346954,38.03162874313937,1.0
12901.0,39612.587668682085,43507.63328629248,-62.736864040963276,262.0151303162966,213.40123383800275,497.2502633318637,3.8014674180232415,3.349430827063667,NaN,18.754141393630448,2.0
12902.0,39639.469935677866,43511.41579647886,-75.13242159792445,266.869485648459,210.61448203506518,218.4793822628526,3.8423018728703746,1.4172962701298077,3506.938455256353,25.297151180899906,1.0
12904.0,38401.817310202474,42928.16908394656,-13.271681800729441,243.57353633907968,225.27350202578685,124.09306013811867,4.099690923881707,2.1563049765721476,5862.695392724042,41.05298490361717,1.0
12904.0,39571.64514892916,43499.878957918874,-22.822255165520957,246.93459752022082,222.8199516963979,235.366822270319,4.250146515401945,2.104634182250533,6055.086898856743,26.190688880918827,1.0
12905.0,38417.7132580143,42837.538170706335,99.66778925981374,210.35038969054958,259.5591737018257,372.6131071371967,4.416696865270751,2.5546195346137077,6285.9878661180655,20.494600346992506,1.0
12906.0,38409.56035974167,42768.47372470716,122.26888943555186,205.14626955355317,267.5876117421999,427.3338601718049,4.413817501013813,1.842723502977796,4636.601439581905,17.628941770952814,1.0
12907.0,38338.56844802637,42689.703583453265,154.1388597180614,198.62643266297317,279.5700676721119,365.63811425330834,4.379363149000311,2.1721547423516263,5467.187183570509,20.098357532096585,1.0
12908.0,38281.19675752231,42715.83031096643,78.4199753796775,215.6822013245611,252.36647607463968,224.848702526278,3.806261595639268,1.4660326994174637,3953.3935350180586,24.561109930876803,1.0
12916.0,38443.856422818375,42748.12774314352,84.38538355891362,214.14228884997368,254.35111581921268,118.72629384825666,3.726343263315768,1.5209312722821364,4542.603233633606,36.83073867788814,1.0
12917.0,38486.7932703026,42736.326355057434,94.77887670504357,211.5394772886414,257.87372956691985,342.59656933902755,4.093104902000617,1.882081406005632,4261.793393298634,20.068750083041238,1.0
12918.0,38533.03332585959,42762.83423250384,113.00272597613508,207.2216316172198,264.2489704006708,313.65796873949233,4.290701883088585,1.6341124921663335,3912.2935277898473,20.66102966017151,1.0
12919.0,38547.84835691306,42858.46250452632,138.81376425234143,201.64203114191426,273.71152989960484,354.5404168690685,3.9045894842827895,1.895968661852514,4109.600988134468,19.82646561931722,1.0
12920.0,38549.53488456199,42797.4244413076,199.09218179731107,191.0583800510476,297.78753657482054,260.5023770913052,4.008010110037527,1.7498795850084177,4563.433713349966,23.91032070422418,1.0
12945.0,37403.32917851157,41910.81832759724,-501.2099083600297,525.3504770798553,188.8677620855577,191.0645007059019,4.372525580747386,1.5518564079282702,4356.987327405122,40.119736119623894,1.0
12946.0,37442.143439910236,41879.45633445617,-647.0578759512946,653.1597561609057,213.2087182784188,229.91510833967035,3.923709430248454,1.7514622764977181,4972.855099221753,46.78996073610228,1.0
12950.0,36543.95886422141,41416.52341982072,-196.90711581664755,323.2721266197701,190.27885805280528,124.26661639537805,3.6054383835656716,1.2500813478624453,3401.9364420835136,36.58839714138628,1.0
12952.0,36665.257893172515,41484.83724665615,-508.78287313353974,531.4930687605432,189.73261752128707,142.72155672851954,3.650298259733775,1.482456948824207,4262.7945666184805,48.71547035100291,1.0
12956.0,37340.02856214144,41956.965525466134,-546.0194529507936,562.4831776363134,194.6209493989073,201.16227113800122,3.9800177855711882,1.5143123368214866,3417.9848219801725,41.03888978107388,1.0
12956.0,37379.605659542285,41959.90442213066,-624.9932758911245,632.5363476615511,208.48556378898954,221.17446508244055,4.137246684197699,1.6036590314357166,3762.618602001023,44.601961920169565,1.0
12959.0,38931.32376000137,42755.447461568794,-217.18070585076964,334.02014300081163,187.990651217886,252.95069367802435,3.843565137413308,1.5478202657546074,3736.4325045848063,25.15962854046661,1.0
12960.0,38838.32653992097,42713.145555693874,-226.8317323531719,339.27279400098695,187.01142313445857,244.39017425353188,3.8017056061421317,1.5488543328301907,3754.8801073086356,25.84917342317224,1.0
12961.0,38782.84920459467,42679.16879913089,-292.78000667551237,377.5164461237204,182.21985042136222,164.34849088607584,3.718303288253695,1.3094193381133987,2963.3750634380135,33.31892604125945,1.0
12967.0,37330.71493963656,41862.376740576474,-598.1581632659276,608.0727450947519,203.24125661516777,240.17628959019558,4.20352284689303,1.716008179410791,4941.486677867442,41.34490887071793,1.0
12975.0,37424.24339915739,41934.771263609495,-423.9517284340143,465.774935413404,182.54200628549313,193.9135935358733,4.300275957147085,1.6893417693513015,4905.623094902842,36.892482467361695,1.0
12976.0,37376.96333790196,42011.48933192143,-296.70535056688686,379.92209137732794,182.0391620999343,162.7004647504019,4.305740799604649,1.743331232506905,4944.590853254324,36.56697871376306,1.0
13050.0,35174.43658000829,39807.51360375084,-310.32295115709593,388.38027110395734,181.503357526943,100.90630726484659,3.3576386664460633,1.3170815923993144,3776.5060717577194,46.357071895848534,1.0
13051.0,35124.194915116124,39789.78728005683,-201.72116972798926,325.78919992684655,189.70715430969096,84.50343242569835,3.668181209491848,1.3361876781507873,3906.7902211288465,48.08821672092835,1.0
13090.0,37901.05934436903,42338.24231880109,-509.70481967055696,532.2445718320184,189.84089092427843,232.05396306558998,3.873622528050511,1.4642304038490033,3681.233098101701,35.0816480833067,1.0
13091.0,37108.8792830788,41502.17104860401,-373.0675909464236,429.61142824620964,180.86030867965638,174.47865773635706,4.110144980825858,1.7873449331460385,4996.030275346232,38.06757734421802,1.0
13092.0,36542.54018791139,41284.78086348319,-110.40822010073579,281.7695382877772,203.5609372794389,153.14159826915534,4.250010525488787,1.5569001190102996,3976.361492034654,32.515231320033244,1.0
13094.0,37455.28560142736,42048.461961428395,-313.75053057631783,390.5367602717875,181.39075669737156,153.88728551491087,4.2860217708132105,1.641519630845794,4331.728724158655,37.77945438869326,1.0
13095.0,37299.275020735964,41886.5012244551,-217.73987716897875,334.3220795267507,187.93197845154418,252.81554780492078,4.3198020686419625,1.7720441426139097,4482.921286465985,25.949439697922212,1.0
13096.0,37427.819767988745,41887.48113493046,-454.0316659042144,488.3011378690562,184.46414080512943,277.73271046053026,4.008075049684609,1.6837178371697132,4402.034393106746,30.227505196120877,1.0
13097.0,36912.743041976675,41308.71799365104,-455.3531058244381,489.3103002485723,184.56439365085902,296.83261157405235,4.3052028700029545,1.7514493031626115,4463.368602932572,29.338511354055242,1.0
13098.0,36944.89636603751,41465.91396803531,-757.9424008925948,763.7525807349496,242.5621256945407,345.23660567388436,4.062694586032263,1.9695966514434369,5385.861402405124,45.170632356148054,1.0
13099.0,36136.662539275545,40760.36831422338,-110.49499891271415,281.8076394836599,203.54475482558203,132.2508026350588,4.748155585690758,1.7192282595852426,4928.705060244794,36.929420347752796,1.0
13100.0,36107.20672019538,40748.98117742999,-189.71138478023326,319.55051817680237,191.1663331948376,294.16825280106434,4.411315622394524,1.9186621834579727,5145.6501135897815,23.665372733839313,1.0
13101.0,35816.34477902299,40429.7043507557,-148.408787248355,299.1334264376713,197.02361297485618,187.78388294693121,4.093695293743587,1.5474494010736526,4131.727942671095,29.041627572581213,1.0
13102.0,35214.39475754743,40043.12444776623,-173.47347336147632,311.331737927143,193.31400717400288,203.68470891385113,3.9056342672891797,1.4650740332183692,3531.1817645552032,27.640492895342355,1.0
13103.0,35193.667570826314,40247.07137794111,-853.4521370793877,868.3056909961099,275.357014932233,496.23105696333135,4.247462685362104,1.977078489987152,4852.035653104907,41.8150416038089,1.0
13104.0,34998.935606807776,39863.54534370401,-328.4733709831558,399.9257521709374,181.0089168610616,136.5323537114169,3.794317626452135,1.5096627716878743,3998.539752813903,40.36002841654082,1.0
13104.0,35032.36104440733,39867.88670878838,-391.2421017201575,442.24780557779343,181.23444101509568,142.4805902019219,3.8053672448592737,1.492405095285095,3999.7055716953937,41.80868239459883,1.0
13105.0,35491.88536409835,40151.09432670909,-380.3157850807586,434.6136126715069,180.9793391202055,150.2780406202936,4.0867214328958505,1.688455762749159,4745.986808841434,41.644898616163786,1.0
13106.0,34902.32749917369,40031.55791777243,-440.0002512077374,477.68714528973754,183.4817149412771,215.88175982815878,3.9479688384695155,1.4961540705080931,3450.578421893801,33.76995140174075,1.0
13107.0,34995.089116915384,40022.88111199075,-254.2425429548669,354.6703544818223,184.6173295507529,252.23876458634282,4.456474040312587,2.05864292069079,5918.2842228706595,27.82620310326634,1.0
13111.0,35689.24310725949,40479.44659908058,100.86364323028232,210.06296345630423,259.97421499189113,94.66066867389243,3.728198496227238,1.218968181605507,3724.883241137881,40.057834193415495,1.0
13146.0,36255.60835011037,41078.26711250907,-131.44019268256108,291.21156516438606,199.8067688647501,127.93866172365112,3.8227413645699273,1.4258389853491715,3776.787539501627,35.91751272001186,1.0
13154.0,37788.02581922861,42083.30405655432,-196.94311735046128,323.29086925283116,190.27451706300076,215.8459046370426,4.429615581805186,1.6748476646034771,4670.6702606148465,27.876350415915475,1.0
13155.0,35838.01978355412,40593.86413624584,254.18254748312285,184.38239578173437,322.21320668623133,129.07368935665647,3.7112699531694533,1.4743643068657495,4509.266695014861,36.54139885353047,1.0
13171.0,35071.990259040256,39895.76423073844,-454.62303228332684,488.7525512780121,184.5088411090205,259.6502803665243,4.3625523640168336,2.216055356310607,6218.900701897988,34.830339436118734,1.0
13171.0,34809.312353153655,39945.08059717007,-899.350670427949,921.6104181835412,293.59023271690734,578.4084126360905,3.7306135642044356,2.0820657729490337,5589.280119021258,41.89454072450093,1.0
13172.0,34974.1668619447,39969.50347484536,-399.79259595894376,448.3005395174571,181.49753208717442,278.217991965585,3.9584020225367453,1.7537018368729562,4314.752079183685,28.631208018018672,1.0
13173.0,34954.49707722216,39769.061336085695,-195.25252109520878,322.41205274731567,190.47943152272055,105.61203886348966,3.9014773877014757,1.4236524016728127,4165.877437737613,42.13200778110942,1.0
13174.0,35260.865481642126,40124.03297481988,-267.9312373483819,362.62501597447516,183.63612032199313,183.50333852175152,4.203118912579285,1.5714421524237328,4260.135881815211,31.91485550718466,1.0
13175.0,35892.001630615705,40299.80948849759,-857.1260185745965,872.4992466496814,276.75735477302175,544.6124973638368,3.9703566103533503,2.247357943504643,6936.53138997638,41.76866205296087,1.0
13175.0,35287.96290020774,40299.23791457196,-828.1090225580228,839.7245041666436,265.9774282608426,475.4063315223625,3.9961830843863586,2.246890275546394,6871.879349512857,43.61727807947382,1.0
13177.0,35386.1035993126,40231.658246605766,33.1780473952872,228.45331342876304,238.19766256814728,72.26186385722195,3.8035688165750723,1.3236668638296039,3709.7081316612193,48.926736515254,1.0
13195.0,36891.417367030896,41527.46658055724,-338.5396265243501,406.46282143857565,180.84293110939626,171.17576992002645,4.470029809591596,1.8541030177229092,5403.935855547725,37.65526814482404,1.0
13196.0,36797.80053116315,41140.77824130233,-487.59407041917973,514.4424142355717,187.4227263905146,256.0320147580877,4.081300589701695,1.8215014480643916,5374.625818248879,34.16304527829687,1.0
13196.0,38102.43076962047,42445.05231219355,-48.78157685305672,256.5049054277911,216.50223660691867,114.54894649046562,4.293619453119102,1.8145813826426256,5915.9074877920975,40.694656378012795,1.0
13197.0,37859.69486035869,42053.6421685098,-123.75198243959387,287.71167292566236,201.14000849447268,131.23486318571855,4.1239070105576525,1.8122846817679203,4933.757811244143,38.07137111323753,1.0
13198.0,38280.691203304,42652.77573847483,-378.41865832649637,433.29956511080013,180.9443160641945,193.24958865335836,3.8900500136155833,1.4289379501197517,3715.2024099379673,33.36012717418078,1.0
13199.0,38848.66168225115,43257.92821913658,-313.8949952152145,390.62789467452444,181.38620746437095,152.65061800031805,4.139063532594924,1.5984124644302296,4358.2077985245705,37.648330398511945,1.0
13200.0,35470.310903916536,40378.03734745258,-256.409569944741,355.9178669433774,184.4524825249033,177.53546865754262,3.8114757302654927,1.4146834313413612,3722.1447055352,31.44057780548612,1.0
13215.0,39813.48331532023,43687.75175589004,-193.35891898449532,321.43090857533787,190.7115381981445,180.02153380515017,3.8188745433404065,1.4668878835893215,3825.0103152261504,30.14995663344287,1.0
13216.0,39801.52503441353,43552.42989281278,-368.0156066317509,426.15421002845903,180.80102312324757,269.7429386198474,3.7229635079035317,1.6097655758084621,4172.424153046885,27.604962265319124,1.0
13217.0,39834.02307763709,43657.55373823282,-271.50135893236416,364.72870798129304,183.40369184946772,159.45875443584157,3.9261645912649525,1.4256528284223948,3998.3587645775965,34.08370004131429,1.0
13218.0,39263.525284744406,43330.558873075606,-340.18274604500846,407.53894198115904,180.82316853793384,144.3318224128779,4.3220739331022475,1.5101503988374803,4508.660688907486,39.35764289010989,1.0
13239.0,39690.051416684335,43669.89823458941,-46.321837904587206,255.57083003002992,217.07883704398157,96.72326520366438,3.8198110687306386,1.2388567262436208,3170.8255894527447,40.07940644244687,1.0
13240.0,38618.30451821382,42741.63023936712,-380.75946148272857,434.9214154524821,180.98792561944066,181.69743084299358,4.294777356196977,1.8993899616588465,5630.459392766524,38.23382370178365,1.0
13241.0,38263.678558513086,42556.735488625825,-289.4280761220669,375.47371837409077,182.38343874834007,259.1013474667672,4.280029311461486,1.7230109016217898,4659.722867892489,26.762773350315452,1.0
13242.0,39046.86572834095,43194.518320471274,-258.01930217205455,356.8474229279821,184.33234586021814,117.13452676853015,3.8213910460000746,1.556132033483837,4361.813072130337,42.42977696034659,1.0
13252.0,38209.074827983495,42604.90586544326,-252.96174090734084,353.93510548799287,184.71644363096772,109.69880518896976,4.042817479661881,1.393893266586042,3693.8162740516063,42.512429029029555,1.0
13253.0,37956.13217414578,42334.97909550387,42.77094090571193,225.58414043388686,241.07164323258203,95.09463705037228,4.400566809531784,1.5911663026013012,5074.377996059625,43.37088736299271,1.0
13257.0,38541.4236097135,43042.1080611447,-302.0846194477829,383.24237371283857,181.81062015952403,153.38888502790493,4.002843163874946,1.648438954164093,4666.710923650457,37.501097321019685,1.0
13258.0,38205.90089160623,42643.05852232878,-313.3833278167374,390.3052018334319,181.40239161159323,183.04311925424534,3.928303892027649,1.5243168269685903,4097.396546634383,32.95040934074334,1.0
13260.0,38363.047493995975,42536.50916647041,-341.0631449171824,408.1165850204271,180.81342614568234,168.3142986349261,4.25521769413473,1.6353721330161655,4331.999251360623,36.51257619141916,1.0
13267.0,39168.748976063616,43314.90972871606,-308.44060072288363,387.20068795173614,181.56900404823685,181.77971390792942,4.122382164687528,1.5425800512068386,4127.29624923754,33.05795979015607,1.0
13268.0,37188.950778732775,41766.774907493906,27.922881270977626,230.06189106370158,236.65297524935738,183.66976962226843,4.238808049807975,1.4726775921568478,4038.216943795429,27.74739246392314,1.0
13268.0,39039.326532624254,43124.70511787332,-254.3862630429133,354.75295404459416,184.6062858732002,136.8425037815772,4.445554455489828,1.6798649186751837,4846.793840323263,39.12134699809623,1.0
13269.0,37336.838407133764,41898.14367484239,-213.47644500911477,332.02739446851103,188.38535001931052,151.38916083574549,4.208357841805154,1.5934223114924302,4650.332030243538,34.856301333001795,1.0
13269.0,39150.83656931566,43292.13863329793,-214.39849247192205,332.52221064080055,188.28612590132002,262.987112652647,4.688336611173367,2.150403814848248,6288.687473583697,26.65843274944537,1.0
13269.0,39150.39665775475,43291.523308081916,-221.50185362306095,336.3611040825795,187.54343589401023,267.13210155973337,4.583144614780201,2.134982446248982,5836.066295273968,26.455410455724863,1.0
13270.0,39300.544959365325,43399.398588551056,-546.3444043271381,562.7593731579095,194.66825922963343,265.2689323460986,4.23754460671183,1.9262766282782715,5185.9055305355805,37.1360583574435,1.0
13270.0,39298.53963676605,43398.981952167625,-589.122367427704,599.9882986339812,201.5989242649137,286.1436600702189,4.059299529676135,1.8264870799488366,4792.008089591026,36.96354310893314,1.0
13271.0,39432.543285320615,43639.22135426626,-262.47082393521475,359.43072078951053,184.010403704623,256.1183518364682,4.448403417348588,1.7376760000352074,4224.26483980233,26.439650975343277,1.0
13272.0,38820.8160522064,43063.19730448681,-182.1206380419672,315.67753088183736,192.14529620395754,111.73427780365908,4.507326925321321,1.6691445489430963,4584.051825706463,42.581793629650655,1.0
13273.0,38637.23686533933,42984.79429160123,-311.67419905593266,389.2290967167718,181.45789803543562,220.85813617016373,4.25327570033389,2.055689356426859,5962.807031214141,31.969758722838716,1.0
13274.0,38778.92751846789,43188.75132934654,-467.960317213722,499.0210215442676,185.5877698546312,216.9993487157012,4.505430669525153,1.8625854091165635,5163.632276680907,37.52232954325906,1.0
13275.0,38804.61528880556,42820.31173403846,-537.3221851088254,555.1278502867013,193.38461035358142,192.64276465527035,3.7080163230792946,1.4332496763446512,3556.185817723828,40.93259253672697,1.0
13294.0,37796.38462059739,42503.791080561874,-359.96385187596326,420.69391023847055,180.74673877865794,129.23615355236745,3.6882653097695037,1.2977928401979368,3601.7750654881847,41.191579549041556,1.0
13312.0,37855.51194990744,42581.065892938765,-234.0705385644589,343.27022146877636,186.3235356375826,102.62096168738914,3.7831667915910656,1.1382837613571208,2766.917394127264,41.26570758576041,1.0
13348.0,36183.36734534514,40893.51881975388,-180.65224668178323,314.93459331852057,192.33974048067057,152.22895601036842,4.497703538188434,2.4764677645225226,8287.082581198987,40.57680022506086,1.0
13349.0,36246.04899460182,40859.90664596385,-275.94633168912935,367.36470378644253,183.127882853672,200.72560232075884,4.144682544113075,1.8901841280304992,5415.334173077299,32.05313390924282,1.0
13349.0,36247.725477119435,40859.36902828546,-274.09373211538417,366.26379485773157,183.24100596497263,196.2534511454295,4.277977889467962,1.8837795770408494,5205.178695357047,32.45114808666123,1.0
13350.0,35596.57430245473,40382.9342147244,-661.0969549140923,666.5208342401851,216.40706723052665,309.09841221658985,4.078216727501879,1.7667989246418359,4505.993040157132,39.05671744001457,1.0
13350.0,35574.87743737217,40385.023209838284,-564.033870297207,577.9449559776316,197.36510464436986,273.76813183623,4.174467594435662,1.786226185641994,4630.041409047789,36.30803103730402,1.0
13351.0,36190.29135390593,40868.35067564589,-381.4360808271494,435.3911810030012,181.0013091200201,243.18347008366592,4.412533579359007,2.0579798550149446,5354.084876950699,32.255627966431135,1.0
13351.0,36217.04596629264,40879.64045372273,-445.39789063183974,481.7481891910528,183.84187928027586,257.8906081593666,4.368803430676103,2.070375224474362,5566.07572266912,33.62749203290749,1.0
13352.0,36386.71450118968,41023.979954068986,-496.6974637716036,521.716051394696,188.37320773915508,190.62325150356403,4.091582597835128,1.5815485158841625,4178.332364925868,40.19122907968785,1.0
13352.0,36328.25940847029,41038.50742536019,-561.1095734866071,575.4142247956039,196.9028284609045,204.2857840803992,4.114032263270327,1.606718116008771,4217.689959488817,42.46982421839326,1.0
13353.0,39789.138729906954,43718.60773240474,-210.33554494928353,330.347849519562,188.72821379330776,107.31135903328702,3.5940189221841026,1.41096983858299,4011.3540958759813,41.97911462583141,1.0
13354.0,39732.89302729586,43670.33721495309,-70.24497851978158,264.8976457347352,211.66654526343893,341.3765032834957,3.92920842079696,1.7134759577035834,4141.795734531822,20.092484156058063,1.0
13355.0,39705.427779031,43681.56828937575,-27.380788607027124,248.95524059648957,221.9853707015572,601.4445954517699,4.10351265447864,3.5352250214942664,NaN,16.688871809356126,2.0
13357.0,38930.938963065295,42886.92983204742,29.882242907599345,229.4590963448963,237.22644327005244,76.39909040045046,3.879046108179483,1.4099658427883637,4066.744029546866,48.21090337565637,1.0
13366.0,36342.014944555514,40973.38126080096,-372.2128264388722,429.0247967117205,180.8489108630522,175.44107919876825,4.24519245205768,1.6614225470193023,4013.4498429684677,36.91087999728828,1.0
13378.0,35075.926472472274,39980.48393836518,-236.9017368100342,344.8471139075942,186.06535702184075,111.2330083632723,3.8396805378015446,1.3126673206082113,3243.8617976171677,40.846033297810685,1.0
13379.0,35203.082330783705,40195.18355832575,-518.2157255441979,539.2198903722585,190.87100320272518,278.3810709275918,4.361777229485586,1.9248789421017694,4538.811313676119,34.40174215569974,1.0
13380.0,35805.40303143369,40559.04578351107,-227.17959367378486,339.46376040486086,186.97745324277702,115.66785767137162,3.840707090966499,1.5861487732253763,4642.820835218823,42.06776433224307,1.0
13382.0,35099.15990682008,40164.28186634537,-13.28517643649449,243.57822472188724,225.26998620164116,220.43405481600047,4.347143380851189,1.9218585094933613,5698.842784581273,26.563201943659514,1.0
13384.0,36249.42761149081,40867.8973501214,-94.22345584672715,274.78761026843,206.6794109659658,269.22224354251335,4.063732156868345,1.809070640405621,4477.424054247854,23.582454117666348,1.0
13385.0,35963.12990675551,40677.39427642432,-265.96534202574884,361.4717448348943,183.76825462430716,146.57199292121288,3.607761185611736,1.5317157668595678,4359.406311033819,36.56795934926817,1.0
13391.0,36267.57751073214,40997.60919560859,47.22659249727765,224.28099767321294,242.43038508498339,83.99863432036449,4.153402640025505,1.2827538033945192,3286.9855780554503,43.77438784580479,1.0
13393.0,39750.03840446912,43793.6575668651,-39.555338242234384,253.26357569482784,218.87698327332058,857.576800406036,4.1344367897192,4.0966595103360195,NaN,13.870536452422531,2.0
13394.0,36046.69078005253,40853.99248507801,119.43381933465993,205.7726493783696,266.55917540967414,112.81990624917799,3.898805965076691,1.2550330199402682,3305.2809249847874,36.248509633079145,1.0
13395.0,39802.142696861614,43725.4096774104,-15.06687897827877,244.26872979320325,224.8635702111543,694.9722931030342,3.8928178863113967,4.080245898797001,NaN,15.84172217535638,2.0
13397.0,36778.50495032526,41411.166021143894,-233.85062593274958,343.14805310376363,186.34384527435094,289.74677592910285,4.542169733135742,1.7579901543278655,4226.644715385677,24.0656610562251,1.0
13397.0,39790.45363457623,43764.73531230274,-32.89551656597334,250.58865380552425,220.32025126658837,815.3993390146029,3.966649273487776,3.678975678765725,NaN,13.84697363213119,2.0
13398.0,36782.0175633748,41527.03024952202,-332.6839033354568,402.6484645288157,180.93009297625602,263.4989500809834,4.430516840411622,1.6256917912375293,4052.9674577556616,27.126305024727543,1.0
13398.0,39743.940243082776,43714.27387808495,-21.29226502159095,246.4734223053071,223.27544768708123,626.2033863996007,3.782169051811314,3.483692191886205,NaN,16.131131293863046,2.0
13400.0,37549.274330943175,41958.976029114565,-47.90895718335475,256.1728788095691,216.706264270935,174.47896501840188,4.815480098739689,2.184696924540179,6719.69070654988,32.64354171522373,1.0
13401.0,39792.98461214594,43676.71533872864,-18.425688992425904,245.3766628957159,223.94079868289458,350.5576502972468,3.819591241309106,1.632290358378308,3848.8899963865056,19.409225922588767,1.0
13402.0,36961.24986748156,41522.741516644346,-335.8384962216781,404.6993156958429,180.87989025804927,279.594302909487,4.745072801193512,1.759158692278116,4610.722769646691,26.73331891762751,1.0
13402.0,39823.63552464072,43704.754186517144,-2.4919575359198944,240.38204888363913,228.52944452707578,706.7045664184477,3.9736128394160093,3.5336850180835597,NaN,14.95878479915285,2.0
13403.0,37594.41468457741,42079.531722138476,-249.16212132669366,351.7630220718559,185.01783051719121,218.300858593346,4.830600762385211,2.2184386878092313,6937.345105880723,31.359227241041886,1.0
13404.0,36183.06279060031,40946.56664893844,58.29132749107668,221.1258699056192,245.86999069205606,73.19510100196752,3.709386163710038,1.2945364778713084,3601.2443868714936,48.09947385021722,1.0
13404.0,37872.90424448433,42171.834645377276,-386.45635284086205,438.89015734595085,181.11150787755304,176.22047522525273,4.5111808183369115,1.6193088764438461,4433.869126090837,37.07469663613134,1.0
13404.0,39758.99851850715,43672.380330634805,-115.36144487906388,285.14361064560376,203.60648747592518,1189.5368999864309,4.456535826319411,7.969331453541027,NaN,15.155598661423527,3.0
13406.0,36133.59934969231,40809.370996114936,215.54950266510698,188.76426043845132,304.84202497748635,76.71466380458833,3.5508023972319838,1.2285890205732615,3355.024481766535,47.559478892928766,1.0
13406.0,39742.10031380476,43708.638739745256,-141.48024724433284,295.8660084705907,198.13351170621465,474.8903213602779,5.1136653365441225,2.562442981103101,6876.015731338097,18.385014996344427,1.0
13408.0,39680.93315037057,43686.42490032634,-296.4216490204539,379.74773788009537,182.05182754733127,570.145189215122,4.356089766504554,3.024981345881138,8029.990368404986,19.037471120098257,1.0
13409.0,39613.44546684197,43527.51434844276,-134.41578940661955,292.58110295932596,199.30285131148827,526.6586422169619,5.220448330856221,4.052573311282869,11706.768201076575,19.977954776353506,1.0
13410.0,39572.083620773796,43455.417760586744,26.817792938232685,230.40346660773787,236.330827256226,392.90288889235563,5.791048037677637,4.311895633655728,14555.244063582133,24.296133565682286,1.0
13411.0,39538.287689425575,43439.81016252171,26.213763581715458,232.83818924055805,237.9714949237297,779.9838267486422,4.998663923365532,6.392843880662463,NaN,17.95733856295482,2.0
