1.411,24.516,1
1.622,24.516,1
1.820,24.516,1
2.028,24.516,1
2.226,24.516,1
2.432,24.516,1
2.632,24.516,1
2.839,24.516,1
3.039,24.516,1
3.247,24.516,1
3.444,24.516,1
3.653,24.516,1
3.854,24.516,1
4.057,24.516,1
4.256,24.516,1
4.465,24.516,1
4.664,24.516,1
4.864,24.516,1
5.068,24.516,1
5.276,24.516,1
5.474,24.516,1
5.676,24.516,1
5.880,24.516,1
6.090,24.516,1
6.290,24.516,1
6.491,24.516,1
6.696,24.516,1
6.895,24.516,1
7.102,24.516,1
7.309,24.516,1
7.507,24.516,1
7.713,24.515,1
7.911,24.515,1
8.122,24.515,1
8.317,24.515,1
8.528,24.515,1
8.726,24.515,1
8.933,24.516,1
9.130,24.515,1
9.339,24.515,1
9.537,24.515,1
9.743,24.515,1
9.946,24.515,1
10.151,24.515,1
10.349,24.515,1
10.558,24.515,1
10.756,24.515,1
10.964,24.515,1
11.165,24.515,1
11.372,24.516,1
11.567,24.516,1
11.777,24.515,1
11.973,24.515,1
12.184,24.515,1
12.381,24.516,1
12.582,24.515,1
12.785,24.515,1
12.994,24.516,1
13.195,24.516,1
13.401,24.516,1
13.601,24.516,1
13.808,24.516,1
14.005,24.516,1
14.213,24.516,1
14.412,24.516,1
14.621,24.516,1
14.818,24.516,1
15.026,24.516,1
15.230,24.516,1
15.432,24.516,1
15.630,24.516,1
15.839,24.516,1
16.039,24.516,1
16.245,24.516,1
16.441,24.516,1
16.652,24.516,1
16.847,24.516,1
17.061,24.516,1
17.255,24.516,1
17.463,24.516,1
17.662,24.516,1
17.870,24.516,1
18.066,24.516,1
18.274,24.516,1
18.475,24.516,1
18.685,24.516,1
18.879,24.516,1
19.091,24.516,1
19.286,24.516,1
19.490,24.516,1
19.691,24.516,1
19.902,24.516,1
20.101,24.516,1
20.306,24.516,1
20.507,24.516,1
20.717,24.516,1
20.913,24.516,1
21.116,24.516,1
21.320,24.516,1
21.527,24.516,1
21.724,24.516,1
21.935,24.516,1
22.132,24.516,1
22.342,24.516,1
22.536,24.516,1
22.745,24.516,1
22.944,24.516,1
23.153,24.516,1
23.350,24.516,1
23.558,24.516,1
23.756,24.516,1
23.959,24.516,1
24.162,24.516,1
24.372,24.516,1
24.567,24.516,1
24.777,24.516,1
24.975,24.516,1
25.183,24.516,1
25.378,24.516,1
25.582,24.516,1
25.788,24.516,1
25.990,24.516,1
26.192,24.516,1
26.402,24.516,1
26.604,24.516,1
26.801,24.516,1
27.004,24.516,1
27.215,24.516,1
27.414,24.516,1
27.622,24.516,1
27.818,24.516,1
28.027,24.516,1
28.228,24.516,1
28.435,24.516,1
28.630,24.516,1
28.837,24.516,1
29.039,24.516,1
29.242,24.516,1
29.444,24.516,1
29.651,24.516,1
29.852,24.516,1
30.060,24.516,1
30.255,24.516,1
30.457,24.516,1
30.662,24.516,1
30.870,24.516,1
31.069,24.516,1
31.277,24.516,1
31.475,24.516,1
31.682,24.516,1
31.879,24.516,1
32.089,24.516,1
32.287,24.516,1
32.491,24.516,1
32.695,24.516,1
32.901,24.516,1
33.100,24.516,1
33.310,24.516,1
33.505,24.516,1
33.711,24.516,1
33.916,24.516,1
34.114,24.516,1
34.320,24.516,1
34.528,24.516,1
34.727,24.516,1
34.932,24.516,1
35.131,24.516,1
35.336,24.516,1
35.536,24.516,1
35.738,24.516,1
35.944,24.516,1
36.151,24.516,1
36.353,24.516,1
36.559,24.516,1
36.756,24.516,1
36.965,24.516,1
37.162,24.516,1
37.371,24.516,1
37.566,24.516,1
37.778,24.516,1
37.974,24.516,1
38.176,24.516,1
38.380,24.516,1
38.592,24.516,1
38.789,24.516,1
38.998,24.516,1
39.195,24.516,1
39.403,24.516,1
39.597,24.516,1
39.808,24.516,1
40.006,24.516,1
40.215,24.516,1
40.414,24.516,1
40.622,24.516,1
40.817,24.516,1
41.020,24.516,1
41.223,24.516,1
41.435,24.516,1
41.631,24.516,1
41.842,24.516,1
42.037,24.516,1
42.244,24.516,1
42.445,24.516,1
42.651,24.516,1
42.851,24.516,1
43.061,24.516,1
43.254,24.516,1
43.464,24.516,1
43.661,24.516,1
43.866,24.516,1
44.071,24.516,1
44.277,24.516,1
44.478,24.517,1
44.684,24.517,1
44.882,24.516,1
45.091,24.516,1
45.288,24.516,1
45.498,24.517,1
45.694,24.517,1
45.902,24.516,1
46.103,24.516,1
46.307,24.516,1
46.507,24.516,1
46.709,24.516,1
46.910,24.516,1
47.122,24.516,1
47.318,24.516,1
47.526,24.516,1
47.724,24.516,1
47.932,24.516,1
48.131,24.516,1
48.341,24.516,1
48.539,24.516,1
48.747,24.516,1
48.942,24.516,1
49.151,24.516,1
49.349,24.517,1
49.551,24.516,1
49.756,24.517,1
49.962,24.516,1
50.165,24.516,1
50.363,24.517,1
50.571,24.516,1
50.778,24.516,1
50.979,24.516,1
51.184,24.516,1
51.381,24.516,1
51.591,24.516,1
51.787,24.516,1
51.991,24.516,1
52.196,24.516,1
52.400,24.516,1
52.601,24.516,1
52.807,24.516,1
53.005,24.516,1
53.215,24.516,1
53.413,24.516,1
53.619,24.516,1
53.821,24.517,1
54.029,24.516,1
54.225,24.516,1
54.436,24.516,1
54.629,24.516,1
54.838,24.516,1
55.043,24.517,1
55.243,24.517,1
55.444,24.516,1
55.652,24.517,1
55.853,24.517,1
56.059,24.516,1
56.254,24.516,1
56.463,24.517,1
56.666,24.517,1
56.873,24.517,1
57.068,24.517,1
57.278,24.517,1
57.475,24.517,1
57.683,24.516,1
57.881,24.517,1
58.084,24.517,1
58.286,24.517,1
58.496,24.516,1
58.693,24.516,1
58.902,24.516,1
59.100,24.516,1
59.311,24.517,1
59.505,24.517,1
59.707,24.517,1
59.914,24.517,1
60.113,24.517,1
60.319,24.517,1
60.526,24.517,1
60.731,24.517,1
60.926,24.517,1
61.129,24.517,1
61.341,24.517,1
61.536,24.517,2
61.747,24.517,2
61.941,24.517,2
62.152,24.517,2
62.349,24.517,2
62.561,24.517,2
62.756,24.516,2
62.965,24.516,2
63.162,24.516,2
63.367,24.516,2
63.571,24.517,2
63.769,24.517,2
63.976,24.517,2
64.176,24.517,2
64.379,24.517,2
64.588,24.517,2
64.788,24.517,2
64.995,24.517,2
65.195,24.517,2
65.402,24.517,2
65.599,24.517,2
65.809,24.516,2
66.005,24.517,2
66.213,24.517,2
66.410,24.517,2
66.618,24.517,2
66.820,24.517,2
67.025,24.517,2
67.224,24.517,2
67.434,24.517,2
67.629,24.517,2
67.842,24.517,2
68.039,24.517,2
68.248,24.517,2
68.444,24.517,2
68.652,24.517,2
68.850,24.517,2
69.057,24.517,2
69.257,24.517,2
69.458,24.517,2
69.663,24.517,2
69.871,24.517,2
70.069,24.517,2
70.275,24.517,2
70.476,24.516,2
70.682,24.517,2
70.881,24.517,2
71.088,24.517,2
71.287,24.517,2
71.499,24.517,2
71.693,24.517,2
71.902,24.517,2
72.098,24.517,2
72.301,24.517,2
72.507,24.517,2
72.714,24.517,2
72.911,24.517,2
73.123,24.517,2
73.316,24.517,2
73.529,24.517,2
73.724,24.517,2
73.934,24.517,2
74.130,24.517,2
74.340,24.517,2
74.538,24.517,2
74.744,24.517,2
74.941,24.517,2
75.146,24.517,2
75.351,24.517,2
75.550,24.517,2
75.754,24.516,2
75.966,24.517,2
76.163,24.517,2
76.371,24.517,2
76.569,24.517,2
76.778,24.517,2
76.975,24.517,2
77.184,24.517,2
77.381,24.517,2
77.592,24.517,2
77.786,24.517,2
77.993,24.517,2
78.193,24.517,2
78.403,24.517,2
78.603,24.517,2
78.809,24.517,2
79.005,24.517,2
79.213,24.517,2
79.416,24.517,2
79.620,24.517,2
79.818,24.517,2
80.029,24.517,2
80.226,24.517,2
80.432,24.517,2
80.629,24.517,2
80.834,24.517,2
81.039,24.517,2
81.243,24.517,2
81.445,24.517,2
81.653,24.517,2
81.848,24.517,2
82.050,24.517,2
82.255,24.517,2
82.465,24.517,2
82.664,24.517,2
82.871,24.517,2
83.068,24.517,2
83.278,24.517,2
83.480,24.517,2
83.678,24.517,2
83.880,24.517,2
84.088,24.517,2
84.287,24.517,2
84.488,24.517,2
84.693,24.517,2
84.903,24.517,2
85.103,24.517,2
85.307,24.517,2
85.504,24.517,2
85.714,24.517,2
85.911,24.517,2
86.116,24.517,2
86.317,24.517,2
86.520,24.517,2
86.728,24.517,2
86.934,24.517,2
87.132,24.517,2
87.339,24.517,2
87.537,24.517,2
87.738,24.517,2
87.943,24.517,2
88.153,24.517,2
88.351,24.517,2
88.551,24.517,2
88.755,24.517,2
88.962,24.517,2
89.162,24.517,2
89.365,24.517,2
89.570,24.517,2
89.778,24.517,2
89.976,24.517,2
90.185,24.517,2
90.380,24.517,2
90.592,24.517,2
90.785,24.517,2
90.997,24.517,2
91.195,24.517,2
91.403,24.517,2
91.599,24.517,2
91.808,24.517,2
92.006,24.517,2
92.213,24.517,2
92.412,24.517,2
92.621,24.517,2
92.819,24.517,2
93.026,24.517,2
93.225,24.517,2
93.434,24.517,2
93.631,24.517,2
93.842,24.517,2
94.035,24.517,2
94.248,24.517,2
94.444,24.517,2
94.652,24.517,2
94.855,24.517,2
95.052,24.517,2
95.255,24.517,2
95.467,24.517,2
95.663,24.517,2
95.871,24.517,2
96.066,24.517,2
96.277,24.517,2
96.474,24.517,2
96.686,24.517,2
96.881,24.517,2
97.089,24.517,2
97.289,24.517,2
97.494,24.517,2
97.692,24.517,2
97.900,24.517,2
98.099,24.517,2
98.301,24.517,2
98.505,24.517,2
98.716,24.517,2
98.913,24.517,2
99.119,24.517,2
99.319,24.517,2
99.526,24.517,2
99.724,24.517,2
99.936,24.517,2
100.129,24.517,2
100.338,24.517,2
100.536,24.517,2
100.744,24.517,2
100.945,24.517,2
101.154,24.517,2
101.351,24.517,2
101.558,24.517,2
101.754,24.517,2
101.966,24.517,2
102.163,24.517,2
102.370,24.517,2
102.571,24.517,2
102.779,24.517,2
102.975,24.517,2
103.184,24.517,2
103.380,24.517,2
103.582,24.517,2
103.787,24.517,2
103.996,24.517,2
104.195,24.517,2
104.401,24.517,2
104.601,24.517,2
104.801,24.517,2
105.005,24.517,2
105.217,24.517,2
105.412,24.517,2
105.620,24.517,2
105.818,24.517,2
106.026,24.517,2
106.226,24.517,2
106.432,24.517,2
106.630,24.517,2
106.842,24.517,2
107.040,24.517,2
107.246,24.517,2
107.446,24.517,2
107.653,24.517,2
107.848,24.517,2
108.051,24.517,2
108.255,24.517,2
108.466,24.517,2
108.662,24.517,2
108.866,24.517,2
109.066,24.517,2
109.276,24.517,2
109.478,24.517,2
109.685,24.517,2
109.880,24.517,2
110.088,24.517,2
110.288,24.517,2
110.489,24.517,2
110.695,24.517,2
110.904,24.517,2
111.101,24.517,2
111.300,24.517,2
111.507,24.516,2
111.716,24.517,2
111.910,24.517,2
112.117,24.517,2
112.320,24.517,2
112.529,24.517,2
112.725,24.517,2
112.934,24.517,2
113.129,24.517,2
113.342,24.517,2
113.541,24.517,2
113.748,24.517,2
113.945,24.517,2
114.154,24.517,2
114.350,24.517,2
114.557,24.517,2
114.756,24.517,2
114.958,24.517,2
115.161,24.517,2
115.372,24.517,2
115.570,24.517,2
115.779,24.517,2
115.975,24.517,2
116.177,24.517,2
116.382,24.517,2
116.589,24.517,2
116.787,24.517,2
116.995,24.517,2
117.194,24.517,2
117.402,24.517,2
117.604,24.517,2
117.806,24.517,2
118.005,24.517,2
118.207,24.517,2
118.413,24.517,2
118.623,24.517,2
118.817,24.517,2
119.027,24.517,2
119.229,24.517,2
119.435,24.517,2
119.630,24.517,2
119.840,24.517,2
120.037,24.517,2
120.241,24.517,2
120.442,24.517,2
120.650,24.517,2
120.853,24.517,2
121.051,24.517,2
121.257,24.517,2
121.467,24.517,2
121.663,24.517,3
121.869,24.517,3
122.070,24.517,3
122.277,24.517,3
122.476,24.517,3
122.686,24.517,3
122.881,24.517,3
123.088,24.517,3
123.285,24.516,3
123.491,24.517,3
123.691,24.517,3
123.900,24.517,3
124.099,24.517,3
124.309,24.517,3
124.507,24.517,3
124.716,24.517,3
124.916,24.517,3
125.122,24.517,3
125.321,24.517,3
125.527,24.517,3
125.724,24.517,3
125.935,24.517,3
126.130,24.517,3
126.332,24.517,3
126.535,24.517,3
126.738,24.517,3
126.943,24.517,3
127.151,24.517,3
127.352,24.517,3
127.558,24.517,3
127.755,24.517,3
127.967,24.517,3
128.164,24.517,3
128.373,24.517,3
128.568,24.517,3
128.776,24.517,3
128.980,24.517,3
129.176,24.517,3
129.380,24.517,3
129.591,24.517,3
129.788,24.517,3
129.995,24.517,3
130.196,24.517,3
130.401,24.517,3
130.599,24.517,3
130.811,24.517,3
131.004,24.518,3
131.213,24.517,3
131.414,24.518,3
131.619,24.518,3
131.820,24.518,3
132.020,24.518,3
132.225,24.518,3
132.434,24.518,3
132.632,24.518,3
132.840,24.518,3
133.040,24.518,3
133.238,24.518,3
133.445,24.518,3
133.652,24.518,3
133.849,24.518,3
134.057,24.518,3
134.257,24.518,3
134.464,24.518,3
134.661,24.519,3
134.870,24.519,3
135.068,24.519,3
135.277,24.519,3
135.479,24.519,3
135.685,24.519,3
135.882,24.519,3
136.088,24.519,3
136.291,24.519,3
136.496,24.519,3
136.692,24.519,3
136.901,24.520,3
137.100,24.520,3
137.308,24.520,3
137.505,24.520,3
137.707,24.520,3
137.911,24.520,3
138.121,24.520,3
138.317,24.521,3
138.526,24.521,3
138.725,24.521,3
138.926,24.521,3
139.131,24.521,3
139.341,24.521,3
139.539,24.521,3
139.746,24.521,3
139.942,24.521,3
140.152,24.521,3
140.355,24.521,3
140.551,24.521,3
140.757,24.521,3
140.967,24.521,3
141.164,24.521,3
141.364,24.521,3
141.570,24.521,3
141.775,24.521,3
141.978,24.521,3
142.185,24.521,3
142.381,24.521,3
142.590,24.521,3
142.787,24.521,3
142.990,24.521,3
143.192,24.522,3
143.399,24.522,3
143.603,24.522,3
143.808,24.522,3
144.004,24.522,3
144.213,24.522,3
144.413,24.522,3
144.619,24.522,3
144.818,24.522,3
145.027,24.522,3
145.225,24.522,3
145.425,24.522,3
145.630,24.522,3
145.839,24.522,3
146.042,24.522,3
146.239,24.522,3
146.445,24.522,3
146.651,24.522,3
146.850,24.522,3
147.060,24.521,3
147.255,24.522,3
147.457,24.522,3
147.660,24.522,3
147.872,24.522,3
148.070,24.522,3
148.279,24.522,3
148.474,24.522,3
148.682,24.522,3
148.881,24.522,3
149.088,24.522,3
149.287,24.522,3
149.489,24.522,3
149.692,24.522,3
149.903,24.522,3
150.101,24.522,3
150.308,24.522,3
150.504,24.522,3
150.714,24.522,3
150.911,24.521,3
151.121,24.521,3
151.318,24.521,3
151.529,24.521,3
151.729,24.521,3
151.929,24.521,3
152.130,24.521,3
152.340,24.521,3
152.539,24.521,3
152.749,24.521,3
152.941,24.521,3
153.152,24.521,3
153.348,24.521,3
153.559,24.521,3
153.755,24.521,3
153.967,24.521,3
154.165,24.521,3
154.370,24.521,3
154.568,24.521,3
154.774,24.521,3
154.973,24.521,3
155.176,24.521,3
155.380,24.521,3
155.582,24.521,3
155.787,24.521,3
155.989,24.521,3
156.191,24.521,3
156.401,24.521,3
156.602,24.521,3
156.809,24.521,3
157.007,24.521,3
157.213,24.521,3
157.416,24.521,3
157.617,24.521,3
157.816,24.521,3
158.026,24.521,3
158.229,24.521,3
158.433,24.521,3
158.629,24.521,3
158.841,24.521,3
159.038,24.521,3
159.247,24.521,3
159.446,24.521,3
159.654,24.521,3
159.851,24.521,3
160.052,24.521,3
160.256,24.521,3
160.459,24.521,3
160.664,24.521,3
160.872,24.521,3
161.070,24.520,3
161.277,24.521,3
161.477,24.520,3
161.676,24.520,3
161.882,24.520,3
162.089,24.520,3
162.289,24.520,3
162.498,24.520,3
162.692,24.520,3
162.903,24.520,3
163.099,24.520,3
163.305,24.520,3
163.507,24.520,3
163.717,24.520,3
163.913,24.520,3
164.113,24.520,3
164.321,24.520,3
164.526,24.520,3
164.722,24.520,3
164.936,24.520,3
165.129,24.520,3
165.340,24.520,3
165.538,24.520,3
165.742,24.519,3
165.944,24.519,3
166.151,24.520,3
166.352,24.520,3
166.558,24.520,3
166.756,24.519,3
166.964,24.519,3
167.163,24.519,3
167.369,24.519,3
167.570,24.519,3
167.776,24.519,3
167.976,24.519,3
168.176,24.519,3
168.379,24.519,3
168.592,24.519,3
168.785,24.519,3
168.991,24.519,3
169.194,24.519,3
169.400,24.519,3
169.600,24.519,3
169.810,24.519,3
170.005,24.519,3
170.215,24.519,3
170.414,24.519,3
170.619,24.519,3
170.816,24.519,3
171.028,24.519,3
171.224,24.519,3
171.432,24.519,3
171.630,24.519,3
171.837,24.519,3
172.039,24.519,3
172.246,24.519,3
172.445,24.519,3
172.651,24.519,3
172.850,24.519,3
173.051,24.519,3
173.254,24.519,3
173.466,24.519,3
173.662,24.518,3
173.864,24.518,3
174.067,24.518,3
174.277,24.518,3
174.483,24.518,3
174.681,24.518,3
174.882,24.518,3
175.092,24.518,3
175.288,24.518,3
175.498,24.518,3
175.692,24.518,3
175.903,24.518,3
176.101,24.518,3
176.311,24.518,3
176.507,24.518,3
176.717,24.518,3
176.912,24.518,3
177.115,24.518,3
177.318,24.518,3
177.520,24.518,3
177.728,24.518,3
177.934,24.518,3
178.132,24.518,3
178.338,24.518,3
178.537,24.518,3
178.745,24.518,3
178.945,24.518,3
179.152,24.518,3
179.350,24.518,3
179.559,24.518,3
179.757,24.518,3
179.957,24.518,3
180.161,24.518,3
180.369,24.518,3
180.569,24.518,3
180.778,24.517,3
180.976,24.517,3
181.185,24.517,3
181.380,24.517,3
181.590,24.517,4
181.790,24.517,4
181.997,24.517,4
182.193,24.517,4
182.401,24.517,4
182.601,24.517,4
182.808,24.517,4
183.004,24.517,4
183.208,24.517,4
183.412,24.517,4
183.621,24.517,4
183.821,24.517,4
184.026,24.517,4
184.224,24.517,4
184.426,24.517,4
184.630,24.517,4
184.842,24.516,4
185.037,24.516,4
185.240,24.516,4
185.442,24.516,4
185.653,24.516,4
185.848,24.516,4
186.052,24.516,4
186.254,24.516,4
186.465,24.516,4
186.665,24.516,4
186.871,24.516,4
187.067,24.516,4
187.276,24.516,4
187.475,24.516,4
187.676,24.516,4
187.882,24.516,4
188.090,24.516,4
188.290,24.516,4
188.490,24.516,4
188.693,24.516,4
188.895,24.516,4
189.100,24.516,4
189.301,24.516,4
189.504,24.516,4
189.714,24.516,4
189.912,24.516,4
190.121,24.515,4
190.316,24.515,4
190.527,24.515,4
190.725,24.515,4
190.935,24.515,4
191.129,24.515,4
191.340,24.515,4
191.537,24.515,4
191.744,24.515,4
191.941,24.515,4
192.152,24.515,4
192.352,24.515,4
192.561,24.515,4
192.756,24.515,4
192.965,24.515,4
193.167,24.515,4
193.372,24.515,4
193.566,24.515,4
193.779,24.515,4
193.976,24.515,4
194.183,24.515,4
194.380,24.515,4
194.582,24.515,4
194.787,24.515,4
194.996,24.515,4
195.195,24.515,4
195.402,24.515,4
195.600,24.515,4
195.806,24.514,4
196.006,24.514,4
196.213,24.514,4
196.415,24.515,4
196.622,24.515,4
196.816,24.514,4
197.028,24.514,4
197.231,24.514,4
197.429,24.514,4
197.631,24.514,4
197.841,24.514,4
198.035,24.514,4
198.246,24.514,4
198.444,24.514,4
198.652,24.514,4
198.848,24.514,4
199.059,24.514,4
199.254,24.514,4
199.465,24.514,4
199.662,24.514,4
199.867,24.514,4
200.067,24.513,4
200.276,24.513,4
200.478,24.513,4
200.686,24.513,4
200.879,24.513,4
201.089,24.513,4
201.288,24.513,4
201.490,24.513,4
201.694,24.513,4
201.902,24.513,4
202.099,24.513,4
202.311,24.513,4
202.505,24.513,4
202.717,24.513,4
202.911,24.513,4
203.115,24.513,4
203.316,24.513,4
203.528,24.513,4
203.725,24.513,4
203.933,24.513,4
204.132,24.513,4
204.340,24.513,4
204.539,24.513,4
204.748,24.513,4
204.943,24.513,4
205.151,24.513,4
205.353,24.513,4
205.559,24.513,4
205.754,24.513,4
205.959,24.513,4
206.162,24.513,4
206.373,24.513,4
206.568,24.512,4
206.776,24.512,4
206.979,24.512,4
207.184,24.512,4
207.380,24.512,4
207.588,24.512,4
207.786,24.512,4
207.989,24.512,4
208.192,24.512,4
208.402,24.512,4
208.605,24.512,4
208.802,24.512,4
209.005,24.512,4
209.215,24.512,4
209.413,24.512,4
209.623,24.512,4
209.821,24.512,4
210.029,24.512,4
210.228,24.512,4
210.434,24.512,4
210.631,24.512,4
210.841,24.512,4
211.039,24.512,4
211.247,24.512,4
211.441,24.511,4
211.650,24.511,4
211.850,24.511,4
212.051,24.511,4
212.254,24.511,4
212.463,24.511,4
212.663,24.511,4
212.870,24.511,4
213.071,24.511,4
213.276,24.511,4
213.475,24.511,4
213.685,24.511,4
213.882,24.511,4
214.082,24.511,4
214.292,24.511,4
214.494,24.510,4
214.693,24.510,4
214.903,24.510,4
215.104,24.510,4
215.307,24.510,4
215.505,24.510,4
215.714,24.510,4
215.911,24.510,4
216.123,24.510,4
216.320,24.510,4
216.527,24.510,4
216.729,24.510,4
216.928,24.510,4
217.132,24.510,4
217.334,24.510,4
217.537,24.510,4
217.739,24.510,4
217.945,24.510,4
218.152,24.510,4
218.351,24.510,4
218.551,24.510,4
218.757,24.510,4
218.965,24.510,4
219.162,24.510,4
219.370,24.510,4
219.568,24.510,4
219.779,24.509,4
219.973,24.509,4
220.178,24.509,4
220.381,24.509,4
220.591,24.509,4
220.788,24.509,4
220.997,24.509,4
221.195,24.509,4
221.403,24.509,4
221.602,24.509,4
221.811,24.509,4
222.006,24.509,4
222.213,24.509,4
222.411,24.509,4
222.616,24.509,4
222.816,24.509,4
223.026,24.509,4
223.224,24.509,4
223.432,24.508,4
223.631,24.509,4
223.838,24.509,4
224.038,24.509,4
224.246,24.509,4
224.444,24.508,4
224.651,24.508,4
224.850,24.508,4
225.051,24.508,4
225.256,24.508,4
225.465,24.508,4
225.665,24.508,4
225.868,24.508,4
226.069,24.508,4
226.278,24.508,4
226.475,24.508,4
226.684,24.508,4
226.879,24.508,4
227.092,24.508,4
227.285,24.508,4
227.494,24.508,4
227.694,24.508,4
227.900,24.508,4
228.098,24.508,4
228.302,24.508,4
228.506,24.508,4
228.714,24.508,4
228.912,24.508,4
229.120,24.508,4
229.319,24.507,4
229.527,24.507,4
229.725,24.507,4
229.926,24.507,4
230.130,24.507,4
230.341,24.507,4
230.538,24.507,4
230.748,24.507,4
230.942,24.507,4
231.154,24.507,4
231.349,24.507,4
231.557,24.507,4
231.754,24.507,4
231.966,24.507,4
232.160,24.506,4
232.365,24.506,4
232.567,24.506,4
232.779,24.506,4
232.974,24.506,4
233.184,24.506,4
233.379,24.506,4
233.591,24.506,4
233.790,24.506,4
233.990,24.506,4
234.191,24.506,4
234.400,24.506,4
234.597,24.506,4
234.811,24.506,4
235.006,24.506,4
235.213,24.506,4
235.410,24.506,4
235.622,24.505,4
235.820,24.505,4
236.027,24.506,4
236.225,24.505,4
236.432,24.505,4
236.631,24.505,4
236.839,24.505,4
237.036,24.505,4
237.245,24.505,4
237.441,24.505,4
237.654,24.505,4
237.851,24.505,4
238.060,24.505,4
238.254,24.505,4
238.464,24.505,4
238.666,24.505,4
238.873,24.505,4
239.066,24.505,4
239.279,24.505,4
239.476,24.505,4
239.685,24.505,4
239.880,24.505,4
240.083,24.505,4
240.287,24.505,4
240.489,24.505,4
240.695,24.504,4
240.903,24.504,4
241.101,24.504,4
241.311,24.504,4
241.505,24.504,5
241.716,24.504,5
241.914,24.504,5
242.121,24.504,5
242.317,24.504,5
242.527,24.504,5
242.730,24.504,5
242.927,24.504,5
243.130,24.504,5
243.340,24.504,5
243.540,24.503,5
243.747,24.503,5
243.942,24.503,5
244.150,24.503,5
244.347,24.503,5
244.561,24.503,5
244.754,24.503,5
244.967,24.503,5
245.163,24.503,5
245.370,24.503,5
245.571,24.503,5
245.771,24.503,5
245.975,24.503,5
246.184,24.503,5
246.379,24.503,5
246.589,24.503,5
246.788,24.503,5
246.995,24.503,5
247.194,24.503,5
247.403,24.503,5
247.601,24.502,5
247.810,24.502,5
248.005,24.503,5
248.213,24.502,5
248.411,24.502,5
248.618,24.502,5
248.819,24.502,5
249.028,24.502,5
249.228,24.502,5
249.435,24.502,5
249.631,24.502,5
249.840,24.502,5
250.042,24.502,5
250.245,24.502,5
250.445,24.502,5
250.654,24.501,5
250.854,24.500,5
251.058,24.499,5
251.256,24.497,5
251.458,24.497,5
251.664,24.496,5
251.872,24.496,5
252.066,24.496,5
252.277,24.496,5
252.475,24.496,5
252.676,24.496,5
252.879,24.496,5
253.092,24.496,5
253.288,24.496,5
253.495,24.496,5
253.695,24.496,5
253.903,24.497,5
254.106,24.497,5
254.301,24.498,5
254.505,24.499,5
254.715,24.499,5
254.915,24.500,5
255.124,24.502,5
255.319,24.503,5
255.526,24.504,5
255.723,24.505,5
255.934,24.506,5
256.128,24.507,5
256.339,24.508,5
256.537,24.508,5
256.742,24.509,5
256.946,24.510,5
257.146,24.510,5
257.351,24.511,5
257.558,24.512,5
257.755,24.513,5
257.963,24.514,5
258.165,24.515,5
258.363,24.517,5
258.569,24.519,5
258.776,24.525,5
258.975,24.532,5
259.183,24.548,5
259.381,0.019,5
259.591,0.033,5
259.785,0.091,5
259.991,0.141,5
260.195,0.201,5
260.402,0.273,5
260.600,0.349,5
260.808,0.427,5
261.005,0.501,5
261.217,0.566,5
261.414,0.619,5
261.621,0.663,5
261.816,0.701,5
262.029,0.735,5
262.227,0.764,5
262.428,0.790,5
262.631,0.814,5
262.833,0.836,5
263.039,0.856,5
263.249,0.875,5
263.442,0.893,5
263.651,0.910,5
263.853,0.925,5
264.060,0.940,5
264.257,0.954,5
264.468,0.968,5
264.661,0.981,5
264.872,0.993,5
265.067,1.004,5
265.276,1.016,5
265.481,1.027,5
265.679,1.031,5
265.880,1.031,5
266.093,1.031,5
266.287,1.031,5
266.495,1.031,5
266.695,1.031,5
266.901,1.031,5
267.097,1.031,5
267.309,1.031,5
267.506,1.031,5
267.714,1.031,5
267.912,1.031,5
268.119,1.031,5
268.316,1.031,5
268.519,1.031,5
268.724,1.031,5
268.935,1.031,5
269.132,1.031,5
269.332,1.031,5
269.537,1.031,5
269.749,1.031,5
269.945,1.031,5
270.151,1.031,5
270.352,1.031,5
270.559,1.031,5
270.757,1.031,5
270.963,1.031,5
271.161,1.031,5
271.368,1.031,5
271.569,1.031,5
271.778,1.031,5
271.975,1.031,5
272.184,1.031,5
272.382,1.031,5
272.592,1.031,5
272.787,1.031,5
272.997,1.031,5
273.194,1.031,5
273.404,1.031,5
273.602,1.031,5
273.808,1.031,5
274.005,1.031,5
274.209,1.031,5
274.411,1.031,5
274.621,1.031,5
274.819,1.031,5
275.029,1.031,5
275.225,1.031,5
275.426,1.031,5
275.631,1.031,5
275.842,1.031,5
276.039,1.031,5
276.248,1.031,5
276.443,1.031,5
276.650,1.031,5
276.848,1.031,5
277.053,1.031,5
277.256,1.031,5
277.457,1.031,5
277.662,1.031,5
277.873,1.031,5
278.067,1.031,5
278.279,1.031,5
278.479,1.031,5
278.683,1.031,5
278.879,1.031,5
279.089,1.031,5
279.287,1.031,5
279.492,1.031,5
279.692,1.031,5
279.900,1.031,5
280.103,1.031,5
280.310,1.031,5
280.504,1.031,5
280.717,1.031,5
280.912,1.031,5
281.114,1.031,5
281.320,1.031,5
281.526,1.031,5
281.725,1.031,5
281.935,1.031,5
282.129,1.031,5
282.332,1.031,5
282.543,1.031,5
282.744,1.031,5
282.946,1.031,5
283.151,1.031,5
283.349,1.031,5
283.557,1.031,5
283.755,1.031,5
283.965,1.031,5
284.166,1.031,5
284.369,1.031,5
284.571,1.031,5
284.776,1.031,5
284.974,1.031,5
285.184,1.031,5
285.381,1.031,5
285.583,1.031,5
285.789,1.031,5
285.998,1.031,5
286.194,1.031,5
286.403,1.031,5
286.600,1.031,5
286.807,1.031,5
287.005,1.031,5
287.215,1.031,5
287.412,1.031,5
287.615,1.031,5
287.817,1.031,5
288.026,1.031,5
288.230,1.031,5
288.431,1.031,5
288.632,1.031,5
288.842,1.031,5
289.036,1.031,5
289.246,1.031,5
289.441,1.031,5
289.653,1.031,5
289.852,1.031,5
290.060,1.031,5
290.255,1.031,5
290.457,1.031,5
290.661,1.031,5
290.865,1.031,5
291.068,1.031,5
291.270,1.031,5
291.477,1.031,5
291.684,1.031,5
291.879,1.031,5
292.089,1.031,5
292.288,1.031,5
292.497,1.031,5
292.693,1.031,5
292.901,1.031,5
293.097,1.031,5
293.310,1.031,5
293.504,1.031,5
293.707,1.031,5
293.910,1.031,5
294.118,1.031,5
294.319,1.031,5
294.527,1.031,5
294.727,1.031,5
294.935,1.031,5
295.132,1.031,5
295.341,1.031,5
295.535,1.031,5
295.746,1.031,5
295.943,1.031,5
296.152,1.031,5
296.353,1.031,5
296.557,1.031,5
296.756,1.031,5
296.959,1.031,5
297.163,1.031,5
297.371,1.031,5
297.566,1.031,5
297.777,1.031,5
297.977,1.031,5
298.183,1.031,5
298.382,1.031,5
298.582,1.031,5
298.789,1.031,5
298.990,1.031,5
299.195,1.031,5
299.402,1.031,5
299.598,1.031,5
299.801,1.031,5
300.005,1.031,5
300.216,1.031,5
300.411,1.031,5
300.620,1.031,5
300.817,1.031,5
301.026,1.031,5
301.225,1.031,5
301.426,1.031,5
301.630,1.031,6
301.838,1.031,6
302.039,1.031,6
302.242,1.031,6
302.443,1.031,6
302.645,1.031,6
302.851,1.031,6
303.058,1.031,6
303.255,1.031,6
303.466,1.031,6
303.662,1.031,6
303.869,1.031,6
304.068,1.031,6
304.277,1.031,6
304.476,1.031,6
304.682,1.031,6
304.882,1.031,6
305.089,1.031,6
305.287,1.031,6
305.494,1.031,6
305.694,1.031,6
305.900,1.031,6
306.104,1.031,6
306.307,1.031,6
306.507,1.031,6
306.717,1.031,6
306.913,1.031,6
307.121,1.031,6
307.320,1.031,6
307.528,1.031,6
307.728,1.031,6
307.928,1.031,6
308.130,1.031,6
308.334,1.031,6
308.538,1.031,6
308.746,1.031,6
308.946,1.031,6
309.153,1.031,6
309.350,1.031,6
309.561,1.031,6
309.754,1.031,6
309.967,1.031,6
310.164,1.031,6
310.364,1.031,6
310.569,1.031,6
310.777,1.031,6
310.981,1.031,6
311.176,1.031,6
311.379,1.031,6
311.591,1.031,6
311.789,1.031,6
311.998,1.031,6
312.195,1.031,6
312.403,1.031,6
312.603,1.031,6
312.809,1.031,6
313.004,1.031,6
313.217,1.031,6
313.410,1.031,6
313.616,1.031,6
313.817,1.031,6
314.025,1.031,6
314.228,1.031,6
314.435,1.031,6
314.632,1.031,6
314.840,1.031,6
315.037,1.031,6
315.245,1.031,6
315.444,1.031,6
315.650,1.031,6
315.850,1.031,6
316.058,1.031,6
316.255,1.031,6
316.457,1.031,6
316.666,1.031,6
316.867,1.031,6
317.066,1.031,6
317.278,1.031,6
317.476,1.031,6
317.685,1.031,6
317.880,1.031,6
318.091,1.031,6
318.285,1.031,6
318.498,1.031,6
318.696,1.031,6
318.902,1.031,6
319.103,1.031,6
319.303,1.031,6
319.507,1.031,6
319.708,1.031,6
319.913,1.031,6
320.121,1.031,6
320.319,1.031,6
320.529,1.031,6
320.725,1.031,6
320.934,1.031,6
321.131,1.031,6
321.341,1.031,6
321.536,1.031,6
321.746,1.031,6
321.941,1.031,6
322.151,1.031,6
322.356,1.031,6
322.551,1.031,6
322.756,1.031,6
322.965,1.031,6
323.165,1.031,6
323.371,1.031,6
323.570,1.031,6
323.777,1.031,6
323.973,1.031,6
324.176,1.031,6
324.379,1.031,6
324.590,1.031,6
324.787,1.031,6
324.995,1.031,6
325.193,1.031,6
325.400,1.031,6
325.599,1.031,6
325.810,1.031,6
326.006,1.031,6
326.212,1.031,6
326.413,1.031,6
326.620,1.031,6
326.820,1.031,6
327.027,1.031,6
327.226,1.031,6
327.434,1.031,6
327.629,1.031,6
327.838,1.031,6
328.036,1.031,6
328.240,1.031,6
328.443,1.031,6
328.652,1.031,6
328.849,1.031,6
329.057,1.031,6
329.255,1.031,6
329.467,1.031,6
329.663,1.031,6
329.864,1.031,6
330.069,1.031,6
330.277,1.031,6
330.475,1.031,6
330.677,1.031,6
330.881,1.031,6
331.083,1.031,6
331.288,1.031,6
331.496,1.031,6
331.694,1.031,6
331.900,1.031,6
332.102,1.031,6
332.300,1.031,6
332.505,1.031,6
332.715,1.031,6
332.913,1.031,6
333.122,1.031,6
333.317,1.031,6
333.528,1.016,6
333.724,0.991,6
333.929,0.966,6
334.129,0.942,6
334.332,0.918,6
334.539,0.895,6
334.747,0.872,6
334.943,0.850,6
335.151,0.828,6
335.348,0.807,6
335.559,0.786,6
335.756,0.765,6
335.964,0.746,6
336.161,0.726,6
336.368,0.707,6
336.567,0.688,6
336.775,0.670,6
336.978,0.652,6
337.182,0.635,6
337.379,0.610,6
337.592,0.602,6
337.788,0.579,6
337.995,0.564,6
338.193,0.549,6
338.401,0.535,6
338.601,0.521,6
338.801,0.508,6
339.007,0.495,6
339.213,0.483,6
339.416,0.471,6
339.618,0.460,6
339.820,0.449,6
340.021,0.438,6
340.224,0.428,6
340.434,0.418,6
340.629,0.409,6
340.842,0.400,6
341.040,0.391,6
341.248,0.382,6
341.445,0.374,6
341.653,0.366,6
341.848,0.358,6
342.057,0.350,6
342.254,0.343,6
342.459,0.336,6
342.663,0.329,6
342.864,0.322,6
343.070,0.316,6
343.277,0.310,6
343.478,0.304,6
343.677,0.298,6
343.882,0.292,6
344.090,0.284,6
344.290,0.278,6
344.497,0.273,6
344.691,0.268,6
344.902,0.263,6
345.106,0.259,6
345.302,0.254,6
345.504,0.249,6
345.715,0.245,6
345.912,0.240,6
346.123,0.236,6
346.317,0.232,6
346.527,0.228,6
346.724,0.224,6
346.934,0.220,6
347.130,0.216,6
347.338,0.212,6
347.537,0.209,6
347.745,0.205,6
347.945,0.201,6
348.150,0.198,6
348.353,0.195,6
348.560,0.191,6
348.755,0.188,6
348.957,0.185,6
349.164,0.181,6
349.372,0.178,6
349.570,0.175,6
349.777,0.172,6
349.973,0.169,6
350.184,0.166,6
350.381,0.162,6
350.591,0.159,6
350.791,0.157,6
350.990,0.154,6
351.191,0.151,6
351.401,0.149,6
351.601,0.146,6
351.811,0.144,6
352.004,0.141,6
352.215,0.139,6
352.413,0.136,6
352.620,0.134,6
352.817,0.132,6
353.028,0.129,6
353.227,0.127,6
353.434,0.124,6
353.631,0.122,6
353.833,0.120,6
354.038,0.118,6
354.240,0.115,6
354.445,0.114,6
354.652,0.111,6
354.853,0.109,6
355.061,0.107,6
355.256,0.105,6
355.463,0.103,6
355.662,0.101,6
355.872,0.099,6
356.069,0.097,6
356.278,0.095,6
356.481,0.093,6
356.678,0.091,6
356.880,0.090,6
357.091,0.087,6
357.289,0.085,6
357.496,0.084,6
357.695,0.082,6
357.901,0.080,6
358.100,0.078,6
358.309,0.076,6
358.504,0.075,6
358.714,0.073,6
358.913,0.072,6
359.115,0.070,6
359.318,0.069,6
359.526,0.067,6
359.725,0.065,6
359.934,0.064,6
360.131,0.062,6
360.341,0.061,6
360.538,0.059,6
360.739,0.058,6
360.945,0.056,6
361.151,0.055,6
361.351,0.054,6
361.557,0.052,7
361.755,0.051,7
361.963,0.049,7
362.162,0.048,7
362.369,0.047,7
362.570,0.045,7
362.778,0.044,7
362.974,0.043,7
363.185,0.042,7
363.378,0.040,7
363.592,0.039,7
363.790,0.037,7
363.996,0.036,7
364.195,0.035,7
364.401,0.034,7
364.604,0.033,7
364.808,0.031,7
365.005,0.030,7
365.208,0.029,7
365.412,0.028,7
365.620,0.027,7
365.820,0.026,7
366.026,0.025,7
366.223,0.024,7
366.432,0.022,7
366.631,0.021,7
366.840,0.021,7
367.040,0.019,7
367.246,0.018,7
367.443,0.018,7
367.653,0.016,7
367.854,0.016,7
368.053,0.015,7
368.254,0.014,7
368.463,0.013,7
368.662,0.012,7
368.873,0.011,7
369.066,0.010,7
369.277,0.009,7
369.473,0.008,7
369.683,0.007,7
369.881,0.006,7
370.090,0.006,7
370.286,0.004,7
370.491,0.004,7
370.691,0.002,7
370.900,0.001,7
371.099,0.000,7
371.310,0.000,7
371.507,24.563,7
371.717,24.562,7
371.915,24.561,7
372.120,24.561,7
372.320,24.560,7
372.527,24.559,7
372.726,24.558,7
372.936,24.558,7
373.132,24.557,7
373.338,24.556,7
373.541,24.556,7
373.739,24.555,7
373.946,24.554,7
374.151,24.554,7
374.348,24.552,7
374.559,24.552,7
374.756,24.551,7
374.967,24.550,7
375.165,24.549,7
375.372,24.549,7
375.568,24.548,7
375.778,24.547,7
375.977,24.546,7
376.184,24.546,7
376.381,24.545,7
376.583,24.544,7
376.787,24.544,7
376.997,24.543,7
377.194,24.542,7
377.400,24.542,7
377.602,24.541,7
377.810,24.540,7
378.004,24.539,7
378.214,24.539,7
378.413,24.538,7
378.623,24.537,7
378.818,24.537,7
379.029,24.536,7
379.224,24.536,7
379.427,24.535,7
379.630,24.534,7
379.840,24.534,7
380.039,24.533,7
380.249,24.533,7
380.441,24.532,7
380.654,24.531,7
380.853,24.531,7
381.061,24.530,7
381.255,24.530,7
381.465,24.529,7
381.664,24.529,7
381.871,24.528,7
382.067,24.528,7
382.276,24.527,7
382.474,24.527,7
382.676,24.526,7
382.881,24.525,7
383.087,24.525,7
383.287,24.524,7
383.488,24.524,7
383.694,24.523,7
383.901,24.522,7
384.103,24.522,7
384.311,24.522,7
384.506,24.521,7
384.713,24.521,7
384.920,24.520,7
385.118,24.520,7
385.320,24.519,7
385.526,24.519,7
385.727,24.518,7
385.932,24.518,7
386.130,24.517,7
386.342,24.517,7
386.536,24.516,7
386.746,24.516,7
386.941,24.515,7
387.154,24.515,7
387.349,24.515,7
387.554,24.514,7
387.757,24.514,7
387.959,24.513,7
388.162,24.513,7
388.371,24.512,7
388.568,24.512,7
388.779,24.512,7
388.976,24.511,7
389.186,24.510,7
389.379,24.510,7
389.582,24.510,7
389.786,24.509,7
389.998,24.509,7
390.193,24.508,7
390.400,24.508,7
390.600,24.508,7
390.801,24.507,7
391.005,24.507,7
391.216,24.506,7
391.413,24.506,7
391.621,24.505,7
391.817,24.505,7
392.027,24.505,7
392.228,24.504,7
392.426,24.504,7
392.630,24.503,7
392.842,24.503,7
393.037,24.503,7
393.246,24.502,7
393.445,24.502,7
393.650,24.502,7
393.851,24.501,7
394.061,24.501,7
394.254,24.500,7
394.464,24.500,7
394.661,24.500,7
394.870,24.499,7
395.070,24.499,7
395.276,24.499,7
395.475,24.498,7
395.683,24.498,7
395.882,24.497,7
396.088,24.497,7
396.286,24.497,7
396.492,24.496,7
396.693,24.496,7
396.904,24.496,7
397.103,24.495,7
397.310,24.495,7
397.506,24.494,7
397.716,24.494,7
397.915,24.494,7
398.123,24.493,7
398.321,24.493,7
398.528,24.493,7
398.725,24.492,7
398.933,24.492,7
399.129,24.491,7
399.333,24.491,7
399.538,24.491,7
399.745,24.491,7
399.945,24.490,7
400.151,24.490,7
400.351,24.490,7
400.551,24.489,7
400.754,24.489,7
400.966,24.489,7
401.162,24.488,7
401.373,24.488,7
401.567,24.488,7
401.778,24.487,7
401.981,24.487,7
402.176,24.487,7
402.380,24.486,7
402.592,24.486,7
402.789,24.485,7
402.988,24.485,7
403.196,24.485,7
403.401,24.485,7
403.603,24.484,7
403.811,24.484,7
404.005,24.484,7
404.213,24.483,7
404.413,24.483,7
404.619,24.482,7
404.817,24.482,7
405.019,24.482,7
405.227,24.482,7
405.433,24.481,7
405.629,24.481,7
405.842,24.481,7
406.036,24.480,7
406.246,24.480,7
406.445,24.480,7
406.652,24.479,7
406.848,24.479,7
407.061,24.479,7
407.254,24.479,7
407.457,24.478,7
407.662,24.478,7
407.865,24.478,7
408.070,24.478,7
408.278,24.477,7
408.475,24.477,7
408.684,24.477,7
408.881,24.476,7
409.090,24.476,7
409.289,24.476,7
409.489,24.475,7
409.693,24.475,7
409.901,24.475,7
410.103,24.475,7
410.308,24.475,7
410.507,24.474,7
410.709,24.474,7
410.913,24.474,7
411.121,24.473,7
411.320,24.473,7
411.526,24.473,7
411.727,24.473,7
411.926,24.472,7
412.129,24.472,7
412.342,24.472,7
412.537,24.472,7
412.739,24.472,7
412.944,24.471,7
413.152,24.471,7
413.348,24.470,7
413.552,24.470,7
413.755,24.470,7
413.957,24.470,7
414.163,24.470,7
414.372,24.470,7
414.566,24.469,7
414.776,24.469,7
414.975,24.469,7
415.185,24.469,7
415.379,24.468,7
415.589,24.468,7
415.786,24.468,7
415.991,24.467,7
416.196,24.467,7
416.399,24.467,7
416.604,24.467,7
416.810,24.467,7
417.006,24.467,7
417.216,24.467,7
417.412,24.466,7
417.623,24.466,7
417.817,24.466,7
418.025,24.466,7
418.226,24.466,7
418.435,24.466,7
418.628,24.465,7
418.840,24.465,7
419.037,24.465,7
419.243,24.464,7
419.446,24.464,7
419.653,24.464,7
419.854,24.464,7
420.060,24.464,7
420.255,24.464,7
420.465,24.464,7
420.660,24.464,7
420.864,24.464,7
421.071,24.463,7
421.277,24.463,7
421.474,24.463,7
421.683,24.463,8
421.880,24.463,8
422.086,24.463,8
422.287,24.463,8
422.495,24.463,8
422.692,24.463,8
422.902,24.463,8
423.101,24.462,8
423.311,24.462,8
423.505,24.462,8
423.714,24.462,8
423.911,24.462,8
424.114,24.462,8
424.317,24.461,8
424.529,24.461,8
424.730,24.461,8
424.929,24.461,8
425.132,24.461,8
425.340,24.461,8
425.539,24.461,8
425.748,24.461,8
425.944,24.461,8
426.153,24.461,8
426.353,24.461,8
426.559,24.461,8
426.755,24.461,8
426.957,24.461,8
427.161,24.461,8
427.366,24.461,8
427.567,24.461,8
427.770,24.461,8
427.978,24.461,8
428.184,24.461,8
428.381,24.461,8
428.588,24.461,8
428.787,24.461,8
428.988,24.461,8
429.195,24.461,8
429.402,24.461,8
429.599,24.461,8
429.809,24.461,8
430.004,24.461,8
430.214,24.461,8
430.416,24.461,8
430.615,24.461,8
430.819,24.461,8
431.028,24.461,8
431.225,24.461,8
431.433,24.461,8
431.632,24.461,8
431.841,24.461,8
432.040,24.461,8
432.248,24.461,8
432.444,24.461,8
432.654,24.462,8
432.854,24.462,8
433.058,24.462,8
433.257,24.462,8
433.458,24.462,8
433.663,24.462,8
433.871,24.462,8
434.069,24.462,8
434.276,24.462,8
434.477,24.463,8
434.684,24.463,8
434.881,24.463,8
435.091,24.463,8
435.287,24.463,8
435.489,24.463,8
435.693,24.463,8
435.902,24.463,8
436.105,24.464,8
436.307,24.464,8
436.504,24.464,8
436.716,24.464,8
436.915,24.464,8
437.123,24.464,8
437.317,24.464,8
437.527,24.465,8
437.729,24.465,8
437.934,24.465,8
438.130,24.466,8
438.339,24.466,8
438.540,24.466,8
438.744,24.466,8
438.942,24.466,8
439.144,24.466,8
439.349,24.467,8
439.550,24.467,8
439.754,24.467,8
439.964,24.467,8
440.163,24.467,8
440.364,24.467,8
440.571,24.468,8
440.776,24.468,8
440.977,24.468,8
441.186,24.469,8
441.382,24.469,8
441.592,24.469,8
441.787,24.469,8
441.993,24.469,8
442.194,24.470,8
442.403,24.470,8
442.599,24.470,8
442.810,24.470,8
443.006,24.470,8
443.216,24.471,8
443.410,24.471,8
443.623,24.471,8
443.818,24.472,8
444.028,24.472,8
444.227,24.472,8
444.427,24.472,8
444.630,24.473,8
444.832,24.473,8
445.038,24.473,8
445.247,24.474,8
445.445,24.474,8
445.654,24.474,8
445.853,24.474,8
446.052,24.474,8
446.256,24.475,8
446.465,24.475,8
446.664,24.475,8
446.871,24.475,8
447.068,24.475,8
447.279,24.476,8
447.476,24.476,8
447.677,24.476,8
447.879,24.476,8
448.091,24.476,8
448.287,24.477,8
448.498,24.477,8
448.692,24.477,8
448.903,24.478,8
449.097,24.478,8
449.310,24.478,8
449.505,24.478,8
449.714,24.478,8
449.914,24.478,8
450.117,24.479,8
450.317,24.479,8
450.525,24.479,8
450.727,24.479,8
450.935,24.479,8
451.131,24.479,8
451.338,24.480,8
451.535,24.480,8
451.745,24.480,8
451.941,24.480,8
452.152,24.480,8
452.349,24.481,8
452.551,24.481,8
452.757,24.481,8
452.966,24.481,8
453.166,24.481,8
453.368,24.481,8
453.569,24.481,8
453.778,24.481,8
453.975,24.481,8
454.185,24.481,8
454.382,24.482,8
454.587,24.482,8
454.786,24.482,8
454.995,24.482,8
455.196,24.482,8
455.400,24.482,8
455.600,24.482,8
455.802,24.482,8
456.005,24.482,8
456.208,24.482,8
456.411,24.482,8
456.622,24.482,8
456.819,24.482,8
457.026,24.482,8
457.226,24.482,8
457.425,24.482,8
457.630,24.482,8
457.842,24.482,8
458.037,24.482,8
458.246,24.482,8
458.442,24.482,8
458.653,24.482,8
458.849,24.482,8
459.050,24.482,8
459.255,24.482,8
459.467,24.482,8
459.662,24.482,8
459.863,24.481,8
460.067,24.481,8
460.277,24.481,8
460.474,24.481,8
460.676,24.481,8
460.880,24.481,8
461.089,24.481,8
461.286,24.481,8
461.492,24.481,8
461.691,24.480,8
461.895,24.480,8
462.102,24.480,8
462.307,24.480,8
462.507,24.480,8
462.713,24.479,8
462.914,24.479,8
463.122,24.479,8
463.319,24.479,8
463.527,24.479,8
463.724,24.478,8
463.934,24.478,8
464.131,24.478,8
464.339,24.478,8
464.537,24.478,8
464.741,24.477,8
464.944,24.477,8
465.146,24.477,8
465.349,24.476,8
465.559,24.476,8
465.757,24.476,8
465.965,24.476,8
466.164,24.475,8
466.372,24.475,8
466.567,24.475,8
466.776,24.475,8
466.975,24.474,8
467.185,24.474,8
467.379,24.473,8
467.584,24.473,8
467.786,24.473,8
467.996,24.473,8
468.195,24.472,8
468.401,24.472,8
468.602,24.472,8
468.810,24.471,8
469.004,24.471,8
469.207,24.470,8
469.412,24.470,8
469.623,24.470,8
469.818,24.470,8
470.026,24.469,8
470.230,24.469,8
470.426,24.469,8
470.629,24.468,8
470.839,24.468,8
471.039,24.468,8
471.246,24.467,8
471.446,24.467,8
471.654,24.467,8
471.850,24.466,8
472.060,24.466,8
472.257,24.466,8
472.465,24.465,8
472.662,24.465,8
472.865,24.464,8
473.068,24.464,8
473.269,24.464,8
473.478,24.463,8
473.676,24.463,8
473.880,24.463,8
474.092,24.462,8
474.289,24.462,8
474.489,24.461,8
474.694,24.461,8
474.901,24.461,8
475.101,24.461,8
475.308,24.460,8
475.507,24.460,8
475.714,24.459,8
475.910,24.459,8
476.113,24.458,8
476.319,24.458,8
476.526,24.458,8
476.728,24.458,8
476.934,24.457,8
477.130,24.457,8
477.340,24.457,8
477.541,24.456,8
477.748,24.456,8
477.944,24.455,8
478.152,24.455,8
478.349,24.455,8
478.558,24.455,8
478.754,24.454,8
478.958,24.454,8
479.162,24.454,8
479.371,24.453,8
479.570,24.453,8
479.778,24.452,8
479.974,24.452,8
480.176,24.452,8
480.379,24.452,8
480.592,24.451,8
480.789,24.451,8
480.995,24.451,8
481.192,24.450,8
481.402,24.450,8
481.604,24.449,9
481.807,24.449,9
482.007,24.449,9
482.214,24.449,9
482.411,24.448,9
482.613,24.448,9
482.817,24.448,9
483.026,24.448,9
483.227,24.448,9
483.432,24.447,9
483.630,24.447,9
483.840,24.446,9
484.035,24.446,9
484.241,24.446,9
484.446,24.446,9
484.646,24.446,9
484.853,24.445,9
485.060,24.445,9
485.256,24.445,9
485.464,24.445,9
485.664,24.444,9
485.869,24.444,9
486.069,24.444,9
486.277,24.443,9
486.474,24.443,9
486.684,24.443,9
486.881,24.442,9
487.092,24.442,9
487.286,24.442,9
487.490,24.442,9
487.695,24.442,9
487.902,24.441,9
488.100,24.441,9
488.308,24.441,9
488.505,24.440,9
488.714,24.440,9
488.915,24.440,9
489.113,24.440,9
489.321,24.440,9
489.528,24.440,9
489.724,24.439,9
489.928,24.439,9
490.131,24.439,9
490.332,24.439,9
490.539,24.439,9
490.746,24.438,9
490.944,24.438,9
491.154,24.438,9
491.349,24.437,9
491.559,24.437,9
491.755,24.437,9
491.965,24.437,9
492.161,24.437,9
492.364,24.436,9
492.568,24.436,9
492.777,24.436,9
492.980,24.436,9
493.177,24.436,9
493.379,24.436,9
493.587,24.435,9
493.788,24.435,9
493.996,24.435,9
494.191,24.435,9
494.404,24.434,9
494.604,24.434,9
494.810,24.434,9
495.003,24.434,9
495.214,24.434,9
495.412,24.434,9
495.620,24.433,9
495.817,24.433,9
496.025,24.433,9
496.223,24.433,9
496.434,24.433,9
496.630,24.433,9
496.838,24.433,9
497.038,24.433,9
497.239,24.432,9
497.445,24.432,9
497.653,24.432,9
497.851,24.432,9
498.060,24.432,9
498.256,24.431,9
498.457,24.431,9
498.670,24.431,9
498.867,24.431,9
499.067,24.431,9
499.276,24.431,9
499.475,24.431,9
499.684,24.431,9
499.880,24.430,9
500.091,24.430,9
500.286,24.430,9
500.496,24.430,9
500.696,24.430,9
500.903,24.430,9
501.098,24.430,9
501.307,24.430,9
501.505,24.430,9
501.708,24.429,9
501.913,24.429,9
502.121,24.429,9
502.319,24.429,9
502.527,24.429,9
502.723,24.429,9
502.925,24.429,9
503.129,24.429,9
503.339,24.428,9
503.537,24.428,9
503.745,24.428,9
503.944,24.428,9
504.153,24.428,9
504.349,24.428,9
504.554,24.428,9
504.754,24.428,9
504.966,24.428,9
505.162,24.428,9
505.372,24.428,9
505.567,24.428,9
505.777,24.428,9
505.978,24.428,9
506.186,24.427,9
506.380,24.427,9
506.589,24.427,9
506.788,24.427,9
506.991,24.427,9
507.192,24.427,9
507.396,24.427,9
507.601,24.427,9
507.807,24.427,9
508.005,24.427,9
508.207,24.427,9
508.412,24.427,9
508.623,24.427,9
508.820,24.427,9
509.026,24.427,9
509.225,24.427,9
509.435,24.427,9
509.630,24.427,9
509.840,24.427,9
510.041,24.427,9
510.240,24.427,9
510.442,24.427,9
510.652,24.427,9
510.849,24.426,9
511.061,24.426,9
511.255,24.426,9
511.467,24.426,9
511.666,24.426,9
511.869,24.426,9
512.066,24.426,9
512.277,24.426,9
512.473,24.426,9
512.684,24.426,9
512.880,24.426,9
513.084,24.426,9
513.290,24.426,9
513.498,24.426,9
513.695,24.426,9
513.902,24.426,9
514.101,24.426,9
514.302,24.426,9
514.505,24.426,9
514.714,24.426,9
514.911,24.426,9
515.120,24.426,9
515.318,24.426,9
515.528,24.426,9
515.731,24.427,9
515.927,24.427,9
516.129,24.427,9
516.332,24.427,9
516.536,24.427,9
516.747,24.427,9
516.955,24.427,9
517.153,24.427,9
517.349,24.427,9
517.558,24.427,9
517.756,24.427,9
517.963,24.427,9
518.165,24.427,9
518.365,24.427,9
518.567,24.427,9
518.770,24.428,9
518.977,24.428,9
519.184,24.428,9
519.380,24.428,9
519.589,24.428,9
519.787,24.428,9
519.995,24.428,9
520.195,24.428,9
520.403,24.428,9
520.600,24.429,9
520.809,24.429,9
521.006,24.429,9
521.215,24.429,9
521.411,24.430,9
521.619,24.430,9
521.819,24.430,9
522.026,24.430,9
522.226,24.430,9
522.426,24.431,9
522.631,24.431,9
522.839,24.431,9
523.039,24.431,9
523.248,24.431,9
523.442,24.432,9
523.654,24.432,9
523.853,24.433,9
524.057,24.433,9
524.254,24.433,9
524.459,24.433,9
524.663,24.434,9
524.871,24.434,9
525.071,24.434,9
525.276,24.434,9
525.477,24.435,9
525.676,24.435,9
525.881,24.436,9
526.082,24.436,9
526.290,24.436,9
526.490,24.437,9
526.695,24.437,9
526.903,24.438,9
527.105,24.439,9
527.302,24.439,9
527.504,24.439,9
527.714,24.440,9
527.914,24.440,9
528.122,24.441,9
528.316,24.441,9
528.527,24.442,9
528.725,24.442,9
528.934,24.443,9
529.130,24.443,9
529.339,24.444,9
529.540,24.445,9
529.739,24.445,9
529.942,24.446,9
530.150,24.446,9
530.350,24.447,9
530.561,24.448,9
530.754,24.448,9
530.965,24.449,9
531.164,24.450,9
531.370,24.450,9
531.568,24.451,9
531.776,24.452,9
531.976,24.452,9
532.183,24.453,9
532.382,24.454,9
532.588,24.455,9
532.787,24.455,9
532.994,24.456,9
533.193,24.457,9
533.402,24.458,9
533.601,24.458,9
533.808,24.459,9
534.007,24.460,9
534.214,24.461,9
534.415,24.461,9
534.624,24.462,9
534.820,24.463,9
535.025,24.464,9
535.223,24.465,9
535.428,24.466,9
535.630,24.467,9
535.834,24.467,9
536.040,24.468,9
536.247,24.469,9
536.442,24.470,9
536.653,24.470,9
536.848,24.471,9
537.058,24.472,9
537.257,24.473,9
537.463,24.474,9
537.664,24.475,9
537.871,24.476,9
538.067,24.476,9
538.278,24.477,9
538.474,24.478,9
538.676,24.479,9
538.879,24.479,9
539.090,24.480,9
539.289,24.482,9
539.489,24.482,9
539.694,24.483,9
539.901,24.484,9
540.102,24.485,9
540.308,24.485,9
540.503,24.486,9
540.715,24.487,9
540.913,24.488,9
541.119,24.488,9
541.320,24.489,9
541.525,24.490,10
541.727,24.491,10
541.934,24.491,10
542.130,24.492,10
542.342,24.493,10
542.537,24.493,10
542.739,24.494,10
542.946,24.494,10
543.151,24.495,10
543.350,24.496,10
543.560,24.496,10
543.754,24.497,10
543.964,24.497,10
544.161,24.498,10
544.364,24.499,10
544.566,24.499,10
544.776,24.499,10
544.973,24.500,10
545.176,24.500,10
545.381,24.501,10
545.589,24.501,10
545.786,24.502,10
545.989,24.502,10
546.191,24.502,10
546.402,24.503,10
546.599,24.503,10
546.802,24.504,10
547.006,24.504,10
547.207,24.504,10
547.413,24.505,10
547.621,24.505,10
547.820,24.505,10
548.028,24.505,10
548.228,24.505,10
548.435,24.505,10
548.629,24.506,10
548.841,24.506,10
549.035,24.506,10
549.247,24.506,10
549.441,24.506,10
549.652,24.506,10
549.854,24.506,10
550.051,24.507,10
550.254,24.506,10
550.457,24.506,10
550.661,24.506,10
550.874,24.506,10
551.068,24.506,10
551.279,24.506,10
551.477,24.506,10
551.684,24.506,10
551.879,24.506,10
552.089,24.506,10
552.286,24.505,10
552.494,24.505,10
552.692,24.505,10
552.894,24.505,10
553.099,24.504,10
553.309,24.504,10
553.505,24.503,10
553.715,24.503,10
553.911,24.503,10
554.123,24.502,10
554.319,24.502,10
554.527,24.502,10
554.726,24.501,10
554.934,24.500,10
555.132,24.500,10
555.338,24.500,10
555.542,24.499,10
555.741,24.499,10
555.946,24.498,10
556.151,24.497,10
556.350,24.497,10
556.560,24.496,10
556.754,24.496,10
556.966,24.495,10
557.160,24.494,10
557.374,24.494,10
557.571,24.493,10
557.777,24.493,10
557.976,24.492,10
558.178,24.491,10
558.381,24.490,10
558.583,24.490,10
558.790,24.489,10
558.997,24.488,10
559.194,24.487,10
559.401,24.486,10
559.604,24.485,10
559.808,24.485,10
560.006,24.484,10
560.215,24.483,10
560.414,24.482,10
560.620,24.481,10
560.818,24.481,10
561.027,24.480,10
561.226,24.479,10
561.427,24.478,10
561.631,24.478,10
561.842,24.477,10
562.037,24.476,10
562.247,24.475,10
562.443,24.474,10
562.651,24.473,10
562.847,24.472,10
563.060,24.471,10
563.255,24.470,10
563.465,24.469,10
563.664,24.469,10
563.865,24.467,10
564.066,24.467,10
564.270,24.466,10
564.475,24.465,10
564.685,24.464,10
564.881,24.463,10
565.090,24.462,10
565.288,24.461,10
565.495,24.460,10
565.693,24.459,10
565.901,24.458,10
566.100,24.457,10
566.308,24.457,10
566.506,24.456,10
566.715,24.455,10
566.911,24.454,10
567.118,24.453,10
567.320,24.452,10
567.527,24.452,10
567.723,24.451,10
567.935,24.450,10
568.130,24.449,10
568.339,24.448,10
568.539,24.448,10
568.748,24.447,10
568.945,24.446,10
569.153,24.445,10
569.350,24.445,10
569.552,24.444,10
569.757,24.443,10
569.963,24.442,10
570.162,24.442,10
570.372,24.441,10
570.570,24.440,10
570.779,24.440,10
570.976,24.439,10
571.177,24.439,10
571.380,24.438,10
571.588,24.437,10
571.787,24.436,10
571.997,24.436,10
572.193,24.435,10
572.401,24.434,10
572.599,24.434,10
572.806,24.433,10
573.005,24.433,10
573.215,24.432,10
573.413,24.431,10
573.622,24.431,10
573.816,24.431,10
574.026,24.430,10
574.229,24.430,10
574.434,24.429,10
574.630,24.428,10
574.838,24.428,10
575.039,24.428,10
575.244,24.427,10
575.442,24.427,10
575.650,24.427,10
575.852,24.426,10
576.051,24.425,10
576.257,24.425,10
576.464,24.425,10
576.663,24.424,10
576.870,24.424,10
577.070,24.424,10
577.277,24.424,10
577.473,24.423,10
577.685,24.423,10
577.881,24.422,10
578.090,24.422,10
578.292,24.421,10
578.490,24.421,10
578.695,24.421,10
578.901,24.421,10
579.102,24.420,10
579.308,24.420,10
579.504,24.419,10
579.715,24.419,10
579.916,24.419,10
580.123,24.419,10
580.318,24.419,10
580.529,24.418,10
580.725,24.418,10
580.935,24.418,10
581.130,24.418,10
581.335,24.417,10
581.538,24.417,10
581.740,24.417,10
581.944,24.417,10
582.154,24.416,10
582.350,24.416,10
582.551,24.416,10
582.756,24.416,10
582.967,24.416,10
583.165,24.416,10
583.363,24.415,10
583.566,24.415,10
583.779,24.415,10
583.979,24.415,10
584.179,24.415,10
584.379,24.415,10
584.591,24.414,10
584.792,24.414,10
584.997,24.414,10
585.193,24.414,10
585.402,24.413,10
585.602,24.413,10
585.801,24.413,10
586.007,24.413,10
586.214,24.413,10
586.414,24.413,10
586.620,24.413,10
586.816,24.412,10
587.019,24.412,10
587.224,24.412,10
587.434,24.412,10
587.629,24.412,10
587.839,24.412,10
588.039,24.412,10
588.245,24.412,10
588.444,24.412,10
588.652,24.412,10
588.850,24.411,10
589.059,24.411,10
589.255,24.411,10
589.464,24.411,10
589.661,24.411,10
589.868,24.411,10
590.068,24.411,10
590.276,24.411,10
590.478,24.411,10
590.685,24.410,10
590.881,24.410,10
591.092,24.410,10
591.290,24.410,10
591.498,24.410,10
591.695,24.410,10
591.902,24.410,10
592.099,24.410,10
592.307,24.410,10
592.505,24.410,10
592.712,24.410,10
592.913,24.410,10
593.120,24.410,10
593.318,24.410,10
593.529,24.410,10
593.725,24.409,10
593.926,24.409,10
594.130,24.409,10
594.340,24.409,10
594.540,24.409,10
594.746,24.409,10
594.941,24.409,10
595.150,24.409,10
595.354,24.409,10
595.553,24.409,10
595.757,24.409,10
595.964,24.409,10
596.164,24.409,10
596.373,24.409,10
596.567,24.409,10
596.776,24.409,10
596.974,24.409,10
597.183,24.409,10
597.379,24.409,10
597.590,24.408,10
597.787,24.408,10
597.992,24.408,10
598.191,24.408,10
598.400,24.408,10
598.602,24.408,10
598.809,24.408,10
599.006,24.408,10
599.217,24.408,10
599.412,24.408,10
599.621,24.408,10
599.820,24.408,10
600.028,24.408,10
600.224,24.408,10
600.434,24.408,10
600.629,24.408,10
600.841,24.408,10
601.035,24.408,10
601.240,24.408,10
601.445,24.408,10
601.654,24.408,11
601.851,24.408,11
602.060,24.408,11
602.255,24.408,11
602.457,24.407,11
602.660,24.407,11
602.871,24.407,11
603.066,24.407,11
603.278,24.407,11
603.473,24.407,11
603.684,24.407,11
603.882,24.407,11
604.084,24.407,11
604.288,24.407,11
604.496,24.407,11
604.692,24.407,11
604.901,24.407,11
605.100,24.407,11
605.308,24.407,11
605.504,24.407,11
605.715,24.407,11
605.910,24.407,11
606.115,24.407,11
606.317,24.407,11
606.527,24.407,11
606.730,24.407,11
606.928,24.407,11
607.132,24.407,11
607.341,24.407,11
607.538,24.407,11
607.739,24.407,11
607.942,24.407,11
608.151,24.407,11
608.347,24.407,11
608.559,24.407,11
608.755,24.407,11
608.965,24.407,11
609.162,24.407,11
609.372,24.407,11
609.568,24.408,11
609.770,24.408,11
609.975,24.408,11
610.186,24.407,11
610.380,24.407,11
610.589,24.407,11
610.788,24.407,11
610.989,24.407,11
611.194,24.408,11
611.402,24.407,11
611.603,24.408,11
611.810,24.408,11
612.007,24.408,11
612.213,24.408,11
612.411,24.408,11
612.618,24.408,11
612.820,24.408,11
613.028,24.408,11
613.224,24.408,11
613.434,24.408,11
613.630,24.408,11
613.842,24.408,11
614.036,24.408,11
614.247,24.408,11
614.445,24.408,11
614.652,24.408,11
614.851,24.408,11
615.054,24.408,11
615.256,24.408,11
615.458,24.408,11
615.663,24.408,11
615.865,24.408,11
616.071,24.409,11
616.276,24.409,11
616.479,24.409,11
616.676,24.409,11
616.882,24.409,11
617.090,24.409,11
617.288,24.409,11
617.497,24.409,11
617.692,24.409,11
617.902,24.409,11
618.101,24.409,11
618.300,24.409,11
618.507,24.409,11
618.714,24.409,11
618.914,24.409,11
619.123,24.409,11
619.316,24.409,11
619.528,24.409,11
619.729,24.409,11
619.935,24.409,11
620.131,24.409,11
620.341,24.409,11
620.539,24.409,11
620.742,24.409,11
620.941,24.409,11
621.149,24.409,11
621.353,24.409,11
621.559,24.409,11
621.754,24.410,11
621.964,24.410,11
622.161,24.410,11
622.370,24.410,11
622.566,24.410,11
622.778,24.410,11
622.974,24.410,11
623.185,24.410,11
623.379,24.410,11
623.587,24.410,11
623.787,24.410,11
623.993,24.410,11
624.194,24.410,11
624.401,24.410,11
624.601,24.410,11
624.811,24.410,11
625.006,24.410,11
625.213,24.410,11
625.417,24.410,11
625.619,24.410,11
625.819,24.410,11
626.026,24.410,11
626.222,24.410,11
626.432,24.410,11
626.631,24.410,11
626.833,24.410,11
627.038,24.410,11
627.247,24.410,11
627.446,24.410,11
627.653,24.410,11
627.852,24.410,11
628.052,24.410,11
628.255,24.410,11
628.464,24.410,11
628.661,24.410,11
628.863,24.410,11
629.067,24.410,11
629.278,24.410,11
629.481,24.410,11
629.681,24.410,11
629.880,24.410,11
630.088,24.410,11
630.289,24.410,11
630.497,24.410,11
630.692,24.410,11
630.904,24.409,11
631.098,24.409,11
631.310,24.409,11
631.504,24.409,11
631.714,24.409,11
631.914,24.409,11
632.120,24.409,11
632.316,24.409,11
632.526,24.409,11
632.728,24.409,11
632.935,24.409,11
633.132,24.409,11
633.332,24.409,11
633.537,24.409,11
633.746,24.409,11
633.946,24.409,11
634.151,24.409,11
634.350,24.409,11
634.561,24.408,11
634.754,24.408,11
634.957,24.408,11
635.166,24.408,11
635.366,24.408,11
635.569,24.408,11
635.779,24.408,11
635.976,24.407,11
636.185,24.407,11
636.379,24.407,11
636.591,24.407,11
636.791,24.407,11
636.996,24.407,11
637.192,24.407,11
637.403,24.407,11
637.599,24.407,11
637.808,24.407,11
638.005,24.407,11
638.209,24.407,11
638.410,24.406,11
638.621,24.406,11
638.818,24.406,11
639.026,24.406,11
639.223,24.406,11
639.427,24.406,11
639.631,24.406,11
639.840,24.406,11
640.040,24.406,11
640.247,24.406,11
640.442,24.405,11
640.651,24.405,11
640.856,24.405,11
641.052,24.405,11
641.256,24.405,11
641.467,24.405,11
641.663,24.404,11
641.871,24.404,11
642.068,24.404,11
642.277,24.404,11
642.474,24.404,11
642.683,24.404,11
642.879,24.404,11
643.088,24.404,11
643.289,24.404,11
643.496,24.403,11
643.692,24.403,11
643.899,24.403,11
644.103,24.403,11
644.308,24.403,11
644.504,24.403,11
644.715,24.403,11
644.913,24.403,11
645.120,24.403,11
645.319,24.403,11
645.528,24.402,11
645.726,24.402,11
645.933,24.402,11
646.129,24.402,11
646.339,24.402,11
646.536,24.402,11
646.741,24.402,11
646.943,24.401,11
647.153,24.401,11
647.349,24.401,11
647.551,24.401,11
647.754,24.401,11
647.966,24.401,11
648.161,24.401,11
648.373,24.401,11
648.566,24.401,11
648.775,24.401,11
648.976,24.401,11
649.183,24.400,11
649.381,24.400,11
649.587,24.400,11
649.788,24.400,11
649.996,24.400,11
650.192,24.400,11
650.404,24.400,11
650.599,24.400,11
650.810,24.400,11
651.007,24.400,11
651.214,24.400,11
651.412,24.400,11
651.621,24.400,11
651.817,24.400,11
652.028,24.399,11
652.224,24.399,11
652.427,24.399,11
652.629,24.399,11
652.842,24.399,11
653.038,24.400,11
653.249,24.400,11
653.445,24.400,11
653.652,24.401,11
653.854,24.404,11
654.057,24.405,11
654.255,24.406,11
654.464,24.406,11
654.663,24.407,11
654.866,24.407,11
655.066,24.407,11
655.276,24.407,11
655.477,24.407,11
655.686,24.407,11
655.879,24.407,11
656.082,24.407,11
656.288,24.407,11
656.494,24.429,11
656.691,24.451,11
656.903,24.461,11
657.100,24.467,11
657.309,24.470,11
657.504,24.473,11
657.714,24.475,11
657.917,24.476,11
658.116,24.478,11
658.319,24.478,11
658.527,24.479,11
658.723,24.480,11
658.935,24.481,11
659.132,24.482,11
659.340,24.482,11
659.540,24.483,11
659.748,24.484,11
659.942,24.484,11
660.154,24.484,11
660.349,24.484,11
660.552,24.484,11
660.754,24.485,11
660.963,24.485,11
661.164,24.485,11
661.371,24.486,11
661.568,24.486,12
661.779,24.486,12
661.974,24.487,12
662.182,24.486,12
662.382,24.486,12
662.591,24.486,12
662.786,24.486,12
662.996,24.486,12
663.193,24.486,12
663.401,24.486,12
663.606,24.487,12
663.803,24.487,12
664.005,24.487,12
664.214,24.487,12
664.412,24.487,12
664.622,24.487,12
664.820,24.487,12
665.029,24.487,12
665.229,24.487,12
665.433,24.487,12
665.631,24.487,12
665.838,24.487,12
666.035,24.487,12
666.246,24.487,12
666.441,24.488,12
666.651,24.488,12
666.849,24.488,12
667.060,24.488,12
667.254,24.488,12
667.463,24.488,12
667.664,24.488,12
667.870,24.488,12
668.069,24.488,12
668.277,24.488,12
668.476,24.488,12
668.676,24.488,12
668.882,24.488,12
669.088,24.488,12
669.287,24.488,12
669.490,24.488,12
669.692,24.488,12
669.901,24.488,12
670.102,24.488,12
670.307,24.488,12
670.505,24.488,12
670.714,24.488,12
670.913,24.488,12
671.124,24.488,12
671.316,24.488,12
671.527,24.488,12
671.725,24.488,12
671.932,24.488,12
672.130,24.489,12
672.333,24.489,12
672.539,24.488,12
672.746,24.489,12
672.945,24.489,12
673.153,24.489,12
673.349,24.489,12
673.561,24.489,12
673.755,24.489,12
673.966,24.489,12
674.161,24.489,12
674.370,24.489,12
674.567,24.489,12
674.776,24.489,12
674.974,24.489,12
675.176,24.489,12
675.379,24.489,12
675.591,24.489,12
675.787,24.489,12
675.997,24.489,12
676.191,24.489,12
676.402,24.489,12
676.598,24.489,12
676.807,24.489,12
677.007,24.489,12
677.216,24.489,12
677.414,24.489,12
677.616,24.489,12
677.817,24.489,12
678.020,24.489,12
678.224,24.489,12
678.432,24.489,12
678.632,24.489,12
678.839,24.489,12
679.037,24.489,12
679.239,24.489,12
679.445,24.489,12
679.651,24.489,12
679.850,24.489,12
680.059,24.488,12
680.256,24.489,12
680.465,24.489,12
680.661,24.489,12
680.867,24.489,12
681.066,24.489,12
681.276,24.489,12
681.474,24.489,12
681.676,24.489,12
681.880,24.489,12
682.091,24.489,12
682.290,24.489,12
682.495,24.489,12
682.695,24.489,12
682.901,24.489,12
683.101,24.489,12
683.302,24.489,12
683.507,24.489,12
683.707,24.489,12
683.913,24.489,12
684.123,24.489,12
684.319,24.489,12
684.528,24.489,12
684.726,24.489,12
684.926,24.489,12
685.130,24.488,12
685.342,24.488,12
685.537,24.488,12
685.748,24.488,12
685.942,24.488,12
686.153,24.488,12
686.349,24.488,12
686.551,24.488,12
686.756,24.488,12
686.968,24.488,12
687.162,24.488,12
687.364,24.488,12
687.567,24.488,12
687.779,24.488,12
687.973,24.488,12
688.185,24.488,12
688.380,24.488,12
688.588,24.488,12
688.790,24.488,12
688.990,24.488,12
689.191,24.488,12
689.400,24.488,12
689.601,24.488,12
689.809,24.488,12
690.006,24.488,12
690.213,24.488,12
690.412,24.488,12
690.622,24.488,12
690.819,24.488,12
691.028,24.488,12
691.222,24.488,12
691.434,24.488,12
691.629,24.488,12
691.840,24.488,12
692.041,24.488,12
692.243,24.488,12
692.444,24.488,12
692.651,24.488,12
692.854,24.488,12
693.051,24.488,12
693.257,24.488,12
693.466,24.488,12
693.665,24.488,12
693.872,24.488,12
694.068,24.488,12
694.277,24.488,12
694.477,24.488,12
694.682,24.488,12
694.881,24.488,12
695.082,24.488,12
695.286,24.488,12
695.489,24.488,12
695.691,24.488,12
695.901,24.488,12
696.099,24.488,12
696.306,24.488,12
696.505,24.488,12
696.716,24.488,12
696.911,24.488,12
697.122,24.488,12
697.317,24.488,12
697.528,24.488,12
697.733,24.488,12
697.926,24.488,12
698.129,24.488,12
698.340,24.488,12
698.538,24.488,12
698.746,24.488,12
698.942,24.488,12
699.151,24.487,12
699.350,24.487,12
699.561,24.487,12
699.754,24.488,12
699.965,24.487,12
700.163,24.487,12
700.366,24.487,12
700.570,24.488,12
700.775,24.488,12
700.978,24.488,12
701.175,24.487,12
701.379,24.487,12
701.590,24.487,12
701.789,24.487,12
701.996,24.487,12
702.194,24.487,12
702.402,24.487,12
702.601,24.487,12
702.808,24.487,12
703.004,24.487,12
703.216,24.487,12
703.412,24.487,12
703.619,24.487,12
703.820,24.487,12
704.028,24.487,12
704.228,24.487,12
704.433,24.487,12
704.628,24.487,12
704.841,24.487,12
705.035,24.487,12
705.245,24.487,12
705.443,24.487,12
705.651,24.487,12
705.849,24.487,12
706.058,24.487,12
706.256,24.487,12
706.459,24.487,12
706.662,24.487,12
706.871,24.487,12
707.069,24.487,12
707.276,24.487,12
707.476,24.487,12
707.683,24.487,12
707.881,24.487,12
708.089,24.487,12
708.288,24.487,12
708.495,24.487,12
708.694,24.487,12
708.902,24.487,12
709.105,24.487,12
709.302,24.487,12
709.507,24.487,12
709.715,24.487,12
709.914,24.487,12
710.124,24.487,12
710.317,24.487,12
710.525,24.487,12
710.723,24.487,12
710.935,24.487,12
711.131,24.487,12
711.341,24.487,12
711.535,24.487,12
711.744,24.487,12
711.945,24.487,12
712.150,24.487,12
712.353,24.487,12
712.559,24.487,12
712.757,24.487,12
712.962,24.487,12
713.164,24.487,12
713.370,24.487,12
713.568,24.487,12
713.778,24.487,12
713.977,24.487,12
714.183,24.487,12
714.382,24.487,12
714.582,24.487,12
714.786,24.487,12
714.995,24.487,12
715.194,24.487,12
715.401,24.487,12
715.600,24.487,12
715.809,24.487,12
716.005,24.487,12
716.214,24.487,12
716.414,24.487,12
716.623,24.487,12
716.819,24.487,12
717.027,24.486,12
717.228,24.486,12
717.427,24.486,12
717.631,24.486,12
717.838,24.486,12
718.039,24.486,12
718.247,24.486,12
718.444,24.486,12
718.653,24.486,12
718.853,24.486,12
719.060,24.486,12
719.255,24.486,12
719.466,24.486,12
719.662,24.486,12
719.864,24.486,12
720.069,24.486,12
720.276,24.486,12
720.481,24.486,12
720.677,24.486,12
720.879,24.486,12
721.089,24.486,12
721.287,24.486,12
721.488,24.486,12
721.696,24.486,13
721.900,24.487,13
722.103,24.487,13
722.301,24.487,13
722.506,24.487,13
722.714,24.487,13
722.913,24.487,13
723.121,24.487,13
723.317,24.487,13
723.525,24.487,13
723.723,24.487,13
723.936,24.487,13
724.130,24.487,13
724.332,24.487,13
724.539,24.487,13
724.745,24.487,13
724.941,24.487,13
725.153,24.487,13
725.350,24.487,13
725.559,24.487,13
725.756,24.487,13
725.967,24.487,13
726.167,24.487,13
726.370,24.487,13
726.567,24.487,13
726.778,24.486,13
726.974,24.486,13
727.183,24.487,13
727.382,24.487,13
727.590,24.488,13
727.787,24.487,13
727.998,24.487,13
728.194,24.487,13
728.402,24.487,13
728.598,24.487,13
728.808,24.487,13
729.005,24.487,13
729.207,24.487,13
729.413,24.487,13
729.614,24.487,13
729.819,24.486,13
730.028,24.487,13
730.228,24.487,13
730.435,24.487,13
730.631,24.487,13
730.840,24.487,13
731.038,24.487,13
731.244,24.486,13
731.442,24.486,13
731.654,24.486,13
731.848,24.486,13
732.053,24.486,13
732.255,24.486,13
732.466,24.486,13
732.663,24.487,13
732.873,24.487,13
733.067,24.486,13
733.277,24.486,13
733.473,24.486,13
733.684,24.486,13
733.881,24.486,13
734.089,24.486,13
734.289,24.486,13
734.493,24.486,13
734.691,24.486,13
734.895,24.486,13
735.101,24.486,13
735.308,24.486,13
735.507,24.486,13
735.714,24.486,13
735.913,24.486,13
736.120,24.486,13
736.319,24.486,13
736.527,24.486,13
736.726,24.486,13
736.935,24.486,13
737.131,24.486,13
737.341,24.486,13
737.542,24.486,13
737.742,24.487,13
737.946,24.487,13
738.151,24.487,13
738.350,24.487,13
738.559,24.487,13
738.755,24.487,13
738.963,24.487,13
739.165,24.487,13
739.370,24.487,13
739.570,24.487,13
739.779,24.487,13
739.976,24.487,13
740.176,24.487,13
740.381,24.487,13
740.585,24.486,13
740.786,24.486,13
740.998,24.486,13
741.195,24.486,13
741.402,24.486,13
741.602,24.486,13
741.802,24.486,13
742.005,24.486,13
742.212,24.486,13
742.414,24.486,13
742.621,24.486,13
742.818,24.486,13
743.027,24.486,13
743.232,24.486,13
743.426,24.486,13
743.629,24.486,13
743.841,24.486,13
744.039,24.486,13
744.247,24.486,13
744.446,24.486,13
744.651,24.486,13
744.847,24.485,13
745.061,24.485,13
745.257,24.485,13
745.466,24.485,13
745.664,24.486,13
745.870,24.486,13
746.069,24.486,13
746.270,24.485,13
746.477,24.485,13
746.685,24.486,13
746.879,24.486,13
747.090,24.486,13
747.286,24.485,13
747.496,24.485,13
747.691,24.485,13
747.903,24.485,13
748.101,24.485,13
748.308,24.485,13
748.507,24.485,13
748.713,24.485,13
748.917,24.485,13
749.119,24.485,13
749.318,24.485,13
749.527,24.485,13
749.725,24.485,13
749.935,24.486,13
750.129,24.486,13
750.341,24.486,13
750.535,24.486,13
750.749,24.486,13
750.943,24.486,13
751.153,24.486,13
751.351,24.485,13
751.559,24.485,13
751.755,24.485,13
751.959,24.485,13
752.163,24.485,13
752.371,24.485,13
752.570,24.485,13
752.778,24.485,13
752.975,24.485,13
753.183,24.486,13
753.382,24.486,13
753.591,24.486,13
753.790,24.486,13
753.996,24.486,13
754.193,24.486,13
754.402,24.486,13
754.606,24.485,13
754.804,24.485,13
755.006,24.485,13
755.216,24.485,13
755.414,24.486,13
755.621,24.486,13
755.816,24.486,13
756.026,24.486,13
756.225,24.486,13
756.436,24.486,13
756.629,24.486,13
756.840,24.486,13
757.040,24.486,13
757.240,24.486,13
757.442,24.486,13
757.651,24.486,13
757.850,24.486,13
758.061,24.486,13
758.257,24.486,13
758.467,24.486,13
758.663,24.486,13
758.871,24.486,13
759.068,24.486,13
759.279,24.486,13
759.477,24.486,13
759.682,24.486,13
759.882,24.486,13
760.089,24.486,13
760.287,24.486,13
760.494,24.486,13
760.696,24.486,13
760.901,24.486,13
761.100,24.486,13
761.311,24.486,13
761.506,24.486,13
761.714,24.486,13
761.916,24.486,13
762.123,24.486,13
762.319,24.486,13
762.526,24.486,13
762.727,24.486,13
762.933,24.486,13
763.131,24.486,13
763.335,24.486,13
763.536,24.486,13
763.746,24.486,13
763.945,24.486,13
764.153,24.486,13
764.348,24.486,13
764.550,24.486,13
764.756,24.486,13
764.967,24.485,13
765.165,24.485,13
765.371,24.486,13
765.569,24.486,13
765.777,24.486,13
765.979,24.486,13
766.177,24.486,13
766.379,24.486,13
766.589,24.486,13
766.788,24.485,13
766.989,24.485,13
767.195,24.485,13
767.403,24.485,13
767.603,24.485,13
767.810,24.485,13
768.006,24.485,13
768.212,24.485,13
768.411,24.485,13
768.620,24.485,13
768.816,24.485,13
769.026,24.485,13
769.227,24.485,13
769.435,24.485,13
769.631,24.486,13
769.841,24.486,13
770.038,24.486,13
770.245,24.486,13
770.444,24.486,13
770.653,24.486,13
770.852,24.486,13
771.061,24.486,13
771.254,24.486,13
771.465,24.486,13
771.661,24.486,13
771.864,24.486,13
772.069,24.486,13
772.278,24.486,13
772.475,24.486,13
772.686,24.486,13
772.879,24.485,13
773.082,24.485,13
773.286,24.485,13
773.498,24.485,13
773.694,24.485,13
773.901,24.485,13
774.099,24.485,13
774.303,24.485,13
774.506,24.485,13
774.712,24.485,13
774.912,24.485,13
775.121,24.485,13
775.317,24.485,13
775.526,24.485,13
775.729,24.485,13
775.933,24.485,13
776.131,24.485,13
776.341,24.485,13
776.536,24.485,13
776.745,24.485,13
776.942,24.485,13
777.152,24.485,13
777.355,24.486,13
777.553,24.485,13
777.756,24.485,13
777.966,24.485,13
778.163,24.485,13
778.373,24.485,13
778.566,24.485,13
778.778,24.485,13
778.977,24.485,13
779.176,24.485,13
779.379,24.485,13
779.588,24.485,13
779.788,24.485,13
779.994,24.484,13
780.191,24.484,13
780.394,24.484,13
780.598,24.485,13
780.810,24.485,13
781.005,24.485,13
781.214,24.485,13
781.412,24.485,13
781.614,24.485,14
781.820,24.485,14
782.026,24.485,14
782.225,24.485,14
782.435,24.485,14
782.630,24.485,14
782.839,24.486,14
783.045,24.485,14
783.242,24.485,14
783.442,24.485,14
783.650,24.485,14
783.850,24.485,14
784.056,24.485,14
784.257,24.485,14
784.467,24.485,14
784.661,24.485,14
784.873,24.485,14
785.066,24.485,14
785.279,24.485,14
785.476,24.485,14
785.679,24.485,14
785.880,24.485,14
786.087,24.485,14
786.289,24.485,14
786.488,24.485,14
786.696,24.485,14
786.902,24.486,14
787.102,24.486,14
787.311,24.486,14
787.505,24.486,14
787.716,24.485,14
787.912,24.485,14
788.120,24.485,14
788.316,24.485,14
788.526,24.486,14
788.724,24.486,14
788.928,24.486,14
789.129,24.486,14
789.338,24.485,14
789.539,24.485,14
789.747,24.485,14
789.945,24.485,14
790.151,24.485,14
790.347,24.485,14
790.551,24.485,14
790.757,24.485,14
790.964,24.485,14
791.163,24.485,14
791.366,24.485,14
791.571,24.485,14
791.775,24.485,14
791.974,24.485,14
792.185,24.485,14
792.379,24.485,14
792.589,24.485,14
792.787,24.486,14
792.988,24.486,14
793.196,24.486,14
793.401,24.486,14
793.599,24.486,14
793.810,24.486,14
794.004,24.486,14
794.215,24.486,14
794.418,24.485,14
794.619,24.485,14
794.816,24.485,14
795.029,24.485,14
795.227,24.485,14
795.433,24.485,14
795.632,24.485,14
795.832,24.485,14
796.040,24.485,14
796.246,24.485,14
796.445,24.485,14
796.652,24.485,14
796.850,24.485,14
797.057,24.486,14
797.257,24.486,14
797.463,24.486,14
797.665,24.486,14
797.872,24.486,14
798.071,24.486,14
798.276,24.485,14
798.474,24.485,14
798.677,24.485,14
798.881,24.485,14
799.092,24.485,14
799.289,24.485,14
799.488,24.485,14
799.694,24.485,14
799.903,24.485,14
800.104,24.485,14
800.305,24.485,14
800.504,24.485,14
800.715,24.485,14
800.910,24.485,14
801.115,24.485,14
801.317,24.484,14
801.527,24.484,14
801.723,24.485,14
801.926,24.485,14
802.130,24.485,14
802.339,24.484,14
802.539,24.485,14
802.740,24.485,14
802.942,24.485,14
803.145,24.485,14
803.353,24.485,14
803.559,24.485,14
803.755,24.485,14
803.957,24.485,14
804.164,24.486,14
804.371,24.486,14
804.566,24.486,14
804.776,24.486,14
804.973,24.485,14
805.184,24.485,14
805.382,24.485,14
805.592,24.485,14
805.786,24.485,14
805.991,24.485,14
806.194,24.485,14
806.404,24.485,14
806.604,24.485,14
806.801,24.485,14
807.004,24.485,14
807.214,24.485,14
807.411,24.485,14
807.621,24.485,14
807.818,24.485,14
808.029,24.485,14
808.225,24.485,14
808.434,24.485,14
808.632,24.485,14
808.834,24.485,14
809.037,24.485,14
809.246,24.485,14
809.445,24.485,14
809.651,24.485,14
809.852,24.485,14
810.052,24.485,14
810.257,24.485,14
810.465,24.485,14
810.661,24.486,14
810.863,24.486,14
811.068,24.486,14
811.279,24.486,14
811.474,24.486,14
811.676,24.486,14
811.879,24.485,14
812.091,24.485,14
812.290,24.485,14
812.496,24.485,14
812.696,24.485,14
812.902,24.485,14
813.100,24.486,14
813.311,24.486,14
813.505,24.486,14
813.715,24.486,14
813.913,24.486,14
814.114,24.486,14
814.317,24.486,14
814.521,24.486,14
814.726,24.487,14
814.925,24.487,14
815.130,24.487,14
815.342,24.487,14
815.539,24.486,14
815.744,24.486,14
815.944,24.485,14
816.152,24.485,14
816.350,24.485,14
816.558,24.485,14
816.756,24.485,14
816.963,24.485,14
817.161,24.485,14
817.367,24.485,14
817.569,24.485,14
817.776,24.485,14
817.975,24.485,14
818.185,24.485,14
818.380,24.485,14
818.592,24.485,14
818.791,24.485,14
818.997,24.485,14
819.194,24.485,14
819.401,24.485,14
819.599,24.485,14
819.803,24.485,14
820.005,24.485,14
820.208,24.485,14
820.413,24.485,14
820.621,24.485,14
820.820,24.485,14
821.027,24.485,14
821.225,24.485,14
821.426,24.485,14
821.631,24.485,14
821.841,24.485,14
822.039,24.485,14
822.239,24.485,14
822.441,24.485,14
822.653,24.485,14
822.849,24.485,14
823.050,24.485,14
823.257,24.485,14
823.467,24.485,14
823.664,24.485,14
823.864,24.485,14
824.070,24.485,14
824.278,24.485,14
824.473,24.485,14
824.684,24.485,14
824.879,24.485,14
825.090,24.485,14
825.288,24.485,14
825.492,24.485,14
825.694,24.485,14
825.899,24.485,14
826.100,24.485,14
826.310,24.485,14
826.504,24.485,14
826.713,24.485,14
826.914,24.485,14
827.113,24.485,14
827.320,24.485,14
827.526,24.485,14
827.725,24.485,14
827.934,24.485,14
828.130,24.485,14
828.332,24.485,14
828.536,24.485,14
828.739,24.485,14
828.946,24.485,14
829.152,24.485,14
829.348,24.485,14
829.558,24.485,14
829.755,24.485,14
829.967,24.485,14
830.166,24.485,14
830.371,24.485,14
830.569,24.485,14
830.779,24.485,14
830.974,24.485,14
831.177,24.485,14
831.379,24.485,14
831.588,24.485,14
831.789,24.485,14
831.997,24.485,14
832.193,24.485,14
832.403,24.485,14
832.603,24.485,14
832.807,24.485,14
833.005,24.485,14
833.217,24.485,14
833.413,24.485,14
833.623,24.485,14
833.818,24.486,14
834.028,24.486,14
834.231,24.486,14
834.429,24.486,14
834.632,24.486,14
834.841,24.485,14
835.037,24.485,14
835.238,24.486,14
835.446,24.486,14
835.651,24.486,14
835.853,24.486,14
836.060,24.486,14
836.257,24.486,14
836.465,24.485,14
836.663,24.485,14
836.872,24.485,14
837.067,24.486,14
837.270,24.486,14
837.475,24.487,14
837.676,24.487,14
837.880,24.487,14
838.092,24.487,14
838.289,24.486,14
838.494,24.486,14
838.691,24.486,14
838.902,24.487,14
839.099,24.487,14
839.311,24.487,14
839.506,24.487,14
839.717,24.487,14
839.911,24.487,14
840.119,24.487,14
840.320,24.487,14
840.527,24.487,14
840.728,24.487,14
840.935,24.487,14
841.129,24.487,14
841.341,24.487,14
841.536,24.487,15
841.747,24.487,15
841.945,24.487,15
842.153,24.487,15
842.351,24.486,15
842.557,24.486,15
842.754,24.486,15
842.958,24.487,15
843.161,24.487,15
843.364,24.487,15
843.568,24.487,15
843.777,24.487,15
843.978,24.487,15
844.182,24.487,15
844.379,24.487,15
844.591,24.486,15
844.789,24.486,15
844.997,24.486,15
845.192,24.487,15
845.403,24.487,15
845.600,24.487,15
845.806,24.487,15
846.005,24.487,15
846.216,24.487,15
846.412,24.487,15
846.623,24.487,15
846.820,24.487,15
847.026,24.488,15
847.223,24.488,15
847.433,24.488,15
847.629,24.488,15
847.839,24.487,15
848.037,24.487,15
848.244,24.487,15
848.441,24.487,15
848.645,24.487,15
848.849,24.487,15
849.057,24.487,15
849.256,24.487,15
849.463,24.487,15
849.663,24.487,15
849.869,24.487,15
850.070,24.487,15
850.278,24.487,15
850.475,24.488,15
850.686,24.487,15
850.879,24.487,15
851.082,24.487,15
851.293,24.487,15
851.490,24.487,15
851.696,24.487,15
851.902,24.487,15
852.104,24.487,15
852.309,24.487,15
852.505,24.487,15
852.718,24.487,15
852.914,24.487,15
853.122,24.487,15
853.317,24.487,15
853.526,24.487,15
853.725,24.487,15
853.928,24.487,15
854.132,24.487,15
854.335,24.488,15
854.540,24.487,15
854.739,24.487,15
854.944,24.487,15
855.151,24.487,15
855.352,24.487,15
855.561,24.486,15
855.754,24.486,15
855.965,24.486,15
856.164,24.486,15
856.364,24.487,15
856.571,24.487,15
856.777,24.487,15
856.980,24.487,15
857.181,24.487,15
857.381,24.487,15
857.591,24.487,15
857.786,24.488,15
857.988,24.488,15
858.193,24.488,15
858.402,24.487,15
858.598,24.487,15
858.807,24.487,15
859.004,24.487,15
859.215,24.487,15
859.413,24.487,15
859.619,24.487,15
859.818,24.487,15
860.019,24.487,15
860.226,24.487,15
860.433,24.486,15
860.630,24.486,15
860.839,24.486,15
861.037,24.486,15
861.248,24.486,15
861.441,24.487,15
861.651,24.487,15
861.850,24.487,15
862.061,24.487,15
862.255,24.486,15
862.464,24.486,15
862.661,24.486,15
862.869,24.486,15
863.068,24.486,15
863.277,24.485,15
863.475,24.485,15
863.685,24.485,15
863.879,24.486,15
864.090,24.486,15
864.291,24.485,15
864.496,24.486,15
864.693,24.486,15
864.901,24.486,15
865.100,24.486,15
865.308,24.486,15
865.504,24.486,15
865.708,24.486,15
865.913,24.486,15
866.122,24.486,15
866.320,24.486,15
866.528,24.486,15
866.725,24.486,15
866.926,24.486,15
867.132,24.486,15
867.341,24.487,15
867.539,24.487,15
867.748,24.487,15
867.942,24.486,15
868.153,24.486,15
868.355,24.486,15
868.557,24.486,15
868.756,24.485,15
868.965,24.485,15
869.163,24.485,15
869.370,24.486,15
869.567,24.486,15
869.777,24.486,15
869.976,24.487,15
870.186,24.487,15
870.379,24.487,15
870.589,24.487,15
870.786,24.487,15
870.989,24.486,15
871.192,24.486,15
871.400,24.485,15
871.600,24.486,15
871.808,24.486,15
872.004,24.486,15
872.213,24.486,15
872.412,24.486,15
872.624,24.487,15
872.819,24.487,15
873.028,24.487,15
873.226,24.487,15
873.434,24.487,15
873.631,24.488,15
873.838,24.488,15
874.036,24.488,15
874.241,24.488,15
874.444,24.487,15
874.652,24.487,15
874.853,24.487,15
875.061,24.487,15
875.254,24.487,15
875.466,24.487,15
875.666,24.487,15
875.871,24.486,15
876.070,24.486,15
876.278,24.486,15
876.473,24.486,15
876.682,24.487,15
876.881,24.487,15
877.087,24.487,15
877.288,24.487,15
877.495,24.487,15
877.696,24.487,15
877.902,24.487,15
878.098,24.487,15
878.301,24.487,15
878.507,24.487,15
878.717,24.487,15
878.915,24.487,15
879.115,24.487,15
879.318,24.487,15
879.526,24.486,15
879.729,24.486,15
879.927,24.486,15
880.130,24.486,15
880.339,24.486,15
880.538,24.486,15
880.738,24.487,15
880.945,24.487,15
881.153,24.487,15
881.348,24.487,15
881.559,24.488,15
881.755,24.488,15
881.965,24.488,15
882.162,24.488,15
882.367,24.488,15
882.566,24.488,15
882.776,24.488,15
882.977,24.488,15
883.186,24.488,15
883.382,24.488,15
883.588,24.487,15
883.787,24.487,15
883.998,24.487,15
884.191,24.488,15
884.401,24.488,15
884.599,24.488,15
884.807,24.488,15
885.006,24.489,15
885.212,24.489,15
885.411,24.489,15
885.616,24.489,15
885.820,24.489,15
886.026,24.488,15
886.225,24.488,15
886.434,24.488,15
886.631,24.487,15
886.840,24.487,15
887.040,24.487,15
887.247,24.487,15
887.444,24.487,15
887.652,24.487,15
887.853,24.488,15
888.057,24.488,15
888.254,24.489,15
888.459,24.490,15
888.664,24.490,15
888.863,24.491,15
889.067,24.491,15
889.276,24.492,15
889.477,24.492,15
889.683,24.491,15
889.882,24.491,15
890.089,24.490,15
890.288,24.490,15
890.498,24.490,15
890.692,24.490,15
890.901,24.490,15
891.104,24.490,15
891.301,24.490,15
891.505,24.490,15
891.715,24.490,15
891.913,24.490,15
892.121,24.490,15
892.321,24.489,15
892.526,24.489,15
892.728,24.489,15
892.934,24.490,15
893.130,24.491,15
893.340,24.491,15
893.537,24.491,15
893.747,24.491,15
893.942,24.491,15
894.144,24.491,15
894.351,24.491,15
894.559,24.492,15
894.754,24.491,15
894.965,24.491,15
895.164,24.490,15
895.373,24.490,15
895.569,24.489,15
895.778,24.489,15
895.976,24.489,15
896.179,24.489,15
896.382,24.490,15
896.588,24.490,15
896.793,24.490,15
896.990,24.490,15
897.192,24.489,15
897.403,24.489,15
897.601,24.489,15
897.807,24.490,15
898.005,24.490,15
898.216,24.490,15
898.410,24.491,15
898.622,24.491,15
898.818,24.492,15
899.028,24.492,15
899.225,24.492,15
899.428,24.493,15
899.630,24.492,15
899.834,24.492,15
900.038,24.492,15
900.245,24.492,15
900.441,24.491,15
900.651,24.491,15
900.848,24.491,15
901.051,24.490,15
901.255,24.490,15
901.465,24.489,15
901.661,24.488,16
901.872,24.488,16
902.068,24.489,16
902.276,24.489,16
902.473,24.489,16
902.678,24.489,16
902.880,24.488,16
903.092,24.488,16
903.286,24.488,16
903.497,24.488,16
903.693,24.489,16
903.901,24.489,16
904.098,24.490,16
904.311,24.491,16
904.506,24.491,16
904.717,24.492,16
904.913,24.492,16
905.114,24.492,16
905.316,24.491,16
905.526,24.491,16
905.728,24.490,16
905.932,24.490,16
906.131,24.490,16
906.341,24.490,16
906.536,24.490,16
906.740,24.489,16
906.945,24.489,16
907.152,24.489,16
907.349,24.489,16
907.560,24.488,16
907.757,24.488,16
907.966,24.488,16
908.161,24.488,16
908.366,24.489,16
908.571,24.489,16
908.777,24.489,16
908.975,24.489,16
909.184,24.489,16
909.381,24.489,16
909.591,24.489,16
909.790,24.489,16
909.996,24.490,16
910.196,24.490,16
910.400,24.490,16
910.598,24.490,16
910.803,24.489,16
911.006,24.489,16
911.209,24.488,16
911.413,24.488,16
911.622,24.488,16
911.820,24.488,16
912.027,24.488,16
912.224,24.489,16
912.427,24.489,16
912.630,24.489,16
912.840,24.489,16
913.042,24.489,16
913.246,24.490,16
913.445,24.490,16
913.653,24.489,16
913.856,24.489,16
914.057,24.489,16
914.255,24.490,16
914.467,24.490,16
914.663,24.491,16
914.872,24.491,16
915.070,24.490,16
915.278,24.490,16
915.473,24.490,16
915.675,24.490,16
915.880,24.490,16
916.089,24.490,16
916.288,24.490,16
916.495,24.490,16
916.693,24.490,16
916.900,24.490,16
917.099,24.490,16
917.311,24.490,16
917.506,24.490,16
917.715,24.490,16
917.913,24.489,16
918.120,24.490,16
918.316,24.490,16
918.526,24.490,16
918.726,24.490,16
918.925,24.490,16
919.129,24.491,16
919.341,24.491,16
919.535,24.491,16
919.740,24.491,16
919.946,24.491,16
920.153,24.491,16
920.350,24.490,16
920.561,24.490,16
920.757,24.490,16
920.966,24.490,16
921.160,24.490,16
921.374,24.490,16
921.568,24.490,16
921.776,24.490,16
921.974,24.490,16
922.184,24.490,16
922.379,24.490,16
922.583,24.490,16
922.785,24.490,16
922.996,24.490,16
923.195,24.490,16
923.401,24.490,16
923.600,24.490,16
923.802,24.490,16
924.006,24.491,16
924.207,24.491,16
924.411,24.491,16
924.620,24.491,16
924.818,24.491,16
925.025,24.491,16
925.224,24.490,16
925.426,24.490,16
925.630,24.490,16
925.840,24.491,16
926.037,24.491,16
926.245,24.491,16
926.442,24.491,16
926.654,24.491,16
926.849,24.491,16
927.058,24.491,16
927.256,24.491,16
927.463,24.491,16
927.663,24.491,16
927.870,24.490,16
928.071,24.490,16
928.269,24.490,16
928.474,24.490,16
928.675,24.490,16
928.881,24.491,16
929.091,24.491,16
929.288,24.491,16
929.493,24.491,16
929.692,24.491,16
929.904,24.491,16
930.100,24.491,16
930.309,24.491,16
930.505,24.491,16
930.713,24.491,16
930.911,24.492,16
931.119,24.492,16
931.320,24.491,16
931.527,24.491,16
931.725,24.491,16
931.934,24.490,16
932.131,24.490,16
932.339,24.490,16
932.540,24.491,16
932.747,24.492,16
932.945,24.493,16
933.152,24.494,16
933.348,24.496,16
933.559,24.497,16
933.757,24.497,16
933.959,24.497,16
934.163,24.495,16
934.372,24.494,16
934.571,24.493,16
934.776,24.493,16
934.975,24.493,16
935.181,24.492,16
935.379,24.492,16
935.582,24.491,16
935.787,24.491,16
935.990,24.492,16
936.192,24.493,16
936.400,24.494,16
936.605,24.494,16
936.801,24.494,16
937.005,24.494,16
937.215,24.494,16
937.413,24.494,16
937.613,24.493,16
937.818,24.493,16
938.026,24.493,16
938.224,24.493,16
938.432,24.492,16
938.629,24.492,16
938.839,24.492,16
939.035,24.493,16
939.242,24.494,16
939.445,24.496,16
939.649,24.496,16
939.851,24.497,16
940.060,24.498,16
940.254,24.499,16
940.468,24.499,16
940.664,24.499,16
940.868,24.500,16
941.066,24.502,16
941.279,24.504,16
941.475,24.505,16
941.686,24.507,16
941.879,24.509,16
942.089,24.510,16
942.292,24.509,16
942.489,24.504,16
942.695,24.502,16
942.901,24.498,16
943.098,24.496,16
943.309,24.494,16
943.506,24.493,16
943.716,24.493,16
943.915,24.493,16
944.116,24.493,16
944.318,24.493,16
944.526,24.493,16
944.726,24.492,16
944.934,24.492,16
945.131,24.492,16
945.334,24.492,16
945.538,24.492,16
945.747,24.492,16
945.942,24.492,16
946.154,24.492,16
946.353,24.491,16
946.560,24.491,16
946.755,24.491,16
946.966,24.491,16
947.160,24.491,16
947.365,24.492,16
947.568,24.492,16
947.777,24.492,16
947.979,24.492,16
948.177,24.493,16
948.379,24.493,16
948.591,24.493,16
948.788,24.493,16
948.997,24.494,16
949.194,24.493,16
949.402,24.493,16
949.597,24.494,16
949.809,24.496,16
950.007,24.498,16
950.216,24.502,16
950.420,24.505,16
950.623,24.508,16
950.817,24.511,16
951.021,24.515,16
951.225,24.519,16
951.432,24.523,16
951.630,24.526,16
951.838,24.528,16
952.038,24.530,16
952.239,24.532,16
952.445,24.533,16
952.651,24.534,16
952.850,24.535,16
953.060,24.536,16
953.254,24.536,16
953.463,24.537,16
953.666,24.540,16
953.869,24.543,16
954.068,24.546,16
954.277,24.547,16
954.474,24.548,16
954.682,24.550,16
954.879,24.553,16
955.090,24.556,16
955.286,24.559,16
955.497,24.559,16
955.695,24.555,16
955.903,24.550,16
956.099,24.545,16
956.309,24.540,16
956.506,24.535,16
956.709,24.530,16
956.914,24.526,16
957.114,24.522,16
957.321,24.515,16
957.526,24.509,16
957.727,24.505,16
957.927,24.503,16
958.131,24.502,16
958.332,24.502,16
958.540,24.501,16
958.747,24.500,16
958.941,24.500,16
959.151,24.499,16
959.350,24.499,16
959.551,24.498,16
959.754,24.498,16
959.965,24.497,16
960.163,24.497,16
960.373,24.497,16
960.567,24.497,16
960.777,24.497,16
960.978,24.497,16
961.177,24.497,16
961.379,24.497,16
961.589,24.497,17
961.790,24.496,17
961.995,24.496,17
962.191,24.496,17
962.395,24.496,17
962.601,24.496,17
962.807,24.495,17
963.005,24.495,17
963.214,24.495,17
963.411,24.495,17
963.621,24.495,17
963.819,24.495,17
964.028,24.495,17
964.225,24.495,17
964.435,24.495,17
964.629,24.495,17
964.832,24.495,17
965.043,24.495,17
965.242,24.495,17
965.444,24.496,17
965.654,24.496,17
965.853,24.496,17
966.060,24.495,17
966.256,24.495,17
966.467,24.495,17
966.663,24.495,17
966.870,24.495,17
967.070,24.495,17
967.276,24.495,17
967.475,24.494,17
967.678,24.494,17
967.882,24.494,17
968.083,24.494,17
968.290,24.494,17
968.497,24.494,17
968.691,24.494,17
968.904,24.495,17
969.100,24.495,17
969.302,24.495,17
969.506,24.494,17
969.715,24.494,17
969.912,24.494,17
970.121,24.494,17
970.317,24.494,17
970.528,24.494,17
970.730,24.494,17
970.926,24.494,17
971.129,24.494,17
971.340,24.494,17
971.536,24.494,17
971.749,24.494,17
971.942,24.494,17
972.151,24.494,17
972.350,24.494,17
972.558,24.495,17
972.754,24.495,17
972.966,24.495,17
973.160,24.495,17
973.370,24.495,17
973.571,24.495,17
973.770,24.495,17
973.978,24.495,17
974.185,24.495,17
974.382,24.495,17
974.592,24.495,17
974.787,24.495,17
974.994,24.495,17
975.195,24.495,17
975.401,24.495,17
975.600,24.495,17
975.808,24.495,17
976.005,24.495,17
976.212,24.495,17
976.418,24.495,17
976.617,24.495,17
976.819,24.495,17
977.027,24.495,17
977.224,24.495,17
977.433,24.495,17
977.631,24.495,17
977.839,24.495,17
978.040,24.496,17
978.246,24.496,17
978.446,24.496,17
978.651,24.496,17
978.853,24.496,17
979.059,24.496,17
979.254,24.496,17
979.460,24.496,17
979.664,24.496,17
979.870,24.496,17
980.068,24.496,17
980.277,24.496,17
980.476,24.496,17
980.686,24.496,17
980.880,24.496,17
981.092,24.496,17
981.286,24.496,17
981.497,24.495,17
981.693,24.496,17
981.901,24.496,17
982.098,24.496,17
982.306,24.496,17
982.507,24.496,17
982.716,24.496,17
982.914,24.496,17
983.122,24.496,17
983.320,24.496,17
983.526,24.496,17
983.724,24.496,17
983.936,24.496,17
984.130,24.496,17
984.340,24.496,17
984.540,24.496,17
984.741,24.496,17
984.946,24.496,17
985.146,24.496,17
985.351,24.496,17
985.557,24.496,17
985.757,24.496,17
985.965,24.496,17
986.164,24.496,17
986.371,24.496,17
986.568,24.496,17
986.776,24.496,17
986.974,24.496,17
987.184,24.496,17
987.379,24.496,17
987.591,24.496,17
987.786,24.496,17
987.990,24.496,17
988.194,24.496,17
988.403,24.496,17
988.599,24.496,17
988.811,24.496,17
989.006,24.496,17
989.217,24.497,17
989.410,24.497,17
989.621,24.497,17
989.817,24.497,17
990.027,24.497,17
990.229,24.497,17
990.432,24.497,17
990.632,24.496,17
990.837,24.497,17
991.035,24.497,17
991.247,24.497,17
991.444,24.497,17
991.651,24.497,17
991.850,24.497,17
992.061,24.497,17
992.254,24.497,17
992.457,24.497,17
992.661,24.497,17
992.864,24.497,17
993.067,24.497,17
993.279,24.497,17
993.480,24.497,17
993.682,24.497,17
993.881,24.497,17
994.092,24.497,17
994.289,24.497,17
994.495,24.497,17
994.695,24.497,17
994.903,24.497,17
995.098,24.497,17
995.310,24.497,17
995.505,24.497,17
995.713,24.498,17
995.913,24.498,17
996.118,24.498,17
996.316,24.498,17
996.519,24.498,17
996.727,24.498,17
996.934,24.498,17
997.131,24.498,17
997.342,24.498,17
997.539,24.498,17
997.744,24.498,17
997.946,24.498,17
998.154,24.498,17
998.351,24.498,17
998.559,24.498,17
998.757,24.498,17
998.965,24.498,17
999.166,24.498,17
999.366,24.498,17
999.569,24.499,17
999.777,24.499,17
999.975,24.499,17
1000.175,24.499,17
1000.380,24.499,17
1000.589,24.499,17
1000.785,24.499,17
1000.988,24.499,17
1001.194,24.499,17
1001.404,24.499,17
1001.599,24.499,17
1001.803,24.500,17
1002.007,24.499,17
1002.213,24.499,17
1002.412,24.499,17
1002.613,24.499,17
1002.817,24.499,17
1003.027,24.499,17
1003.226,24.499,17
1003.434,24.499,17
1003.630,24.499,17
1003.841,24.499,17
1004.037,24.499,17
1004.247,24.499,17
1004.442,24.499,17
1004.652,24.499,17
1004.855,24.499,17
1005.051,24.499,17
1005.256,24.499,17
1005.466,24.499,17
1005.663,24.499,17
1005.873,24.500,17
1006.067,24.500,17
1006.279,24.500,17
1006.477,24.500,17
1006.684,24.500,17
1006.882,24.500,17
1007.090,24.500,17
1007.290,24.500,17
1007.496,24.500,17
1007.693,24.500,17
1007.895,24.500,17
1008.100,24.500,17
1008.309,24.500,17
1008.504,24.500,17
1008.717,24.500,17
1008.912,24.500,17
1009.114,24.500,17
1009.316,24.500,17
1009.526,24.500,17
1009.727,24.500,17
1009.935,24.500,17
1010.131,24.500,17
1010.339,24.500,17
1010.543,24.500,17
1010.743,24.500,17
1010.943,24.500,17
1011.153,24.500,17
1011.349,24.500,17
1011.557,24.500,17
1011.756,24.500,17
1011.966,24.500,17
1012.163,24.500,17
1012.372,24.500,17
1012.569,24.501,17
1012.778,24.501,17
1012.975,24.501,17
1013.178,24.501,17
1013.382,24.501,17
1013.587,24.501,17
1013.788,24.501,17
1013.989,24.501,17
1014.195,24.501,17
1014.401,24.501,17
1014.602,24.501,17
1014.802,24.501,17
1015.006,24.501,17
1015.213,24.501,17
1015.415,24.501,17
1015.622,24.501,17
1015.818,24.502,17
1016.028,24.502,17
1016.224,24.502,17
1016.426,24.502,17
1016.629,24.502,17
1016.832,24.502,17
1017.038,24.502,17
1017.239,24.502,17
1017.441,24.502,17
1017.651,24.502,17
1017.849,24.502,17
1018.060,24.502,17
1018.254,24.502,17
1018.464,24.502,17
1018.662,24.502,17
1018.866,24.502,17
1019.071,24.502,17
1019.275,24.502,17
1019.477,24.502,17
1019.682,24.502,17
1019.880,24.502,17
1020.089,24.502,17
1020.285,24.502,17
1020.489,24.502,17
1020.693,24.502,17
1020.902,24.502,17
1021.099,24.502,17
1021.309,24.502,17
1021.505,24.502,18
1021.707,24.502,18
1021.911,24.503,18
1022.120,24.502,18
1022.320,24.502,18
1022.526,24.502,18
1022.724,24.502,18
1022.934,24.502,18
1023.129,24.503,18
1023.340,24.503,18
1023.539,24.503,18
1023.748,24.503,18
1023.944,24.503,18
1024.150,24.503,18
1024.349,24.503,18
1024.553,24.503,18
1024.754,24.503,18
1024.958,24.503,18
1025.162,24.503,18
1025.372,24.503,18
1025.569,24.503,18
1025.778,24.503,18
1025.978,24.503,18
1026.177,24.503,18
1026.380,24.503,18
1026.587,24.503,18
1026.789,24.503,18
1026.996,24.503,18
1027.195,24.503,18
1027.403,24.503,18
1027.598,24.503,18
1027.806,24.503,18
1028.005,24.503,18
1028.217,24.503,18
1028.413,24.503,18
1028.621,24.503,18
1028.820,24.503,18
1029.028,24.503,18
1029.222,24.503,18
1029.434,24.503,18
1029.630,24.503,18
1029.840,24.503,18
1030.037,24.504,18
1030.239,24.504,18
1030.441,24.504,18
1030.644,24.504,18
1030.853,24.504,18
1031.058,24.504,18
1031.257,24.504,18
1031.467,24.504,18
1031.665,24.504,18
1031.871,24.504,18
1032.071,24.504,18
1032.276,24.504,18
1032.473,24.504,18
1032.676,24.504,18
1032.882,24.504,18
1033.089,24.504,18
1033.286,24.504,18
1033.492,24.504,18
1033.693,24.504,18
1033.902,24.504,18
1034.100,24.504,18
1034.311,24.504,18
1034.506,24.504,18
1034.714,24.504,18
1034.916,24.504,18
1035.113,24.504,18
1035.318,24.504,18
1035.527,24.504,18
1035.729,24.503,18
1035.933,24.503,18
1036.129,24.503,18
1036.336,24.503,18
1036.538,24.503,18
1036.739,24.504,18
1036.944,24.504,18
1037.153,24.504,18
1037.351,24.504,18
1037.556,24.504,18
1037.754,24.504,18
1037.967,24.504,18
1038.165,24.504,18
1038.364,24.504,18
1038.567,24.504,18
1038.778,24.504,18
1038.974,24.504,18
1039.177,24.504,18
1039.382,24.504,18
1039.591,24.504,18
1039.790,24.504,18
1039.994,24.504,18
1040.196,24.505,18
1040.403,24.505,18
1040.598,24.505,18
1040.801,24.505,18
1041.004,24.505,18
1041.214,24.505,18
1041.412,24.505,18
1041.620,24.505,18
1041.816,24.505,18
1042.025,24.505,18
1042.227,24.505,18
1042.433,24.505,18
1042.629,24.505,18
1042.838,24.505,18
1043.036,24.505,18
1043.245,24.505,18
1043.442,24.505,18
1043.651,24.505,18
1043.851,24.505,18
1044.056,24.505,18
1044.257,24.505,18
1044.464,24.505,18
1044.662,24.505,18
1044.867,24.505,18
1045.066,24.505,18
1045.277,24.505,18
1045.479,24.505,18
1045.685,24.505,18
1045.879,24.506,18
1046.091,24.506,18
1046.290,24.506,18
1046.496,24.506,18
1046.695,24.506,18
1046.904,24.506,18
1047.100,24.506,18
1047.302,24.506,18
1047.506,24.506,18
1047.711,24.506,18
1047.914,24.506,18
1048.122,24.506,18
1048.320,24.506,18
1048.526,24.506,18
1048.724,24.506,18
1048.932,24.506,18
1049.129,24.506,18
1049.342,24.507,18
1049.540,24.507,18
1049.746,24.507,18
1049.943,24.507,18
1050.153,24.507,18
1050.355,24.507,18
1050.552,24.507,18
1050.755,24.507,18
1050.965,24.507,18
1051.163,24.507,18
1051.373,24.507,18
1051.569,24.507,18
1051.778,24.508,18
1051.974,24.508,18
1052.185,24.508,18
1052.381,24.508,18
1052.588,24.508,18
1052.786,24.508,18
1052.992,24.508,18
1053.191,24.509,18
1053.395,24.509,18
1053.599,24.509,18
1053.810,24.511,18
1054.006,24.512,18
1054.207,24.512,18
1054.413,24.512,18
1054.619,24.511,18
1054.820,24.510,18
1055.029,24.509,18
1055.226,24.509,18
1055.432,24.508,18
1055.630,24.508,18
1055.842,24.508,18
1056.036,24.508,18
1056.239,24.508,18
1056.445,24.508,18
1056.653,24.508,18
1056.851,24.508,18
1057.059,24.508,18
1057.256,24.508,18
1057.457,24.508,18
1057.665,24.508,18
1057.872,24.508,18
1058.066,24.507,18
1058.279,24.507,18
1058.474,24.507,18
1058.683,24.507,18
1058.881,24.507,18
1059.083,24.507,18
1059.287,24.507,18
1059.489,24.507,18
1059.694,24.507,18
1059.901,24.507,18
1060.099,24.507,18
1060.310,24.507,18
1060.506,24.507,18
1060.717,24.507,18
1060.914,24.507,18
1061.122,24.507,18
1061.318,24.506,18
1061.522,24.506,18
1061.729,24.507,18
1061.926,24.507,18
1062.131,24.507,18
1062.332,24.507,18
1062.538,24.507,18
1062.749,24.507,18
1062.941,24.507,18
1063.154,24.507,18
1063.353,24.507,18
1063.551,24.507,18
1063.757,24.507,18
1063.964,24.506,18
1064.165,24.507,18
1064.370,24.507,18
1064.571,24.507,18
1064.776,24.507,18
1064.974,24.507,18
1065.184,24.507,18
1065.380,24.507,18
1065.592,24.507,18
1065.789,24.507,18
1065.994,24.507,18
1066.196,24.507,18
1066.403,24.507,18
1066.602,24.507,18
1066.807,24.507,18
1067.004,24.507,18
1067.213,24.507,18
1067.418,24.507,18
1067.618,24.508,18
1067.821,24.508,18
1068.026,24.508,18
1068.225,24.508,18
1068.433,24.508,18
1068.632,24.508,18
1068.832,24.508,18
1069.036,24.508,18
1069.248,24.508,18
1069.444,24.508,18
1069.651,24.508,18
1069.853,24.508,18
1070.058,24.508,18
1070.255,24.508,18
1070.460,24.508,18
1070.664,24.508,18
1070.864,24.508,18
1071.066,24.508,18
1071.277,24.508,18
1071.475,24.508,18
1071.683,24.507,18
1071.879,24.507,18
1072.091,24.508,18
1072.289,24.508,18
1072.497,24.508,18
1072.692,24.508,18
1072.902,24.508,18
1073.099,24.508,18
1073.303,24.508,18
1073.506,24.508,18
1073.716,24.508,18
1073.912,24.507,18
1074.122,24.507,18
1074.319,24.507,18
1074.526,24.507,18
1074.728,24.507,18
1074.934,24.507,18
1075.129,24.507,18
1075.340,24.507,18
1075.539,24.507,18
1075.740,24.507,18
1075.942,24.507,18
1076.144,24.508,18
1076.351,24.508,18
1076.558,24.507,18
1076.753,24.507,18
1076.962,24.506,18
1077.161,24.506,18
1077.371,24.506,18
1077.568,24.506,18
1077.777,24.507,18
1077.975,24.507,18
1078.175,24.506,18
1078.382,24.506,18
1078.590,24.505,18
1078.792,24.506,18
1078.994,24.507,18
1079.196,24.508,18
1079.401,24.508,18
1079.603,24.506,18
1079.808,24.504,18
1080.005,24.502,18
1080.216,24.500,18
1080.411,24.498,18
1080.622,24.497,18
1080.820,24.496,18
1081.028,24.494,18
1081.225,24.493,18
1081.427,24.493,18
1081.632,24.491,19
1081.837,24.491,19
1082.038,24.490,19
1082.246,24.490,19
1082.441,24.489,19
1082.653,24.489,19
1082.850,24.488,19
1083.052,24.488,19
1083.256,24.487,19
1083.463,24.487,19
1083.663,24.486,19
1083.873,24.485,19
1084.067,24.484,19
1084.276,24.483,19
1084.483,24.482,19
1084.677,24.482,19
1084.880,24.481,19
1085.092,24.480,19
1085.289,24.479,19
1085.496,24.479,19
1085.693,24.478,19
1085.902,24.477,19
1086.098,24.475,19
1086.309,24.475,19
1086.506,24.473,19
1086.715,24.472,19
1086.915,24.471,19
1087.120,24.470,19
1087.316,24.469,19
1087.519,24.467,19
1087.724,24.466,19
1087.934,24.465,19
1088.130,24.463,19
1088.332,24.462,19
1088.538,24.460,19
1088.746,24.458,19
1088.944,24.457,19
1089.154,24.455,19
1089.349,24.452,19
1089.561,24.451,19
1089.754,24.450,19
1089.957,24.449,19
1090.161,24.449,19
1090.364,24.449,19
1090.568,24.452,19
1090.776,24.456,19
1090.978,24.458,19
1091.176,24.458,19
1091.380,24.453,19
1091.589,24.447,19
1091.791,24.441,19
1091.996,24.436,19
1092.195,24.432,19
1092.400,24.428,19
1092.604,24.425,19
1092.808,24.424,19
1093.004,24.424,19
1093.209,24.424,19
1093.412,24.425,19
1093.622,24.425,19
1093.819,24.425,19
1094.028,24.425,19
1094.227,24.425,19
1094.432,24.425,19
1094.629,24.425,19
1094.842,24.425,19
1095.038,24.425,19
1095.247,24.425,19
1095.442,24.425,19
1095.654,24.425,19
1095.855,24.425,19
1096.051,24.425,19
1096.255,24.425,19
1096.463,24.425,19
1096.664,24.425,19
1096.869,24.425,19
1097.071,24.425,19
1097.277,24.425,19
1097.473,24.425,19
1097.676,24.425,19
1097.879,24.425,19
1098.091,24.425,19
1098.287,24.425,19
1098.489,24.425,19
1098.692,24.425,19
1098.899,24.424,19
1099.099,24.424,19
1099.309,24.424,19
1099.506,24.424,19
1099.714,24.424,19
1099.915,24.424,19
1100.120,24.424,19
1100.316,24.425,19
1100.525,24.425,19
1100.728,24.425,19
1100.932,24.425,19
1101.131,24.425,19
1101.339,24.425,19
1101.537,24.424,19
1101.745,24.424,19
1101.943,24.424,19
1102.151,24.424,19
1102.352,24.425,19
1102.559,24.425,19
1102.755,24.425,19
1102.967,24.425,19
1103.166,24.425,19
1103.372,24.425,19
1103.571,24.425,19
1103.776,24.425,19
1103.975,24.425,19
1104.177,24.425,19
1104.380,24.425,19
1104.583,24.425,19
1104.786,24.425,19
1104.997,24.425,19
1105.196,24.425,19
1105.404,24.425,19
1105.600,24.425,19
1105.801,24.425,19
1106.005,24.425,19
1106.214,24.425,19
1106.415,24.425,19
1106.614,24.425,19
1106.818,24.426,19
1107.027,24.426,19
1107.233,24.426,19
1107.427,24.426,19
1107.630,24.426,19
1107.840,24.426,19
1108.037,24.426,19
1108.238,24.426,19
1108.443,24.426,19
1108.651,24.426,19
1108.849,24.426,19
1109.058,24.426,19
1109.256,24.426,19
1109.464,24.426,19
1109.661,24.426,19
1109.866,24.426,19
1110.068,24.426,19
1110.276,24.426,19
1110.478,24.427,19
1110.675,24.427,19
1110.879,24.427,19
1111.089,24.427,19
1111.288,24.427,19
1111.495,24.427,19
1111.695,24.427,19
1111.902,24.427,19
1112.102,24.427,19
1112.309,24.427,19
1112.507,24.427,19
1112.715,24.427,19
1112.917,24.427,19
1113.116,24.427,19
1113.321,24.427,19
1113.527,24.427,19
1113.725,24.427,19
1113.926,24.427,19
1114.130,24.427,19
1114.338,24.427,19
1114.539,24.427,19
1114.747,24.427,19
1114.943,24.427,19
1115.154,24.427,19
1115.349,24.428,19
1115.557,24.428,19
1115.757,24.428,19
1115.958,24.428,19
1116.163,24.428,19
1116.363,24.429,19
1116.568,24.428,19
1116.778,24.428,19
1116.978,24.428,19
1117.184,24.428,19
1117.380,24.428,19
1117.590,24.428,19
1117.788,24.428,19
1117.997,24.428,19
1118.192,24.427,19
1118.403,24.427,19
1118.605,24.427,19
1118.802,24.427,19
1119.004,24.427,19
1119.215,24.427,19
1119.415,24.426,19
1119.622,24.426,19
1119.820,24.426,19
1120.026,24.426,19
1120.228,24.426,19
1120.426,24.426,19
1120.631,24.425,19
1120.842,24.425,19
1121.039,24.425,19
1121.248,24.425,19
1121.442,24.425,19
1121.645,24.425,19
1121.850,24.425,19
1122.059,24.425,19
1122.254,24.425,19
1122.457,24.425,19
1122.663,24.426,19
1122.865,24.426,19
1123.069,24.426,19
1123.277,24.426,19
1123.476,24.426,19
1123.683,24.426,19
1123.882,24.426,19
1124.088,24.426,19
1124.286,24.427,19
1124.490,24.427,19
1124.693,24.427,19
1124.904,24.427,19
1125.103,24.427,19
1125.310,24.427,19
1125.507,24.427,19
1125.716,24.427,19
1125.910,24.427,19
1126.121,24.427,19
1126.318,24.427,19
1126.528,24.427,19
1126.724,24.427,19
1126.933,24.427,19
1127.130,24.427,19
1127.336,24.426,19
1127.539,24.426,19
1127.747,24.426,19
1127.942,24.426,19
1128.152,24.426,19
1128.352,24.426,19
1128.557,24.426,19
1128.757,24.426,19
1128.967,24.426,19
1129.165,24.425,19
1129.372,24.425,19
1129.568,24.425,19
1129.778,24.425,19
1129.975,24.426,19
1130.177,24.426,19
1130.380,24.426,19
1130.592,24.426,19
1130.787,24.426,19
1130.988,24.426,19
1131.196,24.427,19
1131.402,24.427,19
1131.604,24.427,19
1131.808,24.427,19
1132.005,24.427,19
1132.214,24.427,19
1132.413,24.427,19
1132.616,24.427,19
1132.820,24.427,19
1133.024,24.427,19
1133.227,24.426,19
1133.432,24.426,19
1133.629,24.426,19
1133.837,24.426,19
1134.038,24.426,19
1134.246,24.426,19
1134.444,24.426,19
1134.652,24.425,19
1134.852,24.425,19
1135.051,24.425,19
1135.257,24.425,19
1135.463,24.425,19
1135.667,24.425,19
1135.870,24.425,19
1136.066,24.425,19
1136.278,24.425,19
1136.478,24.424,19
1136.684,24.425,19
1136.880,24.424,19
1137.092,24.424,19
1137.291,24.425,19
1137.495,24.425,19
1137.693,24.425,19
1137.901,24.425,19
1138.101,24.425,19
1138.308,24.425,19
1138.504,24.425,19
1138.708,24.426,19
1138.914,24.426,19
1139.122,24.426,19
1139.320,24.426,19
1139.526,24.426,19
1139.727,24.427,19
1139.926,24.427,19
1140.131,24.427,19
1140.332,24.427,19
1140.539,24.427,19
1140.740,24.427,19
1140.943,24.426,19
1141.153,24.426,19
1141.355,24.426,19
1141.557,24.426,20
1141.755,24.426,20
1141.965,24.426,20
1142.161,24.426,20
1142.364,24.426,20
1142.566,24.426,20
1142.777,24.426,20
1142.974,24.426,20
1143.184,24.426,20
1143.381,24.426,20
1143.591,24.426,20
1143.789,24.426,20
1143.991,24.426,20
1144.192,24.426,20
1144.400,24.426,20
1144.599,24.426,20
1144.809,24.426,20
1145.004,24.426,20
1145.217,24.426,20
1145.414,24.426,20
1145.620,24.426,20
1145.821,24.426,20
1146.026,24.426,20
1146.223,24.426,20
1146.436,24.427,20
1146.632,24.427,20
1146.842,24.427,20
1147.037,24.427,20
1147.243,24.427,20
1147.445,24.427,20
1147.653,24.427,20
1147.849,24.427,20
1148.061,24.427,20
1148.256,24.427,20
1148.466,24.427,20
1148.660,24.427,20
1148.872,24.427,20
1149.067,24.427,20
1149.277,24.427,20
1149.474,24.427,20
1149.684,24.427,20
1149.881,24.427,20
1150.083,24.427,20
1150.288,24.427,20
1150.498,24.427,20
1150.694,24.427,20
1150.902,24.427,20
1151.104,24.427,20
1151.302,24.427,20
1151.504,24.427,20
1151.717,24.427,20
1151.912,24.427,20
1152.123,24.427,20
1152.317,24.427,20
1152.528,24.427,20
1152.729,24.427,20
1152.932,24.427,20
1153.130,24.427,20
1153.339,24.428,20
1153.536,24.428,20
1153.747,24.427,20
1153.944,24.427,20
1154.151,24.427,20
1154.349,24.427,20
1154.560,24.427,20
1154.754,24.427,20
1154.964,24.427,20
1155.165,24.428,20
1155.371,24.428,20
1155.567,24.427,20
1155.774,24.428,20
1155.975,24.428,20
1156.183,24.427,20
1156.380,24.427,20
1156.592,24.428,20
1156.786,24.427,20
1156.995,24.428,20
1157.193,24.428,20
1157.401,24.428,20
1157.600,24.428,20
1157.809,24.428,20
1158.006,24.428,20
1158.213,24.428,20
1158.411,24.428,20
1158.619,24.428,20
1158.820,24.428,20
1159.027,24.428,20
1159.231,24.428,20
1159.432,24.428,20
1159.630,24.428,20
1159.833,24.428,20
1160.038,24.428,20
1160.247,24.428,20
1160.445,24.428,20
1160.651,24.428,20
1160.852,24.428,20
1161.053,24.428,20
1161.257,24.428,20
1161.458,24.428,20
1161.662,24.428,20
1161.872,24.428,20
1162.070,24.428,20
