Gene names,Day_00,Day_01,Day_02,Day_03,Day_05,Day_07,Day_10,Day_14,Day_18,Day_21,Max intensity change,Category,,Category,Count
Rrm2,0,-4.06096,-5.65172,-5.49264,-6.14091,-6.555,-6.38031,-7.18176,-6.25618,-9.07955,-9.07955,-4,,-4,50
Uhrf1,0,-2.72231,-4.00349,-3.86616,-5.26548,-7.82726,-5.96592,-5.73595,-5.00189,-7.03266,-7.82726,-4,,-3,321
Mcm5,0,-1.11615,-2.80965,-3.64277,-4.89959,-6.44757,-6.09995,-6.23987,-5.57787,-6.7377,-6.7377,-4,,-2,1329
Nes,0,-0.973715,-2.41682,-4.1747,-4.40186,-6.34105,-6.1863,-6.43535,-6.57612,-6.69939,-6.69939,-4,,-1,965
Pbk,0,-1.79268,-3.91821,-3.80195,-4.56798,-5.9156,-5.39103,-5.30839,-5.23704,-6.65607,-6.65607,-4,,0,861
Mcm3,0,-0.913828,-2.99148,-3.53507,-4.94196,-5.88003,-5.59796,-5.72359,-4.98519,-6.55311,-6.55311,-4,,1,707
Kif11,0,-3.09085,-4.58892,-4.41637,-5.07662,-6.28595,-5.70787,-5.19621,-5.57409,-6.47409,-6.47409,-4,,2,1015
Mcm2,0,-1.06135,-2.69663,-3.25074,-4.46094,-5.73237,-5.42163,-5.49415,-5.26268,-6.20496,-6.20496,-4,,3,469
Ube2c,0,-3.14891,-5.91969,-4.702,-5.4558,-5.31971,-4.91252,-4.51201,-4.32535,-6.17048,-6.17048,-4,,4,54
Aurka,0,-3.37277,-4.80624,-4.79054,-5.11448,-5.93021,-5.28032,-5.12111,-5.52783,-6.14725,-6.14725,-4,,SUM,5771
Trp53i11,0,-0.9981,-2.41357,-3.1627,-4.33841,-4.54832,-4.87593,-5.49129,-5.87175,-6.12983,-6.12983,-4,,,
Prim2,0,-1.61977,-3.1261,-3.05332,-4.34225,-4.22085,-4.13531,-4.97963,-5.90142,-4.5134,-5.90142,-4,,,
Ckap2,0,-2.31152,-3.62022,-3.43914,-4.42144,-4.96184,-5.78121,-5.5156,-5.34907,-5.15523,-5.78121,-4,,,
Akap12,0,-1.2125,-2.26048,-2.65653,-3.16131,-3.81419,-3.95563,-2.4086,-3.32504,-5.66798,-5.66798,-4,,,
Mcm4,0,-1.08996,-2.78816,-3.33516,-4.42259,-5.44007,-5.41492,-5.16297,-5.18832,-5.58729,-5.58729,-4,,,
Vim,0,-0.702984,-1.01376,-2.28123,-1.75372,-4.96864,-3.70644,-4.36145,-5.55125,-4.77095,-5.55125,-4,,,
Ivns1abp,0,-1.41212,-2.55523,-2.4406,-2.7139,-5.53073,-3.45743,-3.72708,-3.37688,-4.0926,-5.53073,-4,,,
Pou3f1,0,-1.74056,-2.99173,-3.59239,-3.86415,-5.45538,-4.45553,-4.04504,-4.20308,-4.79549,-5.45538,-4,,,
Pcna,0,-1.11072,-3.23323,-3.98413,-4.47339,-5.18308,-4.94065,-4.9578,-4.88125,-5.36308,-5.36308,-4,,,
Hirip3,0,-1.40736,-4.20512,-4.02348,-4.49591,-4.76451,-4.88733,-4.64883,-4.63368,-5.25128,-5.25128,-4,,,
Trip13,0,-0.819473,-2.15937,-2.74967,-3.50704,-5.12212,-5.06465,-4.82946,-4.72472,-4.69461,-5.12212,-4,,,
Mest,0,-0.450697,-0.916935,-1.43564,-2.05606,-2.51675,-3.5109,-3.98777,-4.8327,-5.08204,-5.08204,-4,,,
Cdk1,0,-1.41266,-3.40696,-3.4482,-4.21435,-4.74149,-4.55886,-4.56809,-4.5733,-5.06305,-5.06305,-4,,,
Mcm7,0,-1.09331,-2.77416,-3.20946,-4.27234,-4.95277,-4.62985,-4.52689,-4.15897,-4.67337,-4.95277,-4,,,
Tnc,0,-1.23599,-3.14968,-4.3173,-4.26456,-4.47124,-4.93735,-4.11589,-4.02735,-4.2645,-4.93735,-4,,,
Wdhd1,0,-2.26348,-4.40063,-4.32744,-4.57919,-4.92604,-3.61421,-3.75448,-4.87818,-4.35635,-4.92604,-4,,,
Tacc3,0,-1.91649,-4.92169,-3.71916,-3.87602,-4.84349,-4.5601,-3.60644,-3.79255,-4.7007,-4.92169,-4,,,
Tle6,0,-2.3869,-4.46559,-3.75261,-4.91055,-4.80401,-4.04233,-4.11655,-4.79727,-4.31983,-4.91055,-4,,,
Shmt1,0,-1.01881,-2.13698,-2.38105,-3.30261,-3.3581,-4.20311,-4.05021,-3.9458,-4.83678,-4.83678,-4,,,
Zwilch,0,-0.971645,-2.29513,-3.41483,-3.95639,-4.50842,-4.73172,-4.72985,-4.57034,-4.07166,-4.73172,-4,,,
Hmgb2,0,-0.61636,-1.51213,-1.66818,-2.52233,-2.90576,-3.50619,-4.35197,-4.6905,-4.7066,-4.7066,-4,,,
Stmn1,0,-0.555407,-1.7029,-2.19361,-3.31716,-4.0102,-4.69311,-4.5854,-4.57555,-4.66228,-4.69311,-4,,,
Ldlr,0,-2.25932,-4.11846,-4.61137,-4.52849,-4.6315,-3.83832,-3.48757,-3.61101,-2.96484,-4.6315,-4,,,
Kpna2,0,-2.64567,-3.63867,-3.65821,-4.11012,-4.47884,-4.44175,-4.39088,-4.46215,-4.59528,-4.59528,-4,,,
Pmf1,0,-1.71708,-2.57673,-3.03646,-3.50774,-4.48689,-4.49767,-4.36431,-4.31038,-4.17558,-4.49767,-4,,,
Gfpt2,0,-0.574451,-1.1526,-2.17029,-2.26084,-3.72772,-3.16712,-2.76847,-3.25038,-4.46144,-4.46144,-4,,,
Mcm6,0,-1.10049,-2.43211,-2.79389,-3.65175,-4.41594,-3.42902,-4.01761,-4.00484,-2.24459,-4.41594,-4,,,
Ncapd2,0,-0.993637,-1.94032,-2.62322,-3.40158,-4.0842,-4.16654,-4.28016,-4.19091,-4.40394,-4.40394,-4,,,
Lig1,0,-1.67616,-4.29212,-4.10157,-4.39845,-4.20921,-3.95584,-4.26805,-3.68748,-4.38691,-4.39845,-4,,,
Lmnb1,0,-2.00406,-4.03997,-3.86465,-3.93154,-4.38036,-4.09158,-4.35796,-3.93161,-3.8216,-4.38036,-4,,,
Pola2,0,-1.22958,-2.8104,-3.16812,-3.7219,-4.11862,-3.965,-4.29052,-4.35574,-4.28686,-4.35574,-4,,,
Smc2,0,-0.97761,-2.24768,-2.74764,-3.67443,-4.03517,-4.26284,-4.31215,-4.29603,-4.23236,-4.31215,-4,,,
Smc4,0,-0.546806,-1.88634,-2.57412,-3.41487,-4.0164,-3.93489,-3.99784,-3.93424,-4.27398,-4.27398,-4,,,
Camkk2,0,-0.867855,-1.88686,-2.35679,-2.99421,-3.66915,-3.25398,-3.48299,-3.67566,-4.24914,-4.24914,-4,,,
Rpl22l1,0,-0.532892,-0.626926,-1.25811,-1.47893,-2.49597,-2.54207,-2.96663,-3.66851,-4.24881,-4.24881,-4,,,
Nrm,0,-0.993513,-2.30575,-1.83707,-2.38752,-3.45565,-3.23307,-4.1559,-3.14238,-3.39884,-4.1559,-4,,,
Tmem173,0,-0.774698,-1.67227,-2.23269,-3.29307,-4.11881,-3.45215,-3.83574,-4.10128,-4.13511,-4.13511,-4,,,
Wdr55,0,-0.730365,-1.70969,-1.95181,-3.14228,-2.64824,-2.75057,-4.12314,-2.87754,-3.22649,-4.12314,-4,,,
Ccnd2,0,-0.931421,-0.622923,-1.07114,-1.19942,-3.81236,-2.05424,-1.94631,-2.1575,-4.08651,-4.08651,-4,,,
Faah,0,-0.683084,-1.7846,-1.96432,-2.82333,-3.19565,-3.43946,-3.49861,-4.04067,-3.47678,-4.04067,-4,,,
Hk2,0,-0.469809,-1.18844,-1.64299,-2.09505,-2.70385,-3.33662,-3.23188,-3.95692,-3.31639,-3.95692,-3,,,
Pwp1,0,-1.32733,-2.5658,-2.54085,-2.60623,-2.98666,-3.20898,-3.9385,-3.11105,-2.20524,-3.9385,-3,,,
Spty2d1,0,-1.35852,-2.48321,-3.25535,-3.24664,-3.7174,-3.88915,-3.33078,-3.32585,-3.81633,-3.88915,-3,,,
Cdk2,0,-1.0891,-2.11721,-2.43336,-2.90803,-3.57322,-3.47696,-3.8752,-3.77091,-3.61181,-3.8752,-3,,,
Dctpp1,0,0.0553637,-1.44531,-2.47804,-2.19551,-2.62289,-2.34992,-2.7465,-2.52824,-3.85371,-3.85371,-3,,,
Haus8,0,-0.846062,-1.65485,-1.815,-2.51073,-2.7716,-3.268,-3.83396,-3.12636,-3.60013,-3.83396,-3,,,
Ca3,0,-0.393566,-0.606564,-1.094,-1.38408,-2.2035,-2.93898,-3.31819,-3.81378,-3.77404,-3.81378,-3,,,
Mthfd2,0,-0.527126,-1.95606,-3.15991,-3.17715,-3.76699,-3.44331,-2.86134,-2.31969,-2.14504,-3.76699,-3,,,
Clic5,0,-1.22422,-2.27044,-2.72659,-3.40878,-3.35844,-3.59465,-3.76441,-3.43769,-3.43123,-3.76441,-3,,,
Haus3,0,-1.01826,-1.8861,-2.40491,-2.67537,-3.07394,-3.61532,-3.74691,-3.26155,-3.74307,-3.74691,-3,,,
Fdps,0,0.402285,-0.54184,-1.53783,-2.239,-3.51752,-3.183,-2.92129,-3.02865,-3.72683,-3.72683,-3,,,
Ncapd3,0,-0.623446,-2.54527,-2.81132,-3.60802,-2.55764,-3.02267,-3.15987,-2.28377,-3.71886,-3.71886,-3,,,
Cnn2,0,0.606991,-0.889694,-1.48016,-2.06252,-3.69147,-3.71543,-2.86229,-1.96856,-2.10264,-3.71543,-3,,,
Trim16,0,-0.723956,-1.7381,-2.46591,-3.26208,-3.64785,-3.14626,-3.25405,-3.66017,-3.08994,-3.66017,-3,,,
Plod2,0,0.625492,0.126593,-1.13031,-0.786404,-2.58885,-2.43568,-1.82379,-2.29489,-3.64865,-3.64865,-3,,,
Mad2l1,0,-1.26208,-2.88108,-3.07674,-3.20666,-3.23074,-3.38817,-3.51167,-3.61608,-3.16721,-3.61608,-3,,,
Sdad1,0,-1.20568,-2.45042,-3.13446,-3.26465,-3.39229,-3.11755,-3.61439,-3.19717,-2.88997,-3.61439,-3,,,
Hat1,0,-1.35751,-1.81752,-2.35412,-2.62485,-3.3245,-3.22275,-3.58105,-3.33282,-3.3111,-3.58105,-3,,,
Nasp,0,-0.94471,-1.73243,-2.01481,-2.63732,-3.1684,-3.14203,-3.16475,-3.32051,-3.56156,-3.56156,-3,,,
Hmgcs1,0,0.4583,-0.920212,-2.31912,-2.30128,-3.55042,-2.65422,-2.35067,-2.54877,-3.05762,-3.55042,-3,,,
Hprt1,0,-0.752413,-1.32,-1.8762,-2.5873,-3.5258,-3.22787,-3.25469,-2.96769,-3.44613,-3.5258,-3,,,
Cep41,0,-0.305746,-1.37768,-1.56478,-2.06569,-3.30005,-2.27391,-3.48198,-2.42853,-3.19611,-3.48198,-3,,,
Arid4a,0,0.0126476,-1.18515,-1.37294,-1.98614,-3.47994,-2.20811,-2.18951,-1.40454,-1.93764,-3.47994,-3,,,
Ltv1,0,-0.260408,-1.39231,-1.20659,-1.40931,-2.57834,-1.83027,-2.52878,-2.55893,-3.47947,-3.47947,-3,,,
Utp18,0,-1.2124,-1.94471,-1.89002,-2.43848,-3.47423,-1.69018,-2.11019,-2.38462,-2.1571,-3.47423,-3,,,
Cdr2l,0,-0.772652,-1.47284,-1.62395,-2.39744,-2.4975,-2.6359,-3.47153,-3.12494,-3.02166,-3.47153,-3,,,
Msmo1,0,0.0850582,-0.94574,-2.42687,-2.23978,-3.46311,-2.59487,-2.09649,-2.32205,-2.53238,-3.46311,-3,,,
S100a11,0,1.25702,1.50113,1.64847,0.748381,0.520332,-0.231094,-1.55785,-3.45458,-1.66692,-3.45458,-3,,,
Ttf2,0,-1.09419,-1.86792,-2.12255,-2.48152,-2.84411,-2.91574,-3.17668,-3.11584,-3.41464,-3.41464,-3,,,
Krt76,0,-0.522413,0.685268,-2.1066,0.908375,-0.727297,-3.41144,-2.8578,-2.19038,-2.50678,-3.41144,-3,,,
Cpne8,0,-1.24432,-2.01693,-2.15148,-2.75655,-3.26848,-2.67543,-2.8639,-2.74452,-3.41121,-3.41121,-3,,,
Scd1;Scd3,0,1.1105,-1.12008,-2.36871,-2.43001,-3.4016,-2.6797,-3.2141,-2.52616,-2.90399,-3.4016,-3,,,
Fdft1,0,0.259378,-0.478205,-2.20402,-2.235,-3.38179,-2.74873,-2.32881,-2.80925,-2.5696,-3.38179,-3,,,
Prim1,0,-1.46736,-2.49676,-2.65978,-3.19969,-3.19257,-3.31487,-3.12606,-2.94716,-3.36136,-3.36136,-3,,,
Dhfr,0,-0.848492,-1.88296,-1.92939,-2.74439,-2.85952,-3.31204,-3.28398,-3.26415,-3.14525,-3.31204,-3,,,
Cd1d2;Cd1d1,0,-0.686308,-1.30819,-1.47976,-2.70835,-2.2864,-2.90893,-3.281,-3.16224,-2.64971,-3.281,-3,,,
Ybx3,0,-0.741926,-1.57416,-1.95333,-2.32951,-2.49476,-2.61424,-2.59457,-2.66132,-3.27708,-3.27708,-3,,,
Hmgcr,0,-0.298656,-1.49712,-2.57153,-2.35277,-3.26461,-2.45287,-1.7102,-2.18071,-2.65483,-3.26461,-3,,,
Npm3,0,-0.646906,-1.56968,-2.13169,-2.36819,-3.10554,-2.7756,-2.71631,-2.5587,-3.26272,-3.26272,-3,,,
Nap1l1,0,-0.765554,-1.51175,-1.9474,-2.29426,-3.08011,-2.82731,-2.80763,-2.84974,-3.26167,-3.26167,-3,,,
Rcc2,0,-0.955397,-1.78864,-1.9029,-2.57757,-2.63582,-2.78939,-3.03617,-3.11164,-3.25025,-3.25025,-3,,,
Hist1h1a,0,-0.780764,-1.2377,-1.28838,-1.50064,-1.76929,-2.28142,-2.89615,-3.24413,-3.13139,-3.24413,-3,,,
Hip1,0,-0.840757,-1.75598,-2.04152,-2.16369,-3.00783,-2.60727,-2.78067,-2.86602,-3.22648,-3.22648,-3,,,
A2mp,0,-0.0117283,-0.38607,-1.11507,-1.55757,-2.37467,-2.64363,-2.48926,-3.21228,-3.02974,-3.21228,-3,,,
Abracl,0,-1.05276,-0.828899,-0.861296,-1.48865,-1.84768,-2.45414,-2.86269,-2.99568,-3.20575,-3.20575,-3,,,
Cxadr,0,-1.48125,-2.05309,-2.29496,-2.24668,-2.61279,-2.85546,-3.18273,-3.1528,-3.15997,-3.18273,-3,,,
Rangap1,0,-1.39261,-2.06329,-2.19143,-2.50838,-2.83877,-2.85011,-3.03312,-3.18255,-2.75432,-3.18255,-3,,,
Ak6,0,-1.07066,-1.81902,-2.13484,-2.13816,-3.14086,-3.10719,-2.6579,-2.82852,-3.17908,-3.17908,-3,,,
Kif15,0,-1.15974,-2.52407,-2.66406,-2.73784,-3.04177,-2.94115,-2.96741,-3.17464,-3.01818,-3.17464,-3,,,
Arhgap18,0,-0.397833,-1.54571,-1.80367,-2.00243,-2.51721,-2.61399,-2.62637,-2.73937,-3.16608,-3.16608,-3,,,
Baiap2,0,-0.753632,-1.40695,-1.97454,-2.1172,-2.75088,-2.58603,-2.77429,-3.0598,-3.15791,-3.15791,-3,,,
Ncald,0,-0.899277,-1.39556,-1.76595,-2.06034,-2.28095,-2.68585,-2.58099,-2.73596,-3.14304,-3.14304,-3,,,
Nob1,0,-0.820726,-1.79384,-2.64307,-2.47938,-3.04992,-2.70993,-2.84071,-2.91721,-3.13751,-3.13751,-3,,,
Gap43,0,-0.282078,-0.565203,-0.530203,-0.989164,-1.06566,-1.68003,-2.25698,-2.72589,-3.13235,-3.13235,-3,,,
Rfc3,0,-1.29365,-1.37703,-1.29932,-1.91618,-2.26558,-2.18631,-2.61008,-3.11974,-2.26847,-3.11974,-3,,,
Msh6,0,-1.04848,-1.77111,-1.98492,-2.60076,-2.63719,-2.85291,-3.00578,-2.89827,-3.11776,-3.11776,-3,,,
Rnaseh2b,0,-0.624655,-1.94367,-2.1584,-2.71139,-2.81159,-2.7682,-2.99169,-3.0526,-3.1153,-3.1153,-3,,,
Spry4,0,-1.88225,-2.38486,-2.32236,-3.10922,-2.75556,-2.08763,-2.19179,-2.29138,-2.00093,-3.10922,-3,,,
Tacc2,0,-0.401819,-1.82319,-2.17805,-2.56521,-2.61801,-2.17207,-1.675,-1.64253,-3.10758,-3.10758,-3,,,
Cyth2,0,-0.54711,-1.0385,-1.54352,-2.37628,-2.57391,-2.46275,-2.39552,-2.38314,-3.10615,-3.10615,-3,,,
Fen1,0,-1.04351,-1.9746,-2.04635,-2.67657,-2.5036,-2.86426,-3.09286,-2.7783,-2.58555,-3.09286,-3,,,
Olfm2,0,-0.146282,-0.0138168,-0.223104,-0.52903,-1.68698,-1.65364,-1.95603,-2.17774,-3.09269,-3.09269,-3,,,
Rrm1,0,-1.26246,-2.23506,-2.17622,-2.53599,-2.90195,-3.05272,-2.76667,-2.79213,-3.08431,-3.08431,-3,,,
Lbr,0,-0.273167,-1.2418,-1.68355,-1.82063,-2.08519,-2.55687,-3.02261,-3.08412,-3.02925,-3.08412,-3,,,
Ube2s,0,-1.98644,-2.59466,-2.61357,-2.92001,-3.08371,-2.77419,-2.64969,-2.91295,-3.00278,-3.08371,-3,,,
Fkbp5,0,-0.749712,-1.46126,-1.55255,-1.89809,-1.93654,-2.33771,-2.62229,-3.01334,-3.0821,-3.0821,-3,,,
Msh2,0,-1.05367,-1.72029,-1.98595,-2.48457,-2.48946,-2.81936,-2.92793,-3.07271,-2.80901,-3.07271,-3,,,
Rnf219,0,-1.37934,-2.73818,-2.93868,-2.61796,-2.74485,-2.67916,-2.79988,-3.07044,-2.66787,-3.07044,-3,,,
Ttc27,0,-0.733739,-1.84434,-2.31126,-2.19196,-2.63941,-3.0617,-2.089,-2.22139,-2.67986,-3.0617,-3,,,
Hn1l,0,-0.61573,-1.10714,-1.43537,-1.97124,-2.56142,-2.57948,-2.56129,-2.65145,-3.03521,-3.03521,-3,,,
Igfbp2,0,1.23364,-0.338045,-1.05007,-0.348812,-2.34766,-1.12468,-0.594431,-0.814743,-3.02592,-3.02592,-3,,,
Ddx21,0,-0.5429,-0.834814,-1.63431,-1.4311,-2.59565,-2.28932,-2.08337,-2.34871,-3.02246,-3.02246,-3,,,
Nedd1,0,-0.711313,-1.87118,-2.46993,-2.70085,-2.74356,-2.82075,-2.86107,-3.01268,-2.93676,-3.01268,-3,,,
Gpatch4,0,-1.10755,-2.45285,-3.01259,-2.96102,-2.88527,-2.75573,-2.74463,-2.31396,-2.53653,-3.01259,-3,,,
Utp20,0,-1.80058,-1.96846,-2.05596,-2.20256,-2.41653,-2.76208,-3.01199,-2.87974,-2.1222,-3.01199,-3,,,
Snrpf,0,-0.589167,-1.97302,-2.3827,-2.37275,-2.11262,-2.4682,-3.01178,-2.18626,-2.1007,-3.01178,-3,,,
Cd36,0,0.443939,2.20348,2.91609,1.7007,0.616915,-1.9147,-1.45572,-3.01117,-1.32917,-3.01117,-3,,,
Znf281,0,-0.813248,-1.41266,-1.64744,-1.99703,-1.99989,-2.5463,-2.30707,-2.60801,-3.00468,-3.00468,-3,,,
C9orf85 ,0,-0.336926,-1.65794,-1.51334,-1.96309,-1.96352,-2.51763,-3.00289,-2.23673,-1.93434,-3.00289,-3,,,
Pold3,0,-1.2339,-2.15621,-2.47645,-2.68099,-2.89561,-2.87887,-2.79599,-3.00029,-2.87102,-3.00029,-3,,,
Nup85,0,-1.16761,-2.29219,-2.62935,-2.289,-2.58704,-2.52965,-2.77924,-2.67869,-2.99265,-2.99265,-3,,,
Cyp51a1,0,0.263039,-1.07919,-2.01051,-1.87122,-2.97292,-2.61371,-2.24347,-2.40371,-2.63012,-2.97292,-3,,,
Cdc34,0,-0.805349,-1.31894,-1.8597,-2.12585,-2.51449,-2.48519,-2.39705,-2.62682,-2.96679,-2.96679,-3,,,
Haus1,0,-1.10003,-1.50966,-1.88815,-2.25488,-2.69435,-2.68867,-2.74985,-2.96166,-2.72311,-2.96166,-3,,,
Mettl6,0,-0.936541,-1.38794,-1.76214,-2.52495,-2.20457,-2.14482,-2.03054,-2.14092,-2.95878,-2.95878,-3,,,
Rap1gap,0,-0.513678,-1.3451,-1.28608,-1.96909,-2.23128,-2.21369,-2.63382,-2.0597,-2.94063,-2.94063,-3,,,
Irf2bpl,0,-0.929878,-1.669,-1.96731,-2.19775,-2.92792,-2.25212,-1.81361,-2.16341,-2.54665,-2.92792,-3,,,
Lmna,0,-0.321726,-1.909,-2.84215,-2.0889,-2.41337,-2.11575,-2.91532,-2.01564,-1.68441,-2.91532,-3,,,
Znf593,0,-0.387017,-1.12907,-1.51858,-1.98345,-2.08583,-1.76125,-2.20033,-2.42527,-2.90197,-2.90197,-3,,,
Crtap,0,0.00765228,-0.698462,-0.913914,-1.44428,-1.95187,-1.9518,-1.87992,-2.4979,-2.89279,-2.89279,-3,,,
Ndnl2,0,-0.95715,-1.84475,-1.92088,-2.43404,-2.35627,-2.47219,-2.62418,-2.89136,-2.47382,-2.89136,-3,,,
Tmpo,0,-0.341354,-1.39393,-1.64037,-1.96169,-2.12291,-2.61395,-2.88304,-2.87402,-2.87289,-2.88304,-3,,,
Adam12,0,0.180058,0.250898,-0.337934,0.194761,-2.19671,-0.742842,-0.459265,-0.95336,-2.88042,-2.88042,-3,,,
Bysl,0,-0.849079,-1.70807,-2.32873,-2.41702,-2.87301,-2.83725,-2.69086,-2.53876,-2.7775,-2.87301,-3,,,
Cetn3,0,-0.825956,-1.56661,-1.9979,-2.30759,-2.82482,-2.51991,-2.86484,-2.55425,-2.42194,-2.86484,-3,,,
Plat,0,-0.53687,-1.60411,-1.39328,-2.6383,-2.01638,-2.86204,-2.01551,-1.77266,-1.94098,-2.86204,-3,,,
Hspg2,0,0.240196,-0.377509,-1.46645,-1.80728,-2.15382,-1.86756,-2.85657,-2.23121,-2.10832,-2.85657,-3,,,
Prmt7,0,-1.9864,-0.861939,-1.469,-1.0962,-1.46157,-1.41296,-0.40384,-0.642235,-2.83739,-2.83739,-3,,,
Cdc42se2,0,-0.810721,-0.0687208,0.107872,-0.799538,-0.46387,-1.52379,-1.9183,-2.83555,-1.93401,-2.83555,-3,,,
Wrnip1,0,-0.907652,-2.16622,-2.47433,-2.51868,-2.82796,-2.16798,-2.11138,-2.1613,-2.41502,-2.82796,-3,,,
Mrm1,0,-2.80778,-0.975004,-1.03356,-0.937601,-0.969442,-0.829834,-0.929813,-0.920372,-0.456915,-2.80778,-3,,,
Acly,0,0.0562668,-1.25269,-1.92867,-2.38525,-2.79661,-2.40158,-2.40985,-2.4049,-2.66208,-2.79661,-3,,,
Crip2,0,-0.342171,-0.527882,-0.681715,-1.21021,-1.15102,-1.62844,-1.81096,-1.86242,-2.79535,-2.79535,-3,,,
Tcf3,0,-0.296836,-2.01766,-1.55834,-2.0426,-2.39395,-2.18252,-2.12427,-1.87798,-2.79344,-2.79344,-3,,,
Rad51c,0,-0.871508,-1.06784,-1.75404,-2.34087,-2.33731,-2.78981,-2.39648,-2.39196,-2.47418,-2.78981,-3,,,
Pkig,0,-0.514661,-1.14629,-1.95416,-1.73603,-2.57766,-2.48783,-2.39973,-2.05329,-2.77884,-2.77884,-3,,,
Impdh2,0,-0.949066,-1.6127,-2.24379,-2.27924,-2.63509,-2.59523,-2.47158,-2.40962,-2.77367,-2.77367,-3,,,
Ctps1,0,-0.744524,-1.12499,-1.52306,-1.7264,-2.53504,-2.24868,-2.28003,-2.30081,-2.7695,-2.7695,-3,,,
Jmjd6,0,-0.507729,-1.04247,-1.56098,-2.00414,-2.1986,-2.45613,-2.18858,-2.38438,-2.76882,-2.76882,-3,,,
Tmpo,0,-0.745689,-1.58402,-1.62819,-1.70622,-2.06253,-2.76602,-2.67565,-2.20285,-1.92572,-2.76602,-3,,,
Lama5,0,-0.158421,-0.434368,-0.890621,-1.54893,-2.32457,-2.35934,-2.44218,-2.47184,-2.76509,-2.76509,-3,,,
Smarcc1,0,-0.658625,-1.05157,-1.55582,-1.75529,-2.15873,-2.28044,-1.88095,-2.28636,-2.75603,-2.75603,-3,,,
Fscn1,0,-0.450235,-0.77511,-0.819721,-1.18509,-1.539,-1.91652,-2.25958,-2.47904,-2.74483,-2.74483,-3,,,
Tma16,0,-1.00156,-2.0699,-2.1971,-2.45685,-2.6118,-2.29532,-2.44018,-2.44042,-2.73903,-2.73903,-3,,,
Parp12,0,-0.111403,-1.09442,-1.3435,-2.26803,-1.71737,-1.95861,-2.73708,-2.21212,-1.70861,-2.73708,-3,,,
Pde1c,0,-0.313583,-1.09521,-1.51902,-1.58545,-2.23383,-1.78599,-1.81583,-1.81079,-2.73604,-2.73604,-3,,,
Kiaa1524,0,-1.02051,-2.25215,-2.28116,-2.18811,-2.35332,-2.28645,-2.73391,-2.68877,-1.67753,-2.73391,-3,,,
Dnmt1,0,-0.547556,-1.35265,-1.75384,-2.1267,-2.73053,-2.63292,-2.23566,-2.26877,-2.54581,-2.73053,-3,,,
Smc6,0,-0.837797,-1.75954,-2.29986,-2.46468,-2.61906,-2.18213,-2.56254,-2.72948,-2.33238,-2.72948,-3,,,
Rfc2,0,-1.14264,-1.93175,-2.20912,-2.6604,-2.65242,-2.72218,-2.62464,-2.72808,-2.55454,-2.72808,-3,,,
Rfc1,0,-1.12693,-2.14095,-2.16234,-2.42341,-2.5277,-2.65367,-2.64881,-2.72522,-2.64193,-2.72522,-3,,,
Nup50,0,-0.445522,-1.49188,-1.97084,-2.1699,-2.67729,-2.48338,-2.61366,-2.56629,-2.71343,-2.71343,-3,,,
Hnrnpab,0,-0.856533,-1.30131,-1.50406,-1.71776,-2.11473,-2.34716,-2.19505,-2.40739,-2.70838,-2.70838,-3,,,
Cdk8,0,-1.05933,-0.754948,-1.39741,-1.30968,-2.24791,-2.10321,-1.93319,-2.06024,-2.704,-2.704,-3,,,
Celsr2,0,0.310863,0.238028,-0.217386,-0.686554,-1.28661,-2.06801,-2.69606,-2.28856,-2.20668,-2.69606,-3,,,
Ammecr1l,0,-0.917825,-1.31232,-1.31384,-1.7325,-1.64501,-1.79612,-2.04102,-1.86636,-2.69002,-2.69002,-3,,,
Cpd,0,-0.841824,-0.679455,-1.28928,-1.84265,-2.26774,-2.51129,-2.44372,-2.68996,-2.60908,-2.68996,-3,,,
Mnat1,0,-1.52822,-1.87342,-1.67397,-2.6776,-1.83558,-2.63759,-1.62218,-1.75314,-1.71391,-2.6776,-3,,,
Lrrc41,0,-0.424785,-1.15553,-1.57191,-1.79114,-2.67094,-1.88296,-1.92856,-2.34555,-2.62376,-2.67094,-3,,,
Zak,0,0.0107203,-1.32809,-1.34187,-1.81951,-2.11793,-1.96139,-2.67061,-2.18302,-2.37366,-2.67061,-3,,,
Marcksl1,0,-0.000892639,-0.477449,-0.412916,-1.15792,-1.13323,-1.84631,-2.0989,-2.63367,-2.66306,-2.66306,-3,,,
Apbb2,0,-0.568943,-0.616854,-1.60992,-0.978996,-1.76842,-1.88214,-1.64959,-1.53852,-2.66249,-2.66249,-3,,,
Gbp2,0,-1.0732,-1.37662,-1.84292,-1.97795,-2.15693,-1.7693,-1.73106,-2.66133,-2.12867,-2.66133,-3,,,
Flnb,0,0.0349979,-0.113226,-0.497967,-0.923805,-1.56193,-1.97243,-2.19426,-2.32001,-2.64811,-2.64811,-3,,,
Pbdc1,0,-0.570391,-1.05519,-1.2481,-1.55486,-1.75994,-1.80548,-1.75236,-1.98333,-2.643,-2.643,-3,,,
Plod3,0,-0.410198,-0.0417938,-0.515385,-1.14806,-1.70935,-1.95733,-1.9851,-2.63865,-2.59501,-2.63865,-3,,,
Lgals1,0,-0.0633183,-0.946188,-1.31006,-1.75414,-1.88993,-2.05135,-2.63502,-2.5451,-2.20384,-2.63502,-3,,,
Cnot8,0,-0.714954,-1.72967,-1.99174,-1.73979,-2.16344,-2.15376,-2.08463,-2.62815,-2.38908,-2.62815,-3,,,
Fam107b,0,-0.121298,-0.0435314,-0.51829,-0.102768,-1.61969,-1.14337,-1.11106,-1.35944,-2.62642,-2.62642,-3,,,
Irs2,0,-0.571674,-1.26334,-1.8441,-1.60226,-2.62251,-2.34521,-1.89016,-1.92367,-2.20111,-2.62251,-3,,,
Lrrc58,0,-2.62077,-2.26068,-2.36331,-2.2971,-2.30911,-2.08102,-1.60256,-1.88861,-1.30226,-2.62077,-3,,,
Flna,0,0.0179043,0.00455284,-0.405293,-0.8929,-1.55628,-2.0491,-2.05099,-2.2109,-2.61687,-2.61687,-3,,,
Polr1e,0,-1.77572,-2.25568,-2.30542,-2.0166,-2.51351,-2.27563,-2.02614,-2.60566,-2.43472,-2.60566,-3,,,
Fau,0,-0.382812,-2.13404,-2.33605,-2.24053,-2.59271,-2.57557,-2.19568,-1.7196,-2.58495,-2.59271,-3,,,
Nup35,0,-1.10689,-1.7988,-1.89357,-2.09148,-1.72196,-2.16917,-2.58617,-2.48873,-2.32901,-2.58617,-3,,,
Rnaseh2a,0,-1.11847,-1.63873,-1.6454,-2.23739,-2.30137,-2.58338,-2.51965,-2.49125,-2.56552,-2.58338,-3,,,
Nolc1,0,-0.880558,-0.977528,-1.75429,-1.60432,-1.97465,-1.91286,-1.67871,-2.19131,-2.58156,-2.58156,-3,,,
Nedd4,0,-1.2231,-1.92156,-2.03446,-2.31273,-2.08042,-2.47005,-2.57744,-2.56615,-2.12449,-2.57744,-3,,,
Dock10,0,-0.509039,-1.44609,-2.12457,-2.24797,-2.55215,-2.27131,-2.00529,-1.91935,-2.43256,-2.55215,-3,,,
Ift74,0,0.272713,-1.23775,-1.04696,-2.54773,-1.64433,-1.43328,-1.70595,-0.670912,-1.43982,-2.54773,-3,,,
Rfc5,0,-0.918037,-1.66125,-1.70644,-2.26158,-2.5288,-2.54573,-2.37342,-2.16212,-2.4923,-2.54573,-3,,,
Kdelc1,0,-0.110472,-0.719254,-0.962921,-1.22215,-1.58846,-1.75979,-1.71712,-2.07759,-2.54249,-2.54249,-3,,,
Map1b,0,1.04389,0.555183,-0.105869,-0.788431,-1.5255,-2.04758,-2.18896,-2.33505,-2.53985,-2.53985,-3,,,
Ptma,0,-0.839628,-0.969561,-1.392,-1.79289,-2.00501,-2.02358,-2.15844,-2.25998,-2.5305,-2.5305,-3,,,
Tubb5,0,-0.0773544,-0.635828,-0.91511,-1.13452,-1.67183,-1.95382,-2.21154,-2.17393,-2.5278,-2.5278,-3,,,
Colgalt2,0,-0.037384,-0.0254574,-0.716042,-0.87669,-2.2222,-1.68505,-1.33903,-1.53814,-2.5131,-2.5131,-3,,,
Btf3,0,-0.472927,-1.01859,-1.59789,-1.62836,-2.1162,-1.99134,-1.95514,-2.21109,-2.5091,-2.5091,-3,,,
Glt8d1,0,-0.360569,-0.952869,-1.34393,-1.12755,-2.06999,-1.86838,-2.35141,-2.48586,-2.50685,-2.50685,-3,,,
Dnajc9,0,-1.14633,-1.90408,-1.70413,-2.18391,-2.13596,-2.46376,-2.48454,-2.50032,-2.23272,-2.50032,-3,,,
Pold1,0,-0.984884,-2.10814,-2.04252,-2.18547,-2.15796,-2.06492,-2.49814,-2.07944,-2.27158,-2.49814,-3,,,
Mrgbp,0,0.253547,-1.63024,-1.79762,-2.16799,-1.58413,-2.09944,-2.49718,-1.79363,-1.55262,-2.49718,-3,,,
Ybx1,0,0.0832691,-1.06278,-1.59374,-1.70684,-2.13342,-1.85677,-2.14678,-2.0051,-2.4892,-2.4892,-3,,,
Srpk1,0,-0.860439,-0.946745,-1.27581,-1.45478,-2.41923,-1.93591,-1.79643,-1.84726,-2.48629,-2.48629,-3,,,
Xylt1,0,-0.255369,-1.04355,-1.96438,-1.44672,-2.48415,-1.93195,-1.73449,-2.07164,-2.21301,-2.48415,-3,,,
Nop14,0,-0.96221,-2.02986,-2.47951,-2.33464,-2.11824,-2.15266,-2.35312,-2.34251,-2.48319,-2.48319,-3,,,
Phf6,0,0.387175,-1.77916,-1.88654,-2.31177,-1.98864,-2.4674,-2.47308,-2.06808,-2.45881,-2.47308,-3,,,
Hdac9;Hdac5,0,-2.46636,0.135368,0.0889378,-0.259329,-0.35594,-0.452177,-0.0858822,-0.481205,-0.220993,-2.46636,-3,,,
Golm1,0,-0.189981,-0.209297,-0.331455,-0.459719,-1.61052,-1.2282,-1.16252,-1.52386,-2.46125,-2.46125,-3,,,
Zeb1,0,-1.05503,-1.58197,-1.64555,-2.02597,-2.04417,-2.20717,-2.25994,-2.44729,-2.46008,-2.46008,-3,,,
Ikbip,0,0.67935,0.67687,0.4254,-0.0269432,-0.803352,-1.25036,-1.25768,-1.92756,-2.45926,-2.45926,-3,,,
Cetn2,0,-0.737659,-1.72978,-1.85396,-1.89802,-2.45608,-2.10921,-2.22446,-2.07269,-2.08019,-2.45608,-3,,,
Nsdhl,0,0.390326,-0.373873,-1.15289,-1.58445,-2.38173,-2.3365,-2.17932,-2.04978,-2.44342,-2.44342,-3,,,
Fam114a1,0,0.776653,0.396963,-0.206821,-0.420975,-0.971113,-1.14935,-2.43802,-2.04762,-1.58168,-2.43802,-3,,,
Cad,0,-0.556236,-1.13875,-1.60966,-1.82131,-2.4362,-2.0803,-2.11738,-2.17145,-2.30609,-2.4362,-3,,,
Grwd1,0,-0.836437,-1.21641,-1.56236,-1.76992,-1.9428,-2.34886,-2.43225,-2.32213,-2.34835,-2.43225,-3,,,
Rbm3,0,0.341301,-0.460979,-0.813211,-1.30274,-1.44534,-2.08248,-2.20638,-2.22825,-2.42683,-2.42683,-3,,,
Anxa6,0,-0.0966568,-0.715298,-1.01689,-1.54253,-1.84658,-2.21846,-2.4255,-2.41633,-2.25163,-2.4255,-3,,,
Nup210,0,-1.26576,-2.13398,-2.39596,-2.01215,-1.91577,-2.08002,-2.30617,-2.42129,-1.92547,-2.42129,-3,,,
Smn1,0,-0.375018,-1.47157,-1.82136,-2.41821,-1.83441,-1.7433,-2.25587,-2.35697,-2.03202,-2.41821,-3,,,
Raly,0,-0.716766,-1.54394,-1.53164,-1.50336,-1.97709,-2.00615,-2.06684,-2.20166,-2.40483,-2.40483,-3,,,
Chn2,0,-0.718426,-1.22608,-1.37498,-1.54547,-1.95266,-1.88833,-1.82922,-1.92608,-2.40317,-2.40317,-3,,,
Mrto4,0,-1.08556,-1.87706,-1.87589,-2.03245,-2.40248,-2.04558,-2.25994,-2.16318,-2.28347,-2.40248,-3,,,
Heatr3,0,-0.426327,-0.697643,-1.19303,-1.16003,-1.60065,-1.58499,-1.55167,-1.97199,-2.39472,-2.39472,-3,,,
Rfc4,0,-1.00305,-1.86232,-1.98239,-2.36129,-2.36661,-2.3495,-2.39316,-2.26909,-2.24844,-2.39316,-3,,,
Tpd52,0,-0.32288,-0.689539,-0.899408,-1.22863,-1.46468,-1.79465,-2.38571,-2.13786,-2.05914,-2.38571,-3,,,
Ahsa2,0,-0.398621,-0.903879,-1.17394,-1.51544,-1.77559,-1.72207,-1.97049,-2.38545,-2.11446,-2.38545,-3,,,
Cyb5r4,0,0.0526381,-0.560998,-1.05383,-1.25333,-0.760982,-1.56919,-1.0363,-1.78487,-2.37837,-2.37837,-3,,,
Smarcad1,0,-1.16483,-1.73121,-1.97914,-2.24972,-2.25689,-2.27955,-2.29901,-2.31037,-2.37717,-2.37717,-3,,,
Nup214,0,-0.651276,-1.43805,-1.70175,-1.77242,-1.85851,-2.25987,-2.26915,-2.37651,-2.22132,-2.37651,-3,,,
Cd109,0,0.490028,0.382706,0.0398178,-0.317009,-1.52784,-1.67963,-2.22874,-2.37469,-2.35676,-2.37469,-3,,,
Psat1,0,-0.787991,-1.32983,-1.40468,-1.68279,-2.14418,-2.06004,-2.24638,-2.32023,-2.36866,-2.36866,-3,,,
Hmgb3,0,-0.608395,-1.15081,-1.16632,-1.75538,-1.62309,-1.95258,-2.12914,-2.36482,-2.12367,-2.36482,-3,,,
Pa2g4,0,-0.510286,-1.05519,-1.35478,-1.69966,-2.05669,-1.93801,-1.97251,-2.16101,-2.36231,-2.36231,-3,,,
Ubap2,0,-0.42515,-0.975584,-1.46318,-1.54774,-2.06457,-2.00889,-1.80025,-2.0773,-2.36185,-2.36185,-3,,,
Tcaf1,0,-0.119503,-1.90327,-1.96671,-2.07023,-2.07355,-2.22199,-2.12966,-1.46378,-2.36029,-2.36029,-3,,,
Polr2d,0,-0.410294,-1.61401,-1.57902,-1.77054,-1.85677,-1.49427,-1.84538,-1.53784,-2.35732,-2.35732,-3,,,
Nudcd1,0,-0.275517,-1.27007,-1.65437,-1.87968,-2.21103,-2.01432,-2.16823,-2.08653,-2.3506,-2.3506,-3,,,
Dph6,0,-0.0862255,-0.957975,-1.33734,-1.50573,-1.88054,-1.7881,-1.97076,-1.9591,-2.34955,-2.34955,-3,,,
Ercc6l,0,-0.630571,-1.91931,-1.98558,-2.10288,-2.28751,-1.9284,-1.95753,-1.53828,-2.34941,-2.34941,-3,,,
Rcn3,0,0.820128,0.285346,-0.165403,-1.14498,-1.57926,-1.75305,-2.08934,-2.15945,-2.34788,-2.34788,-3,,,
Chst7,0,-0.198935,-0.159586,-0.459295,-0.538822,-1.47605,-1.06433,-0.977776,-1.55911,-2.34304,-2.34304,-3,,,
Taf11,0,-0.888849,-1.2182,-1.29124,-2.3354,-1.49266,-0.910073,-0.937295,-1.31238,-1.2633,-2.3354,-3,,,
Mfap1a,0,-0.221785,-1.45834,-1.99485,-2.03279,-1.86666,-1.82187,-1.52953,-2.21306,-2.33293,-2.33293,-3,,,
Rcor1,0,0.0051918,-1.10164,-1.13947,-1.53365,-2.01702,-2.02559,-2.1502,-1.73182,-2.33192,-2.33192,-3,,,
Armc9,0,-0.546566,-0.604686,-0.886692,-0.812449,-1.52895,-1.81488,-0.795734,-0.660251,-2.32946,-2.32946,-3,,,
Pes1,0,-1.04243,-1.72142,-1.95363,-1.90834,-2.31863,-2.20401,-2.18006,-2.26746,-2.32465,-2.32465,-3,,,
Lepre1,0,0.584148,-0.0400696,-0.41235,-0.90933,-1.21295,-1.66627,-2.05316,-1.96681,-2.32344,-2.32344,-3,,,
Prpf38a,0,-0.43959,-1.4583,-1.38904,-1.86906,-2.08131,-1.66717,-2.14548,-2.3221,-2.28288,-2.3221,-3,,,
Galnt7,0,-0.125273,-0.431316,-0.698584,-1.14466,-1.73824,-1.96726,-2.23387,-1.9554,-2.32081,-2.32081,-3,,,
Bche,0,-0.573095,-1.06736,-1.31505,-1.65621,-2.06243,-1.94608,-2.0985,-2.30178,-2.31646,-2.31646,-3,,,
Morf4l2,0,0.0041275,-1.11012,-1.99843,-1.31829,-2.22548,-2.3081,-1.75668,-1.96868,-2.22399,-2.3081,-3,,,
Esf1,0,-1.84466,-2.30788,-2.1815,-2.28928,-1.94327,-1.87311,-1.81857,-2.11676,-1.75163,-2.30788,-3,,,
Ssna1,0,-0.749634,-1.4172,-2.04627,-1.82778,-1.76883,-2.30534,-1.79528,-2.05252,-1.63701,-2.30534,-3,,,
Ddx20,0,-0.77047,-0.922071,-1.54622,-1.45792,-2.30451,-2.06412,-1.86729,-1.98471,-2.10966,-2.30451,-3,,,
Mvd,0,0.480234,-0.510555,-1.17807,-1.55149,-2.30102,-1.80337,-1.72079,-1.61589,-2.17121,-2.30102,-3,,,
Epb41l4a,0,0.424928,0.191213,0.16542,0.243722,-0.323433,-0.953079,-0.469847,-0.920439,-2.29946,-2.29946,-3,,,
Pgap1,0,-0.608915,-1.19387,-1.35691,-1.77747,-1.91555,-2.26624,-2.22916,-2.21395,-2.29733,-2.29733,-3,,,
Uri1,0,-0.0683327,-0.917121,-1.12033,-1.63803,-2.15877,-1.89204,-1.56927,-1.57618,-2.28316,-2.28316,-3,,,
Ipo11,0,-0.474428,-1.28951,-1.59043,-1.77173,-1.84203,-1.96853,-2.28164,-1.88186,-1.95705,-2.28164,-3,,,
Tpm4,0,-0.107901,-0.587221,-0.907393,-1.32508,-1.71986,-1.95652,-2.25436,-2.28061,-2.23216,-2.28061,-3,,,
Stk10,0,-0.292048,-0.912504,-1.30947,-1.39753,-1.94234,-2.1021,-1.82093,-1.99983,-2.2792,-2.2792,-3,,,
Chsy1,0,-0.170286,-0.505367,-1.2317,-0.94536,-2.08786,-1.96725,-1.85122,-2.1717,-2.27916,-2.27916,-3,,,
Fgfr1op,0,0.676835,-1.21887,-1.24027,-1.38744,-1.52286,-2.2758,-1.99363,-1.94541,-1.58184,-2.2758,-3,,,
Ranbp1,0,-0.142714,-1.04928,-1.23843,-1.67208,-1.87794,-1.82185,-1.89929,-1.88378,-2.27522,-2.27522,-3,,,
Ccdc25,0,-0.54496,-1.13162,-1.25084,-1.54622,-2.10202,-2.26502,-2.00031,-1.97012,-2.27435,-2.27435,-3,,,
Ina,0,-0.591941,-0.655075,-1.34661,-1.62023,-2.23969,-2.2401,-2.27283,-2.21582,-2.01112,-2.27283,-3,,,
Mmp15,0,-0.0413723,-0.618856,-0.895813,-1.11511,-1.63396,-1.83339,-1.86662,-1.87419,-2.26244,-2.26244,-3,,,
Etf1,0,-0.418808,-1.049,-1.23512,-1.4257,-1.92276,-1.80528,-1.88339,-1.95635,-2.25814,-2.25814,-3,,,
Aprt,0,-0.593065,-0.980639,-1.17586,-1.45807,-1.94747,-1.96825,-2.25615,-2.21358,-2.05152,-2.25615,-3,,,
Carm1,0,-0.507217,-0.831554,-1.06911,-1.25652,-1.68883,-1.65651,-2.25503,-2.03968,-1.94972,-2.25503,-3,,,
Klhl13,0,-0.498707,-0.804789,-1.44217,-1.23365,-1.7113,-2.08435,-2.09375,-2.25461,-1.75199,-2.25461,-3,,,
Setdb1,0,-0.703079,-1.63439,-1.88265,-1.79804,-2.02784,-1.9171,-2.24928,-2.01631,-2.12418,-2.24928,-3,,,
Ercc5,0,-0.36888,-1.85074,-2.24468,-2.07825,-1.77123,-1.69777,-1.62003,-1.14342,-1.59009,-2.24468,-3,,,
Hist1h4a,0,0.0806427,-1.84201,-1.8681,-2.23866,-2.03457,-1.6027,-1.74478,-1.36291,-1.417,-2.23866,-3,,,
St3gal6,0,0.28586,-0.221136,-1.23457,-1.1343,-1.87448,-1.70713,-2.08215,-1.868,-2.23825,-2.23825,-3,,,
Nudt1,0,-1.3511,-2.05243,-1.88189,-2.15555,-1.98283,-2.23537,-1.80337,-1.68107,-2.06261,-2.23537,-3,,,
Nudc,0,-0.639952,-1.18082,-1.63644,-1.80611,-2.22754,-2.05728,-1.97881,-2.08806,-2.20558,-2.22754,-3,,,
Sort1,0,0.647928,0.900182,0.866673,-0.271163,-1.13949,-1.70588,-1.47189,-2.22718,-1.72495,-2.22718,-3,,,
Arhgef2,0,-0.620378,-1.40029,-1.83675,-2.22268,-2.01777,-1.86942,-2.0314,-2.03718,-2.03396,-2.22268,-3,,,
Sall2,0,-0.274813,-0.280853,-1.00421,-0.852785,-1.51526,-1.78,-1.46991,-1.91416,-2.2159,-2.2159,-3,,,
Pld1,0,-0.243708,-1.12263,-1.03729,-1.65288,-1.76882,-1.72544,-1.99377,-2.02742,-2.21282,-2.21282,-3,,,
Crebbp,0,-0.913305,-1.32606,-1.66504,-2.20874,-1.69757,-1.64506,-1.70873,-1.8958,-1.92484,-2.20874,-3,,,
Atm,0,-1.38886,-2.03406,-2.20671,-2.14296,-1.79657,-2.03157,-1.85678,-1.74924,-1.89621,-2.20671,-3,,,
Scd2,0,-0.158215,-0.729521,-1.38334,-1.42272,-1.97467,-1.92006,-1.8881,-2.20665,-1.37826,-2.20665,-3,,,
Tjap1,0,0.721234,0.444894,-0.00105572,-0.153232,-0.957767,-0.585342,-0.750494,-1.0906,-2.20556,-2.20556,-3,,,
Morc2a,0,-0.62233,-1.02642,-1.25292,-1.40232,-1.69595,-1.57798,-1.76997,-2.19516,-1.99077,-2.19516,-3,,,
Nubp2,0,-0.472479,-0.828474,-1.01221,-1.3161,-1.56776,-1.78776,-1.60141,-1.88695,-2.19389,-2.19389,-3,,,
Myl1;Myl3,0,-0.939972,0.208624,-0.353914,-1.05656,-0.680938,-1.23582,-1.32907,-2.19296,-1.17145,-2.19296,-3,,,
Haus5,0,-0.941637,-1.38342,-1.46522,-1.78387,-1.89516,-1.99695,-2.0732,-2.18996,-1.95198,-2.18996,-3,,,
Nup98,0,-0.985813,-1.48091,-1.59332,-1.38811,-1.63444,-1.63331,-1.75973,-2.17601,-1.84394,-2.17601,-3,,,
Lyar,0,-0.877497,-1.08613,-1.58925,-1.74795,-2.12497,-1.76138,-1.69358,-1.91948,-2.17568,-2.17568,-3,,,
Nop16,0,-1.2525,-1.71238,-1.9298,-1.96334,-1.97145,-1.91087,-2.04409,-2.06751,-2.17479,-2.17479,-3,,,
Cwc27,0,0.638186,-0.849211,-1.28012,-1.35425,-1.36675,-1.8905,-2.17155,-1.29757,-1.25465,-2.17155,-3,,,
Rfwd2,0,-0.0922499,-0.739859,-2.17098,-1.92092,-0.612704,-1.8263,-1.70181,-0.985383,-1.90358,-2.17098,-3,,,
Rab3d,0,0.244778,-0.76244,-1.2157,-1.23512,-2.16771,-0.989347,-0.778162,-0.803854,-1.13427,-2.16771,-3,,,
Thada,0,-0.557234,-0.918447,-1.57012,-1.48943,-2.04128,-1.88244,-1.87867,-1.78632,-2.1637,-2.1637,-3,,,
Pno1,0,-0.377503,-0.572191,-1.24099,-1.39422,-1.2989,-1.08703,-1.06252,-1.29763,-2.16308,-2.16308,-3,,,
Dcun1d5,0,-0.757411,-1.63796,-1.94192,-1.88544,-2.16097,-1.84636,-1.6812,-1.7022,-1.7127,-2.16097,-3,,,
Ube2e3;Ube2e2,0,-0.906012,-1.83643,-1.57704,-1.92337,-1.88457,-1.91578,-2.15915,-2.01447,-1.92882,-2.15915,-3,,,
Slc5a3,0,-1.32396,-1.36515,-1.24125,-1.08653,-1.5336,-1.84209,-2.13784,-2.15889,-1.31213,-2.15889,-3,,,
Umps,0,-0.859018,-1.51014,-1.62904,-1.84885,-2.15767,-1.89502,-1.81461,-1.95666,-1.99695,-2.15767,-3,,,
Dynlt1,0,-0.19029,-0.27352,-0.760759,-0.949209,-1.54981,-1.46171,-1.15728,-1.72868,-2.14663,-2.14663,-3,,,
Srprb,0,-0.115217,-0.920858,-1.48076,-1.54724,-1.80439,-1.53726,-1.47651,-1.68664,-2.14503,-2.14503,-3,,,
Nmd3,0,-0.740812,-1.48303,-1.86224,-1.64097,-1.91429,-2.08704,-2.14076,-1.78701,-1.93538,-2.14076,-3,,,
Znf428,0,-0.556438,-0.982008,-1.4273,-1.52753,-1.55378,-1.58292,-1.53986,-1.75134,-2.13979,-2.13979,-3,,,
Gltscr2,0,-0.736094,-1.19545,-1.41608,-0.945106,-1.75371,-1.80543,-1.90313,-2.13539,-1.74928,-2.13539,-3,,,
Chpf,0,-0.626518,-0.661335,-1.13497,-0.597359,-1.51835,-1.41704,-1.47964,-1.54539,-2.13481,-2.13481,-3,,,
Idi1,0,0.386784,-0.49053,-1.15559,-1.57101,-2.13256,-1.94303,-1.63919,-1.66118,-2.02211,-2.13256,-3,,,
Hmgn5,0,-0.386276,-0.986755,-1.14854,-1.66615,-1.57926,-1.84235,-2.12821,-1.84726,-1.69535,-2.12821,-3,,,
Mtap,0,-0.528749,-1.33058,-1.39865,-1.821,-1.78382,-1.82754,-1.99823,-1.84358,-2.12556,-2.12556,-3,,,
Hnrnpf,0,-0.663406,-1.30149,-1.28662,-1.45258,-1.73146,-1.86074,-2.01365,-1.9143,-2.12222,-2.12222,-3,,,
Gpn3,0,-0.257417,-2.12047,-1.75751,-2.05745,-1.75412,-1.7373,-1.1821,-1.17626,-1.66579,-2.12047,-3,,,
Txn,0,-0.206446,-0.694109,-0.568502,-1.19497,-1.49605,-1.49176,-1.66614,-1.90991,-2.1163,-2.1163,-3,,,
Ckmt1,0,-0.47712,0.23755,-0.261929,-0.556014,-1.10243,-1.56199,-2.11463,-1.71218,-1.58029,-2.11463,-3,,,
Limk2,0,-0.308412,-1.29168,-1.07626,-1.60315,-1.38029,-2.01216,-2.11169,-1.52484,-1.80873,-2.11169,-3,,,
Ythdc2,0,-2.10897,-0.165403,-0.426008,-0.467739,-0.809132,-0.703529,-0.709059,-0.840557,-0.904293,-2.10897,-3,,,
Dad1,0,0.318235,-1.66972,-1.76824,-1.43554,-1.39432,-1.79134,-1.61732,-1.34995,-2.10546,-2.10546,-3,,,
Cd2ap,0,-0.0441093,-0.209507,-0.589296,-0.95067,-1.29882,-1.61214,-1.67196,-1.83486,-2.10543,-2.10543,-3,,,
Pold2,0,0.130796,-1.71886,-2.10258,-1.63705,-1.69075,-1.37777,-0.868212,-0.137842,-1.89132,-2.10258,-3,,,
Mdc1,0,-1.07486,-1.16544,-1.37422,-1.50815,-2.03175,-2.09811,-1.98287,-1.98987,-1.95203,-2.09811,-3,,,
Prkar2b,0,0.446049,-0.906805,-0.667482,-1.07324,-0.814463,-1.45226,-1.63908,-1.57579,-2.08946,-2.08946,-3,,,
Psmb6,0,0.0426655,-0.902607,-0.583681,-1.52385,-0.974899,-1.1474,-1.05825,-1.13306,-2.08931,-2.08931,-3,,,
Serpinh1,0,0.0937195,0.280422,-0.0668964,-0.269073,-0.822283,-1.03158,-1.09347,-1.5615,-2.08738,-2.08738,-3,,,
Prpf3,0,-0.751154,-1.42542,-1.71279,-1.65674,-1.80009,-1.89435,-2.08665,-1.94356,-1.76953,-2.08665,-3,,,
MARCHF6,0,-0.738358,-1.61121,-1.71017,-2.07258,-1.84038,-1.39745,-1.36517,-1.25173,-2.03431,-2.07258,-3,,,
Casp3,0,-0.293541,-0.909344,-1.07709,-1.26246,-1.62523,-1.88571,-1.9947,-2.07012,-2.01159,-2.07012,-3,,,
Ube2d2b;Ube2d2;Ube2d3,0,-0.628269,-1.00809,-1.00688,-1.12727,-1.66313,-1.44543,-1.55088,-1.63674,-2.06961,-2.06961,-3,,,
Papd4,0,-0.794563,-1.11607,-0.921967,-1.28481,-1.41801,-1.60103,-1.39348,-2.06569,-1.71044,-2.06569,-3,,,
Prepl,0,-0.286356,-0.812292,-1.22581,-1.54502,-1.7729,-1.74598,-1.60145,-1.53864,-2.06383,-2.06383,-3,,,
Tpt1,0,-0.47978,-0.786314,-1.11654,-1.202,-1.95578,-1.78089,-1.82155,-1.91449,-2.06166,-2.06166,-3,,,
Hpf1,0,-0.745024,-1.55784,-1.68177,-1.8281,-2.0605,-1.98251,-1.78062,-1.79272,-2.03878,-2.0605,-3,,,
Acsl4,0,0.474379,-1.40098,-1.82417,-1.97547,-2.03732,-2.06038,-1.58613,-1.27397,-1.82564,-2.06038,-3,,,
Rnf126,0,-0.449418,-1.09678,-1.31257,-1.49604,-1.68249,-1.71832,-1.64783,-1.44301,-2.05638,-2.05638,-3,,,
Prps2,0,-0.382391,-1.01758,-1.32383,-1.66307,-1.99363,-1.90815,-2.01992,-1.88674,-2.05128,-2.05128,-3,,,
Akap13,0,0.110759,-0.254447,-0.516711,-0.881828,-1.16874,-1.43597,-1.31387,-1.53568,-2.05011,-2.05011,-3,,,
Phax,0,-0.613827,-1.35786,-1.60619,-1.97189,-1.67124,-1.58587,-1.59549,-1.61675,-2.04745,-2.04745,-3,,,
Swi5,0,-0.349283,-1.36502,-1.51595,-1.7876,-2.04681,-1.56122,-1.67163,-1.9808,-1.75764,-2.04681,-3,,,
Polr2h,0,-0.0644054,-0.955509,-1.66419,-2.04509,-1.53777,-1.21785,-1.80325,-1.45679,-1.73288,-2.04509,-3,,,
Apaf1,0,-0.481571,-0.794912,-0.691986,-0.962111,-1.62402,-2.04288,-2.02781,-1.88592,-1.70639,-2.04288,-3,,,
Sptlc2,0,-0.219967,-0.627579,-1.00596,-1.41979,-1.45416,-1.33899,-1.32344,-1.74651,-2.04204,-2.04204,-3,,,
Zdhhc20,0,-0.662621,-1.1544,-1.36963,-1.74365,-1.73837,-1.96062,-2.04119,-1.77272,-1.91764,-2.04119,-3,,,
Dph5,0,-0.817822,-0.768197,-1.02379,-1.32353,-1.40039,-1.08684,-1.70752,-1.65908,-2.03985,-2.03985,-3,,,
Ipo9,0,-0.461655,-0.994324,-1.22003,-1.24802,-1.74542,-1.65076,-1.92562,-2.03917,-1.83195,-2.03917,-3,,,
Spag7,0,-0.638187,-1.49703,-1.62957,-1.78938,-2.03685,-1.74069,-1.73568,-1.71973,-1.61293,-2.03685,-3,,,
Gpd1,0,-0.280575,-0.308805,-0.198627,-0.572659,-1.01827,-1.39864,-1.73392,-2.03663,-1.90565,-2.03663,-3,,,
Smchd1,0,-0.804598,-1.15463,-1.37846,-1.58922,-1.67559,-1.89427,-2.02105,-2.03387,-1.85147,-2.03387,-3,,,
Man2a1,0,0.78207,0.428541,-0.184465,-0.397194,-1.24474,-1.47476,-1.33534,-1.46019,-2.03057,-2.03057,-3,,,
Slc35a1,0,0.250976,-0.47541,-0.945339,-1.22982,-1.50335,-1.51047,-2.00235,-1.74805,-2.02989,-2.02989,-3,,,
Dhcr7,0,0.0914345,-0.477417,-1.21696,-1.26583,-2.02913,-1.82077,-1.81106,-1.95609,-1.86703,-2.02913,-3,,,
Zmat3,0,-0.499291,-1.04037,-1.036,-1.79129,-1.55464,-2.02311,-1.78401,-1.81485,-2.00899,-2.02311,-3,,,
Mtfr1,0,-1.09306,-1.16821,-1.44489,-2.02231,-1.32958,-1.36232,-1.6025,-1.93252,-1.50718,-2.02231,-3,,,
C7orf50,0,-0.72872,-1.70509,-1.64268,-2.0187,-1.84179,-1.97436,-1.97543,-1.75081,-1.92895,-2.0187,-3,,,
Dnaja1,0,-0.665474,-1.26939,-1.47432,-1.6474,-1.76485,-1.67583,-1.65092,-1.89992,-2.01295,-2.01295,-3,,,
Sox9,0,0.186152,-2.01168,-1.97107,-1.86546,-0.716035,-0.452683,-0.768264,-0.777339,-1.03568,-2.01168,-3,,,
Leo1,0,-0.735504,-0.809082,-1.28452,-1.06451,-1.40521,-1.30032,-1.2969,-2.00727,-1.35282,-2.00727,-3,,,
Lrrc59,0,-0.122219,-0.424253,-0.602615,-0.955448,-1.02122,-1.29657,-1.35149,-1.63678,-2.00341,-2.00341,-3,,,
Nmral1,0,-0.845461,-1.2332,-1.3762,-1.9083,-2.00273,-1.98261,-1.76505,-1.92854,-1.70347,-2.00273,-3,,,
Nup188,0,-0.914196,-1.56689,-1.64056,-1.5514,-1.70809,-1.72289,-2.00261,-1.93018,-1.84452,-2.00261,-3,,,
Uxt,0,-0.183805,-0.732254,-1.03892,-1.10517,-1.57562,-1.22382,-1.27193,-2.00255,-1.62773,-2.00255,-3,,,
Morf4l1,0,-0.824629,-1.69775,-1.72419,-1.92099,-2.00025,-1.87397,-1.95435,-1.74964,-1.84054,-2.00025,-3,,,
Cep97,0,-0.450756,-0.934322,-1.35135,-1.62512,-1.55858,-1.46072,-1.44143,-1.46925,-2.00021,-2.00021,-3,,,
Tbc1d1,0,-0.607321,-0.597048,-0.922871,-0.882956,-1.43993,-1.24481,-1.32613,-1.52461,-1.99995,-1.99995,-2,,,
Gkap1,0,-0.494202,-0.91828,-1.0208,-1.21455,-1.46348,-1.42478,-1.70377,-1.99991,-1.64363,-1.99991,-2,,,
Sun2,0,-0.801092,-1.45405,-1.51591,-1.74971,-1.40258,-1.53173,-1.85905,-1.99357,-1.47982,-1.99357,-2,,,
Mri1,0,-0.219002,-0.533142,-0.690208,-1.16745,-1.37424,-1.73613,-1.57507,-1.60529,-1.99241,-1.99241,-2,,,
Oard1,0,-1.47954,-1.7766,-1.63474,-1.9917,-1.60753,-1.74422,-1.64127,-1.97121,-1.64448,-1.9917,-2,,,
Cplx2;Cplx1,0,-0.30554,-1.63723,-1.32445,-1.98456,-1.23252,-1.3208,-1.07047,-0.899574,-1.03416,-1.98456,-2,,,
Slc7a6os,0,-0.210592,-1.2946,-1.61219,-1.79164,-1.77142,-1.98441,-1.84963,-1.64795,-1.93078,-1.98441,-2,,,
Hsd17b7,0,0.30287,0.175129,-0.529905,-0.556198,-1.38202,-1.53332,-1.3652,-1.5115,-1.984,-1.984,-2,,,
Ncbp2,0,-0.475653,-1.05859,-1.19895,-1.49221,-1.44884,-1.55514,-1.54181,-1.29894,-1.98392,-1.98392,-2,,,
Fpgs,0,-0.771292,-1.57553,-1.73872,-1.7062,-1.7741,-1.89031,-1.49177,-1.40456,-1.97991,-1.97991,-2,,,
Fau,0,-0.650236,-0.697987,-1.02467,-1.03522,-1.62579,-1.33926,-1.49598,-1.69651,-1.97914,-1.97914,-2,,,
Papola,0,-0.506002,-1.43088,-1.47836,-1.59032,-1.77163,-1.9784,-1.68519,-1.83207,-1.93492,-1.9784,-2,,,
Snw1,0,-0.763098,-1.56851,-1.45273,-1.39196,-1.63708,-1.45966,-1.55641,-1.97745,-1.74958,-1.97745,-2,,,
Lpcat1,0,-0.156017,-1.32449,-1.56034,-1.53447,-1.59328,-1.49134,-1.97479,-1.60891,-1.19895,-1.97479,-2,,,
Gne,0,-0.544476,-0.894464,-1.13293,-1.41844,-1.86358,-1.59232,-1.51137,-1.63643,-1.9741,-1.9741,-2,,,
Fkbp7,0,0.357536,0.0238342,-0.363144,-0.559151,-0.700935,-1.02946,-1.12787,-1.41654,-1.97335,-1.97335,-2,,,
Ppp2r1b,0,-0.216885,-0.908304,-1.07979,-1.24187,-1.59193,-1.51435,-1.6613,-1.58031,-1.97115,-1.97115,-2,,,
Slc2a9,0,-0.210697,-1.51731,-1.31127,-1.67037,-1.27285,-1.2904,-1.44083,-1.28223,-1.97013,-1.97013,-2,,,
Rbm22,0,-0.794451,-1.35211,-1.45223,-1.90292,-1.77825,-1.74638,-1.77224,-1.96743,-1.77118,-1.96743,-2,,,
Rps27,0,0.546305,-1.18625,-1.46082,-1.25428,-1.34866,-1.33324,-1.23642,-1.50301,-1.96726,-1.96726,-2,,,
Cdk12,0,-0.484837,-1.07688,-1.28915,-1.54131,-1.69599,-1.72657,-1.40309,-1.61359,-1.96321,-1.96321,-2,,,
Trim44,0,-0.608762,-0.420853,-0.745793,-0.822211,-1.50671,-1.95961,-0.836179,-0.988818,-1.85375,-1.95961,-2,,,
Mov10,0,-0.180588,0.411251,0.178709,-0.156418,-0.363566,-1.24864,-1.72713,-1.90217,-1.95916,-1.95916,-2,,,
Ppt2,0,-0.0270309,-1.28873,-1.29863,-1.40287,-1.31245,-1.46323,-1.25999,-0.843018,-1.95794,-1.95794,-2,,,
Sirpa,0,-1.34707,-1.95485,-1.39176,-1.6864,0.237635,-0.395973,-0.276867,-0.0609169,0.74501,-1.95485,-2,,,
Haus7,0,-0.555218,-0.676789,-1.20575,-1.26217,-1.55102,-1.85649,-1.53606,-1.65804,-1.95098,-1.95098,-2,,,
Diexf,0,-0.975477,-1.32642,-1.68601,-1.71074,-1.83794,-1.62263,-1.94696,-1.75158,-1.90854,-1.94696,-2,,,
Tango6,0,-0.152363,-0.88929,-1.12345,-0.933155,-1.41065,-1.32874,-1.94632,-1.64519,-1.42923,-1.94632,-2,,,
Shroom4,0,0.55509,-0.173356,-0.764717,-0.810854,-1.42734,-0.529887,-0.827051,-0.990966,-1.94621,-1.94621,-2,,,
Mbip,0,-1.94568,-0.214649,0.114964,-0.543424,-0.517891,-0.854417,-0.497346,-0.753888,-0.682553,-1.94568,-2,,,
Abcb1a;Abcb1b,0,-1.01505,-1.88161,-1.69046,-1.94546,-1.60364,-1.58468,-1.54358,-1.42034,-1.38148,-1.94546,-2,,,
Tfrc,0,-0.58457,-0.939739,-1.29535,-1.63175,-1.94537,-1.61953,-1.61692,-1.70354,-1.75653,-1.94537,-2,,,
Pom121,0,-1.17693,-1.57235,-1.4977,-1.42933,-1.94424,-1.4555,-1.73803,-1.73731,-1.71474,-1.94424,-2,,,
Nsun2,0,-0.659206,-0.94603,-1.23566,-1.3926,-1.7559,-1.72243,-1.79294,-1.94279,-1.94166,-1.94279,-2,,,
Atf7ip,0,0.324286,-0.877062,-1.06169,-1.4508,-1.94186,-1.26606,-1.46902,-1.31649,-1.69708,-1.94186,-2,,,
Krcc1,0,-0.381304,-1.94011,-1.14593,-1.92008,-1.77053,-1.17695,-1.07251,-1.19584,-0.857796,-1.94011,-2,,,
Polr2e,0,-0.531939,-1.65473,-1.89434,-1.78808,-1.64013,-1.60891,-1.49426,-1.23896,-1.93748,-1.93748,-2,,,
Mmtag2,0,-0.659256,-1.01279,-1.36374,-1.44065,-1.57823,-1.61864,-1.76869,-1.93744,-1.75723,-1.93744,-2,,,
Otud5,0,-0.683397,-1.29973,-1.4827,-1.44485,-1.4882,-1.39925,-1.64355,-1.93615,-1.54381,-1.93615,-2,,,
Nup54,0,-0.730425,-1.52404,-1.2798,-1.14981,-1.44696,-1.32574,-1.93493,-1.72649,-1.28896,-1.93493,-2,,,
Gbp4,0,-0.5571,-1.70958,-1.77835,-1.93153,-1.72707,-1.86088,-1.82655,-1.78185,-1.61123,-1.93153,-2,,,
Sorcs1,0,-0.728594,-0.419905,-0.399323,-0.830122,-1.09188,-1.09306,-1.27293,-1.4232,-1.92192,-1.92192,-2,,,
Tmem41a,0,-0.207146,-0.83347,-0.885669,-1.12747,-1.2999,-1.19339,-1.35841,-1.728,-1.92163,-1.92163,-2,,,
Nup160,0,-0.979761,-1.32923,-1.54509,-1.3361,-1.42366,-1.49791,-1.63172,-1.92036,-1.69503,-1.92036,-2,,,
Dclk1,0,0.128239,-0.117189,-0.501867,-0.610386,-1.30597,-1.20476,-0.990416,-1.16864,-1.91977,-1.91977,-2,,,
Parp1,0,-0.701721,-1.0295,-1.2113,-1.47556,-1.47337,-1.73475,-1.73909,-1.91934,-1.88057,-1.91934,-2,,,
Clic1,0,-0.32143,-0.735554,-0.846846,-1.21685,-1.2359,-1.39185,-1.3924,-1.66659,-1.91816,-1.91816,-2,,,
Sart1,0,-0.432604,-1.18393,-1.45879,-1.34423,-1.60172,-1.76631,-1.91613,-1.70804,-1.6102,-1.91613,-2,,,
Lrrc8c,0,0.26465,0.089159,-0.221939,-0.338081,-0.77392,-1.03716,-0.644897,-1.27538,-1.9156,-1.9156,-2,,,
Npm1,0,-0.686859,-0.824825,-1.12269,-1.20361,-1.72239,-1.7257,-1.792,-1.91556,-1.59605,-1.91556,-2,,,
Pfn1,0,-0.405872,-0.668196,-0.857515,-1.29181,-1.44038,-1.39885,-1.51135,-1.77653,-1.91434,-1.91434,-2,,,
Rpa3,0,-0.68535,-1.53227,-1.18695,-1.83778,-1.37716,-1.65745,-1.91273,-1.60157,-1.68734,-1.91273,-2,,,
Dnajc10,0,-0.154713,-0.23881,-0.53204,-0.938643,-1.18835,-1.4347,-1.53107,-1.67004,-1.91244,-1.91244,-2,,,
Utp14b;Utp14a,0,-0.650855,-1.47213,-1.86503,-1.32158,-1.34626,-1.69181,-1.76199,-1.90983,-1.40806,-1.90983,-2,,,
Fam117b,0,1.5612,0.609988,-0.310895,0.0935736,-0.997621,-0.679372,-0.737019,-0.492911,-1.9049,-1.9049,-2,,,
Glrx3,0,-0.263796,-0.841166,-1.01603,-1.20784,-1.54784,-1.50315,-1.48933,-1.58475,-1.90067,-1.90067,-2,,,
C1galt1c1,0,0.167492,-0.414338,-0.797944,-1.03487,-0.853677,-1.18307,-0.635359,-0.52157,-1.90039,-1.90039,-2,,,
Nabp2,0,-0.432877,-0.848919,-0.951005,-1.05188,-1.79676,-1.05959,-1.18455,-1.89994,-1.75342,-1.89994,-2,,,
Zmat2,0,-0.58172,-1.39731,-1.67234,-1.7979,-1.45601,-1.41691,-1.77774,-1.89848,-1.76272,-1.89848,-2,,,
Lrch2,0,-0.743452,-1.31742,-1.72813,-1.53876,-1.89397,-1.60768,-1.70454,-1.75974,-1.59203,-1.89397,-2,,,
Cast,0,-0.0593367,-0.1169,-0.523794,-0.810387,-1.27506,-1.4904,-1.60242,-1.78478,-1.89331,-1.89331,-2,,,
Tp53bp1,0,-0.509703,-0.945669,-0.933187,-0.630116,-1.44674,-1.60172,-1.68176,-1.68566,-1.89309,-1.89309,-2,,,
Ciapin1,0,-0.206062,-0.373308,-0.773264,-0.758362,-1.25438,-1.22074,-1.01346,-1.32974,-1.89285,-1.89285,-2,,,
Lrrfip1,0,-0.193949,-0.3652,-0.870256,-1.08611,-1.74024,-1.24961,-1.05799,-1.23742,-1.89132,-1.89132,-2,,,
Sfr1,0,-0.789848,-0.83952,-1.00695,-1.19168,-1.30589,-1.12935,-0.511541,-1.05454,-1.89016,-1.89016,-2,,,
Eif5a,0,-0.342442,-0.780294,-0.876141,-1.27757,-1.49248,-1.39218,-1.55348,-1.48406,-1.88821,-1.88821,-2,,,
Rpl23,0,-0.312271,-0.880116,-1.00906,-1.1337,-1.36647,-1.21179,-1.29533,-1.50617,-1.88665,-1.88665,-2,,,
Cep85,0,0.326326,-0.919189,-1.57712,-1.27274,-1.69402,-1.20083,-0.568057,-0.794335,-1.883,-1.883,-2,,,
Bhlhb9,0,-0.692856,-0.573544,-0.608959,-0.904583,-0.942638,-1.15355,-0.904409,-1.44291,-1.88197,-1.88197,-2,,,
Nup133,0,-0.768616,-1.27154,-1.4194,-1.37958,-1.7478,-1.54542,-1.75399,-1.41982,-1.88118,-1.88118,-2,,,
Ndel1,0,-0.203692,-0.643096,-0.832018,-0.600494,-1.46243,-1.38358,-1.0978,-0.564957,-1.88006,-1.88006,-2,,,
Ddx55,0,-0.702929,-1.47023,-1.62929,-1.68184,-1.8787,-1.82261,-1.67885,-1.80958,-1.7038,-1.8787,-2,,,
Psmg3,0,-0.533735,-0.979769,-1.16649,-1.44731,-1.75067,-1.61548,-1.74365,-1.59852,-1.87826,-1.87826,-2,,,
Polrmt,0,-0.958295,-1.64354,-1.87765,-1.28907,-1.33413,-0.881543,-0.987726,-0.291178,-0.155933,-1.87765,-2,,,
Mybbp1a,0,-0.693863,-1.14896,-1.67934,-1.40948,-1.87749,-1.64285,-1.69151,-1.80394,-1.75321,-1.87749,-2,,,
Sf3b5,0,-0.321295,-0.835724,-1.18446,-1.10404,-1.24659,-1.21928,-1.8763,-1.42472,-1.1174,-1.8763,-2,,,
Lysmd2,0,0.429441,-1.47333,-1.67987,-1.39711,-1.78209,-1.49914,-1.8758,-1.29405,-1.23964,-1.8758,-2,,,
Srsf9,0,-0.303782,-0.790169,-0.993082,-0.812023,-1.70638,-1.87533,-1.70121,-1.67682,-1.73572,-1.87533,-2,,,
Sf3a2,0,-0.58939,-1.06239,-1.07199,-1.26728,-1.22799,-1.43286,-1.84987,-1.87308,-1.33435,-1.87308,-2,,,
Prmt1,0,-0.337276,-1.01659,-0.971851,-1.40695,-1.31957,-1.3566,-1.30283,-1.53116,-1.87268,-1.87268,-2,,,
Ppp1r14b,0,-0.793163,0.0292854,-0.00149345,-0.353405,-0.515467,-0.682747,0.174372,-0.998232,-1.87137,-1.87137,-2,,,
Hn1,0,-0.440359,-0.99601,-1.10843,-1.6898,-1.32565,-1.53481,-1.72481,-1.50705,-1.87066,-1.87066,-2,,,
Raver1,0,-0.246944,-1.00914,-1.17886,-1.44923,-1.60255,-1.7158,-1.68245,-1.54496,-1.86282,-1.86282,-2,,,
Colgalt1,0,-0.0750751,-0.0556736,-0.44536,-0.938505,-1.42178,-1.86265,-1.74344,-1.41488,-1.75503,-1.86265,-2,,,
Hist1h2ah;H2afj;Hist2h2ac;Hist1h2ak;Hist1h2af;Hist3h2a;Hist2h2aa1,0,0.0161037,-1.49439,-1.74298,-1.8625,-1.82424,-1.4428,-1.53306,-1.27441,-1.40147,-1.8625,-2,,,
Zc3h15,0,-0.416546,-0.641405,-0.98914,-1.02205,-1.40535,-1.35823,-1.13128,-1.36662,-1.85944,-1.85944,-2,,,
Naca,0,-0.5138,-1.35354,-1.34393,-1.65016,-1.53851,-1.41307,-1.37377,-1.44824,-1.85893,-1.85893,-2,,,
Fam118b,0,-0.607231,-1.04489,-1.15095,-1.2287,-1.51367,-1.66865,-1.65053,-1.85751,-1.72467,-1.85751,-2,,,
Olig2;Olig3,0,-0.0330572,-1.24086,-1.20874,-0.904752,-1.59884,-0.992225,-1.17091,-0.679131,-1.85706,-1.85706,-2,,,
Dglucy,0,-0.483181,-0.890102,-0.977945,-1.18038,-1.05589,-1.63506,-1.84515,-1.8532,-1.7081,-1.8532,-2,,,
Suco,0,-0.409094,-0.913343,-1.19996,-1.12491,-1.47299,-1.30711,-1.85289,-1.45981,-1.11378,-1.85289,-2,,,
Gtf2e1,0,-0.541325,-1.01744,-1.33781,-1.44759,-1.70809,-1.5926,-1.63771,-1.82612,-1.85227,-1.85227,-2,,,
Iqgap2,0,-0.241236,-0.416847,-0.445419,-0.58997,-0.806681,-1.25868,-1.57736,-1.76871,-1.85213,-1.85213,-2,,,
Luc7l,0,-0.537512,-0.829645,-0.923035,-1.19906,-1.26471,-1.61061,-1.64269,-1.85061,-1.33914,-1.85061,-2,,,
Skiv2l2,0,-0.913111,-1.18346,-1.38615,-1.33445,-1.84923,-1.70658,-1.56912,-1.68063,-1.63351,-1.84923,-2,,,
Ddx56,0,-1.12238,-1.77637,-1.84706,-1.73324,-1.7992,-1.78144,-1.74602,-1.76574,-1.43991,-1.84706,-2,,,
Mapk8,0,0.396938,-1.07388,-1.3271,-1.07397,-1.23188,-1.48907,-1.25747,-1.35908,-1.84646,-1.84646,-2,,,
Med25,0,-0.560211,-0.770662,-1.15166,-1.23517,-1.26937,-1.38523,-1.65612,-1.84572,-1.60964,-1.84572,-2,,,
Drg1,0,-0.288212,-0.708332,-1.02868,-1.02828,-1.58359,-1.44008,-1.36611,-1.48849,-1.84479,-1.84479,-2,,,
Lsg1,0,-0.316246,-1.12444,-1.61286,-1.39259,-1.51081,-1.47903,-1.84378,-1.63284,-1.5343,-1.84378,-2,,,
Acot7,0,0.00235558,-0.459295,-0.650747,-0.865887,-1.64509,-1.32451,-1.38973,-1.55386,-1.84252,-1.84252,-2,,,
Lrrn1,0,-1.84018,-0.584223,0.715485,-0.429287,1.71452,0.132448,-0.249094,-0.215322,1.46966,-1.84018,-2,,,
Prpf4,0,-0.792479,-1.46608,-1.57823,-1.56693,-1.75578,-1.73091,-1.83651,-1.77235,-1.683,-1.83651,-2,,,
Ankrd11,0,0.243097,-0.970358,-1.52934,-1.35407,-1.52195,-1.19328,-1.4118,-1.37525,-1.83396,-1.83396,-2,,,
Vrk1,0,-0.628754,-1.14033,-1.40073,-1.61472,-1.75759,-1.83128,-1.71302,-1.81223,-1.67786,-1.83128,-2,,,
Snrpd1,0,-0.434469,-1.47347,-1.33011,-1.38225,-1.48399,-1.59857,-1.82864,-1.53436,-1.43052,-1.82864,-2,,,
Prmt5,0,-0.491407,-0.845835,-1.09398,-1.26077,-1.64214,-1.39385,-1.35738,-1.52702,-1.82822,-1.82822,-2,,,
Rbm7,0,-0.708647,-1.16363,-1.30368,-1.11151,-1.82818,-1.64996,-1.63565,-1.73262,-1.60124,-1.82818,-2,,,
Rpl38,0,-0.526403,-0.746977,-0.839855,-0.858961,-1.21889,-1.16152,-1.35507,-1.50303,-1.82693,-1.82693,-2,,,
Gas7,0,-0.494404,-1.30762,-1.22014,-1.82372,-1.12812,-1.6262,-1.2582,-1.42182,-1.12586,-1.82372,-2,,,
Nhp2,0,-1.0073,-1.38956,-1.51145,-1.352,-0.976973,-1.45684,-1.82302,-1.03236,-0.839462,-1.82302,-2,,,
Eif1ad,0,-0.767454,-0.595909,-0.900087,-1.01301,-1.44502,-1.27079,-1.60418,-1.63234,-1.81969,-1.81969,-2,,,
Timm17a,0,-1.07095,-1.41498,-1.56651,-1.23686,-1.818,-1.33217,-1.08759,-1.26129,-1.28903,-1.818,-2,,,
Prmt3,0,-0.49329,-1.52966,-1.61501,-1.70725,-1.77241,-1.75221,-1.26662,-1.58204,-1.81797,-1.81797,-2,,,
Hmg20b,0,-0.111824,0.00576496,-0.243769,-1.10142,-0.89987,-0.965144,-1.07934,-0.823948,-1.81776,-1.81776,-2,,,
Golph3,0,-0.549646,-0.673096,-0.751711,-0.680065,-1.38803,-1.07756,-1.00666,-1.35435,-1.81625,-1.81625,-2,,,
Pdcl3,0,-0.501736,-1.16064,-1.61744,-1.80291,-1.80737,-1.64736,-1.75276,-1.81578,-1.67097,-1.81578,-2,,,
Akap8,0,-0.455256,-1.22133,-1.41731,-1.59531,-1.69748,-1.58508,-1.79114,-1.81498,-1.73965,-1.81498,-2,,,
Lss,0,0.60194,-0.268116,-1.02982,-1.41117,-1.81218,-1.64695,-1.49594,-0.998978,-1.58274,-1.81218,-2,,,
Myh9,0,-0.0544701,-0.338129,-0.796862,-1.33934,-1.42231,-1.58702,-1.58733,-1.80764,-1.70514,-1.80764,-2,,,
Metap2,0,-0.601328,-1.31689,-1.68076,-1.56297,-1.80644,-1.31652,-1.332,-1.49763,-1.53558,-1.80644,-2,,,
Pin4,0,-0.592138,-0.600567,-0.679045,-0.976263,-1.15366,-1.67169,-1.80597,-1.75019,-1.25553,-1.80597,-2,,,
Kcna10;Kcna1;Kcna2;Kcna3,0,-1.80572,-1.53851,-0.955808,-0.658444,-0.204691,-0.330954,-0.72244,-0.0421944,0.483747,-1.80572,-2,,,
C1galt1,0,-0.0180511,-0.529406,-0.996159,-1.05409,-1.15196,-1.31298,-1.29063,-1.43042,-1.80544,-1.80544,-2,,,
Ipo5,0,-0.524231,-0.893444,-1.13834,-1.25796,-1.79915,-1.67568,-1.49747,-1.49493,-1.69157,-1.79915,-2,,,
Zcchc8,0,-0.727606,-0.922201,-1.23317,-0.877657,-1.6296,-1.60039,-1.35486,-1.52106,-1.79869,-1.79869,-2,,,
Alad,0,-0.704384,-1.16698,-1.31174,-1.67714,-1.69408,-1.6549,-1.79801,-1.70743,-1.48846,-1.79801,-2,,,
Nudcd2,0,-0.360037,-0.816795,-0.879133,-1.39144,-1.49135,-1.42487,-1.39935,-1.42994,-1.79712,-1.79712,-2,,,
Pgam5,0,-0.348955,-0.728739,-0.668177,-0.758856,-0.589575,-1.09077,-1.18127,-0.923901,-1.79664,-1.79664,-2,,,
Sbno1,0,-0.613079,-1.06037,-1.2125,-1.43712,-1.61689,-1.71746,-1.404,-1.51358,-1.79616,-1.79616,-2,,,
Slc4a7,0,-0.708504,-1.18895,-1.45245,-1.38693,-1.76611,-1.79532,-1.49905,-1.71471,-1.74104,-1.79532,-2,,,
Phgdh,0,-0.315979,-0.888718,-0.880592,-1.23988,-1.20527,-1.53595,-1.79465,-1.72804,-1.48334,-1.79465,-2,,,
Reep1,0,0.193472,0.0234642,-0.459023,-0.846455,-0.976986,-1.5057,-1.52405,-1.79399,-1.42344,-1.79399,-2,,,
Rpl27,0,-0.339991,-0.842821,-1.00632,-1.20021,-1.41477,-1.29502,-1.17949,-1.4788,-1.79386,-1.79386,-2,,,
Bop1,0,-0.650414,-1.18741,-1.54182,-1.46251,-1.72752,-1.46224,-1.45844,-1.57303,-1.79297,-1.79297,-2,,,
Smarca4,0,-0.269064,-0.486004,-0.886063,-1.13556,-1.49424,-1.50843,-1.53309,-1.58654,-1.79168,-1.79168,-2,,,
Tubgcp6,0,-0.314184,-0.90871,-0.997154,-1.60313,-1.59163,-1.38392,-1.56494,-1.5406,-1.78803,-1.78803,-2,,,
SEPTIN3,0,-0.583389,-0.207354,-0.0280418,-0.707872,-0.58007,-1.08375,-1.78683,-1.03298,-0.064003,-1.78683,-2,,,
Smu1,0,-0.941454,-1.1968,-1.13692,-1.14416,-1.78591,-1.50104,-1.27483,-1.58343,-1.41949,-1.78591,-2,,,
Bbs7,0,-0.310343,-0.462293,-0.831004,-0.876069,-1.11556,-1.26682,-1.78434,-1.48058,-1.31041,-1.78434,-2,,,
Wbp4,0,-0.528999,-1.49969,-1.48255,-1.35502,-1.43558,-1.44161,-1.78337,-1.33261,-1.40989,-1.78337,-2,,,
Hist1h1b,0,-0.823048,-0.814672,-0.97081,-0.860289,-1.11534,-1.22495,-0.972221,-1.69438,-1.78335,-1.78335,-2,,,
Ipo7,0,-0.57132,-0.875923,-1.38639,-1.10253,-1.783,-1.51234,-1.62961,-1.41181,-1.55157,-1.783,-2,,,
Spats2,0,0.15283,-0.562483,-0.788897,-0.983288,-1.37926,-1.06466,-1.02509,-1.07714,-1.78018,-1.78018,-2,,,
Dnajc7,0,-0.682848,-1.47403,-1.72856,-1.72526,-1.75118,-1.60475,-1.69693,-1.76872,-1.77876,-1.77876,-2,,,
Ssrp1,0,-0.437992,-1.1908,-1.29952,-1.51609,-1.77805,-1.66692,-1.42071,-1.4666,-1.65433,-1.77805,-2,,,
Wapal,0,-0.411058,-0.971634,-1.16797,-1.41281,-1.63929,-1.60319,-1.77507,-1.72495,-1.55637,-1.77507,-2,,,
Igfbp3,0,0.529688,-0.655485,-0.861702,-1.16756,-1.77426,-1.06032,-0.641386,-0.692165,-1.53056,-1.77426,-2,,,
Pnisr,0,-0.200237,-1.10939,-1.47959,-1.77409,-1.5744,-1.21071,-1.32067,-1.03116,-1.72154,-1.77409,-2,,,
Eif4a1,0,-0.442455,-0.959908,-1.08246,-1.21246,-1.51977,-1.42019,-1.60848,-1.63048,-1.77365,-1.77365,-2,,,
Tia1,0,0.470221,-0.957199,-1.20672,-1.262,-1.53386,-1.39449,-1.63496,-1.29662,-1.77276,-1.77276,-2,,,
Myo1b,0,-0.522022,-0.777197,-0.923281,-1.12931,-1.49757,-1.2976,-1.34134,-1.60788,-1.77274,-1.77274,-2,,,
Tti1,0,0.0298843,-0.716228,-0.823472,-1.48621,-1.36476,-1.17862,-1.77205,-0.96967,-1.11459,-1.77205,-2,,,
Ints12,0,-0.620539,-0.605017,-0.828297,-1.35263,-0.97585,-1.75142,-1.77125,-1.30317,-1.14432,-1.77125,-2,,,
Kct2,0,-0.329208,-0.50956,-0.628595,-0.646255,-1.20774,-1.17826,-1.28318,-1.25696,-1.76873,-1.76873,-2,,,
Ipo4,0,-0.415367,-0.421162,-0.789101,-0.822987,-1.5746,-1.65109,-1.58674,-1.76815,-1.72964,-1.76815,-2,,,
Fam206a,0,-0.384926,-0.808895,-0.769556,-1.43553,-1.19983,-1.65307,-1.44718,-1.76803,-1.59184,-1.76803,-2,,,
Zwint,0,-0.684443,-0.97114,-1.33258,-1.42879,-1.53276,-1.30506,-1.34513,-1.41213,-1.76748,-1.76748,-2,,,
Pecr,0,-0.34876,-1.10303,-0.937718,-1.40726,-1.76698,-1.76202,-1.47462,-1.43612,-1.5218,-1.76698,-2,,,
Tgs1,0,-0.174583,-0.976047,-1.30355,-1.42023,-1.51007,-1.76415,-1.32314,-1.26879,-1.20564,-1.76415,-2,,,
Adcy6,0,-1.76392,-0.427076,-0.58083,-0.190017,-0.554346,-0.49919,-0.837679,-1.47392,0.208365,-1.76392,-2,,,
Mapk7,0,-0.370169,-0.569366,-0.51021,-1.12099,-1.35163,-1.33277,-1.09471,-1.39997,-1.7633,-1.7633,-2,,,
Foxk2,0,-0.635464,-1.15446,-1.38426,-1.07474,-1.59495,-1.60498,-1.29744,-1.66002,-1.76272,-1.76272,-2,,,
Csde1,0,-0.392443,-0.828337,-1.27367,-1.28396,-1.69372,-1.45739,-1.41978,-1.54288,-1.76105,-1.76105,-2,,,
N6amt2,0,-0.206385,-0.742148,-1.06714,-1.76032,-1.44647,-1.7562,-1.42151,-1.3427,-1.61676,-1.76032,-2,,,
Nxf1,0,-0.0130062,-0.721525,-1.15416,-1.25723,-1.41162,-1.503,-1.7601,-1.07744,-1.14594,-1.7601,-2,,,
Hspa14,0,-0.278955,-0.793879,-1.01513,-1.22655,-1.35723,-1.33882,-1.35675,-1.21888,-1.75882,-1.75882,-2,,,
Gtf2e2,0,-0.346828,-0.847319,-1.2015,-1.29558,-1.42071,-1.44002,-1.49815,-1.54605,-1.75856,-1.75856,-2,,,
Spcs3,0,-0.294983,-0.62162,-1.0693,-1.43792,-1.47383,-1.62161,-1.72755,-1.75707,-1.60828,-1.75707,-2,,,
Tcp1,0,-0.270082,-0.694096,-1.06717,-1.17645,-1.65635,-1.50135,-1.27052,-1.54,-1.75678,-1.75678,-2,,,
Rpl34,0,-0.263235,-0.701206,-0.800159,-1.01166,-1.26132,-1.29895,-1.18066,-1.54454,-1.75642,-1.75642,-2,,,
Elfn2;Elfn1,0,-1.23999,-1.24831,-0.0545921,-1.23044,-0.3528,-0.876111,-1.54884,-1.75529,-0.148235,-1.75529,-2,,,
Add2,0,0.551455,0.218945,-0.00621891,-0.540033,-0.459182,-1.09879,-1.75417,-1.35936,-1.69055,-1.75417,-2,,,
Banf1,0,-0.715944,-1.18004,-1.13403,-1.35105,-1.36021,-1.61657,-1.75353,-1.17925,-1.74322,-1.75353,-2,,,
Rpa1,0,-0.570677,-1.19543,-1.08361,-1.5684,-1.30491,-1.52965,-1.75321,-1.63319,-1.58636,-1.75321,-2,,,
Cggbp1,0,-0.320847,-1.07244,-1.34027,-1.39441,-1.7527,-1.42845,-1.25441,-1.37501,-1.63564,-1.7527,-2,,,
Plod1,0,0.546062,0.75828,0.222893,-0.00478363,-1.10296,-0.90678,-0.820498,-1.12428,-1.75165,-1.75165,-2,,,
Ran;Rasl2-9,0,-0.434954,-1.02137,-1.24874,-1.50088,-1.6425,-1.46259,-1.7496,-1.56929,-1.74515,-1.7496,-2,,,
Rrp12,0,-0.541697,-0.929918,-1.43301,-1.24401,-1.7485,-1.53099,-1.36118,-1.50052,-1.48807,-1.7485,-2,,,
Snrpb2,0,-0.43659,-1.15099,-1.24181,-1.36799,-1.38311,-1.56344,-1.61238,-1.47359,-1.74542,-1.74542,-2,,,
Psme3,0,-0.704473,-0.89875,-0.980051,-1.14264,-1.43018,-1.34435,-1.51031,-1.69183,-1.74443,-1.74443,-2,,,
Znhit2,0,-0.3619,-0.761893,-0.978928,-1.18836,-1.71097,-1.59837,-1.37348,-1.74422,-1.57711,-1.74422,-2,,,
Apba2,0,-1.14414,-0.20483,2.19E-05,-0.863709,-0.291979,-1.74265,-1.10961,-1.43283,-1.03324,-1.74265,-2,,,
Gtf2f1,0,-0.815483,-0.411306,-0.586073,-0.701384,-0.983721,-1.31922,-1.20649,-1.74259,-0.728838,-1.74259,-2,,,
Dck,0,-0.828786,-1.44471,-1.51319,-1.18707,-1.74046,-0.791293,-0.329067,-0.235728,-0.646099,-1.74046,-2,,,
Prps1,0,0.0928364,-0.824482,-1.08488,-1.39505,-1.74018,-1.53969,-1.57072,-1.45693,-1.62655,-1.74018,-2,,,
Kat8,0,-0.674339,-1.31944,-1.29199,-1.11627,-1.35386,-1.40961,-1.21466,-1.73935,-1.32396,-1.73935,-2,,,
Hsph1,0,-0.356014,-0.534416,-0.811769,-0.598856,-1.41455,-1.02247,-0.920355,-0.971552,-1.73862,-1.73862,-2,,,
Rfxap,0,-0.414591,-1.30774,-0.972637,-1.48537,-0.769566,-1.0374,-1.44754,-1.43467,-1.73709,-1.73709,-2,,,
Smarca5,0,-0.352451,-0.988533,-1.19572,-1.16534,-1.73657,-1.69173,-1.58055,-1.48847,-1.51798,-1.73657,-2,,,
Rpl9,0,-0.328262,-0.731741,-0.758944,-1.02084,-1.23987,-1.29265,-1.18989,-1.18423,-1.7357,-1.7357,-2,,,
Rap2c,0,-0.417545,-0.626198,-1.21452,-1.08079,-1.21783,-1.35427,-1.61719,-1.73544,-1.26829,-1.73544,-2,,,
Tada1,0,-0.544254,-1.07267,-1.16122,-1.33381,-1.46174,-1.32748,-1.601,-1.49326,-1.73469,-1.73469,-2,,,
Dhx29,0,-0.352051,-0.295462,-0.553398,-0.573132,-1.08861,-1.08709,-0.919428,-1.24189,-1.73351,-1.73351,-2,,,
Zc3h18,0,-0.594549,-1.0746,-1.19235,-1.02425,-1.55257,-1.41117,-1.73203,-1.72219,-1.69105,-1.73203,-2,,,
Mef2d,0,-1.04081,-0.941562,-1.73197,-0.940135,-1.66739,-1.12953,-0.765279,-1.34734,-1.72189,-1.73197,-2,,,
Ddx59,0,-0.748594,-0.951553,-1.31682,-1.2908,-1.62044,-1.39941,-1.73182,-1.66939,-1.60363,-1.73182,-2,,,
Chtop,0,-0.599037,-0.509815,-0.554336,-0.238218,-0.676238,-1.25251,-0.923937,-0.995404,-1.72715,-1.72715,-2,,,
Clns1a,0,-0.635574,-0.886675,-1.34334,-1.44103,-1.70783,-1.72668,-1.37174,-1.53115,-1.58212,-1.72668,-2,,,
Acat2,0,0.41177,-0.271999,-0.383966,-0.950871,-1.15206,-1.39422,-1.3111,-1.37416,-1.72633,-1.72633,-2,,,
Cct8,0,-0.0520935,-0.88542,-1.19056,-1.3333,-1.65105,-1.50355,-1.23512,-1.28202,-1.72487,-1.72487,-2,,,
Cdc73,0,-0.696625,-1.26812,-1.60407,-1.33795,-1.7247,-1.35884,-1.51154,-1.61203,-1.51196,-1.7247,-2,,,
Trmt2a,0,-0.43244,-0.789307,-1.11894,-1.22647,-1.39661,-1.47115,-1.39801,-1.48465,-1.72262,-1.72262,-2,,,
Nbn,0,0.0730238,-1.09655,-1.20175,-1.07749,-1.14921,-1.33923,-1.72249,-1.41845,-1.30403,-1.72249,-2,,,
Sod3,0,-1.26851,-1.23672,-0.577822,-1.26255,-0.256102,-1.03434,-1.7224,-1.70696,-0.9438,-1.7224,-2,,,
Ccdc12,0,-0.668539,-1.26306,-1.33222,-1.32964,-1.61451,-1.53212,-1.72164,-1.52822,-1.55676,-1.72164,-2,,,
Zyx,0,-0.693325,-0.956532,-1.0963,-1.29182,-1.41733,-1.72133,-1.52505,-1.50871,-1.54449,-1.72133,-2,,,
Rpl13,0,-0.264212,-0.847954,-0.950436,-1.2096,-1.26314,-1.28706,-1.12797,-1.25473,-1.72089,-1.72089,-2,,,
Srebf2,0,0.0275755,-0.587688,-1.0742,-0.91048,-1.55948,-1.152,-1.38472,-1.05848,-1.71929,-1.71929,-2,,,
Dhx36,0,-0.199955,-1.01415,-1.24923,-1.35629,-1.45847,-1.36592,-1.40185,-1.22007,-1.71864,-1.71864,-2,,,
Bzw2,0,-0.396,-0.847652,-0.971151,-1.23618,-1.44836,-1.41198,-1.62898,-1.65423,-1.71593,-1.71593,-2,,,
Ep300,0,0.0259085,-1.28232,-1.45463,-1.71457,-1.28287,-1.48391,-1.22167,-0.8861,-1.41619,-1.71457,-2,,,
Spats2l,0,0.195211,-0.0872726,-0.490053,-0.209305,-1.25563,-0.725668,-0.61264,-0.875061,-1.71406,-1.71406,-2,,,
Elp6,0,-0.0769548,-0.866701,-0.682368,-1.01676,-1.71236,-1.44512,-1.20937,-1.20615,-1.10761,-1.71236,-2,,,
Naa10;Naa11,0,-0.48694,-0.927216,-1.15782,-1.41319,-1.69537,-1.36716,-1.51116,-1.56912,-1.71071,-1.71071,-2,,,
Rps14,0,-0.551266,-0.831114,-0.817003,-1.19377,-1.34658,-1.20352,-1.39575,-1.56075,-1.71,-1.71,-2,,,
Kiaa1211,0,-0.730997,-0.878687,-1.70927,-0.579815,-1.37145,-1.16716,-1.03445,-0.982773,-1.41507,-1.70927,-2,,,
Cep131,0,-0.23541,-0.813985,-1.19643,-1.28282,-1.66301,-1.36533,-1.36702,-1.61411,-1.70918,-1.70918,-2,,,
Polr2g,0,-0.0231228,-1.04018,-1.24721,-1.40314,-1.07586,-0.937286,-1.31767,-1.61815,-1.70911,-1.70911,-2,,,
Wdr77,0,-0.211372,-1.01967,-1.12703,-1.19371,-1.41101,-1.37181,-1.61211,-1.61489,-1.70884,-1.70884,-2,,,
Psme4,0,0.0570488,-0.11537,-0.400497,-0.599667,-1.13585,-1.09045,-1.70074,-1.55855,-1.70795,-1.70795,-2,,,
Dnajc2,0,-0.39036,-0.726383,-0.952042,-1.11111,-1.28682,-1.26638,-1.32959,-1.48262,-1.70794,-1.70794,-2,,,
Nadk,0,-0.775862,-0.669846,-0.706409,-1.19277,-1.6834,-1.4435,-1.47654,-1.46418,-1.70679,-1.70679,-2,,,
Gart,0,-0.450941,-0.91992,-1.41978,-1.30157,-1.70385,-1.30817,-1.20986,-1.24367,-1.32529,-1.70385,-2,,,
Ssb,0,-0.384661,-1.01636,-1.19878,-1.28001,-1.70319,-1.64903,-1.54112,-1.53988,-1.5966,-1.70319,-2,,,
Rngtt,0,-0.685287,-1.03783,-0.918818,-0.740694,-1.33695,-1.18983,-1.3486,-1.41314,-1.70314,-1.70314,-2,,,
Ddx5,0,-0.575621,-1.00644,-1.28974,-1.25998,-1.703,-1.44858,-1.39564,-1.43926,-1.59885,-1.703,-2,,,
Stip1,0,-0.0267258,-0.718821,-0.967121,-1.21121,-1.5374,-1.50747,-1.50873,-1.58547,-1.70108,-1.70108,-2,,,
Polr3e,0,-0.301915,-0.759894,-0.904882,-0.940182,-1.07089,-1.61707,-1.54766,-1.22256,-1.69663,-1.69663,-2,,,
Usp10,0,-0.664629,-0.946918,-1.17327,-1.16126,-1.58456,-1.52381,-1.45016,-1.40655,-1.696,-1.696,-2,,,
Cacybp,0,-0.532806,-0.871984,-1.18414,-1.32231,-1.6222,-1.43248,-1.26152,-1.55145,-1.69506,-1.69506,-2,,,
Wdr82,0,-0.377583,-0.803148,-1.06061,-1.26914,-1.59801,-1.32138,-1.4257,-1.5523,-1.69452,-1.69452,-2,,,
Tbp;Tbpl2,0,-0.609325,-0.986965,-1.47121,-1.14339,-1.26195,-1.21432,-1.69209,-1.38481,-1.49005,-1.69209,-2,,,
Abcf2,0,-0.734961,-0.964746,-1.30405,-1.19892,-1.69167,-1.52245,-1.43075,-1.57737,-1.57714,-1.69167,-2,,,
Pdrg1,0,-0.611232,-0.785925,-1.08041,-1.25077,-1.50343,-1.49223,-1.48004,-1.5112,-1.69112,-1.69112,-2,,,
C18orf25,0,-0.314963,-1.16901,-1.10775,-1.69053,-1.15473,-0.947121,-1.16676,-0.427863,-0.796784,-1.69053,-2,,,
Evc2,0,-1.69029,-0.552135,-0.802895,-1.1134,-0.466022,0.0803461,-0.407133,-0.381222,0.433542,-1.69029,-2,,,
Poldip3,0,-0.678759,-0.982449,-1.13722,-0.829086,-1.21462,-1.42795,-1.38326,-1.68789,-1.47994,-1.68789,-2,,,
Mad1l1,0,-0.705177,-1.12398,-1.30509,-1.14412,-0.741463,-1.0564,-1.36611,-1.63543,-1.68647,-1.68647,-2,,,
Ccdc102a,0,0.0433931,-0.545398,-0.650738,-1.14526,-1.17161,-1.34805,-1.17698,-1.40541,-1.6826,-1.6826,-2,,,
Dtymk,0,-0.372005,-1.29159,-1.34678,-1.45559,-1.2579,-1.65771,-1.68218,-1.37938,-1.44048,-1.68218,-2,,,
Snrnp27,0,-0.861151,-1.19847,-1.2881,-1.26575,-1.46423,-1.37112,-1.12427,-1.30978,-1.68165,-1.68165,-2,,,
Cdk11b,0,-0.452337,-0.894905,-0.974739,-1.02689,-1.37817,-1.36703,-1.68021,-1.382,-1.07654,-1.68021,-2,,,
Rufy1,0,-0.443676,-0.737886,-1.67983,-1.00104,-0.441945,-0.411005,-1.17365,-0.716265,-0.331825,-1.67983,-2,,,
Gtf2b,0,-0.436426,-1.24738,-1.2222,-1.39465,-1.39331,-1.30477,-1.29079,-1.36254,-1.6788,-1.6788,-2,,,
Celf2,0,-0.897223,-0.502281,-0.623121,-0.747551,-1.11509,-1.36835,-1.37057,-1.67773,-1.2625,-1.67773,-2,,,
Xrn1,0,-0.187035,-0.427126,-0.589226,-0.896299,-1.25054,-1.25627,-1.11058,-1.17247,-1.67724,-1.67724,-2,,,
Cttnbp2nl,0,-0.351671,-1.01547,-1.30786,-1.2715,-1.26723,-1.24777,-1.00988,-1.16693,-1.67622,-1.67622,-2,,,
Gemin5,0,-0.748726,-1.00443,-1.51254,-1.43331,-1.67615,-1.47992,-1.47643,-1.44571,-0.911808,-1.67615,-2,,,
Fam76b,0,-0.182343,-1.67508,-1.5309,-1.57114,-1.03832,-1.48248,-1.04212,-0.707276,-1.13903,-1.67508,-2,,,
Mthfd1l,0,-0.374796,-0.801592,-0.819635,-0.980846,-0.79414,-1.46598,-1.62651,-1.58149,-1.67391,-1.67391,-2,,,
Ppp4r1,0,-0.134789,-0.506054,-0.947826,-0.804121,-1.36209,-1.28193,-1.29124,-1.40666,-1.67372,-1.67372,-2,,,
Zbtb41,0,-0.261321,-0.24053,0.000282288,-0.602745,-0.410234,-1.2094,-1.32973,-0.987722,-1.67285,-1.67285,-2,,,
Gatad2a,0,-0.137489,-0.513487,-0.797245,-1.02247,-1.37314,-1.13342,-1.069,-1.1738,-1.66621,-1.66621,-2,,,
Tbce,0,-0.0566864,-0.391512,-0.715878,-0.985203,-1.66496,-1.48739,-1.56355,-1.57368,-1.59798,-1.66496,-2,,,
Ctu2,0,-0.625443,-0.487692,-1.06931,-0.954596,-1.5219,-1.30577,-1.18797,-1.13382,-1.65996,-1.65996,-2,,,
Dido1,0,-0.181456,-0.522028,-0.854507,-1.06694,-1.26161,-1.42013,-1.33581,-1.465,-1.65967,-1.65967,-2,,,
Tsen34,0,-1.61475,-1.0152,-0.731199,-1.53093,-0.996002,-1.19258,-0.684757,-1.65935,-1.16703,-1.65935,-2,,,
Pcbp2,0,-0.437803,-0.937202,-1.07381,-1.22851,-1.24642,-1.20202,-1.375,-1.33097,-1.65778,-1.65778,-2,,,
Rbbp7,0,-0.688509,-0.86027,-1.01185,-1.08548,-1.41707,-1.4398,-1.49451,-1.65774,-1.51325,-1.65774,-2,,,
Mtss1,0,-0.252899,-0.579578,-0.808115,-1.16548,-0.872387,-1.57754,-1.37154,-1.65727,-1.23944,-1.65727,-2,,,
Tmed1,0,-0.182236,0.161974,-0.330185,-0.262762,-0.639658,-0.94767,-1.11377,-1.65322,-1.58347,-1.65322,-2,,,
Pbxip1,0,-0.865034,-0.338287,-0.445047,-0.696218,-0.835163,-0.864872,-1.17301,-1.44356,-1.65277,-1.65277,-2,,,
Znf24,0,-0.58473,-1.20108,-0.959907,-1.47529,-1.04191,-1.4669,-1.59896,-1.45611,-1.6516,-1.6516,-2,,,
Rbbp6,0,-0.760553,-0.406645,-0.8277,-0.665852,-1.16209,-1.14439,-1.64964,-1.54656,-1.22896,-1.64964,-2,,,
Rpl35a,0,-0.25453,-0.886486,-1.01578,-1.14533,-1.41341,-1.29593,-1.64963,-1.54303,-1.48898,-1.64963,-2,,,
Cct3,0,-0.0423431,-0.516928,-0.970047,-1.05911,-1.41661,-1.31011,-1.04136,-1.26723,-1.64849,-1.64849,-2,,,
Snrnp200,0,-0.518394,-1.16726,-1.33457,-1.17052,-1.54109,-1.56796,-1.64653,-1.6294,-1.4117,-1.64653,-2,,,
Ik,0,-0.751474,-1.2905,-1.31317,-1.4684,-1.45418,-1.34011,-1.20109,-1.56885,-1.64618,-1.64618,-2,,,
Ebp,0,1.25609,-0.414915,-0.880148,-0.778238,-0.99077,-1.46541,-1.64615,-1.03638,-1.0071,-1.64615,-2,,,
Mtr,0,-0.386112,-0.657415,-0.959402,-0.816019,-1.51207,-1.35988,-1.3268,-1.63156,-1.64363,-1.64363,-2,,,
Cdc40,0,0.364796,-1.09441,-1.34441,-0.653368,-1.45771,-0.947755,-1.64207,-0.81785,-1.25975,-1.64207,-2,,,
Sqle,0,0.4221,-0.682995,-1.58914,-1.25915,-1.64165,-1.54895,-1.33425,-1.49938,-1.38147,-1.64165,-2,,,
Ube2a,0,-0.256889,-0.213219,-0.690462,-0.777533,-1.06525,-0.886385,-0.886093,-1.14295,-1.6394,-1.6394,-2,,,
Zc3hc1,0,-0.179791,-1.26264,-1.52649,-1.13591,-1.34438,-1.33955,-1.57581,-1.18202,-1.638,-1.638,-2,,,
Srm,0,-0.528563,-1.01592,-1.19635,-1.2563,-1.56458,-1.34344,-1.41848,-1.39927,-1.63584,-1.63584,-2,,,
Rpl23a,0,-0.369999,-0.806847,-0.907986,-1.1664,-1.27085,-1.19493,-1.33529,-1.43439,-1.63546,-1.63546,-2,,,
Trim28,0,-0.548325,-0.896183,-0.993179,-1.29843,-1.30182,-1.41685,-1.51662,-1.63522,-1.6165,-1.63522,-2,,,
Rhoc,0,-0.28065,-0.272038,0.14735,-1.06301,-0.850376,-0.925826,-0.715763,-0.66069,-1.63452,-1.63452,-2,,,
Cct2,0,-0.249931,-0.642178,-1.101,-1.15036,-1.61863,-1.44939,-1.39695,-1.58796,-1.63306,-1.63306,-2,,,
Fez1,0,-0.65502,-0.130419,-0.274918,-0.544703,-0.768431,-1.0429,-1.23774,-1.499,-1.63246,-1.63246,-2,,,
Adrm1,0,0.00968933,-0.512161,-0.849047,-0.973392,-1.05324,-1.43533,-1.16089,-0.994167,-1.63184,-1.63184,-2,,,
Cct4,0,-0.255991,-0.670969,-1.00371,-1.10245,-1.55118,-1.40667,-1.32814,-1.52119,-1.6306,-1.6306,-2,,,
Tma7,0,-0.388027,-0.482327,-0.415766,-0.842701,-1.24182,-1.20576,-1.63021,-1.19675,-1.39989,-1.63021,-2,,,
Peg3,0,-0.849484,-0.8851,-0.8687,-0.963079,-1.04293,-1.62987,-1.44738,-1.11846,-1.34324,-1.62987,-2,,,
Nup93,0,-0.268364,-0.615007,-0.893681,-0.796577,-1.36591,-1.18835,-1.11454,-1.32084,-1.62967,-1.62967,-2,,,
Cct6a,0,-0.207039,-0.548199,-0.894466,-1.03115,-1.56456,-1.34317,-1.25237,-1.38805,-1.62903,-1.62903,-2,,,
Rps27l,0,0.505262,-0.891182,-0.998438,-0.862919,-1.06089,-1.27766,-1.53695,-1.45784,-1.62724,-1.62724,-2,,,
Pmvk,0,0.69545,0.320934,-0.364271,-0.881596,-1.61666,-1.39499,-1.25365,-1.24713,-1.62718,-1.62718,-2,,,
Ehd2,0,-0.765191,-0.771603,-0.702569,-0.958122,-0.21445,-1.1475,-1.62461,-1.24285,-0.204366,-1.62461,-2,,,
Ano8,0,-0.564013,-0.537525,-0.942064,-1.19649,-1.11938,-1.19145,-1.62193,-1.29593,-1.35908,-1.62193,-2,,,
Lztfl1,0,-0.181087,-0.75967,-0.888969,-1.15355,-1.13941,-1.33685,-1.2357,-1.26531,-1.6218,-1.6218,-2,,,
Anapc4,0,-0.596537,-0.703011,-0.752598,-0.919462,-1.28958,-1.34392,-1.2761,-1.62033,-1.26013,-1.62033,-2,,,
Ttc3,0,-0.620157,-0.836847,-1.08377,-1.09713,-1.35312,-1.4226,-1.36016,-1.35872,-1.61911,-1.61911,-2,,,
Eed,0,-0.543973,-1.14453,-1.38249,-1.38843,-1.61676,-1.29253,-1.39566,-1.13046,-0.952641,-1.61676,-2,,,
Rplp0,0,-0.240747,-0.695967,-0.8389,-0.889507,-1.24868,-1.04071,-1.08936,-1.15431,-1.61651,-1.61651,-2,,,
Ints6,0,-0.295391,-0.597919,-0.801258,-0.683661,-0.977974,-1.08016,-1.47583,-1.61591,-0.920052,-1.61591,-2,,,
Supt6h,0,-0.283566,-0.992514,-0.914495,-1.25587,-1.44941,-1.30018,-1.44072,-1.11543,-1.61565,-1.61565,-2,,,
Ncs1,0,-0.463484,-0.359457,-0.622936,-1.06298,-1.07664,-1.39646,-1.53639,-1.61559,-1.4237,-1.61559,-2,,,
Snrpd3,0,-0.609606,-0.590572,-0.522451,-0.591913,-1.11949,-1.26089,-1.47491,-1.61461,-0.979235,-1.61461,-2,,,
C5orf22,0,-0.711984,-1.05413,-1.15525,-1.02158,-0.950019,-1.61419,-1.39852,-1.44654,-1.10437,-1.61419,-2,,,
Atf6,0,0.0119219,-0.481171,-0.874027,-1.61408,-0.951401,-1.08461,-0.995238,-1.24446,-1.05529,-1.61408,-2,,,
Rsrc2,0,-0.577051,-0.898865,-1.02616,-1.40575,-1.20457,-1.10187,-1.23966,-0.98098,-1.61297,-1.61297,-2,,,
Hpcal1,0,-0.566902,-0.678431,-1.00093,-1.27832,-1.61256,-1.5308,-1.41998,-1.47733,-1.61272,-1.61272,-2,,,
Ranbp2,0,-0.359369,-0.637087,-0.856483,-1.2584,-1.07144,-1.33864,-1.30903,-1.61147,-1.33839,-1.61147,-2,,,
Rint1,0,-0.132082,-1.01634,-0.724014,-0.998528,-1.21624,-0.815055,-1.61094,-0.845585,-1.12501,-1.61094,-2,,,
Eif5,0,0.0275021,-0.658785,-0.767683,-1.03559,-1.34139,-1.22263,-1.28954,-1.34825,-1.60969,-1.60969,-2,,,
Fbxo21,0,-1.02583,-1.60867,-0.499313,-1.45336,-1.38496,-1.03479,-1.00737,-1.39185,-0.848312,-1.60867,-2,,,
Pdia4,0,0.389027,0.194088,0.00583267,-0.246927,-0.629553,-0.78928,-0.778599,-0.849714,-1.60637,-1.60637,-2,,,
Cct7,0,-0.304157,-0.686443,-0.930187,-1.08728,-1.41074,-1.32415,-1.07647,-1.33511,-1.60617,-1.60617,-2,,,
Wwtr1,0,0.978287,0.57695,-0.242992,0.609491,-0.97831,-0.970743,-0.393526,-0.697987,-1.60315,-1.60315,-2,,,
Ints7,0,-0.489065,-0.727703,-1.01974,-1.14299,-1.25766,-1.26911,-1.25434,-1.59377,-1.60299,-1.60299,-2,,,
Nsmce2,0,-0.212299,-1.4458,-1.51426,-1.05809,-1.60291,-0.899307,-1.42928,-1.20794,-1.01582,-1.60291,-2,,,
Hdac2,0,-0.758421,-1.10101,-1.3279,-1.41189,-1.49769,-1.5992,-1.46409,-1.60212,-1.57621,-1.60212,-2,,,
Smek2,0,-0.439807,-0.824854,-1.0782,-1.0716,-1.35492,-1.29619,-1.23245,-1.60121,-1.35036,-1.60121,-2,,,
Phc2,0,-0.680653,-1.09707,-1.40231,-1.353,-1.60029,-1.49783,-1.46047,-1.38311,-1.40526,-1.60029,-2,,,
Adss,0,-0.375326,-0.928677,-1.20818,-1.24886,-1.60015,-1.28872,-1.03633,-1.20365,-1.35378,-1.60015,-2,,,
Sf3b6,0,-0.649237,-1.08379,-1.24401,-1.4246,-1.53486,-1.46558,-1.37148,-1.59883,-1.56082,-1.59883,-2,,,
Eftud2,0,-0.262115,-0.761278,-1.08865,-1.06115,-1.46082,-1.41753,-1.44053,-1.59552,-1.53419,-1.59552,-2,,,
Rpl17,0,-0.36841,-0.778198,-0.960611,-1.11613,-1.21153,-1.1029,-0.937416,-1.03771,-1.59404,-1.59404,-2,,,
Smad4,0,0.145592,-0.89473,-0.845997,-1.03896,-0.840538,-1.18769,-1.59323,-1.55761,-0.948433,-1.59323,-2,,,
Polr3b,0,-0.381346,-0.617502,-1.08791,-1.06167,-1.28559,-1.15816,-1.50699,-1.59242,-1.28126,-1.59242,-2,,,
Arhgef4,0,0.329719,0.404526,0.00622559,-0.0722103,-1.08204,-0.626661,-0.274718,-0.986904,-1.59185,-1.59185,-2,,,
Supt16h,0,-0.411554,-1.17158,-1.16328,-1.45969,-1.56126,-1.45768,-1.34716,-1.07951,-1.59076,-1.59076,-2,,,
Dus1l,0,-0.102708,-1.58751,-0.60813,-0.718163,-0.703394,-1.14136,-1.3647,-1.29998,-0.661282,-1.58751,-2,,,
Edc3,0,-0.250509,-0.183142,-0.55188,-0.672073,-1.16884,-1.27082,-1.13535,-1.58722,-1.38338,-1.58722,-2,,,
Rps28,0,-0.123373,-0.69911,-0.813484,-1.06485,-1.20101,-1.25543,-1.20214,-1.1807,-1.58541,-1.58541,-2,,,
Lage3,0,-1.58516,-0.484591,-0.434246,-0.596666,-0.847643,-0.55728,-0.60635,-1.22162,-0.571636,-1.58516,-2,,,
Nol9,0,-0.43646,-0.399591,-0.580105,-0.521877,-0.619307,-0.859217,-1.58516,-1.5439,-1.12065,-1.58516,-2,,,
Tbl1xr1,0,-0.634617,-1.0509,-1.2068,-1.33145,-1.31515,-1.44104,-1.53809,-1.58508,-1.37327,-1.58508,-2,,,
Rpl18,0,-0.0939198,-0.76322,-0.795427,-1.01316,-1.31662,-1.04542,-1.14882,-1.24619,-1.58474,-1.58474,-2,,,
Pabpn1,0,-0.416595,-0.792397,-0.690897,-0.877951,-1.19626,-1.35608,-1.51131,-1.58444,-1.44386,-1.58444,-2,,,
Map4k3,0,-0.724659,-1.51492,-1.31483,-1.5839,-1.40996,-1.52931,-1.4869,-1.47045,-1.40162,-1.5839,-2,,,
Ttc4,0,-0.334681,-0.778728,-1.00257,-1.09622,-1.54838,-1.33532,-1.31032,-1.31105,-1.58388,-1.58388,-2,,,
Pus7,0,-0.533087,-1.05813,-1.07791,-1.10993,-1.14508,-1.21063,-1.40635,-1.33089,-1.58291,-1.58291,-2,,,
Aven,0,0.0690155,-0.485884,-0.511753,-0.760071,-1.25523,-1.0241,-0.616085,-0.592817,-1.58284,-1.58284,-2,,,
Sf3a3,0,-0.772415,-0.990982,-0.940643,-1.02968,-1.27059,-1.3513,-1.16936,-1.5827,-1.37232,-1.5827,-2,,,
Plrg1,0,-0.55892,-1.01184,-1.38296,-0.899622,-1.52057,-1.51418,-1.44372,-1.58239,-1.31555,-1.58239,-2,,,
Keap1,0,-0.73523,-0.815799,-1.0167,-1.10912,-1.35682,-1.39885,-1.46724,-1.58233,-1.46062,-1.58233,-2,,,
Paip2,0,-0.255648,-0.419369,-0.891432,-0.662671,-0.915992,-0.847329,-1.54042,-1.58159,-1.17451,-1.58159,-2,,,
Rabif,0,0.0421076,-1.0356,-1.29468,-1.38641,-0.800622,-1.58114,-1.5305,-0.765644,-1.02322,-1.58114,-2,,,
Sap30bp,0,-0.622377,-1.0409,-1.08559,-1.38247,-1.46218,-1.42001,-1.5807,-1.52178,-1.44564,-1.5807,-2,,,
Asns,0,0.125801,-0.367689,-0.917742,-1.04553,-1.58033,-1.51036,-1.57814,-1.50534,-1.38094,-1.58033,-2,,,
Usp34,0,-0.62945,-0.720434,-1.05666,-1.2466,-1.4268,-1.38899,-1.1494,-1.47978,-1.58013,-1.58013,-2,,,
Prpf19,0,-0.553339,-1.1957,-1.16146,-1.3132,-1.57987,-1.5128,-1.43018,-1.47693,-1.54923,-1.57987,-2,,,
Maged1,0,0.0638714,0.00819969,-0.428671,-0.406361,-1.12767,-1.06844,-0.937452,-1.01834,-1.57965,-1.57965,-2,,,
Rpl11,0,-0.434875,-0.818829,-1.12489,-1.18643,-1.35883,-1.36692,-1.38212,-1.44899,-1.57786,-1.57786,-2,,,
Rgl1,0,0.109264,-0.0804558,-0.744754,-0.872911,-1.49094,-1.42684,-1.14206,-1.42532,-1.57735,-1.57735,-2,,,
Aimp2,0,-0.718767,-1.131,-1.08628,-1.19175,-1.02665,-1.40056,-1.10601,-1.39286,-1.57686,-1.57686,-2,,,
Vasp,0,-0.151831,-0.22612,-0.54406,-0.882212,-1.41013,-1.32485,-1.50992,-1.29454,-1.57501,-1.57501,-2,,,
Rbbp4,0,-0.00786209,-0.757553,-0.808596,-0.995413,-1.21652,-1.27278,-1.14055,-1.16164,-1.57494,-1.57494,-2,,,
Gamt,0,-0.139456,-0.582088,-0.596022,-0.834354,-0.937994,-1.06573,-1.57369,-1.31469,-1.01007,-1.57369,-2,,,
Kctd4,0,0.448499,0.202207,-0.0448256,-0.848544,-0.935323,-0.976936,-1.17562,-1.00941,-1.57339,-1.57339,-2,,,
Pcm1,0,-0.390438,-1.03097,-1.31868,-1.34421,-1.51807,-1.49784,-1.47207,-1.53525,-1.57281,-1.57281,-2,,,
Aaas,0,-0.531693,-1.13042,-1.45383,-1.29315,-1.41377,-1.24195,-1.43425,-1.57232,-1.35837,-1.57232,-2,,,
Slc25a24,0,-0.0959444,-0.688402,-0.604112,-0.806057,-0.973073,-1.5723,-0.852439,-1.2306,-0.70661,-1.5723,-2,,,
Ctdp1,0,-0.676975,-0.964964,-1.08309,-1.39077,-1.28929,-1.38389,-1.11582,-1.01629,-1.57212,-1.57212,-2,,,
Nup37,0,-0.796743,-1.17663,-1.2138,-1.35539,-1.22425,-1.25254,-1.36312,-1.57092,-1.21782,-1.57092,-2,,,
Kdm2a,0,-1.02323,-1.20147,-1.56854,-1.43703,-1.35011,-1.55313,-1.5278,-1.43251,-1.32563,-1.56854,-2,,,
Rpap3,0,-0.405254,-0.996201,-1.30753,-1.37582,-1.56617,-1.48611,-1.38402,-1.40425,-1.56841,-1.56841,-2,,,
Rpl35,0,-0.120127,-0.523111,-0.828569,-0.992413,-1.11785,-0.903515,-1.02651,-1.20414,-1.56718,-1.56718,-2,,,
Prpf8,0,-0.55405,-1.15424,-1.33604,-1.24023,-1.51035,-1.45874,-1.46412,-1.56682,-1.45887,-1.56682,-2,,,
Rpl37a,0,0.263914,-0.891935,-0.973127,-0.996233,-1.17528,-1.25037,-1.12216,-1.13732,-1.56582,-1.56582,-2,,,
Gcat,0,0.199497,-1.05493,-1.56558,-1.43639,-1.19644,-0.880587,-0.572266,0.156996,-0.728014,-1.56558,-2,,,
Serbp1,0,-0.482851,-0.846512,-1.0866,-1.14989,-1.3422,-1.27051,-1.35507,-1.37519,-1.56557,-1.56557,-2,,,
Ogfr,0,-0.194778,-0.624153,-0.870541,-1.2145,-1.35449,-1.42424,-1.28329,-1.36319,-1.56521,-1.56521,-2,,,
Dhx15,0,-0.608765,-1.04867,-1.15401,-1.37233,-1.40498,-1.46445,-1.52625,-1.5644,-1.3564,-1.5644,-2,,,
Paf1,0,-0.536058,-1.03787,-1.21753,-1.15652,-1.56315,-1.33901,-1.2908,-1.4649,-1.41488,-1.56315,-2,,,
Larp1,0,-0.278811,-0.779266,-1.194,-0.947861,-1.34247,-1.31324,-0.99194,-1.23246,-1.56272,-1.56272,-2,,,
Paxip1,0,-0.632298,-0.724335,-0.605405,-1.25829,-0.706589,-1.54667,-1.4186,-1.56236,-1.52928,-1.56236,-2,,,
Cdc37,0,-0.376047,-0.972771,-1.16617,-1.30071,-1.4665,-1.38676,-1.2921,-1.24472,-1.56101,-1.56101,-2,,,
Capza1,0,-0.0566273,0.108,-0.0559788,-0.352114,-0.580742,-0.881235,-1.11786,-1.56079,-1.43713,-1.56079,-2,,,
Bin1,0,-0.225922,-0.443163,-0.717024,-1.09099,-1.36304,-1.50938,-1.5278,-1.55814,-1.43899,-1.55814,-2,,,
Cdk4,0,-0.699301,-0.838861,-0.835272,-1.04495,-1.16932,-1.20106,-1.41808,-1.55706,-1.49563,-1.55706,-2,,,
Cfdp1,0,-0.679258,-1.07314,-1.16235,-1.40106,-1.34124,-1.36269,-1.09954,-1.2564,-1.55598,-1.55598,-2,,,
Nceh1,0,0.0995369,-0.404925,-0.662065,-1.28462,-0.997668,-1.14507,-1.55556,-1.21059,-1.44957,-1.55556,-2,,,
Rps21,0,0.0723763,-0.877119,-1.17694,-1.11402,-1.30619,-1.18025,-1.05606,-1.03605,-1.55465,-1.55465,-2,,,
Rps6,0,-0.327223,-0.47888,-0.585321,-0.772636,-0.928419,-0.713438,-0.44643,-0.783045,-1.55457,-1.55457,-2,,,
Pak1ip1,0,-0.534648,-0.934608,-1.15432,-0.995889,-1.53323,-0.924761,-1.553,-1.48717,-1.05292,-1.553,-2,,,
Ncbp1,0,-0.566511,-1.17403,-1.15058,-1.27054,-1.34323,-1.32458,-1.55183,-1.41966,-1.34379,-1.55183,-2,,,
Mkln1,0,-0.272009,-0.784966,-1.22295,-1.15454,-1.43007,-1.26745,-1.12923,-1.20592,-1.5513,-1.5513,-2,,,
Gnb2l1,0,-0.324497,-0.814318,-0.89551,-0.971149,-1.13266,-1.11747,-1.1913,-1.21908,-1.55127,-1.55127,-2,,,
Uchl5,0,-0.483431,-0.842976,-1.05946,-1.33853,-1.47338,-1.35652,-1.55114,-1.41088,-1.54486,-1.55114,-2,,,
Mphosph6,0,-0.263702,-1.3738,-1.51287,-1.55093,-1.53681,-1.54203,-1.54199,-1.29879,-1.54515,-1.55093,-2,,,
Hmgn1,0,-0.215928,0.230748,-0.220752,-0.81877,-0.315257,-1.09316,-0.609246,-0.985432,-1.5497,-1.5497,-2,,,
Rabl2,0,-0.389166,-0.817379,-0.921919,-1.03745,-1.07439,-1.19477,-1.47498,-1.39256,-1.54787,-1.54787,-2,,,
Cbx3,0,-0.846201,-0.915997,-0.893223,-1.08577,-0.990223,-1.01104,-0.65873,-1.16559,-1.54675,-1.54675,-2,,,
Fgfr1op2,0,0.30627,-0.0295162,0.0235271,-0.944086,-0.622211,-1.10985,-1.29441,-1.54641,-1.5201,-1.54641,-2,,,
Snx29,0,-0.354334,-0.808798,-1.01313,-1.51163,-1.39542,-1.17023,-1.08354,-1.07644,-1.54621,-1.54621,-2,,,
Elovl5,0,0.44429,-0.586344,-1.36404,-0.991259,-1.40626,-0.870794,-1.54603,-1.15821,-1.22829,-1.54603,-2,,,
Rbm17,0,-0.454582,-0.870901,-1.18692,-1.07289,-1.31108,-1.38153,-1.28108,-1.36973,-1.54553,-1.54553,-2,,,
Sorcs2,0,-0.569292,-1.24125,-0.980753,-1.54401,-1.45619,-1.38215,-1.31289,-1.29808,-1.25443,-1.54401,-2,,,
Nupl1,0,-0.975164,-0.300422,-0.540291,-0.408803,-0.533422,-0.406878,-1.36326,-1.54356,-1.13309,-1.54356,-2,,,
Rps7,0,-0.396412,-0.665773,-0.859377,-0.938421,-1.0439,-1.01669,-0.968756,-1.06235,-1.54338,-1.54338,-2,,,
Rps5,0,-0.31855,-0.735847,-0.941702,-0.860802,-1.19567,-1.17208,-1.02276,-1.2079,-1.54299,-1.54299,-2,,,
Ndc1,0,-0.823023,-1.04895,-1.37178,-1.4206,-1.38408,-1.54236,-1.51999,-1.32741,-1.24083,-1.54236,-2,,,
Chml,0,0.614731,-0.63472,-0.798115,-0.954805,-1.48907,-0.984308,-1.27118,-0.481819,-1.54231,-1.54231,-2,,,
Ube2j2,0,-0.219715,-0.502367,-0.764427,-0.663006,-1.54205,-1.03828,-0.722784,-1.09211,-1.36412,-1.54205,-2,,,
Tanc1,0,0.110281,-0.135813,-0.835045,-0.592497,-1.31737,-1.2849,-1.45353,-1.33174,-1.54167,-1.54167,-2,,,
Tmem201,0,0.0707293,-1.43205,-0.828111,-1.54065,-1.12474,-1.1117,-1.28583,-0.837501,-0.936904,-1.54065,-2,,,
Rnf220,0,-0.871438,-1.54048,-1.23917,-1.40502,-1.1292,-1.39484,-1.46546,-1.46638,-1.37368,-1.54048,-2,,,
Spry2,0,-0.892929,-1.16591,-0.450708,-1.53945,0.193895,-0.17317,-0.77186,-0.751564,0.609848,-1.53945,-2,,,
Tbcd,0,-0.23872,-0.301104,-0.447697,-0.644609,-1.00363,-1.11675,-1.37645,-1.53872,-1.47247,-1.53872,-2,,,
Tpr,0,-0.871086,-1.40641,-1.53838,-1.01359,-1.03962,-0.901747,-1.47768,-1.49581,-1.21011,-1.53838,-2,,,
Snip1,0,-0.431757,-0.67068,-1.27244,-1.04115,-0.909008,-1.0427,-0.634605,-0.764292,-1.53812,-1.53812,-2,,,
Dennd2a,0,0.300838,-0.658358,-1.07797,-0.850267,-1.44696,-1.21003,-0.922306,-0.280285,-1.53721,-1.53721,-2,,,
Ccdc124,0,-0.18564,-0.290113,-0.591898,-0.650272,-1.14095,-0.997805,-0.974304,-1.07302,-1.53661,-1.53661,-2,,,
Tjp1,0,-0.608711,-0.990049,-1.25547,-1.2386,-1.3925,-1.41922,-1.42485,-1.53606,-1.22452,-1.53606,-2,,,
Csnk1d;Csnk1e,0,-0.253578,-0.716658,-0.852468,-0.543406,-1.17739,-1.41185,-1.53465,-1.37105,-1.28372,-1.53465,-2,,,
Rps29,0,-0.266885,-0.426454,-0.827926,-0.359218,-1.03084,-1.18567,-1.08256,-1.50471,-1.53358,-1.53358,-2,,,
Ccnk,0,-0.0725555,-0.576736,-0.747879,-1.17748,-1.35022,-1.40888,-1.22724,-1.1475,-1.53304,-1.53304,-2,,,
Afap1,0,1.01785,0.119074,-0.578928,-0.261408,-0.935444,-0.987427,-0.191759,-0.730995,-1.53279,-1.53279,-2,,,
Ehd4,0,-0.329214,-0.793413,-1.40676,-1.53253,-1.3605,-1.31127,-1.07257,-1.05326,-1.4407,-1.53253,-2,,,
Polr2l,0,-1.37699,-0.0412169,-0.168077,-0.0271769,-0.523023,-0.927678,0.552934,-0.379494,-1.53106,-1.53106,-2,,,
Ints2,0,-0.144527,-0.0741463,-0.561181,-0.950874,-0.804513,-0.973905,-0.782908,-0.561018,-1.52915,-1.52915,-2,,,
Gps2,0,-0.603928,-0.728193,-0.985046,-1.19323,-1.20237,-1.18977,-1.17631,-1.52872,-0.893173,-1.52872,-2,,,
Gtf2f2,0,-0.402386,-0.873632,-1.06454,-1.48554,-1.30775,-1.36693,-1.29506,-1.43139,-1.52868,-1.52868,-2,,,
Puf60,0,-0.0757389,-1.21232,-1.37217,-1.34012,-1.44513,-1.51933,-1.52001,-1.42157,-1.52741,-1.52741,-2,,,
Pcbp1,0,-0.106447,-0.967934,-1.08152,-1.03269,-1.02295,-1.0987,-1.09545,-1.01139,-1.52467,-1.52467,-2,,,
Gls,0,-0.573513,-0.604015,-0.886505,-1.17639,-1.09591,-1.31286,-1.43686,-1.30181,-1.52342,-1.52342,-2,,,
Bid,0,-0.382938,-0.849212,-0.607639,-1.52267,-0.899397,-1.03053,-1.09046,-0.926482,-1.00092,-1.52267,-2,,,
Slc38a2,0,-0.634092,-1.07149,-1.13447,-1.52219,-0.787046,-1.20762,-1.16927,-1.1423,-0.848532,-1.52219,-2,,,
Kdm5c,0,-0.202196,-0.214329,-0.281378,-0.5511,-0.973122,-1.1002,-1.11247,-1.22847,-1.52045,-1.52045,-2,,,
Ptpn12,0,-0.201691,-0.613497,-0.767523,-1.12425,-1.38116,-1.37229,-1.01282,-1.22183,-1.51999,-1.51999,-2,,,
Sptlc1,0,-0.283571,-0.677069,-0.887348,-1.31465,-1.1857,-1.18554,-0.968798,-0.996855,-1.51958,-1.51958,-2,,,
Lztr1,0,-0.826921,-1.22243,-1.12315,-1.51879,-0.597412,-0.551539,-0.722545,-0.694699,-0.273644,-1.51879,-2,,,
Ppih,0,-0.432859,-1.14843,-1.0611,-1.37733,-1.21882,-1.42841,-1.48331,-1.45579,-1.51823,-1.51823,-2,,,
Rps13,0,-0.414387,-0.720615,-0.845661,-0.885893,-1.26126,-1.13951,-1.0071,-1.27537,-1.51704,-1.51704,-2,,,
Emd,0,-0.378445,-0.602381,-1.04162,-1.18786,-1.51581,-1.4339,-1.36,-1.4255,-1.43564,-1.51581,-2,,,
Sin3a,0,-0.530338,-1.13584,-1.25601,-1.29125,-1.39172,-1.43999,-1.37761,-1.51556,-1.23286,-1.51556,-2,,,
Med14,0,-0.464066,-0.832043,-1.04363,-1.2998,-1.29357,-1.16976,-1.19023,-1.4223,-1.51366,-1.51366,-2,,,
Snrpb;Snrpn,0,-0.494535,-0.582939,-0.452024,-0.713017,-1.07267,-1.20583,-1.37306,-1.51362,-0.979473,-1.51362,-2,,,
Strap,0,-0.213774,-0.79159,-0.938679,-0.999979,-1.33825,-1.09457,-1.07989,-1.19981,-1.51326,-1.51326,-2,,,
Trim33,0,-0.4741,-0.681211,-0.802835,-1.12677,-1.27529,-1.34483,-1.51224,-1.44492,-1.47388,-1.51224,-2,,,
Rps24,0,-0.198278,-0.608068,-0.642677,-0.882763,-0.939211,-0.848652,-0.154551,-0.536137,-1.51094,-1.51094,-2,,,
Hspbp1,0,-0.275764,-0.988466,-1.24815,-1.21073,-1.51091,-1.23978,-1.4265,-1.32109,-1.24368,-1.51091,-2,,,
Rpl36a,0,-0.355427,-0.684683,-0.841087,-0.989204,-1.2432,-1.071,-1.0982,-1.30162,-1.51069,-1.51069,-2,,,
Rpl14,0,-0.177141,-0.591631,-0.682278,-0.716984,-1.21901,-1.09321,-1.19882,-1.40262,-1.51028,-1.51028,-2,,,
Ube3c,0,-0.0731335,-0.035759,-0.266413,-0.310144,-0.970743,-1.00222,-1.06463,-1.16467,-1.50945,-1.50945,-2,,,
Smndc1,0,-0.587111,-1.32664,-1.24749,-1.50923,-1.27645,-1.39643,-1.3365,-1.27947,-1.37346,-1.50923,-2,,,
Pou3f4;Pou3f2;Pou3f3,0,-0.371054,-0.937685,-1.04944,-1.40887,-1.31363,-1.33046,-1.50884,-1.42827,-1.14438,-1.50884,-2,,,
Rpl15,0,-0.659405,-0.829433,-0.931606,-1.0047,-1.33491,-1.33936,-1.04239,-1.41048,-1.50859,-1.50859,-2,,,
Unc119b,0,-0.0683413,-0.167119,-0.561763,-0.618801,-0.923025,-0.781473,-1.50807,-1.07323,-0.764583,-1.50807,-2,,,
Cse1l,0,-0.49349,-1.02693,-1.06631,-1.19025,-1.43893,-1.32894,-1.38274,-1.31621,-1.50746,-1.50746,-2,,,
Rps2,0,-0.340322,-0.853451,-0.95491,-1.12065,-1.30938,-1.26932,-1.23212,-1.29405,-1.50702,-1.50702,-2,,,
Erf,0,-0.219717,-0.454711,0.537086,-0.55512,-1.13931,-1.50698,-1.00952,-1.13207,-1.2394,-1.50698,-2,,,
Sf3b1,0,-0.535906,-0.965801,-1.14914,-1.24403,-1.35406,-1.34574,-1.49303,-1.50695,-1.34518,-1.50695,-2,,,
Tank,0,-0.68784,-0.69494,-0.645419,-1.50668,-0.940077,-1.3165,-1.19235,-0.929171,-1.26021,-1.50668,-2,,,
Ifitm2,0,0.855198,-0.814089,-1.2908,-0.684788,-0.691912,-0.725481,-1.5063,-0.453304,-0.547706,-1.5063,-2,,,
Pptc7,0,-1.50617,0.0709553,-0.372314,-0.197327,-0.106413,-0.10157,0.237387,-0.624388,-0.282224,-1.50617,-2,,,
Eef1a1,0,-0.284472,-0.754761,-0.833065,-0.93969,-1.36012,-1.16593,-1.20552,-1.34837,-1.50509,-1.50509,-2,,,
Rpl32,0,-0.364449,-0.602076,-0.639116,-0.937468,-1.16192,-1.09839,-1.23382,-1.35873,-1.50494,-1.50494,-2,,,
Pml,0,-0.33972,-1.4909,-1.49555,-1.33854,-1.01093,-1.32886,-1.5046,-0.880708,-1.08308,-1.5046,-2,,,
C11orf98,0,-0.673796,-1.25173,-1.40794,-1.46392,-1.42706,-1.34525,-1.28932,-1.45233,-1.5038,-1.5038,-2,,,
Rcn1,0,0.0946293,0.115088,-0.0601349,-0.469887,-0.647207,-1.03739,-1.18268,-1.45652,-1.50358,-1.50358,-2,,,
Fam195b,0,-0.413227,-0.762337,-0.926231,-1.3207,-1.16388,-1.39715,-1.50312,-1.04676,-0.926199,-1.50312,-2,,,
Prkrip1,0,-0.507103,-1.13731,-1.31492,-1.35106,-1.50264,-1.41789,-1.27551,-1.32182,-1.38852,-1.50264,-2,,,
Orc2,0,-0.692587,-1.34859,-1.42268,-1.50092,-1.25129,-1.3287,-1.10745,-1.0693,-1.02604,-1.50092,-2,,,
Cdk9,0,-0.508602,-0.801868,-0.676462,-1.34952,-1.14974,-1.06258,-0.52783,-0.681356,-1.50054,-1.50054,-2,,,
Sf3b3,0,-0.366776,-1.1382,-1.19476,-1.27557,-1.48387,-1.30675,-1.47273,-1.50038,-1.331,-1.50038,-2,,,
Polr3f,0,-1.49989,0.0367584,-0.201236,-0.459197,-0.353971,-0.790654,-1.2143,-0.894314,-0.426659,-1.49989,-2,,,
Txlng,0,-0.0757389,-0.692215,-0.827572,-0.97686,-0.802597,-0.812999,-1.49609,-0.93928,-0.968934,-1.49609,-2,,,
Thumpd1,0,-0.57365,-1.05433,-1.23204,-1.38751,-1.26978,-1.2725,-1.49535,-1.37949,-1.26264,-1.49535,-2,,,
Drosha,0,-0.92984,-0.980007,-1.36938,-1.27446,-1.33378,-1.39478,-1.25566,-1.49464,-1.37433,-1.49464,-2,,,
Aacs,0,0.235075,-0.196049,-0.451014,-0.552225,-1.13578,-1.07407,-1.128,-1.20715,-1.49396,-1.49396,-2,,,
Rps16,0,-0.310202,-0.807312,-0.882862,-1.20344,-1.42894,-1.33775,-1.41849,-1.48923,-1.49388,-1.49388,-2,,,
Txnl1,0,-0.204281,-0.442987,-0.645655,-1.14785,-1.14408,-1.14903,-0.852949,-1.10712,-1.49361,-1.49361,-2,,,
Uck2,0,-0.0251446,-0.8277,-1.24558,-1.02593,-1.34351,-1.26215,-1.20099,-1.04456,-1.49224,-1.49224,-2,,,
Rpl28,0,-0.631414,-0.399809,-0.538317,-0.657713,-1.06797,-1.16809,-1.25553,-1.49212,-1.18701,-1.49212,-2,,,
Hist1h2bc;Hist2h2bb;Hist1h2bh;Hist1h2bm;Hist1h2bp;Hist1h2bk;Hist1h2bb;Hist1h2bf;Hist3h2ba;Hist3h2bb;Hist2h2be,0,0.0290108,-1.20632,-1.41841,-1.44598,-1.49211,-1.06027,-1.12021,-0.985849,-0.978226,-1.49211,-2,,,
Rpsa,0,-0.206436,-0.827614,-0.90023,-1.18764,-1.12821,-1.15364,-1.35594,-1.06742,-1.49204,-1.49204,-2,,,
Sox6,0,0.698077,-0.01299,-0.338394,-0.379288,-0.7767,-1.10322,-0.784944,-0.642282,-1.49094,-1.49094,-2,,,
Med22,0,-0.562685,-1.24308,-1.3085,-1.41454,-1.10255,-1.17531,-1.146,-0.981497,-1.48867,-1.48867,-2,,,
Cdv3,0,-0.271988,-0.3174,-0.50267,-0.708868,-0.962696,-1.1339,-0.872759,-1.16266,-1.4885,-1.4885,-2,,,
Mrps18c,0,0.189646,-1.22935,-1.48768,-1.02168,-0.0519753,0.235378,-0.0313244,1.09038,0.0239239,-1.48768,-2,,,
Acbd6,0,-0.668697,-0.990835,-1.2103,-1.0179,-1.48699,-1.19701,-1.03231,-1.18977,-1.24476,-1.48699,-2,,,
Tomm34,0,0.0163479,-0.657627,-0.710478,-0.882271,-1.07697,-1.11079,-1.1362,-1.09598,-1.48655,-1.48655,-2,,,
Slc6a11,0,-0.794876,-0.888817,-1.07898,-1.48476,-1.18488,-1.3952,-1.00897,-1.27111,-1.41934,-1.48476,-2,,,
Atxn7l3b,0,-0.389664,-0.98583,-0.871307,-1.24487,-1.4246,-1.04913,-1.04998,-1.0298,-1.4836,-1.4836,-2,,,
Whsc1,0,-0.358522,-0.845572,-0.628481,-0.80038,-0.864029,-1.3013,-1.10104,-1.26364,-1.48359,-1.48359,-2,,,
Rnft2,0,0.48968,0.233448,0.118519,-0.304572,-0.188205,-0.97086,-1.48354,-1.22751,-1.40467,-1.48354,-2,,,
Mre11a,0,-0.691296,-0.739323,-0.829769,-1.02461,-1.02479,-1.24306,-1.379,-1.48318,-1.24594,-1.48318,-2,,,
Eif2ak3,0,0.091507,0.172159,-0.479431,-0.486578,-1.04767,-1.12014,-0.867546,-1.13824,-1.48145,-1.48145,-2,,,
Elp2,0,-0.348579,-0.909267,-1.2789,-0.990084,-1.06606,-0.966368,-1.10648,-1.17429,-1.47969,-1.47969,-2,,,
Cdc27,0,-0.4317,-0.666046,-1.07244,-0.947628,-1.37963,-1.26661,-1.03486,-1.34013,-1.47968,-1.47968,-2,,,
LRWD1,0,-0.515514,-0.993366,-1.26479,-1.47848,-1.31358,-1.34748,-1.06079,-1.27749,-1.06023,-1.47848,-2,,,
Gprasp1,0,0.901567,-0.122847,-0.637565,-0.482971,-0.435864,0.0339413,-1.47762,0.325827,-0.0418596,-1.47762,-2,,,
Mamld1,0,-0.171539,-0.674554,-0.596481,-1.47624,-0.437191,-1.04876,-0.97185,-1.13925,-0.941922,-1.47624,-2,,,
Brd9,0,-0.43623,-1.2954,-1.21413,-1.47589,-1.23856,-0.917622,-0.846808,-0.669772,-0.872658,-1.47589,-2,,,
Pqbp1,0,-0.445503,-0.934492,-0.950254,-1.2693,-1.23812,-1.13413,-1.16903,-1.47576,-1.34889,-1.47576,-2,,,
C8orf37,0,-0.082489,-1.07538,-0.992798,-1.271,-1.04671,-1.01764,-0.892275,-0.607296,-1.47504,-1.47504,-2,,,
Ccdc136,0,-0.771601,-0.968146,-1.08848,-1.03007,-1.03773,-1.33309,-1.43115,-1.47396,-1.32294,-1.47396,-2,,,
Rab18,0,0.154568,-0.64823,-1.26549,-1.34417,-1.47354,-1.38876,-1.25782,-1.25022,-1.24308,-1.47354,-2,,,
Eral1,0,-0.677794,-1.12827,-1.47301,-1.07222,-0.924915,-0.909733,-0.562597,-0.206549,-0.0967236,-1.47301,-2,,,
Pomp,0,-0.589019,-0.715356,-0.850918,-0.81699,0.220485,0.666442,-0.192176,-1.47276,0.977767,-1.47276,-2,,,
Tlk1,0,-0.298049,-0.851955,-1.02016,-1.15307,-1.10851,-0.989832,-1.47078,-1.02672,-1.06759,-1.47078,-2,,,
Sf3a1,0,-0.499109,-0.956566,-1.08299,-1.2585,-1.22439,-1.25045,-1.29607,-1.46998,-1.36309,-1.46998,-2,,,
Otud4,0,-0.635523,-0.834442,-1.0871,-1.33724,-1.46962,-1.43334,-1.22713,-1.23203,-1.11706,-1.46962,-2,,,
Cherp,0,-0.576906,-0.873312,-1.08095,-1.09966,-1.36592,-1.46828,-1.28889,-1.41056,-1.44363,-1.46828,-2,,,
Faf1,0,-0.351849,-0.747087,-0.948259,-1.22134,-1.46731,-1.29336,-1.06097,-1.19252,-1.45626,-1.46731,-2,,,
Set,0,-0.0496292,-0.945412,-0.837105,-1.06618,-0.943134,-1.082,-1.46665,-1.23751,-1.268,-1.46665,-2,,,
Prep,0,-0.226452,-0.559174,-0.724117,-0.920929,-1.15001,-1.10975,-1.27348,-1.39933,-1.46538,-1.46538,-2,,,
Sppl2b,0,-0.7024,-0.766584,-0.414339,-0.599756,-0.427479,-0.720135,-1.46532,-1.06732,-0.990919,-1.46532,-2,,,
Pnn,0,-0.596722,-0.774471,-0.760614,-0.590506,-1.1362,-1.26379,-1.46504,-1.43604,-1.37961,-1.46504,-2,,,
Snrpa1,0,-0.630955,-0.754387,-1.01926,-1.1435,-1.25756,-1.31696,-1.25358,-1.40602,-1.46499,-1.46499,-2,,,
Tubb2b,0,-0.00862503,0.176968,-0.156031,-0.54026,-0.804098,-1.20656,-1.19215,-1.33463,-1.46499,-1.46499,-2,,,
Fut11,0,-0.162554,0.0163879,-0.240252,-0.385469,-0.651823,-0.906607,-1.18155,-1.43814,-1.46415,-1.46415,-2,,,
Tigar,0,0.326182,-0.0341053,-0.280176,-0.57423,-1.04535,-0.856228,-1.34425,-1.08933,-1.46292,-1.46292,-2,,,
Rps26,0,-0.256773,-0.714672,-0.744555,-0.767714,-0.88372,-1.1647,-1.02296,-0.908178,-1.462,-1.462,-2,,,
Fkbp14,0,0.917906,0.401976,0.0425949,0.0642757,-0.628338,-0.460699,-0.493347,-0.670568,-1.46143,-1.46143,-2,,,
Gale,0,0.753693,0.646879,0.241896,0.1238,-0.398621,-0.860605,-1.46128,-1.36882,-1.02731,-1.46128,-2,,,
Dis3,0,-0.533503,-0.993811,-0.989725,-1.21382,-1.35386,-1.40199,-1.46114,-1.42031,-1.39664,-1.46114,-2,,,
Maea,0,0.233934,-0.558176,-0.823288,-0.71677,-1.00412,-1.07999,-0.918919,-0.938971,-1.46088,-1.46088,-2,,,
C2orf76,0,-0.537279,-1.07068,-1.08435,-1.10521,-1.28641,-1.27564,-1.35759,-1.46059,-1.1673,-1.46059,-2,,,
Rpl27a,0,-0.791361,-0.506998,-0.870419,-1.12809,-1.08725,-0.85524,-0.907104,-1.46026,-1.4246,-1.46026,-2,,,
Rpl7,0,-0.493216,-0.585913,-0.760225,-0.864128,-1.08087,-1.02169,-0.826748,-1.22347,-1.45916,-1.45916,-2,,,
RtcA,0,-0.148523,-0.489826,-0.412201,-0.606991,-0.780283,-0.972561,-1.13692,-1.11439,-1.45467,-1.45467,-2,,,
Rpl8,0,-0.307148,-0.752644,-0.765495,-1.06444,-1.1656,-1.09566,-1.0462,-1.1759,-1.45392,-1.45392,-2,,,
Itpa,0,-0.470686,-0.477985,-0.638546,-0.904871,-1.07075,-1.18782,-1.23251,-1.33965,-1.45357,-1.45357,-2,,,
Ddx39b,0,-0.509155,-1.04853,-1.05774,-0.760273,-1.09056,-1.21684,-1.45074,-1.393,-1.35558,-1.45074,-2,,,
Gprasp2,0,-0.770068,-0.714715,-0.253846,-0.244721,-0.307501,-0.78442,-1.45074,-0.318735,-1.36384,-1.45074,-2,,,
Med9,0,-0.00312996,-1.39285,-1.32444,-1.45029,-0.986433,-1.28642,-1.00425,-1.13561,-1.12385,-1.45029,-2,,,
Trps1,0,-0.607819,-0.594812,-0.971483,-1.08073,-0.9876,-1.42152,-1.44976,-1.3627,-0.938713,-1.44976,-2,,,
Map6,0,-0.532688,-0.756498,-0.95332,-0.946968,-1.08171,-1.13263,-1.24599,-1.40122,-1.44669,-1.44669,-2,,,
Pds5a,0,-0.435808,-0.92798,-1.14499,-1.2104,-1.34447,-1.37695,-1.44647,-1.39709,-1.30011,-1.44647,-2,,,
Ext2,0,-0.0885563,-0.59737,-1.14702,-0.767706,-1.25831,-1.03316,-1.09274,-1.18712,-1.44645,-1.44645,-2,,,
Cct5,0,-0.351374,-0.54657,-0.851774,-0.964907,-1.39416,-1.30638,-1.15475,-1.40224,-1.4458,-1.4458,-2,,,
Senp3,0,-0.44593,-0.360161,-0.611351,-0.786327,-0.918575,-1.04707,-1.14742,-1.44575,-1.3116,-1.44575,-2,,,
Parg,0,-0.52944,-0.490114,-0.616501,-0.744007,-0.899584,-1.01749,-1.03045,-1.25607,-1.44523,-1.44523,-2,,,
Sumo2,0,-0.425325,-1.06802,-1.1761,-1.36045,-1.30276,-1.3658,-1.19016,-1.31787,-1.44408,-1.44408,-2,,,
Tfe3,0,-0.303343,-0.406205,-0.509707,-0.605936,-1.03639,-1.14359,-1.44405,-1.12537,-0.940725,-1.44405,-2,,,
Tbl1x,0,-0.163937,-1.09262,-1.16088,-1.20405,-1.15923,-1.44241,-1.40571,-1.40183,-1.25395,-1.44241,-2,,,
Dnajb12,0,-0.0606766,-0.483999,-0.878126,-0.894201,-1.07817,-1.05219,-0.965351,-1.03012,-1.44124,-1.44124,-2,,,
Srsf6,0,-0.35865,-0.766266,-0.864933,-0.787477,-1.30103,-1.44057,-1.28179,-1.31791,-1.39122,-1.44057,-2,,,
Stim2,0,-0.213985,-0.361681,-0.727457,-0.673523,-1.26414,-0.903864,-0.850153,-1.07976,-1.44026,-1.44026,-2,,,
Polr1c,0,-0.352121,-0.80427,-1.28647,-1.11246,-1.43964,-1.15008,-1.34353,-1.22834,-1.24565,-1.43964,-2,,,
Smad2,0,0.743031,-0.937073,-1.03997,-1.13504,-1.31183,-1.33997,-1.43665,-1.35103,-1.43898,-1.43898,-2,,,
Rpl6,0,-0.257313,-0.76536,-0.832973,-1.03478,-1.17789,-1.1695,-1.21603,-1.21276,-1.43869,-1.43869,-2,,,
Wdr35,0,-0.190337,-0.580737,-0.833788,-0.974751,-1.13197,-1.31874,-1.43811,-1.27336,-1.10811,-1.43811,-2,,,
Hspbap1,0,-0.426458,-0.606789,-0.801939,-1.01422,-1.15725,-1.30246,-1.08498,-1.43761,-1.33946,-1.43761,-2,,,
Rpl22,0,-0.22818,-0.704599,-0.770597,-0.948511,-1.14858,-0.873344,-1.06738,-1.14079,-1.43713,-1.43713,-2,,,
Polr3c,0,-0.348835,-0.8701,-1.01398,-0.91832,-1.43687,-1.20123,-1.08741,-1.08016,-1.15063,-1.43687,-2,,,
Tbc1d15,0,-0.432898,-0.584892,-0.803591,-0.90756,-1.33657,-1.16866,-1.20578,-1.435,-1.43332,-1.435,-2,,,
Rpl7a,0,-0.287355,-0.504656,-0.704737,-0.770203,-0.979485,-0.933281,-0.895298,-1.254,-1.43498,-1.43498,-2,,,
Kin,0,-0.525679,-0.817081,-1.04045,-1.04863,-1.30208,-1.09492,-1.01261,-1.43435,-1.19133,-1.43435,-2,,,
C20orf27,0,-0.0926342,-1.41751,-1.25045,-1.27284,-1.42299,-1.27253,-1.11434,-1.43379,-1.26594,-1.43379,-2,,,
Nelfe,0,-0.584381,-0.703709,-1.0524,-1.17911,-1.12664,-1.32299,-1.31477,-1.39233,-1.43373,-1.43373,-2,,,
Rpl18a,0,-0.642876,-0.154406,-0.144035,-0.354033,-0.752262,-0.952204,-1.03527,-1.43248,-0.744665,-1.43248,-2,,,
Cdc123,0,-0.242382,-0.976343,-1.10242,-1.03376,-1.27007,-1.43219,-1.31992,-1.35746,-1.42221,-1.43219,-2,,,
Ythdf1,0,-0.535028,-0.459146,-0.846169,-0.674221,-0.999008,-1.04544,-1.43197,-1.27997,-1.02143,-1.43197,-2,,,
Isy1,0,-0.293115,-0.952742,-1.10858,-1.26371,-1.23389,-1.4312,-1.20406,-0.890257,-1.34558,-1.4312,-2,,,
Ccdc101,0,-0.28896,-0.948028,-0.879144,-0.852125,-0.824117,-0.706854,-1.43119,-0.936251,-1.21071,-1.43119,-2,,,
Slc28a3,0,-0.540979,-0.867825,-0.871603,-0.510231,-0.743204,-0.736639,-1.31712,-1.43087,-0.790449,-1.43087,-2,,,
Ing1,0,-0.8251,-0.753912,-1.17642,-0.963471,-1.43024,-1.10924,-1.41403,-1.31605,-0.913328,-1.43024,-2,,,
Wbp11,0,-0.393085,-1.23351,-1.40727,-1.31371,-1.42548,-1.40993,-1.42879,-1.399,-1.27344,-1.42879,-2,,,
Ppwd1,0,-0.39963,-0.844337,-1.00615,-1.10418,-1.17014,-1.23346,-1.42866,-1.31746,-1.30508,-1.42866,-2,,,
Ubr7,0,-0.866961,-1.01874,-1.16468,-1.2373,-1.24542,-1.18884,-1.19766,-1.14515,-1.42804,-1.42804,-2,,,
Rps8,0,-0.175558,-0.456791,-0.720762,-0.933619,-0.986105,-0.905708,-0.919313,-0.861526,-1.42757,-1.42757,-2,,,
Nrd1,0,-0.0135174,-0.192375,-0.382708,-0.573212,-1.06228,-0.818735,-0.808378,-0.968187,-1.42738,-1.42738,-2,,,
Tcea1,0,-0.464848,-0.91054,-0.953228,-1.23878,-1.17416,-1.25044,-1.33578,-1.26788,-1.42702,-1.42702,-2,,,
Rps23,0,-0.466328,-0.543137,-0.731874,-0.821289,-1.11082,-1.01227,-0.949661,-1.23698,-1.42649,-1.42649,-2,,,
Jmjd1c,0,-0.398035,-0.569746,-0.914848,-0.744633,-1.30198,-0.990906,-0.615593,-0.637587,-1.42634,-1.42634,-2,,,
Fbrs,0,-0.117467,-0.920575,-0.894325,-1.05951,-1.05755,-1.22579,-0.960466,-1.42585,-0.849292,-1.42585,-2,,,
Nwd1,0,-1.42513,-1.2451,-0.829088,-0.638056,-0.287653,-0.406588,-0.365688,-0.237076,0.0523109,-1.42513,-2,,,
Myl12b;Myl9,0,0.290627,-0.165007,-0.399517,-0.709448,-0.756386,-0.879381,-1.42484,-1.16517,-1.00076,-1.42484,-2,,,
Eif3d,0,-0.303453,-0.840721,-0.949108,-1.08586,-1.17371,-1.04621,-0.998697,-0.981709,-1.42464,-1.42464,-2,,,
Map2k7,0,-0.769785,-1.12134,-1.00364,-1.02341,-1.24103,-1.32167,-1.31193,-1.42383,-1.39645,-1.42383,-2,,,
Psmg4,0,0.225502,-0.305519,-0.628956,-1.01232,-1.13713,-0.674295,-0.946527,-1.10854,-1.42367,-1.42367,-2,,,
Asb6,0,-0.15506,-0.295901,-0.664283,-0.379684,-0.974193,-0.596143,-0.625895,-0.726336,-1.42233,-1.42233,-2,,,
Brd4,0,-0.425234,-0.94714,-0.955151,-1.18334,-1.03163,-1.36518,-1.1863,-1.42209,-1.1545,-1.42209,-2,,,
Dnajb1,0,-0.720085,-0.751143,-0.893423,-1.03262,-1.24142,-1.1019,-1.07701,-1.42157,-1.26411,-1.42157,-2,,,
Kpnb1,0,-0.525421,-0.63615,-0.883764,-0.924131,-1.19676,-1.30361,-1.24181,-1.27493,-1.42113,-1.42113,-2,,,
Nup155,0,-0.670729,-1.12077,-1.15703,-1.27918,-1.20901,-1.33391,-1.24834,-1.419,-1.23467,-1.419,-2,,,
Pabpc1,0,-0.254795,-0.781429,-0.920883,-0.974218,-1.12187,-0.958807,-0.748505,-0.981941,-1.41817,-1.41817,-2,,,
Dusp12,0,-0.516602,-0.559364,-1.14962,-0.822628,-1.2526,-1.23085,-0.930784,-1.41812,-1.33309,-1.41812,-2,,,
Dcxr,0,0.0603333,-0.130507,-0.450788,-0.718317,-0.829081,-1.04514,-1.41767,-1.24859,-0.936251,-1.41767,-2,,,
Eif4enif1,0,-0.0483313,-0.893783,-1.10247,-1.09749,-1.12435,-1.30012,-1.04747,-0.986052,-1.41729,-1.41729,-2,,,
Fip1l1,0,-0.67808,-0.887302,-0.923512,-0.626804,-1.21504,-1.22338,-1.34859,-1.41719,-1.34723,-1.41719,-2,,,
Gpsm1,0,-0.0497456,-0.420963,-0.939013,-1.05692,-1.41608,-1.07306,-0.675133,-0.84832,-1.10476,-1.41608,-2,,,
Abcb6,0,-0.612398,-1.14241,-1.41514,-1.23139,-0.815165,-0.599916,-0.753258,-0.566366,-0.436567,-1.41514,-2,,,
Ank3,0,0.0329151,-0.24485,-0.535412,-0.447136,-1.13241,-0.576984,-0.391733,-0.798033,-1.41463,-1.41463,-2,,,
Rps3a,0,-0.266256,-0.697525,-0.806372,-0.908026,-1.16586,-1.00676,-1.07159,-1.15994,-1.41272,-1.41272,-2,,,
Cwc22,0,-0.478447,-0.546818,-0.881948,-0.789324,-1.20617,-1.41236,-1.11128,-1.31534,-1.37156,-1.41236,-2,,,
Rps18,0,-0.400379,-0.580338,-0.858496,-0.91394,-1.19484,-1.18568,-1.26981,-1.41217,-1.38542,-1.41217,-2,,,
Ppid,0,-0.531649,-0.944172,-1.16105,-1.27678,-1.41188,-1.22002,-0.86076,-1.1829,-1.31489,-1.41188,-2,,,
Sap18,0,-0.649733,-0.871468,-0.972275,-0.472172,-1.05909,-0.905199,-0.755011,-0.868195,-1.4115,-1.4115,-2,,,
Prkar1a,0,-0.0482311,-0.495176,-0.891884,-1.11726,-1.24929,-1.24364,-1.41133,-1.3447,-1.36609,-1.41133,-2,,,
Rpl21,0,-0.430183,-0.506927,-0.637321,-0.729282,-1.05545,-1.07469,-1.15538,-1.41018,-1.23644,-1.41018,-2,,,
Ccdc167,0,0.287212,-0.866121,-1.29007,-1.28712,-1.21499,-1.41009,-1.0441,-1.11981,-1.09073,-1.41009,-2,,,
Usp48,0,-0.234228,-0.73353,-1.01005,-1.09238,-1.40982,-1.22277,-1.29932,-1.33272,-1.29613,-1.40982,-2,,,
Fubp1,0,-0.187113,-0.626532,-0.849285,-1.16331,-1.07789,-1.24783,-1.28269,-1.40935,-1.20836,-1.40935,-2,,,
Smarcd1,0,-0.277388,-0.623581,-0.913254,-0.94227,-0.950537,-1.10107,-1.40793,-1.20317,-1.28324,-1.40793,-2,,,
Kdm5a,0,0.0473671,-0.367929,-0.20272,-0.612938,-0.776567,-0.320833,-0.547324,-0.477988,-1.40773,-1.40773,-2,,,
Arhgap42,0,-0.230583,-0.590174,-0.53557,-0.466507,-0.849146,-0.895697,-1.00717,-1.40756,-0.993363,-1.40756,-2,,,
Tnpo1,0,-0.867273,-1.009,-1.10005,-1.12138,-1.12705,-1.34053,-1.38885,-1.40646,-1.15849,-1.40646,-2,,,
Bcas2,0,-0.745899,-0.909929,-1.24187,-0.91115,-1.40638,-1.27913,-1.08865,-1.29059,-1.27992,-1.40638,-2,,,
Cnn3,0,-0.0206852,-0.333696,-0.65493,-0.742416,-1.14692,-1.17246,-1.19007,-1.19056,-1.40615,-1.40615,-2,,,
Kiaa1841,0,-0.112626,-0.301712,-0.586298,-0.622131,-0.749825,-0.789793,-0.672693,-0.989364,-1.40601,-1.40601,-2,,,
Acsl5,0,-0.0373707,-0.585547,-0.681429,-0.858627,-0.897559,-0.716508,-0.697933,-1.02505,-1.4051,-1.4051,-2,,,
Cdc5l,0,-0.569391,-0.875435,-1.16308,-0.988319,-1.40503,-1.24885,-1.17046,-1.21824,-1.24853,-1.40503,-2,,,
Ncor2,0,-0.567389,-0.926901,-1.11407,-1.28598,-1.27304,-1.40346,-1.22798,-1.39819,-1.29529,-1.40346,-2,,,
Rnaseh1,0,-0.3595,-1.06069,-1.01118,-1.40321,-0.715385,-0.480613,-0.904691,-0.441803,-0.354093,-1.40321,-2,,,
Rtf1,0,-0.401289,-1.13469,-1.19617,-1.3618,-1.24245,-1.1984,-1.30327,-1.18021,-1.4023,-1.4023,-2,,,
Eif4e,0,-0.538134,-0.668139,-0.820995,-0.939745,-1.16141,-1.02944,-0.978647,-1.21327,-1.40006,-1.40006,-2,,,
Rps15a,0,-0.546827,-0.292212,-0.425491,-0.469643,-0.941153,-1.01608,-1.15887,-1.40001,-1.22454,-1.40001,-2,,,
Rpl36,0,-0.473534,-0.624964,-0.883717,-0.960905,-0.963917,-1.05698,-1.10105,-1.14211,-1.39845,-1.39845,-2,,,
Memo1,0,0.153126,-0.47673,-0.526934,-0.591682,-0.846006,-1.00067,-1.39844,-1.22755,-1.33139,-1.39844,-2,,,
Prpf6,0,-0.487474,-0.977203,-1.34206,-1.12037,-1.3052,-1.27068,-1.39823,-1.33481,-1.32442,-1.39823,-2,,,
Wbscr16,0,0.131734,-1.13221,-1.39803,-1.18404,-1.00369,-1.13177,-1.22939,-0.464602,-0.0497065,-1.39803,-2,,,
Ankrd52,0,-0.782379,-0.616542,-0.653666,-0.812678,-1.2767,-1.24554,-0.761492,-0.977251,-1.39761,-1.39761,-2,,,
Sap130,0,-0.568954,-1.28901,-1.39686,-1.3685,-1.21207,-1.27024,-1.22412,-1.09441,-1.04138,-1.39686,-2,,,
Tssc4,0,-0.197495,-0.64883,-1.01297,-1.32977,-0.99239,-1.39665,-1.0508,-1.01761,-1.21892,-1.39665,-2,,,
Cfap20,0,-0.465599,-1.09075,-1.01235,-1.32994,-1.32155,-1.22953,-1.23607,-1.30586,-1.39549,-1.39549,-2,,,
Rad21,0,-0.523859,-1.03998,-1.00688,-1.07433,-1.15014,-1.22382,-1.07821,-1.09122,-1.39548,-1.39548,-2,,,
Hsp90ab1,0,-0.254126,-0.441498,-0.771511,-0.810274,-1.25417,-1.06661,-0.963478,-1.10622,-1.39515,-1.39515,-2,,,
Vmp1,0,1.06465,-0.621647,-1.11039,-0.561794,-0.970852,-0.809315,-0.765656,-1.066,-1.39337,-1.39337,-2,,,
Nol7,0,-0.95559,-1.07281,-1.33191,-1.27561,-1.2257,-1.22501,-1.2379,-1.39302,-0.904325,-1.39302,-2,,,
Cers2,0,-0.239502,-0.263275,-0.782907,-0.912153,-1.0197,-1.08776,-1.23371,-1.31444,-1.3925,-1.3925,-2,,,
Dock7,0,-0.487434,-1.17297,-1.39225,-1.2156,-1.25671,-1.1838,-1.1258,-1.18329,-1.14702,-1.39225,-2,,,
Elp5,0,-0.0837784,-0.242701,-0.673748,-0.523497,-1.11798,-0.919577,-1.39178,-1.28062,-0.870625,-1.39178,-2,,,
Rpl3,0,-0.404816,-0.663109,-0.887299,-1.01686,-1.19776,-1.16973,-1.26031,-1.34429,-1.39178,-1.39178,-2,,,
Pkia,0,0.0219412,0.242888,0.602147,-0.181541,-0.186027,-0.133119,-0.133656,-0.301385,-1.39097,-1.39097,-2,,,
Cbx4,0,-0.811653,-0.921038,-1.10441,-1.17074,-1.10017,-1.39009,-0.857308,-0.747194,-0.710914,-1.39009,-2,,,
Fkbp4,0,-0.34878,-0.816008,-0.996893,-1.25305,-1.38981,-1.16848,-1.12989,-1.15748,-1.26703,-1.38981,-2,,,
Atxn3,0,-0.3612,-0.655109,-0.848627,-0.896122,-1.00721,-1.13781,-0.990414,-1.38966,-1.30214,-1.38966,-2,,,
Exosc6,0,-0.757437,-0.742973,-0.946314,-1.22574,-1.03648,-1.07464,-1.38955,-1.18636,-0.966393,-1.38955,-2,,,
Ppic,0,0.32408,0.811932,1.05891,0.642221,0.889685,0.166029,-0.30337,-0.993341,-1.38856,-1.38856,-2,,,
Rbm25,0,-0.422775,-0.791487,-0.989202,-0.996664,-1.24007,-1.15813,-1.38834,-1.35953,-1.0858,-1.38834,-2,,,
Pars2,0,-1.08258,-1.38758,-1.38648,-1.20756,-1.1506,-1.20173,-1.19911,-0.778769,-0.601894,-1.38758,-2,,,
Rps3,0,0.088377,-0.758015,-0.909199,-0.994049,-1.13515,-1.03078,-1.13981,-1.20404,-1.38525,-1.38525,-2,,,
Alyref,0,-0.44496,-0.842266,-0.936865,-0.650217,-0.847216,-1.11217,-1.2257,-1.38514,-1.15838,-1.38514,-2,,,
Crnkl1,0,-0.51135,-1.15255,-1.26629,-1.03276,-0.798654,-1.38454,-1.21355,-0.881068,-1.27427,-1.38454,-2,,,
Rbm5,0,-0.184208,-0.892401,-1.28298,-0.873657,-1.21134,-1.38383,-1.22087,-1.29297,-1.12488,-1.38383,-2,,,
Thoc2,0,-0.561167,-0.299543,-0.623806,0.266966,-1.21619,-1.11544,-1.1127,-1.38322,-1.1545,-1.38322,-2,,,
Cpsf7,0,-0.647493,-0.88862,-1.08635,-0.97402,-1.1564,-1.03803,-1.07518,-1.38254,-1.12097,-1.38254,-2,,,
Abcf1,0,-0.251953,-0.361656,-0.579758,-0.724972,-1.07164,-1.10078,-1.14678,-1.25211,-1.38004,-1.38004,-2,,,
Tor1aip2,0,-0.129801,-0.177219,-0.622591,-0.764584,-1.13886,-1.12637,-1.15956,-1.33361,-1.37987,-1.37987,-2,,,
Znf830,0,-0.515831,-0.832861,-1.01559,-0.908827,-1.08098,-1.23621,-1.10113,-1.07642,-1.37912,-1.37912,-2,,,
Nelfa,0,-0.24848,-1.10038,-1.18093,-1.11508,-1.26691,-1.31355,-1.30588,-1.3779,-1.29017,-1.3779,-2,,,
Znf330,0,-0.00502205,-0.881279,-0.942949,-1.08423,-1.37688,-1.29986,-1.00245,-0.863935,-1.30979,-1.37688,-2,,,
Tubgcp4,0,-0.436811,-0.915688,-0.802843,-1.37579,-1.16916,-1.10672,-1.12688,-1.23458,-1.37686,-1.37686,-2,,,
Snn,0,-0.800819,-0.670939,-0.115069,-0.55399,-0.353954,-0.999089,-1.37675,-1.18221,-0.136518,-1.37675,-2,,,
Akr1b1,0,-0.0635681,-0.321703,-0.481192,-0.902035,-1.00701,-1.00696,-1.11238,-1.37579,-1.35827,-1.37579,-2,,,
Cdk13,0,-0.0964794,-0.376783,-0.65477,-0.674875,-0.848822,-1.03304,-0.67277,-0.803682,-1.37542,-1.37542,-2,,,
Fam50a;Fam50b,0,-0.111132,-0.467743,-1.06544,-0.889704,-1.37482,-1.30175,-0.928387,-1.10317,-0.913412,-1.37482,-2,,,
Vps13b,0,-0.628277,-0.95804,-1.2549,-1.04474,-1.37387,-1.00348,-0.971149,-0.818722,-1.10921,-1.37387,-2,,,
Ppp1r8,0,-0.645729,-0.702534,-0.85705,-1.04234,-1.21171,-1.25932,-1.29255,-1.37352,-0.976923,-1.37352,-2,,,
Git2,0,-0.559065,-0.265062,-0.586935,-0.680464,-1.07987,-1.09088,-0.959774,-1.37263,-1.17614,-1.37263,-2,,,
Sympk,0,-0.689375,-1.07493,-1.09055,-1.00546,-1.09416,-1.11383,-1.26879,-1.37249,-1.06797,-1.37249,-2,,,
Ythdf2,0,-0.353239,-0.948141,-1.30736,-1.18037,-1.20543,-1.34979,-0.789204,-1.07836,-1.3723,-1.3723,-2,,,
Map2,0,-0.364397,-1.08417,-1.11492,-1.2496,-1.27228,-1.27047,-1.33549,-1.37221,-1.34216,-1.37221,-2,,,
Mettl14,0,-0.288043,-0.786433,-0.647065,-1.05603,-0.963959,-0.862883,-1.37119,-1.03316,-0.885983,-1.37119,-2,,,
Hist2h2ab;H2afx,0,0.183347,-0.889411,-1.06581,-1.16178,-1.37118,-1.00744,-0.778588,-1.10829,-0.987991,-1.37118,-2,,,
Naa50,0,-0.439318,-0.831142,-1.08201,-1.15347,-1.30755,-1.31588,-1.17946,-1.3613,-1.37069,-1.37069,-2,,,
Caprin1,0,-0.0855255,-0.818821,-0.959642,-0.979256,-1.20434,-1.0463,-0.666821,-0.79114,-1.37013,-1.37013,-2,,,
Bnip2,0,-0.0792246,-0.897521,-1.13945,-1.29539,-1.36851,-0.98159,-0.990131,-0.945979,-0.967106,-1.36851,-2,,,
C1orf174,0,-0.290275,-0.760936,-1.12118,-1.2438,-1.09361,-1.00044,-0.979448,-0.850853,-1.36802,-1.36802,-2,,,
Cfl1,0,-0.545597,-0.383242,-0.306866,-0.629044,-1.13394,-1.16687,-1.18928,-1.2482,-1.36717,-1.36717,-2,,,
Rcbtb2,0,0.859929,-0.451905,-0.721045,-0.640279,-0.970932,-0.929208,-1.36703,-1.21529,-0.580312,-1.36703,-2,,,
Zpr1,0,-0.53631,-0.613071,-0.822735,-0.882574,-1.23342,-1.14411,-0.953894,-1.26638,-1.36506,-1.36506,-2,,,
Magi1,0,-0.101532,-0.524153,-0.747141,-0.648613,-1.09856,-1.14272,-1.13978,-1.06164,-1.36403,-1.36403,-2,,,
Trmt112,0,-0.324894,-1.00258,-1.09003,-1.26704,-1.34247,-1.23633,-1.36401,-1.01248,-1.15143,-1.36401,-2,,,
Palmd,0,-0.705902,-1.1675,-1.05589,-1.0222,-1.11973,-0.798515,-0.571093,-0.626934,-1.363,-1.363,-2,,,
Pih1d1,0,-0.289986,-1.02235,-1.00069,-0.973888,-1.36254,-1.2526,-1.10585,-1.143,-1.28963,-1.36254,-2,,,
Tmem189,0,-0.0516529,0.167284,-0.182125,0.11549,-0.427702,-0.507914,-1.36205,-0.943789,-0.830914,-1.36205,-2,,,
Ash2l,0,-0.388201,-1.00749,-1.10652,-1.33403,-1.25037,-1.36204,-1.32413,-1.31052,-1.16573,-1.36204,-2,,,
Srrm1,0,-0.396719,-0.70787,-0.804129,-1.10971,-1.10371,-1.11981,-1.10903,-1.30445,-1.36019,-1.36019,-2,,,
Sf1,0,-0.350327,-0.698654,-0.76866,-0.97159,-1.09461,-1.12123,-1.2603,-1.36014,-1.1833,-1.36014,-2,,,
Pelp1,0,-0.489695,-0.207235,-0.36964,-0.438765,-0.52108,-0.876831,-1.04809,-1.35972,-1.02465,-1.35972,-2,,,
Arl14ep,0,-0.651394,-0.926924,-0.930922,-1.01708,-1.2153,-1.35966,-1.27745,-1.27098,-1.16841,-1.35966,-2,,,
Rplp1,0,-0.351093,-0.548946,-0.691261,-0.588131,-1.20836,-0.891987,-0.865965,-0.971809,-1.35929,-1.35929,-2,,,
Rpl31,0,-0.456985,-0.413401,-0.683966,-0.78157,-1.0799,-1.05343,-1.12477,-1.35879,-1.31376,-1.35879,-2,,,
Szrd1,0,-0.266371,-1.05085,-0.953918,-1.17395,-1.20159,-1.15372,-1.35862,-1.09471,-1.13807,-1.35862,-2,,,
Chd8,0,-0.668976,-0.893181,-0.954473,-1.09406,-1.17506,-1.16595,-1.18757,-1.35837,-1.20819,-1.35837,-2,,,
Snrpd2,0,-0.581564,-0.548431,-0.717674,-1.01147,-0.912088,-0.984797,-1.35812,-1.27339,-1.06005,-1.35812,-2,,,
Thoc5,0,-0.483228,-0.486613,-0.842501,-0.279323,-1.03025,-0.821369,-0.93709,-1.35801,-1.04841,-1.35801,-2,,,
Sh3pxd2b,0,-0.820946,-1.35676,-1.22467,-1.19983,-1.0024,-1.31186,-1.28505,-1.20729,-1.09516,-1.35676,-2,,,
Igf2r,0,-0.142874,-0.446095,-0.942644,-1.171,-1.35607,-1.32423,-1.08216,-1.23104,-1.10171,-1.35607,-2,,,
Cpsf2,0,-1.09319,-0.518393,-0.369401,-0.0967016,-0.813245,-1.35582,-0.89407,-1.25434,-1.32586,-1.35582,-2,,,
Ptbp1,0,-0.359264,-0.564369,-0.77631,-0.813282,-1.00993,-1.28973,-1.27034,-1.3557,-1.32847,-1.3557,-2,,,
Ngrn,0,-0.683742,-0.920017,-1.35446,-0.939457,-0.750211,-0.557449,-0.27434,0.147465,-0.0157423,-1.35446,-2,,,
Ppil4,0,0.0756578,-0.655568,-0.839829,-1.18366,-1.1738,-1.3533,-1.18785,-0.883536,-1.13655,-1.3533,-2,,,
Srgap2,0,-0.146503,-0.465538,-0.799931,-0.883039,-1.11942,-1.002,-0.960835,-1.05554,-1.35279,-1.35279,-2,,,
Trmt1l,0,-0.233889,-0.726995,-0.986563,-0.994514,-1.35271,-0.958361,-1.18328,-1.2394,-1.18317,-1.35271,-2,,,
Eif2s3x,0,-0.335722,-0.581448,-0.688536,-0.894279,-1.09553,-0.98609,-1.00885,-1.20994,-1.35228,-1.35228,-2,,,
Txlna,0,-0.381927,-0.423447,-0.592451,-0.784634,-0.990829,-1.1278,-0.92034,-1.14917,-1.35187,-1.35187,-2,,,
Atic,0,-0.301638,-0.916704,-1.15038,-1.11469,-1.35157,-1.11754,-1.25618,-1.14285,-1.32096,-1.35157,-2,,,
Tcf12,0,-0.567813,-0.99462,-1.07561,-1.12588,-1.05377,-0.993863,-1.27902,-1.35091,-1.25632,-1.35091,-2,,,
Bccip,0,-0.341007,-0.924803,-1.17116,-1.15754,-1.28983,-1.22163,-1.12938,-1.16791,-1.34986,-1.34986,-2,,,
Pign,0,-0.0167103,0.0701847,0.0276814,-0.0684109,-0.21632,-0.602409,-0.754816,-1.34968,-1.01084,-1.34968,-2,,,
Eif2s2,0,-0.156816,-0.586109,-0.830349,-1.10234,-1.23435,-1.20644,-1.26105,-1.14806,-1.34958,-1.34958,-2,,,
Med1,0,-0.740036,-0.926935,-1.16064,-1.14697,-1.10716,-1.2251,-1.22261,-1.32226,-1.34906,-1.34906,-2,,,
Taf9,0,-0.322286,-1.09132,-1.34906,-1.26238,-0.983791,-1.30069,-1.31551,-1.30029,-1.06899,-1.34906,-2,,,
Rtfdc1,0,-0.270147,-0.597265,-0.869785,-1.11768,-0.971045,-0.982384,-1.21984,-1.30675,-1.34831,-1.34831,-2,,,
Snrpe,0,-0.469521,-0.481281,-0.654009,-0.755766,-0.969021,-1.0267,-1.17691,-1.34829,-0.853029,-1.34829,-2,,,
Rnps1,0,-0.539837,-0.546188,-0.514198,-0.340982,-1.10555,-1.14435,-1.11238,-1.30406,-1.34821,-1.34821,-2,,,
Bmp1,0,0.169891,0.650822,0.20167,-0.054966,-0.470488,-0.981828,-0.978578,-1.34611,-1.26271,-1.34611,-2,,,
Ahsa1,0,-0.46133,-1.04593,-1.03748,-1.20066,-1.34606,-1.22493,-1.11403,-1.13221,-1.22007,-1.34606,-2,,,
Fasn,0,0.108412,-0.134201,-0.494787,-0.817482,-1.34544,-1.03074,-0.840437,-1.05513,-1.23212,-1.34544,-2,,,
Ift27,0,-0.305651,-0.603567,-0.817802,-0.631311,-0.863993,-0.964577,-1.06411,-1.34544,-1.1296,-1.34544,-2,,,
Lrriq1,0,-0.422941,-0.891928,-1.04043,-1.34541,-1.05851,-1.1072,-1.1231,-1.30333,-1.2535,-1.34541,-2,,,
Galk1,0,-0.137594,-0.692629,-0.775154,-0.744705,-0.79196,-0.727224,-1.11584,-1.15935,-1.34479,-1.34479,-2,,,
Naa25,0,-0.387178,-0.982925,-1.24505,-1.1202,-1.28801,-1.00521,-0.925606,-0.927223,-1.34444,-1.34444,-2,,,
Rpl12,0,-0.327215,-0.838552,-0.817949,-1.07594,-1.23588,-1.18516,-1.08668,-1.21494,-1.3436,-1.3436,-2,,,
Dnajc16,0,-0.185432,-0.520586,-0.864977,-1.17834,-1.21238,-0.978975,-1.16962,-1.27567,-1.34359,-1.34359,-2,,,
Dhdds,0,-0.0273962,-0.137355,-0.372186,-0.627536,-1.14713,-1.06003,-1.1333,-1.21204,-1.3434,-1.3434,-2,,,
Stag2,0,-0.620852,-0.924421,-1.15306,-1.23665,-1.34068,-1.22983,-1.28734,-1.21886,-1.15693,-1.34068,-2,,,
Klhdc4,0,-0.306858,-0.214458,-0.722515,-0.698521,-1.32173,-0.852795,-0.952995,-1.11509,-1.33963,-1.33963,-2,,,
Kdm1a,0,-0.372622,-0.646158,-0.811872,-0.963634,-1.06981,-1.11159,-1.17183,-1.33908,-1.13861,-1.33908,-2,,,
Hypk,0,-0.279432,-0.594309,-0.687614,-0.975878,-1.09093,-1.21748,-1.33716,-1.30082,-1.20644,-1.33716,-2,,,
Cuedc2,0,0.0182638,-1.14797,-1.01882,-1.25771,-0.895577,-0.781864,-1.33692,-0.461593,-0.813211,-1.33692,-2,,,
Exosc3,0,-0.555222,-0.480177,-0.680378,-0.782021,-0.601021,-0.775925,-1.33674,-0.937273,-0.696301,-1.33674,-2,,,
Hnrnpm,0,-0.527504,-0.626461,-0.817739,-0.819357,-0.812511,-0.982803,-1.33611,-1.28969,-1.20557,-1.33611,-2,,,
Tbca,0,-0.255957,-0.326708,-0.665464,-0.854607,-1.06386,-1.0183,-0.937975,-1.22223,-1.336,-1.336,-2,,,
Prpf4b,0,-0.164011,-0.804298,-0.864738,-0.0501785,-1.33594,-0.413486,-0.903328,-0.768438,-0.794268,-1.33594,-2,,,
Prkcb,0,-0.523962,-0.785543,-0.787153,-1.04249,-1.07931,-1.05178,-1.05816,-1.11844,-1.33421,-1.33421,-2,,,
U2af2,0,-0.457514,-0.910831,-0.983564,-1.09691,-1.21827,-1.12579,-1.24222,-1.33383,-1.28044,-1.33383,-2,,,
Kars,0,-0.491486,-0.623726,-0.913742,-1.05149,-1.28477,-1.184,-1.14903,-1.33365,-1.22005,-1.33365,-2,,,
Smg8,0,-0.476974,-0.71916,-0.773309,-0.993099,-0.745111,-1.26099,-1.33254,-0.997522,-1.23244,-1.33254,-2,,,
Wdr12,0,-0.080327,-1.24613,-1.15934,-1.22977,-1.33254,-0.936676,-1.20185,-0.779513,-1.29386,-1.33254,-2,,,
Taf12,0,-0.370567,-0.874531,-0.806005,-1.15322,-1.05092,-1.15984,-1.03153,-1.08987,-1.33235,-1.33235,-2,,,
Ruvbl2,0,-0.426056,-0.847324,-1.03033,-1.11098,-1.32015,-1.28084,-1.33164,-1.31602,-1.27518,-1.33164,-2,,,
Smc1a,0,-0.491056,-0.967487,-1.08272,-1.23468,-1.16924,-1.25106,-1.33113,-1.18847,-1.11428,-1.33113,-2,,,
Gars,0,-0.238428,-0.594824,-0.796297,-1.03945,-1.33097,-1.18569,-1.24827,-1.21393,-1.22366,-1.33097,-2,,,
Psma7,0,-0.0558853,-0.694572,-0.796158,-1.08225,-1.14403,-1.01473,-0.973598,-1.04551,-1.32987,-1.32987,-2,,,
Ruvbl1,0,-0.308121,-0.570204,-0.83098,-0.962482,-1.18978,-1.14413,-1.23464,-1.32963,-1.19033,-1.32963,-2,,,
Eif4g1,0,-0.289932,-0.415689,-0.788691,-0.781799,-1.23858,-1.00439,-0.917761,-1.01944,-1.32949,-1.32949,-2,,,
Chst12,0,-0.477835,-0.0254583,-0.332453,-0.620806,-0.822681,-0.989838,-0.901039,-1.22433,-1.32912,-1.32912,-2,,,
Fnbp4,0,-0.393635,-0.823812,-1.07891,-0.908842,-1.32509,-1.32862,-1.17758,-1.29799,-1.27389,-1.32862,-2,,,
Ubqln2,0,-0.283865,-0.826679,-0.990795,-1.32846,-1.2559,-1.14763,-1.3073,-1.24767,-1.24571,-1.32846,-2,,,
Hnrnpdl,0,-0.420471,-0.51475,-0.43404,-0.166689,-0.935566,-1.04334,-1.05534,-0.90144,-1.32797,-1.32797,-2,,,
Rnf20,0,-0.498678,-0.939955,-0.996078,-1.16582,-1.17231,-1.04532,-1.32758,-1.28835,-1.11054,-1.32758,-2,,,
Smek1,0,-0.40807,-0.755476,-0.845224,-0.937515,-1.12793,-1.15716,-1.32734,-1.25452,-1.1554,-1.32734,-2,,,
Sec61g,0,-0.403223,-0.187269,-0.555716,-0.603409,-0.799417,-0.729389,-0.869255,-1.21854,-1.32613,-1.32613,-2,,,
U2surp,0,-0.539953,-0.548454,-0.971552,-0.928593,-0.966513,-1.14034,-1.02577,-1.26855,-1.32556,-1.32556,-2,,,
Rpl24,0,-0.259037,-0.635397,-0.771439,-0.994741,-1.13542,-1.02566,-0.981478,-1.15782,-1.32514,-1.32514,-2,,,
Edf1,0,-0.351492,-0.514875,-0.920135,-0.781048,-1.2415,-1.10323,-1.2281,-1.32497,-1.26366,-1.32497,-2,,,
Rps10,0,-0.389252,-0.629158,-0.81946,-0.815151,-1.01636,-0.968266,-0.964409,-1.05674,-1.32307,-1.32307,-2,,,
Pum2,0,-0.343424,-0.938583,-1.31479,-1.17859,-1.32298,-1.15595,-1.15347,-1.03587,-1.10421,-1.32298,-2,,,
Slc9a3r1,0,0.0341759,0.121481,0.0433426,-0.191122,-0.202051,-0.77569,-0.902769,-1.29886,-1.32272,-1.32272,-2,,,
Rps4x,0,-0.226847,-0.647043,-0.771145,-0.880377,-1.05472,-1.01569,-1.13473,-1.13698,-1.32207,-1.32207,-2,,,
Birc6,0,-0.0523663,-0.367485,-0.799686,-0.694746,-1.14492,-0.907932,-0.886635,-1.02484,-1.32156,-1.32156,-2,,,
Ascc1,0,-0.070591,-0.193803,-0.811803,-0.665089,-1.09711,-1.30731,-1.10702,-0.702458,-1.32145,-1.32145,-2,,,
Zmym4,0,-0.374264,-0.538221,-0.292233,-0.81888,-0.96104,-0.788502,-1.06753,-1.32089,-1.29761,-1.32089,-2,,,
Nudt21,0,-0.523956,-0.82621,-0.85293,-1.06382,-0.993759,-1.07061,-1.24504,-1.32051,-1.11106,-1.32051,-2,,,
Rab3ip,0,0.666532,0.374064,-0.376372,-0.0777206,-1.32043,-0.538803,-0.571895,0.112466,-0.0160246,-1.32043,-2,,,
Tcof1,0,-1.09075,-0.787716,-0.877272,-0.918703,-0.805471,-0.989134,-0.927597,-1.31817,-0.929094,-1.31817,-2,,,
Cntfr,0,1.21251,0.407824,0.131647,0.0441256,0.0468512,-1.31708,-0.264445,0.0321846,-0.501417,-1.31708,-2,,,
Uggt1,0,-0.0507298,-0.224228,-0.354702,-0.612869,-0.83251,-1.04801,-1.10347,-1.18052,-1.31604,-1.31604,-2,,,
Grsf1,0,-0.127396,-0.553974,-0.774715,-0.783987,-1.07463,-1.11061,-1.31533,-0.783674,-0.810122,-1.31533,-2,,,
Rps9,0,-0.357441,-0.571478,-0.729952,-0.773113,-1.09575,-1.05051,-1.14287,-1.20554,-1.31513,-1.31513,-2,,,
Ccdc43,0,-0.385595,-0.72953,-1.00082,-1.17441,-1.18252,-1.23478,-1.29597,-1.31432,-1.304,-1.31432,-2,,,
Rad50,0,-0.647305,-0.969162,-0.947922,-1.07743,-1.05421,-1.15363,-1.18212,-1.31374,-1.10325,-1.31374,-2,,,
Ubfd1,0,-0.329309,0.0194511,-0.13278,-0.232481,-0.639278,-0.664724,-0.707623,-1.31234,-0.723434,-1.31234,-2,,,
Eif3g,0,-0.401094,-0.501537,-0.703791,-0.858782,-0.973173,-0.995247,-0.800905,-0.989485,-1.31174,-1.31174,-2,,,
Pcnp,0,-0.399435,-0.682613,-0.782797,-1.16917,-1.02364,-1.15033,-1.07329,-1.16256,-1.3114,-1.3114,-2,,,
Aatf,0,-0.582141,-1.23463,-1.1203,-1.01865,-1.12472,-1.11829,-1.31116,-1.12635,-1.22894,-1.31116,-2,,,
Rbmxl1;Rbmx,0,-0.570753,-0.445517,-0.474054,-0.183542,-0.711664,-0.755163,-0.987391,-1.31067,-0.906242,-1.31067,-2,,,
Ascc2,0,-0.122925,-0.482807,-0.76302,-0.788725,-1.30951,-1.1543,-1.20405,-1.25497,-1.28625,-1.30951,-2,,,
Dzip3,0,0.0122328,-0.975082,-1.14612,-0.789834,-1.23154,-1.12652,-1.18448,-1.30917,-1.18619,-1.30917,-2,,,
Ptpn2,0,-0.221155,-0.459099,-0.854643,-0.716673,-0.9883,-0.908712,-1.12036,-1.30893,-1.18815,-1.30893,-2,,,
Ambra1,0,0.0600729,-0.10471,-0.445,-0.596842,-1.07198,-1.30891,-0.856542,-0.622861,-1.19543,-1.30891,-2,,,
Recql,0,-0.552862,-1.10053,-0.864462,-0.997801,-1.06045,-1.30727,-1.00349,-1.12281,-1.18914,-1.30727,-2,,,
Sgk223,0,-0.367725,-1.26067,-1.30669,-1.08054,-0.911835,-0.676481,-0.544827,-0.374935,-1.14484,-1.30669,-2,,,
Rpl26,0,-0.332706,-0.521029,-0.74386,-0.824099,-0.970467,-1.05106,-1.08624,-1.30659,-1.27769,-1.30659,-2,,,
Mapkapk2,0,-0.339045,-0.623198,-0.832468,-0.994385,-1.19952,-1.11933,-1.10918,-1.18722,-1.30655,-1.30655,-2,,,
Srsf10,0,-0.324385,-0.731369,-0.432169,0.0248108,-1.08826,-1.01996,-1.30365,-0.95619,-0.801292,-1.30365,-2,,,
Ampd3,0,-0.363134,-0.574369,-0.590153,-0.608773,-0.674268,-1.30354,-0.359662,-0.709655,-1.2353,-1.30354,-2,,,
H2afy,0,0.381556,-1.05917,-1.30311,-1.11479,-0.992725,-0.0418129,-0.26749,0.0573502,0.231037,-1.30311,-2,,,
Sugt1,0,-0.199387,-0.710871,-1.03525,-1.08957,-1.30297,-1.02131,-0.820856,-0.960218,-1.21305,-1.30297,-2,,,
Eif3b,0,-0.296144,-0.705328,-0.773174,-0.881874,-1.0734,-1.03049,-1.04926,-1.11692,-1.30205,-1.30205,-2,,,
Srebf1,0,-1.30161,-0.100443,0.0801268,0.00230503,-0.157295,0.110948,0.211118,-0.41146,-0.369906,-1.30161,-2,,,
Larp4,0,-0.494658,-0.927124,-1.2742,-1.08352,-1.25647,-1.12963,-0.851616,-0.89304,-1.30127,-1.30127,-2,,,
Pde10a,0,0.0374279,-0.158284,-0.424238,-0.567249,-0.848041,-0.81064,-1.30099,-1.22968,-0.811728,-1.30099,-2,,,
Bud31,0,-0.473917,-0.731146,-0.689816,-0.920559,-0.932043,-0.861412,-0.705343,-1.02247,-1.30036,-1.30036,-2,,,
Dis3l2,0,0.0156975,0.0192127,-0.302092,-0.498285,-0.999006,-1.09382,-1.15783,-1.30021,-1.27753,-1.30021,-2,,,
Rps15,0,-0.385967,-0.48077,-0.497351,-0.752716,-0.909286,-1.05844,-0.925158,-1.29977,-1.15079,-1.29977,-2,,,
Ugdh,0,0.869316,0.759417,0.224504,-0.161243,-0.795996,-0.867056,-0.736998,-1.00795,-1.29845,-1.29845,-2,,,
Epb41,0,0.03298,-0.948208,-0.947649,-1.04852,-0.950939,-1.29708,-0.982868,-0.981102,-1.00907,-1.29708,-2,,,
Bcl10,0,-0.214428,-0.657549,-0.977081,-0.870737,-1.20971,-1.14813,-1.29655,-1.1343,-1.28216,-1.29655,-2,,,
Gtf2i,0,-0.702635,-1.09113,-0.971186,-1.11233,-0.930365,-1.18497,-1.29642,-1.29245,-1.10364,-1.29642,-2,,,
Prrc2b,0,-0.57238,-0.885485,-1.25619,-0.907999,-1.29623,-0.947689,-0.572235,-0.8804,-1.25789,-1.29623,-2,,,
Eif3l,0,-0.309006,-0.576258,-0.734455,-0.821312,-1.03343,-0.945944,-0.819664,-0.892773,-1.29523,-1.29523,-2,,,
Mau2,0,0.296491,0.633533,0.182032,0.513818,-0.368007,-0.674725,-0.864231,-1.29502,0.206616,-1.29502,-2,,,
Galnt4,0,-0.0240459,0.0108643,-0.297729,-0.274422,-0.79681,-0.933043,-0.976824,-1.24575,-1.29482,-1.29482,-2,,,
Pus1,0,-0.43351,-1.0075,-1.05502,-1.14432,-1.07011,-1.14709,-1.29482,-0.798641,-1.03569,-1.29482,-2,,,
Srek1,0,-0.34907,-0.876249,-1.03706,-1.06255,-1.17922,-1.29418,-1.13782,-1.09469,-1.2119,-1.29418,-2,,,
Tdg,0,0.329634,-0.0728321,-0.316929,-0.501303,-0.834135,-0.792706,-0.841852,-1.10433,-1.29341,-1.29341,-2,,,
Mcmbp,0,-1.04602,-1.12444,-1.26758,-1.18637,-1.21808,-1.29267,-1.03786,-1.02697,-1.1213,-1.29267,-2,,,
Rps25,0,-0.408642,-0.541525,-0.827208,-0.752966,-1.05192,-0.889675,-0.924486,-1.18645,-1.29257,-1.29257,-2,,,
Pef1,0,-0.0952034,-0.275715,-0.320318,-0.290367,-0.573755,-0.371162,-0.476965,-0.462831,-1.29242,-1.29242,-2,,,
Rpl10;Rpl10l,0,-0.153023,-0.553329,-0.85733,-0.772779,-1.03186,-0.909178,-1.29029,-1.18601,-1.15666,-1.29029,-2,,,
Dhps,0,-0.414013,-0.656279,-0.957451,-1.19972,-1.08679,-1.18031,-1.20656,-1.28839,-1.01774,-1.28839,-2,,,
Gtpbp4,0,-0.843018,-1.20036,-1.2878,-1.06343,-1.01699,-0.990629,-0.697111,-0.678202,-0.471281,-1.2878,-2,,,
Rpe,0,-1.02419,-0.585346,-0.400089,-0.604198,-0.933107,-1.28761,-1.11657,-1.07921,-0.716106,-1.28761,-2,,,
Eif3h,0,-0.203314,-0.656288,-0.705738,-0.816948,-1.10398,-1.20891,-1.28741,-1.10359,-1.14987,-1.28741,-2,,,
Taf5l,0,-0.471684,-0.985768,-1.11198,-1.19142,-0.981899,-1.26938,-1.26376,-1.28723,-1.15872,-1.28723,-2,,,
Psma4,0,-0.0759964,-0.621771,-0.607697,-0.884333,-1.00694,-0.943668,-0.918026,-1.07007,-1.28642,-1.28642,-2,,,
Ube2k,0,0.00274086,-0.503542,-0.62109,-0.759159,-0.748573,-0.864958,0.343775,-0.159229,-1.28539,-1.28539,-2,,,
Rrp1,0,-1.28526,-0.302006,-0.517061,-0.576502,-0.954489,-0.82279,-0.497011,-0.991817,-0.429945,-1.28526,-2,,,
Prpf31,0,-0.574743,-1.18831,-1.14102,-1.09664,-1.16194,-1.17057,-1.22896,-1.15312,-1.28485,-1.28485,-2,,,
Sec61b,0,-0.0200005,-0.242102,-0.322884,-0.54134,-0.664555,-0.536047,-0.707182,-0.770138,-1.28439,-1.28439,-2,,,
Ints10,0,-0.320754,-0.966045,-0.775193,-0.93111,-1.28437,-0.726231,-1.07081,-1.23535,-1.0723,-1.28437,-2,,,
Hgh1,0,-0.573309,-0.694063,-0.906874,-1.13508,-1.28428,-1.0424,-1.19313,-1.16967,-1.14384,-1.28428,-2,,,
Eif4g2,0,-0.485676,-0.553461,-0.736492,-0.895044,-1.07535,-1.1316,-1.11334,-1.27301,-1.28403,-1.28403,-2,,,
Amph,0,-0.545925,-1.04733,-0.898598,-1.05899,-1.11069,-0.96558,-0.964735,-1.17229,-1.284,-1.284,-2,,,
C15orf40,0,-0.163698,-0.545927,-0.692629,-0.786476,-0.940509,-1.28348,-0.887575,-1.04778,-1.23331,-1.28348,-2,,,
Aplp2,0,-0.45812,-0.755627,-0.856588,-1.13309,-1.06598,-0.762476,-0.53039,-0.44453,-1.28294,-1.28294,-2,,,
Pfdn2,0,-0.261765,-0.501684,-0.687279,-0.924471,-1.10202,-0.903374,-0.806362,-0.831329,-1.28233,-1.28233,-2,,,
Pofut2,0,0.123459,0.0579929,-0.120827,-0.399178,-0.619484,-0.985054,-0.87438,-0.945242,-1.28226,-1.28226,-2,,,
Tmem35,0,-0.180951,-1.04316,-1.21231,-1.28173,-1.24373,-1.07635,-0.788435,-0.775703,-0.921427,-1.28173,-2,,,
Rplp2,0,-0.36557,-0.611681,-0.778435,-0.875925,-0.922421,-0.881277,-0.918087,-1.12313,-1.28019,-1.28019,-2,,,
Rpl13a,0,-0.263712,-0.614264,-0.78849,-0.858505,-1.09244,-0.977337,-1.01653,-1.10909,-1.28015,-1.28015,-2,,,
Hs2st1,0,0.512686,0.532774,0.102013,0.0627251,-0.370953,-0.26404,-0.51853,-0.862736,-1.27967,-1.27967,-2,,,
Slain2,0,0.0199776,-0.312834,-0.773546,-0.689711,-1.2357,-0.989159,-0.936909,-1.02568,-1.2795,-1.2795,-2,,,
Nwc,0,0.545883,-1.27851,-1.07809,-0.902546,-0.772572,-0.497919,-0.391237,0.591616,-0.511456,-1.27851,-2,,,
Paxbp1,0,0.202766,-1.24253,-1.27822,-0.956699,-0.976194,-1.23493,-1.20421,-1.21755,-1.09709,-1.27822,-2,,,
Tpgs1,0,-0.0994349,-0.440617,-0.738121,-0.142596,-1.27802,-0.32998,-0.739126,-0.552408,-0.966258,-1.27802,-2,,,
Ube2i,0,-0.539545,-0.330254,-0.303358,-0.586548,-0.71339,-0.747921,-0.863628,-1.27787,-1.25668,-1.27787,-2,,,
Cisd2,0,-0.451523,-0.74345,-1.06165,-1.10793,-1.17853,-1.14301,-0.956882,-1.1245,-1.27786,-1.27786,-2,,,
Ywhah,0,0.988298,0.740282,0.523367,0.257347,-0.0421505,-0.433035,-0.502237,-0.468365,-1.27744,-1.27744,-2,,,
Sec23b,0,-0.308054,-0.416801,-0.724094,-0.821352,-1.27573,-1.01007,-0.959448,-1.06442,-1.23909,-1.27573,-2,,,
Pin1,0,-0.724075,-0.842939,-0.969393,-1.16614,-1.0787,-1.07822,-0.906237,-1.17401,-1.27524,-1.27524,-2,,,
Ddi2,0,-0.135342,-0.552511,-0.783489,-0.962587,-1.08589,-1.02372,-0.928307,-0.899513,-1.2748,-1.2748,-2,,,
Dvl2,0,-0.346781,-0.656599,-0.871613,-1.10705,-1.19644,-1.22962,-1.10282,-1.27453,-1.03511,-1.27453,-2,,,
Rpl4,0,-0.405176,-0.532295,-0.759083,-0.924137,-1.02166,-1.0469,-0.957659,-1.16093,-1.27375,-1.27375,-2,,,
Edem3,0,0.187843,-0.0467701,-0.467154,-0.536755,-1.02235,-0.948568,-0.99283,-0.861551,-1.27198,-1.27198,-2,,,
Vprbp,0,-1.01221,-1.16923,-1.17056,-1.07142,-1.26711,-0.983374,-1.11379,-1.27141,-1.06212,-1.27141,-2,,,
Actl6a,0,-0.240597,-0.696335,-0.762094,-0.908255,-0.997349,-1.0275,-0.900497,-0.954256,-1.27136,-1.27136,-2,,,
Xpo5,0,-0.727079,-1.08009,-1.2616,-1.09503,-1.2699,-1.10238,-1.08015,-1.16513,-1.07149,-1.2699,-2,,,
Exosc10,0,-0.481369,-0.967482,-1.04198,-1.02456,-1.26985,-1.18081,-1.14921,-1.18826,-1.10449,-1.26985,-2,,,
Itsn2,0,-0.012598,-0.38167,-0.467188,-0.674156,-1.26963,-0.84426,-0.168739,-0.881744,-0.929527,-1.26963,-2,,,
Snrpg,0,-0.405041,0.118446,-0.322487,-0.0684032,-0.263803,-0.724249,-0.980425,-1.26947,-0.106365,-1.26947,-2,,,
Obsl1,0,-1.26931,0.223429,0.181774,-0.266878,-0.628689,-0.699009,-0.779883,-1.18638,-0.85887,-1.26931,-2,,,
Bap18,0,-0.503315,-0.415804,-0.367409,-0.322779,-0.556322,-0.660219,-0.596022,-0.88492,-1.26861,-1.26861,-2,,,
Hnrnpc,0,-0.508121,-0.568668,-0.525005,-0.0863419,-0.510502,-0.880043,-1.1904,-1.26785,-1.10839,-1.26785,-2,,,
Dek,0,-0.683979,-1.12959,-0.993868,-1.26686,-1.0227,-1.06031,-1.14405,-1.1287,-1.03643,-1.26686,-2,,,
Gmps,0,-0.496622,-1.04251,-0.916069,-1.1629,-1.06471,-1.00057,-0.978874,-1.10557,-1.26671,-1.26671,-2,,,
Glmn,0,-0.229031,-0.497515,-0.56786,-0.709595,-0.916773,-0.971886,-1.02768,-1.06659,-1.26669,-1.26669,-2,,,
Gps1,0,0.111864,-0.692457,-0.8256,-0.96081,-1.0703,-0.898033,-0.975908,-0.866581,-1.26513,-1.26513,-2,,,
Mtmr2,0,0.0922585,-0.321138,-0.367502,-0.574614,-1.09038,-1.10355,-0.9167,-1.18796,-1.26506,-1.26506,-2,,,
Pank3,0,-0.172514,-0.931263,-1.16726,-1.26474,-1.17655,-0.854298,-0.807673,-0.763033,-0.907396,-1.26474,-2,,,
Usp39,0,-0.361576,-0.769089,-0.909103,-0.934847,-1.13121,-1.07919,-1.17922,-1.26408,-1.10674,-1.26408,-2,,,
Pycr1,0,0.206511,0.0839119,0.190405,0.0931587,-0.0378304,-0.949141,-1.26381,-0.924551,-1.13943,-1.26381,-2,,,
Vwa9,0,-0.585646,-0.61684,-0.720686,-0.75341,-1.05671,-0.804869,-0.863153,-1.26283,-1.11498,-1.26283,-2,,,
Rad17,0,-0.265676,-0.998478,-1.04501,-1.26274,-1.10603,-1.0303,-0.827371,-1.13358,-0.833686,-1.26274,-2,,,
Pafah1b3,0,-0.277874,-0.118114,-0.249229,-0.589909,-0.613499,-0.748985,-0.866266,-1.26169,-1.1869,-1.26169,-2,,,
Srp9,0,-0.655272,-0.117876,-0.0386848,-0.308689,-0.610817,-0.813173,-0.945482,-1.26095,-0.433437,-1.26095,-2,,,
Sarnp,0,-0.499741,-0.862799,-0.901442,-0.580557,-1.20007,-1.11513,-1.19975,-1.26032,-1.19281,-1.26032,-2,,,
Anp32b,0,0.196392,-0.494028,-0.480225,-0.875385,-0.822491,-1.05973,-1.25963,-1.17778,-1.19714,-1.25963,-2,,,
Hspa4,0,-0.255146,-0.444307,-0.58168,-0.776005,-0.986761,-0.872477,-0.826347,-0.956766,-1.25963,-1.25963,-2,,,
Xrn2,0,-0.624838,-0.636442,-0.724712,-0.804724,-0.967661,-1.04453,-0.92853,-1.09793,-1.25883,-1.25883,-2,,,
Ero1lb,0,0.342774,0.683663,0.474366,0.0677156,-0.196535,-0.425998,-0.411689,-1.23013,-1.25788,-1.25788,-2,,,
Tox4,0,-0.159174,-0.391712,-0.57156,-0.39061,-1.05771,-0.855268,-0.916561,-1.1307,-1.25759,-1.25759,-2,,,
Dgcr8,0,-0.738062,-0.286797,-0.644926,-0.573599,-0.933048,-1.01476,-0.98105,-1.25718,-0.839525,-1.25718,-2,,,
Rnf114,0,-0.309891,-0.890341,-0.755302,-1.25715,-0.903372,-1.14543,-1.05041,-0.57431,-0.969882,-1.25715,-2,,,
Dpf2,0,-0.549492,-0.105003,-0.365376,-0.317978,-0.59214,-0.199381,0.0441227,-1.25671,-0.440653,-1.25671,-2,,,
Thoc3,0,-1.08058,-0.465601,-0.629948,0.00104713,-1.25573,-0.68108,-0.430851,-1.19752,-0.992171,-1.25573,-2,,,
Rab3a,0,-0.04389,-0.726135,-1.04193,-0.804893,-1.25559,-0.613535,-0.297409,-0.227444,-0.665865,-1.25559,-2,,,
Ddx47,0,-0.675045,-0.959576,-1.25526,-0.989532,-1.24399,-1.16787,-0.998278,-1.11457,-0.877096,-1.25526,-2,,,
Tada3,0,-0.349844,-0.896341,-0.879009,-1.13076,-1.23289,-0.777275,-0.839025,-1.02151,-1.25482,-1.25482,-2,,,
Ing3,0,-0.805262,-0.700211,-1.04884,-0.788588,-1.01676,-1.25331,-0.843891,-1.19482,-1.22743,-1.25331,-2,,,
Casp7,0,-0.707228,-0.648691,-0.805771,-1.07285,-0.984591,-1.25217,-0.957834,-1.14245,-1.01988,-1.25217,-2,,,
Aagab,0,-0.0973701,-0.790415,-1.16827,-1.04068,-0.956446,-0.653196,-0.644075,-0.86224,-1.25196,-1.25196,-2,,,
Rps19,0,-0.528858,-0.577665,-0.652466,-0.783871,-1.02898,-0.982512,-0.92285,-1.05916,-1.25189,-1.25189,-2,,,
Abce1,0,-0.502008,-0.799799,-0.998354,-0.998465,-1.17468,-1.17569,-1.25131,-1.23233,-1.21609,-1.25131,-2,,,
Usp14,0,-0.364878,-0.834089,-1.09578,-1.24942,-1.2267,-1.1581,-1.04163,-1.02328,-1.10172,-1.24942,-2,,,
Aggf1,0,0.0146141,-1.16179,-1.1087,-0.913647,-0.687836,-0.898337,-1.16079,-0.873464,-1.2493,-1.2493,-2,,,
Zw10,0,-0.557068,-0.470236,-0.93387,-1.18792,-1.23227,-1.21883,-0.920025,-1.06544,-1.24866,-1.24866,-2,,,
Snx16,0,-0.468944,-1.18205,-1.24705,-0.879311,-0.972589,-0.896071,-0.781181,-0.630584,-0.708839,-1.24705,-2,,,
Ythdf3,0,-0.200142,-0.640324,-0.759523,-0.853313,-0.988569,-0.860052,-0.760489,-0.897078,-1.24692,-1.24692,-2,,,
Tnpo3,0,-0.385273,-0.747526,-0.887732,-1.14019,-1.1996,-1.14732,-0.610817,-0.962738,-1.24574,-1.24574,-2,,,
Prpf40a,0,-0.551331,-0.551691,-0.733078,-0.638985,-0.962477,-1.03691,-1.10407,-1.2457,-1.01763,-1.2457,-2,,,
Fkbp9,0,0.0963631,0.0821209,-0.197191,-0.481476,-0.795752,-1.01231,-1.0403,-1.23565,-1.24506,-1.24506,-2,,,
Agpat4,0,0.106632,0.622913,0.355358,0.109203,-0.324337,-1.00633,-1.24372,-1.18966,-1.09127,-1.24372,-2,,,
Zcchc17,0,0.376453,-0.389119,-0.171694,-0.0184498,-0.200545,-0.0391493,-1.2426,0.499526,0.759529,-1.2426,-2,,,
Srrm2,0,-0.346539,-0.680798,-0.791086,-0.897738,-0.973995,-1.03714,-1.1514,-1.24253,-1.21117,-1.24253,-2,,,
Bod1l,0,-0.354372,-0.853382,-1.06878,-1.23287,-1.08154,-1.12309,-1.16445,-1.24137,-1.2208,-1.24137,-2,,,
Tubg1;Tubg2,0,-0.31167,-0.410255,-0.55444,-0.816254,-0.956074,-1.07702,-1.08301,-1.18752,-1.24121,-1.24121,-2,,,
Camk2b,0,-0.676443,-0.986166,-1.12847,-1.05538,-1.22229,-1.18797,-0.980949,-0.975,-1.24032,-1.24032,-2,,,
Ankrd46,0,-0.303781,-0.773927,-1.2394,-1.11017,-1.17539,-1.10394,-0.977336,-1.03329,-0.954911,-1.2394,-2,,,
Anapc1,0,-0.250551,-0.610924,-0.749014,-0.832453,-1.10568,-1.07875,-1.14093,-1.23925,-1.13331,-1.23925,-2,,,
Tor2a,0,-0.231628,-0.186914,-0.477707,-0.607893,-0.772953,-1.01042,-1.2384,-1.23735,-1.09017,-1.2384,-2,,,
Rbm27,0,-0.504705,-0.772751,-0.873186,-1.11155,-1.01287,-1.04926,-1.12869,-1.23798,-1.0762,-1.23798,-2,,,
Wiz,0,-0.784597,-0.237528,-0.498268,-0.525589,-0.783171,-1.02847,-0.756233,-1.10753,-1.2376,-1.2376,-2,,,
Exosc2,0,-0.231384,-1.12743,-0.981073,-1.02663,-1.04891,-0.861208,-0.859669,-0.623789,-1.23731,-1.23731,-2,,,
Exosc8,0,-0.476905,-0.134823,0.0332613,-0.264978,-0.390431,-0.557566,-0.866076,-1.23686,-0.437117,-1.23686,-2,,,
Eif3m,0,-1.23518,-0.618526,-0.757259,-0.727497,-1.20256,-1.23661,-0.978853,-1.18747,-1.19786,-1.23661,-2,,,
Tubgcp3,0,-0.457947,-0.551109,-0.578663,-0.780689,-1.16071,-1.05361,-0.997803,-1.23435,-1.21013,-1.23435,-2,,,
Bclaf1,0,-0.577854,-0.413757,-0.214285,0.173113,-0.959974,-0.946703,-1.22079,-1.23359,-1.07071,-1.23359,-2,,,
Larp7,0,-0.112272,-1.10731,-1.15609,-1.2327,-0.976595,-1.10568,-1.01592,-0.894148,-1.17875,-1.2327,-2,,,
Med24,0,-0.415839,-0.374258,-0.0764351,-0.323109,-0.316862,-1.2325,-0.42306,-0.843136,-0.334688,-1.2325,-2,,,
Dera,0,0.250954,0.234076,-0.0628128,-0.555073,-0.774096,-1.00312,-1.23203,-0.968377,-0.7537,-1.23203,-2,,,
Tubgcp5,0,-0.463699,-0.231885,-0.724149,-1.16527,-1.23193,-0.79673,-0.930272,-0.813454,-1.00856,-1.23193,-2,,,
Cep170,0,-0.174961,-0.37307,-0.707203,-0.816521,-1.02956,-1.14618,-1.08655,-1.15589,-1.23115,-1.23115,-2,,,
Impad1,0,0.270927,-0.0080471,-0.240086,-0.320562,-0.720152,-0.777134,-0.804306,-0.90202,-1.23088,-1.23088,-2,,,
Sumo3,0,-0.454151,-0.950386,-0.684893,-1.17753,-1.2307,-0.816074,-0.899559,-0.892868,-0.919186,-1.2307,-2,,,
Eif2a,0,-0.191023,-0.496235,-0.573101,-0.684414,-0.958427,-0.937954,-0.845022,-0.9361,-1.22829,-1.22829,-2,,,
Mbd3,0,-0.51856,-0.415209,-0.760588,-0.634071,-0.79884,-1.06221,-1.04702,-0.798468,-1.2278,-1.2278,-2,,,
Myl6,0,0.0870419,0.0264626,-0.307331,-0.639954,-0.927122,-1.09512,-1.0134,-1.22779,-1.055,-1.22779,-2,,,
Ogfod3,0,-0.608786,-1.10983,-1.22771,-1.09905,-0.924438,-0.964209,-0.872232,-1.01322,-0.799755,-1.22771,-2,,,
C1orf52,0,0.0817041,-0.763796,-0.764254,-1.22688,-0.627743,-0.755718,-0.469553,-0.539626,-0.729732,-1.22688,-2,,,
St7,0,0.126735,-1.17186,-1.22616,-0.926625,-0.922398,-0.520168,-1.04948,-0.396146,-1.19998,-1.22616,-2,,,
Ppm1g,0,-0.679245,-0.917429,-0.953129,-1.07306,-1.07715,-1.02087,-1.03535,-1.14843,-1.22577,-1.22577,-2,,,
Ebag9,0,-0.0287466,-0.140009,0.00927067,-0.221907,-0.285808,-1.06998,-0.0087595,-0.411316,-1.2256,-1.2256,-2,,,
Inpp5b,0,0.458442,-0.388005,-0.258945,-1.13423,-0.592685,-0.386411,-1.22515,-0.396502,-0.741828,-1.22515,-2,,,
Lig3,0,-0.519241,-0.62089,-0.561754,-0.664022,-0.768688,-1.0272,-1.03174,-1.21324,-1.22515,-1.22515,-2,,,
Atg2b,0,0.684074,0.0292416,-0.208757,-0.631884,-0.811131,-0.769186,-0.459917,-0.460138,-1.22455,-1.22455,-2,,,
Trmt5,0,-0.370829,-0.809322,-0.738928,-0.782953,-0.758451,-0.94038,-0.914818,-0.878298,-1.22411,-1.22411,-2,,,
Tmem131,0,-0.341492,-0.627937,-0.893988,-1.15015,-1.09737,-1.08797,-1.11909,-0.944559,-1.22404,-1.22404,-2,,,
Smc3,0,-0.428255,-0.770756,-0.935757,-1.04177,-1.08134,-1.11576,-1.22365,-1.03868,-1.08592,-1.22365,-2,,,
Rps20,0,-0.323742,-0.68841,-0.825628,-0.912251,-1.03649,-0.991241,-1.01321,-1.13085,-1.22216,-1.22216,-2,,,
Sumf2,0,0.0506744,0.192078,-0.107649,-0.437927,-0.629412,-0.798058,-0.799732,-0.999704,-1.22167,-1.22167,-2,,,
Lrrc40,0,-0.514643,-0.943657,-0.951313,-0.988539,-1.19667,-1.22016,-1.13223,-1.1245,-1.13388,-1.22016,-2,,,
Sf3b4,0,-0.465055,-0.732624,-0.833565,-0.821558,-0.965639,-1.11159,-1.21934,-1.14156,-1.04047,-1.21934,-2,,,
Etnk1,0,-0.304066,-0.764309,-1.01243,-0.510563,-1.21818,-0.820658,-0.345852,-0.378384,-0.616652,-1.21818,-2,,,
C9orf117,0,-0.0495148,-0.558222,-0.714682,-1.21785,-0.849987,-0.952644,-0.888542,-0.977367,-0.654852,-1.21785,-2,,,
Agap1,0,-0.180407,-0.325382,-0.663616,-0.649626,-1.21721,-0.690996,-0.349714,-0.582945,-0.802805,-1.21721,-2,,,
Casc3,0,-0.442262,-1.01845,-1.1524,-1.20196,-1.10372,-1.13534,-1.21686,-1.06783,-1.15155,-1.21686,-2,,,
Rbm10,0,-0.0899925,-0.704176,-0.893501,-0.967125,-0.953524,-1.21672,-1.01768,-1.08176,-1.15886,-1.21672,-2,,,
Arl2bp,0,-0.352741,-0.289217,-0.306988,-0.696394,-0.756617,-0.71146,-1.21657,-0.831392,-0.354246,-1.21657,-2,,,
Myeov2,0,0.171229,-0.13905,-0.103601,-0.65801,-0.576618,-0.71137,-0.711744,-0.542271,-1.21599,-1.21599,-2,,,
Ncl,0,-0.430645,-0.804226,-0.896719,-0.971161,-1.09875,-1.10375,-0.978912,-1.01001,-1.21492,-1.21492,-2,,,
Map7d2,0,-0.10709,0.00441551,-0.461962,-0.448896,-1.07797,-0.915335,-0.698393,-0.644445,-1.21448,-1.21448,-2,,,
Crlf3,0,-0.197105,-0.703664,-0.94058,-0.945695,-1.21285,-1.00477,-0.59043,-0.440272,-0.610327,-1.21285,-2,,,
Cant1,0,0.232325,0.0455971,-0.299913,-0.263163,-0.304771,-0.625248,-0.278206,-0.556328,-1.21279,-1.21279,-2,,,
Slc6a1,0,-1.21259,-1.00095,-0.456432,-0.661415,-0.172405,0.0274849,0.0178032,-0.066433,0.334644,-1.21259,-2,,,
Tor1a,0,-0.225307,-0.839653,-1.00427,-1.13435,-1.0204,-1.2119,-1.02428,-0.891575,-1.10601,-1.2119,-2,,,
Orc3,0,-0.711507,-0.921316,-1.11848,-1.21177,-0.942778,-0.800686,-0.69553,-0.77231,-0.579023,-1.21177,-2,,,
Nap1l4,0,-0.359972,-0.664705,-0.727087,-0.977802,-1.21171,-1.03489,-0.795864,-0.906199,-1.06321,-1.21171,-2,,,
Vangl2,0,-0.504965,-0.314219,-0.0874634,-0.321703,-0.536753,-0.951171,-1.00099,-1.21093,-1.09161,-1.21093,-2,,,
Znf22,0,-0.899849,-0.722445,-0.342335,-0.657486,-0.821989,-1.17572,-1.05521,-1.21037,-1.04864,-1.21037,-2,,,
Mvk,0,0.453474,0.228722,-0.311123,-0.636797,-1.13817,-1.13844,-1.20979,-1.11776,-0.973568,-1.20979,-2,,,
Nelfcd,0,-0.282902,-1.06032,-0.963268,-1.2096,-1.01873,-1.00826,-1.03575,-0.230358,-0.702574,-1.2096,-2,,,
Wac,0,-0.328064,-0.89369,-1.07048,-1.1299,-1.09098,-1.20575,-1.20154,-1.17613,-1.20959,-1.20959,-2,,,
Tmem167a,0,-0.468785,0.422105,0.0937376,0.405149,-0.461286,-0.133056,-0.428412,-0.708554,-1.20884,-1.20884,-2,,,
Surf2,0,-0.570223,-0.998442,-1.13968,-1.20818,-0.948622,-1.03754,-1.20328,-1.1569,-1.16799,-1.20818,-2,,,
Sike1,0,-0.160189,-0.56196,-0.672312,-1.08823,-0.892332,-0.532579,-0.978399,-1.20809,-1.00194,-1.20809,-2,,,
Rpl10a,0,-0.386091,-0.475462,-0.665794,-0.72788,-0.913254,-0.877575,-0.719282,-0.906851,-1.20705,-1.20705,-2,,,
Ubqln4,0,-0.0566196,-0.658476,-0.779634,-0.812321,-1.20682,-1.05562,-0.978283,-0.995247,-1.01452,-1.20682,-2,,,
Scaf4,0,-0.513039,-0.773989,-0.989305,-1.0156,-1.14103,-1.06103,-1.06047,-1.20681,-0.91781,-1.20681,-2,,,
Wdr18,0,-0.269039,-0.2208,-0.432261,-0.445967,-0.511915,-0.803791,-1.05732,-1.20655,-1.0491,-1.20655,-2,,,
Pgp,0,-0.357239,-0.641783,-0.582047,-0.776073,-0.86619,-0.737982,-0.828686,-0.796896,-1.20603,-1.20603,-2,,,
Pds5b,0,-0.52327,-0.834934,-0.954145,-1.03275,-1.08898,-1.1487,-1.16668,-1.20472,-1.05487,-1.20472,-2,,,
Rps17,0,-0.489525,-0.312693,-0.425022,-0.639128,-0.907417,-1.00343,-1.04457,-1.20257,-1.08516,-1.20257,-2,,,
Tars,0,0.166367,-0.596054,-0.764673,-0.860765,-1.11736,-1.06327,-1.02474,-0.974815,-1.20147,-1.20147,-2,,,
Senp6,0,-0.384245,-0.490129,-0.739404,-1.09888,-1.02286,-0.905566,-0.964657,-0.608784,-1.2004,-1.2004,-2,,,
Rnf40,0,-0.162683,-0.943121,-0.928513,-1.04033,-1.01173,-0.891514,-1.20039,-0.990881,-0.995434,-1.20039,-2,,,
Bzw1,0,-0.490307,-0.43021,-0.604851,-0.74946,-1.00208,-1.1315,-0.87459,-1.09768,-1.20028,-1.20028,-2,,,
Lhpp,0,-0.543966,-0.697605,-0.768291,-0.896351,-0.70879,-0.969374,-1.1987,-1.18777,-0.791765,-1.1987,-2,,,
Nufip2,0,-0.151466,-0.403904,-0.694029,-0.544706,-1.10935,-0.954317,-0.773199,-0.847446,-1.19866,-1.19866,-2,,,
Ppil2,0,-0.37767,-0.724464,-0.719904,-0.877979,-0.959145,-1.062,-1.02112,-1.03899,-1.19804,-1.19804,-2,,,
Ubl4a,0,-0.250282,-0.477449,-0.646225,-0.832067,-0.907259,-0.967997,-1.04137,-1.19751,-1.04313,-1.19751,-2,,,
Rpl19,0,-0.288254,-0.339024,-0.496517,-0.69743,-0.959829,-0.924133,-0.935501,-0.98007,-1.19701,-1.19701,-2,,,
Ttc17,0,-0.548101,-0.835739,-1.02314,-1.07125,-0.791481,-1.15259,-1.19594,-0.916327,-1.02914,-1.19594,-2,,,
Gspt1,0,-0.203524,-0.271965,-0.381254,-0.43998,-0.907988,-0.852354,-0.82937,-1.00625,-1.19571,-1.19571,-2,,,
Uevld,0,-1.19548,-0.643516,-0.638125,-0.796406,-0.659956,-0.830812,-0.814493,-1.13081,-0.717499,-1.19548,-2,,,
Eif2s1,0,-0.372732,-0.535591,-0.741613,-0.794207,-1.03085,-0.966652,-1.01398,-1.06862,-1.19537,-1.19537,-2,,,
Usp40,0,-0.0708008,-0.449364,-0.428558,-0.583738,-0.732812,-0.731606,-0.912719,-0.823422,-1.19306,-1.19306,-2,,,
Clcn5,0,0.120193,0.111145,-0.368,-0.577621,-1.01739,-0.975595,-0.967093,-1.19289,-1.05738,-1.19289,-2,,,
Dcaf6,0,0.293857,0.248884,-0.0867119,0.0973482,0.109404,-0.284272,-0.0390291,-1.19239,0.107064,-1.19239,-2,,,
Mark3,0,-0.368765,-0.865639,-0.801052,-0.832119,-0.972389,-1.07675,-1.19171,-1.04925,-1.0702,-1.19171,-2,,,
Gabpa,0,-0.479036,-0.96867,-0.950186,-1.19084,-1.01469,-1.04841,-1.08605,-1.13659,-1.16743,-1.19084,-2,,,
Lamb1,0,0.347025,-0.331299,-0.280491,-1.19032,-0.420141,-0.156849,0.215643,0.253174,0.107561,-1.19032,-2,,,
Pald1,0,0.495863,-0.167471,-0.323456,-0.5401,-0.800461,-0.952522,-1.10765,-1.09856,-1.18996,-1.18996,-2,,,
Ctnnbl1,0,-0.488916,-0.400667,-0.563496,-0.487232,-0.829412,-0.78508,-0.909588,-1.18974,-0.646215,-1.18974,-2,,,
Gpatch8,0,-0.26395,-0.654716,-0.757437,-1.0841,-1.03442,-1.10633,-1.1894,-1.04126,-1.13183,-1.1894,-2,,,
Lsm5,0,-0.574843,-1.18894,-0.770672,-0.979574,-0.912243,-0.878525,-0.95466,-0.968958,-1.11359,-1.18894,-2,,,
Kiaa0319l,0,-0.0857182,0.0178452,-0.24902,-0.594299,-0.902725,-0.952227,-0.959505,-0.995623,-1.18865,-1.18865,-2,,,
Fndc3b,0,0.185152,-0.186743,-0.241282,-0.414257,-0.421919,-0.778988,-0.872936,-0.625196,-1.18789,-1.18789,-2,,,
Rps11,0,-0.396034,-0.652634,-0.656853,-0.772871,-0.869474,-0.802864,-0.563589,-0.863407,-1.1867,-1.1867,-2,,,
Hexim1,0,0.0294247,-0.778456,-0.861483,-1.00554,-0.883816,-0.83247,-0.954727,-0.902641,-1.18669,-1.18669,-2,,,
Arpc1b,0,-0.254166,-0.315287,-0.51759,-0.457779,-0.504978,-0.603346,-0.803385,-1.15357,-1.18636,-1.18636,-2,,,
Lamc1,0,0.220333,-0.288061,-0.742418,-1.18569,-1.10305,-0.921703,-0.453625,-0.445805,-0.816967,-1.18569,-2,,,
Lnp,0,-0.24452,-0.417753,-0.890148,-0.945877,-1.16514,-1.00262,-1.00546,-1.18555,-1.0792,-1.18555,-2,,,
Ncor1,0,-0.376631,-0.475307,-0.515791,-0.80183,-0.813778,-1.05155,-0.771317,-1.18363,-0.961794,-1.18363,-2,,,
Med6,0,-0.44277,-0.748236,-0.701685,-1.12948,-0.946482,-0.898401,-0.68405,-0.86768,-1.18258,-1.18258,-2,,,
Dpp3,0,-0.128262,-0.211695,-0.328482,-0.508413,-0.668242,-0.731548,-0.796312,-0.886375,-1.18242,-1.18242,-2,,,
Pfdn6,0,-0.326651,-0.394823,-0.662125,-0.879509,-1.18239,-0.8463,-0.812113,-0.914223,-1.11087,-1.18239,-2,,,
Sil1,0,0.00811958,0.20121,-0.231333,-0.089838,-0.571461,-0.644197,-0.71069,-0.867939,-1.18238,-1.18238,-2,,,
Ubap2l,0,-0.0781364,-0.542536,-0.715174,-0.723194,-0.81855,-0.732664,-0.705484,-0.826458,-1.18232,-1.18232,-2,,,
Dohh,0,-0.136578,0.0606766,-0.104366,-0.592302,-0.682964,-0.669889,-0.756319,-0.572206,-1.18226,-1.18226,-2,,,
Supt5h,0,-0.248196,-0.836803,-0.783489,-0.980804,-0.961346,-0.988525,-1.18162,-1.0817,-1.16284,-1.18162,-2,,,
Kpna4,0,-0.436203,-1.01219,-0.963566,-1.05501,-1.00586,-1.18111,-1.00115,-1.00194,-1.12465,-1.18111,-2,,,
Tmem165,0,0.0925503,-0.0050602,-0.240709,-0.463566,-0.65757,-0.632317,-1.14889,-0.960377,-1.18064,-1.18064,-2,,,
Naa15,0,-0.45826,-0.622627,-0.802031,-0.951157,-1.17003,-1.11907,-1.14057,-1.12145,-1.18056,-1.18056,-2,,,
Dffa,0,0.24508,0.091815,0.0829411,-0.999386,-0.719742,-0.812601,-0.60042,-0.718513,-1.18044,-1.18044,-2,,,
Wnk1,0,-0.324152,-0.382248,-0.510117,-0.668554,-0.91197,-0.898611,-0.989286,-1.08388,-1.18021,-1.18021,-2,,,
Kctd3,0,0.0208015,-0.49984,-0.746529,-0.850012,-1.11432,-1.04549,-1.0931,-0.709192,-1.17993,-1.17993,-2,,,
Arl6,0,-0.589733,-0.99774,-0.976391,-1.17966,-0.981363,-0.856899,-0.974859,-0.793682,-0.712515,-1.17966,-2,,,
Mthfd1,0,-0.557142,-0.733503,-0.904799,-0.921034,-1.17893,-1.05332,-0.829882,-0.941187,-1.04219,-1.17893,-2,,,
Evl,0,0.425376,-0.79063,-1.0694,-0.701221,-0.87224,-1.02158,-0.836603,-0.84266,-1.1779,-1.1779,-2,,,
Eif3i,0,-0.192354,-0.566814,-0.720598,-0.727596,-0.948671,-0.989361,-0.875175,-0.984674,-1.17739,-1.17739,-2,,,
Alas1,0,-1.12286,-1.17703,-1.0747,-1.10896,0.203975,-0.6504,-0.602942,-0.421637,0.534404,-1.17703,-2,,,
Ppm1e,0,-0.0944366,-0.0975971,-0.237047,-0.336035,-0.262012,-0.567894,-0.579123,-0.681965,-1.1768,-1.1768,-2,,,
Map2k6,0,0.0429497,-0.65616,-0.490313,-0.83041,-0.80303,-0.655708,-0.74337,-0.726145,-1.17652,-1.17652,-2,,,
Snd1,0,-0.0823975,-0.264275,-0.447109,-0.637159,-0.812082,-0.866337,-0.838547,-0.870705,-1.17583,-1.17583,-2,,,
Ptk2,0,0.00935364,-0.0263729,-0.255217,-0.401951,-0.879505,-0.870859,-0.842764,-0.934113,-1.17393,-1.17393,-2,,,
Odr4,0,0.721775,-0.778384,-1.17369,-0.997007,-0.903607,-0.577374,-1.03721,-0.331363,-0.57,-1.17369,-2,,,
Ppp6r3,0,-0.0125141,-0.318539,-0.622297,-0.71702,-1.15791,-1.01606,-1.17356,-1.12309,-1.13866,-1.17356,-2,,,
Rbm26,0,-0.504539,-0.616657,-0.651644,-0.72768,-0.900047,-0.988464,-0.884474,-1.17274,-1.07049,-1.17274,-2,,,
Zfand6,0,0.444181,-0.44583,-0.358452,-0.755877,-1.05457,-0.66354,-0.779713,-0.621209,-1.17197,-1.17197,-2,,,
Naa30,0,-0.114074,-0.654922,-0.618362,-0.765872,-1.03064,-0.621614,-0.439033,-0.553826,-1.17185,-1.17185,-2,,,
Eif1ax;Eif1a,0,-0.334641,-0.527159,-0.732531,-0.898806,-0.894024,-0.733273,-0.878759,-0.878454,-1.17092,-1.17092,-2,,,
Ctr9,0,-0.567635,-0.474659,-0.897303,-0.724308,-1.17044,-0.965326,-1.04498,-0.995708,-0.968563,-1.17044,-2,,,
Slc12a2,0,-0.676268,-0.841812,-1.0421,-1.05541,-1.13127,-1.02596,-0.873716,-1.06141,-1.16888,-1.16888,-2,,,
Ppp1r11,0,-0.142324,-0.723461,-0.788248,-0.634871,-0.823633,-0.625162,-0.636444,-0.423824,-1.16837,-1.16837,-2,,,
Slc20a1,0,-0.697989,-0.761158,-0.939199,-0.928182,-1.16817,-0.596725,-0.183725,0.0234833,-0.750451,-1.16817,-2,,,
Aqr,0,-0.490238,-0.918417,-0.963596,-0.801292,-0.896076,-0.975418,-1.16787,-1.07308,-1.00056,-1.16787,-2,,,
Nop9,0,-0.459114,-0.871475,-1.08767,-0.924824,-1.00605,-0.92836,-1.00746,-1.09533,-1.16725,-1.16725,-2,,,
Myef2,0,-0.490227,-0.649351,-0.60022,-0.429712,-0.89246,-0.882423,-1.16694,-1.05259,-0.738501,-1.16694,-2,,,
Cd2bp2,0,-0.729572,-1.16681,-1.15609,-1.12375,-1.08651,-1.12278,-0.963062,-1.06273,-0.942684,-1.16681,-2,,,
Dnaaf5,0,-0.473007,-0.630491,-0.580939,-0.690209,-1.10552,-1.08762,-1.16547,-1.07778,-0.7203,-1.16547,-2,,,
Psmg2,0,-0.299652,-0.411087,-0.714338,-0.783463,-1.16449,-0.959534,-0.918159,-1.10423,-1.03888,-1.16449,-2,,,
Sub1,0,-0.129581,-0.689056,-0.597139,-0.860762,-0.636787,-0.654884,-1.16429,-0.89591,-0.745832,-1.16429,-2,,,
Eif6,0,-0.216238,-0.407484,-0.297329,-0.883504,-0.592884,-0.737041,-0.536213,-0.720555,-1.16351,-1.16351,-2,,,
Tram1,0,-0.0526543,0.0804253,-0.0827885,0.0285511,-0.463076,-0.360008,-0.799688,-1.16329,-0.630205,-1.16329,-2,,,
Eif3k,0,-0.174038,-0.567371,-0.805513,-0.600552,-0.962049,-0.834709,-1.16323,-0.949322,-0.823427,-1.16323,-2,,,
Rbm8a,0,-0.321074,-0.365963,-0.526495,-0.474037,-0.834019,-0.889891,-1.03174,-1.1628,-0.906153,-1.1628,-2,,,
Nop58,0,-0.821178,-1.07812,-0.782709,-0.801334,-0.660706,-0.734369,-1.16275,-1.13675,-0.565338,-1.16275,-2,,,
Nono,0,-0.446802,-0.787022,-0.850657,-0.889015,-0.981665,-0.934387,-1.07721,-1.16222,-0.961983,-1.16222,-2,,,
Pus10,0,-0.226185,-0.0288124,0.0225086,-0.137333,-0.138594,-0.511459,-0.76436,-0.812513,-1.162,-1.162,-2,,,
Uaca,0,-0.167168,-0.406073,-0.493118,-0.872416,-0.843082,-0.897881,-0.857347,-0.819407,-1.16089,-1.16089,-2,,,
Nde1,0,-0.780315,-1.16077,-1.06815,-0.989107,-0.963264,-0.509115,-0.608927,-0.561926,-0.93247,-1.16077,-2,,,
G3bp1,0,-0.252583,-0.726488,-0.903122,-0.880219,-0.95969,-0.939575,-0.923893,-1.00603,-1.15938,-1.15938,-2,,,
Eif3e,0,-0.50256,-0.546141,-0.717091,-0.7446,-1.10004,-1.02,-0.961023,-1.1591,-1.06647,-1.1591,-2,,,
Telo2,0,-0.459448,-0.499264,-0.713486,-0.808226,-1.15866,-0.873003,-0.689442,-0.704744,-1.04977,-1.15866,-2,,,
Ccdc32,0,0.277639,-0.391812,-0.69599,-1.15815,-0.409481,-0.361876,0.0792341,0.305963,-0.703105,-1.15815,-2,,,
Ndfip2,0,0.165722,0.240575,-0.0779839,-0.450829,-0.472089,-0.480333,-0.779518,-0.51161,-1.15752,-1.15752,-2,,,
Trio,0,0.0926838,-0.534927,-0.856987,-0.890005,-1.1008,-0.883709,-0.779919,-0.539757,-1.1568,-1.1568,-2,,,
Plxnd1,0,-0.297556,-0.178486,-0.279388,0.106155,-0.405594,-0.405592,-0.906376,-1.15678,-0.814807,-1.15678,-2,,,
Ndfip1,0,-0.157263,-0.161229,-0.168532,-0.673069,-0.567705,-0.565446,-0.535599,-0.511262,-1.15653,-1.15653,-2,,,
Tfip11,0,-0.844896,-0.820181,-0.795609,-0.78511,-0.842106,-0.879566,-1.15638,-1.1119,-0.882479,-1.15638,-2,,,
Lars,0,-0.238316,-0.654665,-0.848232,-0.893385,-1.1558,-1.11427,-0.953207,-1.05576,-1.106,-1.1558,-2,,,
Xpo4,0,-0.237734,-0.680403,-1.01166,-1.15575,-1.11951,-0.844772,-1.09196,-0.703203,-1.02105,-1.15575,-2,,,
Rae1,0,-0.43099,-0.726505,-0.845041,-0.634907,-0.893778,-0.775696,-0.931356,-1.15571,-0.92028,-1.15571,-2,,,
Mtmr12,0,-0.192038,-0.500702,-0.594828,-0.702375,-1.15518,-0.640186,-0.863119,-0.652565,-1.10351,-1.15518,-2,,,
Ikbkap,0,-0.385592,-0.61731,-0.820642,-0.797182,-1.15495,-0.988297,-0.834957,-1.06797,-1.04984,-1.15495,-2,,,
Igbp1,0,-0.238956,-0.277132,-0.492647,-0.551603,-0.894674,-0.955336,-1.15468,-0.948053,-1.08759,-1.15468,-2,,,
Lancl2,0,-0.287664,-0.216431,-0.225721,-0.220055,-0.482367,-0.775305,-1.15217,-0.775917,-0.35911,-1.15217,-2,,,
Asna1,0,-0.069212,-0.615078,-0.700121,-0.929983,-1.15213,-1.04204,-1.14101,-1.02522,-1.09179,-1.15213,-2,,,
Rbfa,0,-0.49795,-0.933209,-1.07718,-1.15154,-0.481431,-0.187754,-0.0754862,0.509006,0.233177,-1.15154,-2,,,
Nudt5,0,-0.404209,-0.55669,-0.641859,-0.793083,-0.999016,-1.03097,-0.986942,-1.09869,-1.1503,-1.1503,-2,,,
Qrich1,0,-0.509335,-0.640491,-0.592499,-0.648167,-0.790451,-0.886444,-1.14908,-1.11874,-0.873579,-1.14908,-2,,,
Asf1a,0,-0.105593,-0.20896,-0.352335,-0.55728,-0.814926,-0.873384,-1.02187,-1.09669,-1.14906,-1.14906,-2,,,
Ptbp3,0,-0.268141,-0.709782,-0.330524,-0.641635,-0.580814,-0.853632,-1.1403,-1.14809,-1.10321,-1.14809,-2,,,
Por,0,0.0175457,-0.507204,-0.788469,-0.941263,-1.05186,-0.962271,-0.756353,-0.704519,-1.14778,-1.14778,-2,,,
Ube2r2,0,-0.111908,-0.513706,-0.557838,-1.0313,-0.814873,-0.902441,-1.02225,-0.938995,-1.14736,-1.14736,-2,,,
Mettl17,0,-0.836144,-1.14656,-1.11765,-0.845934,-0.813917,-0.773987,-0.434181,-0.233986,-0.164755,-1.14656,-2,,,
Arhgef40,0,-0.587086,-0.66445,-0.698868,-0.672661,-0.798435,-1.01415,-1.14648,-0.959066,-0.919237,-1.14648,-2,,,
Ywhaq,0,-0.456945,-0.69273,-0.77099,-1.00234,-0.959431,-0.95402,-0.806978,-0.871061,-1.14613,-1.14613,-2,,,
Cdk2ap1,0,-0.514078,-0.400385,-0.74044,-0.566599,-1.14539,-0.98555,-0.766491,-1.1088,-0.971722,-1.14539,-2,,,
Rbm39,0,-0.532364,-0.954508,-0.839005,-0.817284,-1.14537,-1.11571,-1.14205,-1.14233,-0.973618,-1.14537,-2,,,
Gabrg1,0,-1.14387,-0.604101,-0.333488,-0.297131,-0.100368,-0.420536,-0.136095,-0.151352,-0.0192471,-1.14387,-2,,,
Tubgcp2,0,-0.436874,-0.575003,-0.653727,-0.877073,-1.02394,-1.12216,-1.04369,-1.14338,-1.03787,-1.14338,-2,,,
Znf609,0,0.127575,-0.224304,-0.557333,-0.40147,-0.793287,-0.641428,-0.56308,-0.79548,-1.14327,-1.14327,-2,,,
Ddhd2,0,-0.469767,-0.644361,-0.863493,-0.892004,-1.14198,-0.9951,-0.984772,-1.10631,-1.07781,-1.14198,-2,,,
Elp3,0,0.130194,-0.828547,-0.992373,-0.826487,-1.14149,-1.12849,-1.10106,-1.09101,-1.13847,-1.14149,-2,,,
Hdac3,0,-0.266541,-0.41279,-0.656633,-0.729345,-0.805166,-1.13957,-1.04798,-0.910694,-0.932674,-1.13957,-2,,,
Sra1,0,0.189247,-0.108694,-0.381422,-0.643341,-0.951748,-0.825911,-1.09541,-1.13807,-1.1366,-1.13807,-2,,,
Dcakd,0,-0.214434,-0.566036,-0.639006,-0.742456,-0.678164,-0.836597,-1.13806,-1.05538,-0.924227,-1.13806,-2,,,
Ctbp2,0,0.536108,-0.624027,-0.804611,-0.836559,-0.849499,-0.92712,-0.992172,-1.02065,-1.13749,-1.13749,-2,,,
Nelfb,0,-0.312996,-0.703142,-0.698723,-0.911537,-0.979961,-0.898893,-1.03129,-1.13713,-1.08554,-1.13713,-2,,,
C12orf43,0,-0.0355225,-0.740953,-1.13695,-0.730606,-1.00064,-0.798458,-0.976057,-0.837965,-0.502983,-1.13695,-2,,,
Psmb3,0,0.0753593,-0.357788,-0.563278,-0.676113,-0.952631,-0.813559,-1.13642,-1.02339,-1.0884,-1.13642,-2,,,
Eif1;Eif1b,0,-0.343452,-0.772047,-0.904089,-1.05692,-0.973555,-0.893267,-1.13588,-0.888462,-0.907604,-1.13588,-2,,,
Gtf3c6,0,-0.460955,-1.13588,-0.908644,-1.12786,-0.737009,-0.881552,-0.770728,-0.808002,-1.09747,-1.13588,-2,,,
Hsp90aa1,0,-0.15593,-0.37978,-0.515085,-0.715227,-0.981014,-0.944975,-0.919575,-0.985584,-1.13437,-1.13437,-2,,,
SEPTIN9,0,-0.276344,-0.829494,-0.71689,-0.84634,-0.994122,-0.805946,-0.785578,-0.87812,-1.13435,-1.13435,-2,,,
Grm5,0,-0.069746,0.367149,0.550497,0.238945,-0.416864,-0.503937,-0.805334,-0.956198,-1.13285,-1.13285,-2,,,
Cstf3,0,-0.526907,-0.663183,-0.515059,-0.411572,-0.718884,-0.910332,-1.08804,-1.13184,-1.05832,-1.13184,-2,,,
Sec14l1,0,0.196274,0.0259781,-0.656054,-0.900469,-1.13181,-0.52676,-0.718838,-0.563786,-0.964602,-1.13181,-2,,,
Erh,0,-0.533892,-0.551327,-0.383821,-0.0101662,-0.818113,-0.9279,-1.13048,-1.12192,-1.0411,-1.13048,-2,,,
Naa20,0,-0.439358,-0.592352,-1.01309,-0.835726,-0.985884,-0.98101,-1.13026,-1.09462,-1.12613,-1.13026,-2,,,
Znf629,0,-0.487646,-0.665846,-0.341177,-0.66058,-0.805557,-0.880274,-1.13013,-1.08947,-0.724396,-1.13013,-2,,,
Dda1,0,-0.658617,-0.676346,-0.756273,-0.743347,-1.06944,-0.9252,-0.992346,-0.998018,-1.1301,-1.1301,-2,,,
Mta2,0,-0.298296,-0.424803,-0.580923,-0.624063,-0.934776,-0.8269,-0.785551,-0.874651,-1.13004,-1.13004,-2,,,
Csf1,0,0.00567245,-0.289145,-0.562969,-0.59679,-1.01202,-0.765646,-1.09964,-1.12925,-1.07981,-1.12925,-2,,,
Eif4b,0,-0.540503,-0.599091,-0.808203,-0.941454,-1.05389,-1.02531,-0.873192,-1.02566,-1.12887,-1.12887,-2,,,
Rbbp5,0,-0.260664,-1.01978,-0.759745,-1.12878,-0.675268,-0.72056,-0.365955,-0.107929,-0.924221,-1.12878,-2,,,
Ppp4c,0,-0.362955,-0.483696,-0.42712,-0.83959,-0.813602,-0.774042,-1.10761,-1.12866,-0.68663,-1.12866,-2,,,
Kif21b,0,-0.0976486,-0.482124,-0.674379,-0.617924,-0.95895,-0.723717,-0.523975,-0.676918,-1.12774,-1.12774,-2,,,
Dcps,0,-0.273632,-0.662907,-0.842556,-1.08479,-1.12744,-1.07511,-0.869389,-0.840483,-0.796747,-1.12744,-2,,,
C19orf43,0,-0.667351,-0.792618,-0.715809,-0.830505,-0.619673,-0.965237,-0.166374,-0.473034,-1.12736,-1.12736,-2,,,
SEPTIN11,0,0.215773,-0.350245,-0.249128,-0.545948,-0.363783,-0.653135,-0.718193,-0.688141,-1.12601,-1.12601,-2,,,
Sfswap,0,0.0853882,0.328001,0.264639,0.0733166,-0.15921,-0.012743,0.122904,-0.32646,-1.12598,-1.12598,-2,,,
Slc25a13,0,-0.258781,-0.39744,-0.611725,-0.418119,-0.244793,-0.89584,-1.12431,-0.965961,-0.879898,-1.12431,-2,,,
Nemf,0,-0.0737801,-0.510046,-0.851124,-0.815302,-1.0439,-1.12397,-0.954449,-0.941977,-0.952749,-1.12397,-2,,,
Sae1,0,-0.452528,-0.910429,-0.731234,-1.02439,-0.853598,-0.977869,-1.12367,-1.00302,-1.0389,-1.12367,-2,,,
Uba2,0,-0.32793,-0.761387,-0.608528,-0.903614,-0.83107,-0.992668,-1.12292,-1.04164,-1.05932,-1.12292,-2,,,
Ints4,0,-0.120283,-0.434896,-0.76869,-0.715822,-0.718248,-0.838982,-0.875099,-0.909702,-1.12217,-1.12217,-2,,,
Thumpd3,0,-0.480251,-0.666058,-0.888569,-0.849781,-1.12162,-0.896931,-0.948212,-0.788012,-0.994556,-1.12162,-2,,,
Rbm42,0,-0.587513,-1.08365,-0.958,-0.856375,-0.986172,-0.922091,-0.997643,-1.12139,-0.857996,-1.12139,-2,,,
Vbp1,0,-0.420378,-0.390278,-0.56468,-0.696833,-1.12139,-0.894644,-0.908726,-0.96216,-1.06818,-1.12139,-2,,,
Itgb8,0,-1.12134,-0.92135,-0.401173,-0.654364,0.187143,-0.390463,-0.564814,-0.816685,-0.123764,-1.12134,-2,,,
Papd5,0,0.809368,-0.814383,-0.693444,0.00664806,-1.12133,0.355108,-0.772535,-0.886497,-0.362665,-1.12133,-2,,,
Glyr1,0,-0.722349,0.116364,-0.126806,0.31843,-0.556658,-1.01351,-0.436752,-1.11901,-1.06479,-1.11901,-2,,,
Trrap,0,-0.642376,-0.401472,-0.574596,-0.638199,-0.843498,-0.93549,-0.892157,-1.11863,-0.931622,-1.11863,-2,,,
Vcpkmt,0,-0.52949,-0.798736,-1.1162,-1.09353,-0.994445,-1.09413,-1.09414,-0.792776,-1.10402,-1.1162,-2,,,
Cops7b,0,0.231695,-0.311262,-0.277494,-0.720036,-0.655405,-0.80658,-1.04524,-0.957401,-1.11606,-1.11606,-2,,,
Tbcb,0,0.033617,-0.551817,-0.819744,-0.678467,-1.11581,-0.814428,-0.618427,-0.64842,-0.776886,-1.11581,-2,,,
Ankrd16,0,-0.190456,0.111608,0.0222473,-0.461454,-0.27056,-1.11572,-0.837114,-0.78246,-0.859079,-1.11572,-2,,,
Klhl9,0,0.261332,-0.270304,-0.450956,-0.515537,-0.790598,-0.925842,-0.836618,-0.861937,-1.11539,-1.11539,-2,,,
Zc3h14,0,-0.399157,-0.336325,-0.468758,-0.311386,-0.602465,-0.900938,-0.919973,-1.11513,-1.03832,-1.11513,-2,,,
Ddx42,0,-0.10998,-0.817223,-0.987835,-0.997355,-1.08108,-1.11469,-1.03712,-1.10361,-1.04629,-1.11469,-2,,,
Dnajc8,0,-0.214617,-0.800686,-0.809521,-0.966108,-0.938669,-0.937771,-0.938263,-0.719955,-1.11339,-1.11339,-2,,,
Kntc1,0,-0.392487,-0.829683,-1.0108,-1.07044,-0.985624,-1.10697,-0.981655,-1.11198,-1.01155,-1.11198,-2,,,
Srsf7,0,-0.791344,-0.937031,-0.572556,-0.207567,-1.07492,-1.0143,-0.984098,-1.1117,-0.96887,-1.1117,-2,,,
Zc3h4,0,0.147251,-0.878063,-0.917927,-0.921186,-1.00514,-1.11057,-0.990366,-0.962933,-1.10213,-1.11057,-2,,,
Ube2m,0,-0.268919,-0.578827,-0.67,-0.758852,-0.924715,-0.893799,-0.938503,-1.0344,-1.10996,-1.10996,-2,,,
Cers6,0,-0.280685,-0.0604916,-0.491589,-0.459555,-0.953859,-0.834555,-0.677095,-0.764385,-1.10991,-1.10991,-2,,,
Eif2b4,0,-0.0897293,-0.511158,-0.891399,-0.987827,-1.10975,-0.920731,-1.03319,-0.814188,-0.977577,-1.10975,-2,,,
Tmx1,0,-0.423887,-0.308079,-0.577978,-0.722317,-0.755392,-0.824959,-0.134609,-0.66571,-1.10958,-1.10958,-2,,,
Dkc1,0,-1.09878,-1.10771,-0.967016,-0.704443,-0.692463,-0.824493,-0.528889,-0.914322,-0.541,-1.10771,-2,,,
Xab2,0,-0.290569,-0.760303,-0.877346,-0.778776,-1.00248,-1.10648,-1.0976,-0.899843,-0.909807,-1.10648,-2,,,
Ept1,0,-0.0587416,-0.923385,-0.820781,-0.416731,-0.388334,-0.0943098,-0.500622,-0.564654,-1.10647,-1.10647,-2,,,
Tmem214,0,0.0160656,-0.256115,-0.530977,-0.280809,-0.535709,-0.548229,-0.288649,-0.874966,-1.10626,-1.10626,-2,,,
Recql5,0,-0.24526,-0.431547,-0.590746,-0.699436,-1.02697,-0.842907,-0.678602,-0.82291,-1.10518,-1.10518,-2,,,
Eny2,0,-0.169041,-0.571318,-0.671227,-0.757137,-0.901628,-0.813772,-1.10514,-0.801008,-0.907089,-1.10514,-2,,,
Tnrc6c,0,-0.746889,-1.10467,-0.933533,-0.768032,-1.04343,-0.812266,-0.795883,-0.571871,-1.03428,-1.10467,-2,,,
Rpl5,0,-0.187479,-0.348425,-0.569368,-0.66239,-0.850147,-0.795023,-0.848749,-0.891161,-1.10464,-1.10464,-2,,,
Urm1,0,-0.400843,-0.215607,-0.27762,-0.300785,-0.337307,-0.560608,-1.10463,-0.615808,-0.317371,-1.10463,-2,,,
Psmd4,0,-0.199032,-0.28227,-0.533222,-0.731771,-0.959246,-0.851543,-0.738649,-0.994289,-1.10342,-1.10342,-2,,,
Far1,0,-0.0722179,0.236065,0.211777,-0.369783,-0.970472,-0.681496,-0.740448,-0.948172,-1.10316,-1.10316,-2,,,
Amotl1,0,-0.312208,-0.434807,-0.813095,-0.197256,-1.10291,-0.712971,-0.427229,-0.648096,-1.05529,-1.10291,-2,,,
Map2k3,0,0.116325,0.179579,0.105812,0.0574913,-0.286467,-0.293976,-0.295151,-0.409271,-1.10154,-1.10154,-2,,,
Wdr26,0,0.187752,-0.323299,-0.553514,-0.633842,-0.835222,-0.787571,-0.717119,-0.715824,-1.1008,-1.1008,-2,,,
Aff4,0,-0.122604,-0.435385,-0.63945,-0.830359,-0.782833,-0.874297,-0.989474,-0.855753,-1.1001,-1.1001,-2,,,
Ptpn1,0,0.0344124,-0.512104,-0.752138,-0.761959,-0.968719,-0.8943,-0.904881,-0.985983,-1.10001,-1.10001,-2,,,
Rc3h1;Rc3h2,0,0.373735,-0.794922,-1.09976,-0.68741,-0.792574,-0.467424,-0.282303,-0.0577202,-0.713675,-1.09976,-2,,,
Gatad2b,0,-0.364651,-0.864853,-0.78723,-1.09923,-0.892233,-0.975002,-0.936434,-0.85112,-1.09322,-1.09923,-2,,,
Prdx4,0,0.81144,-0.519251,-0.627661,-0.936003,-0.875435,-0.81579,-0.85453,-0.850842,-1.09864,-1.09864,-2,,,
Ppie,0,-0.59701,-0.726986,-0.634211,-0.814266,-0.820124,-1.09849,-1.05997,-0.763624,-1.07168,-1.09849,-2,,,
Hmbs,0,-0.183559,-0.332476,-0.432524,-0.553068,-0.724888,-0.770969,-0.706184,-0.800833,-1.09784,-1.09784,-2,,,
Smim15,0,-0.307419,-0.386795,-0.535124,-0.278759,-0.403246,-0.340155,-1.09782,-0.338539,0.207975,-1.09782,-2,,,
Copg1,0,0.261641,0.0170708,-0.104868,-0.176945,-0.489307,-0.544697,-0.540541,-0.644775,-1.09738,-1.09738,-2,,,
Khdrbs1,0,-0.191185,-0.484121,-0.684795,-0.505119,-0.872755,-0.884155,-0.977861,-1.09692,-0.900547,-1.09692,-2,,,
Arl6ip4,0,0.272403,-0.226347,-0.365815,-0.669683,-0.828833,-0.528143,-0.64902,-0.649991,-1.09626,-1.09626,-2,,,
Uap1,0,0.348665,-0.291712,-0.541883,-0.968225,-1.07606,-1.02202,-0.863197,-1.09566,-0.848598,-1.09566,-2,,,
Kmt2d,0,-0.117743,-0.536113,-0.644468,-0.627401,-0.678858,-0.56135,-0.89806,-0.6997,-1.09519,-1.09519,-2,,,
Eif3c,0,-0.379539,-0.471994,-0.636141,-0.676477,-0.964436,-0.847792,-0.977833,-1.09511,-1.04115,-1.09511,-2,,,
Rpl30,0,-0.168764,-0.509552,-0.611923,-0.702648,-0.833897,-0.797668,-0.713829,-0.668968,-1.09458,-1.09458,-2,,,
Polr2b,0,-0.238142,-1.00823,-0.976357,-1.09425,-0.972979,-0.87394,-0.956156,-0.882635,-1.04993,-1.09425,-2,,,
Qsox2,0,-0.346075,-0.338331,-0.565903,-0.167965,-0.491241,-0.467726,-1.09402,-0.350523,0.56209,-1.09402,-2,,,
Pdcd5,0,-0.0836716,-0.199329,-0.319996,-0.704542,-0.962132,-0.872988,-0.836739,-1.09291,-0.973324,-1.09291,-2,,,
Diaph1,0,-0.0519257,-0.403688,-0.750292,-1.09254,-0.813793,-0.792128,-0.852331,-0.56794,-0.64609,-1.09254,-2,,,
Pigx,0,-0.296932,-0.421114,-0.648678,-0.579144,-0.678293,-0.856849,-0.928875,-0.841595,-1.09219,-1.09219,-2,,,
Psph,0,-0.363174,0.17095,-0.0271816,-0.364254,-0.891464,-0.780943,-0.81275,-1.09173,-0.183548,-1.09173,-2,,,
Med11,0,-0.389898,-0.878603,-1.05075,-0.824646,-0.761116,-0.888247,-1.09075,-0.967222,-0.870016,-1.09075,-2,,,
Chuk,0,-0.143921,-0.27582,-0.439018,-0.77161,-0.952013,-0.916552,-0.820292,-0.852446,-1.09046,-1.09046,-2,,,
Ift57,0,0.0283995,-0.110518,-0.922554,-1.0118,-0.701211,-0.59511,-0.763818,-1.0904,-1.00088,-1.0904,-2,,,
Srsf2,0,-0.407255,-0.919651,-0.850151,-0.940128,-0.878048,-0.992561,-1.09036,-0.951237,-1.00272,-1.09036,-2,,,
Pja1,0,0.125357,-0.427087,-0.720071,-0.880822,-1.09013,-0.958802,-0.785015,-0.813837,-0.91501,-1.09013,-2,,,
Eif2b1,0,-0.330898,-0.472918,-0.503845,-0.714954,-1.08998,-0.881388,-0.608118,-0.768892,-1.00363,-1.08998,-2,,,
Gsto1,0,-0.675728,-0.882946,-0.852377,-1.03299,-1.0174,-0.876421,-1.08959,-1.08919,-0.971357,-1.08959,-2,,,
Paip1,0,-0.153276,-0.338537,-0.535406,-0.67901,-0.87896,-0.586985,-0.543943,-0.621731,-1.08774,-1.08774,-2,,,
Crtc2,0,0.169294,-0.311137,-1.08713,-0.97086,-0.0344868,0.178273,-0.157904,-0.0638266,-0.178837,-1.08713,-2,,,
Stat3,0,0.582348,0.299528,-0.210745,-0.132135,-0.683981,-0.409294,-0.471785,-0.494829,-1.08713,-1.08713,-2,,,
Cbwd1,0,0.159781,-0.279104,-0.279118,-0.497466,-1.027,-1.08649,-0.656534,-0.93654,-0.648199,-1.08649,-2,,,
Fam102b,0,-0.689267,-0.82158,-0.698485,-0.980396,-0.546774,-0.890518,-1.08628,-1.01467,-0.8793,-1.08628,-2,,,
Polr2c,0,-0.491846,-0.922873,-1.08615,-1.01158,-1.08499,-1.02667,-0.833977,-0.918253,-0.977341,-1.08615,-2,,,
Ccar2,0,-0.436281,-0.604866,-0.669674,-0.837612,-0.731493,-0.813768,-1.08598,-1.05321,-0.861601,-1.08598,-2,,,
Eif3f,0,-0.61459,-0.427679,-0.631342,-0.666246,-0.848185,-0.864952,-1.00563,-1.08546,-0.90922,-1.08546,-2,,,
Cbl,0,0.0240459,0.0821571,-0.112442,-0.241074,-0.849817,-0.78141,-0.78517,-1.08531,-0.857401,-1.08531,-2,,,
Skap2,0,-0.0225248,-0.367555,-0.488778,-0.495202,-1.06718,-1.08425,-0.941417,-0.98864,-1.04207,-1.08425,-2,,,
Arhgdia,0,-0.216442,-0.26387,-0.167158,-0.782921,-0.818403,-0.616753,-0.619656,-0.931673,-1.08348,-1.08348,-2,,,
Hoga1,0,-1.08347,-0.297002,-0.14172,0.0535994,0.0869436,-0.139434,0.251963,0.688255,0.123213,-1.08347,-2,,,
Mpp1,0,-0.214836,0.012661,-0.119999,-0.275257,-0.634277,-1.08304,-0.720877,-0.896322,-0.840918,-1.08304,-2,,,
Smpdl3b,0,-0.627699,-0.442919,-0.236391,-0.21699,-0.400087,-0.795897,-0.948792,-1.06214,-1.08211,-1.08211,-2,,,
Adsl,0,-0.342762,-0.734079,-0.938164,-0.934694,-1.08107,-0.916271,-1.0685,-1.01175,-0.96587,-1.08107,-2,,,
Nenf,0,-0.346211,-0.317034,-0.915652,-1.08048,-0.213259,0.485124,0.671324,0.54722,0.358739,-1.08048,-2,,,
Coro1c,0,-0.423584,-0.327606,-0.507511,-0.255903,-0.615749,-0.561424,-0.715597,-1.07998,-0.818575,-1.07998,-2,,,
Dpysl5,0,-0.119459,0.263018,0.4779,0.105503,0.27882,-0.238167,-0.37459,-0.593594,-1.07983,-1.07983,-2,,,
Ttc5,0,-0.149172,-0.776081,-0.799749,-1.07974,-0.903904,-1.0143,-0.98527,-0.990196,-0.926888,-1.07974,-2,,,
Ptgr1,0,0.202295,0.21718,0.242592,-0.252075,-0.334633,-0.795095,-0.864639,-1.07941,-0.81917,-1.07941,-2,,,
Cops7a,0,-0.187258,-0.581972,-0.683043,-0.82937,-0.96055,-1.0794,-0.890999,-0.87513,-1.05949,-1.0794,-2,,,
Naa38,0,-0.171799,-0.534355,-0.597475,-0.507624,-0.634438,-0.53878,-0.767851,-0.716032,-1.07933,-1.07933,-2,,,
Kdelc2,0,-0.149029,-0.49581,-0.524055,-0.560209,-0.670946,-0.566355,-1.07931,-0.97327,-0.982609,-1.07931,-2,,,
Rbfox2,0,-0.33558,-1.07733,-0.697512,-0.987464,-0.630777,-1.07897,-0.93592,-0.769935,-1.01276,-1.07897,-2,,,
Kpna1,0,0.0888119,-0.296676,-0.618384,-0.674945,-0.729918,-1.02046,-0.415087,-0.581706,-1.0776,-1.0776,-2,,,
Hspa8,0,-0.198839,-0.450167,-0.635572,-0.69318,-0.793802,-0.610918,-0.47304,-0.67326,-1.07731,-1.07731,-2,,,
Ppp5c,0,-0.42057,-0.746477,-0.756069,-0.85692,-1.07649,-0.947044,-0.960379,-0.852369,-0.986227,-1.07649,-2,,,
Hnrnpu,0,-0.471525,-0.318502,-0.312851,-0.421001,-0.764185,-0.864073,-0.877369,-1.07593,-0.870342,-1.07593,-2,,,
Cdc23,0,-0.340567,-0.597502,-0.700378,-0.733385,-0.936832,-0.932697,-1.0172,-1.01873,-1.07587,-1.07587,-2,,,
Mospd2,0,-0.147953,-0.140076,-0.502094,-0.545122,-1.07566,-0.991335,-0.817921,-0.898535,-0.849602,-1.07566,-2,,,
Irf2bp1,0,-0.635412,-0.995985,-0.973001,-1.0753,-0.951664,-0.906246,-0.848736,-0.963333,-0.980253,-1.0753,-2,,,
Nfib,0,-0.367527,-0.650566,-0.587051,-1.07447,-0.511086,-0.795868,-0.912169,-1.0433,-0.796104,-1.07447,-2,,,
Cyth1,0,-0.781817,-0.768496,-0.93408,-0.932218,-0.939103,-0.802709,-1.07441,-1.04708,-0.674556,-1.07441,-2,,,
Eif4a3,0,-0.637333,-0.742533,-0.747065,-0.747282,-0.946449,-0.985893,-0.97444,-1.07387,-0.742153,-1.07387,-2,,,
Dr1,0,-0.197296,-0.526752,-0.491714,-0.711176,-0.695198,-0.870884,-1.00317,-0.885864,-1.07386,-1.07386,-2,,,
Cnot2,0,0.0103741,-0.628775,-0.711287,-0.923761,-0.780998,-1.01118,-1.07346,-0.951372,-1.01943,-1.07346,-2,,,
Plxnc1,0,-0.539715,-0.580427,-0.478691,-0.487677,-0.330053,-0.856806,-1.0074,-0.966276,-1.073,-1.073,-2,,,
Cpsf6,0,-0.394245,-0.801794,-0.806437,-0.861269,-0.753731,-0.673622,-0.556082,-0.724981,-1.07253,-1.07253,-2,,,
Serpina3n,0,0.139179,-0.263659,-0.256778,-0.188841,0.283721,-0.731366,-1.0718,-0.572378,0.311761,-1.0718,-2,,,
Mettl13,0,-0.555771,-0.795578,-1.07168,-0.874685,-0.878862,-0.83317,-0.721722,-0.606718,-0.73547,-1.07168,-2,,,
Znf385a,0,-0.306145,-0.191423,-0.488487,-0.504419,-0.836607,-0.927324,-0.762941,-0.980715,-1.07164,-1.07164,-2,,,
Hyou1,0,0.10631,0.114054,-0.145611,-0.358957,-0.736012,-0.645889,-0.630901,-0.78488,-1.07088,-1.07088,-2,,,
Cul1,0,-0.306602,-0.456438,-0.505192,-0.670918,-0.886408,-0.835415,-0.957882,-1.02151,-1.07059,-1.07059,-2,,,
Rnf216,0,-0.203943,-0.543983,-0.675863,-1.07057,-0.694879,-0.495033,-0.281853,-0.197601,-0.651367,-1.07057,-2,,,
Pipox,0,-0.347637,-0.494154,-0.321323,-0.841698,-0.916082,-0.874754,-0.821629,-1.07036,-0.9564,-1.07036,-2,,,
Ube2z,0,-0.0608616,-0.752779,-1.07006,-0.62447,-0.880852,-0.815664,-0.720114,-0.737347,-0.81027,-1.07006,-2,,,
Srp14,0,-0.119219,-0.58794,-0.74218,-0.922028,-0.951897,-0.936535,-0.964884,-0.945358,-1.06941,-1.06941,-2,,,
Copz1,0,0.0722198,0.11709,0.222462,-0.147234,-0.412828,-0.637581,-0.129721,-0.477114,-1.06925,-1.06925,-2,,,
Clk3,0,-0.220398,-0.0851955,-0.376713,-0.365662,-0.650656,-0.608685,-0.60693,-0.849966,-1.06914,-1.06914,-2,,,
Rps12,0,-0.319157,-0.395098,-0.486252,-0.619102,-0.933876,-0.807482,-0.634445,-0.811754,-1.06799,-1.06799,-2,,,
Rprd1b,0,-0.605383,-0.613701,-0.855021,-0.898325,-0.987835,-1.06766,-0.987328,-1.03242,-0.96303,-1.06766,-2,,,
Psmb4,0,0.0221691,-0.265818,-0.347425,-0.555174,-0.817175,-0.683239,-0.69507,-0.942923,-1.06757,-1.06757,-2,,,
Ube4b,0,0.111298,-0.190802,-0.489798,-0.574299,-0.881016,-0.906681,-1.06703,-1.0155,-1.0451,-1.06703,-2,,,
Tmem9,0,-0.315334,0.0202579,-0.331013,-0.637255,-0.613667,-0.674803,-0.783577,-1.06645,-0.980267,-1.06645,-2,,,
Csnk1a1,0,-0.463175,-0.638811,-0.637827,-0.647345,-1.06581,-0.840857,-0.942295,-0.994442,-0.986252,-1.06581,-2,,,
Psmd7,0,-0.169769,-0.388241,-0.588499,-0.778507,-0.799164,-0.851423,-0.72743,-0.911459,-1.06567,-1.06567,-2,,,
Cars,0,-0.109577,-0.478033,-0.782627,-0.815897,-1.06258,-0.783924,-0.613417,-0.627628,-0.686974,-1.06258,-2,,,
Frg1,0,-0.243757,-0.86245,-0.772017,-1.06255,-0.619602,-0.743643,-0.96715,-0.825338,-0.488758,-1.06255,-2,,,
Nfya,0,0.256196,-0.95571,-1.00088,-1.02076,-0.807361,-1.02314,-1.06127,-0.84501,-1.02252,-1.06127,-2,,,
Slc7a6,0,-0.212191,-0.343649,-0.576857,-0.193955,-0.370682,-0.637386,-0.772692,-0.644693,-1.06118,-1.06118,-2,,,
Tcerg1,0,-0.566326,-0.603905,-0.686815,-0.737595,-0.943226,-0.854914,-1.00877,-1.06109,-0.86657,-1.06109,-2,,,
Rps6ka1,0,-0.465744,-0.555195,-0.43364,-0.67626,-0.748676,-0.761539,-0.787979,-0.879879,-1.06001,-1.06001,-2,,,
Chm,0,0.188889,-0.0820217,-0.406982,-0.690516,-0.518158,-0.551359,-0.253559,-0.507751,-1.05957,-1.05957,-2,,,
Med10,0,-0.366655,-0.471857,-0.793695,-0.886408,-0.661125,-1.05919,-0.725243,-0.380081,-0.604795,-1.05919,-2,,,
Cul7,0,-0.0023613,-0.14558,-0.443104,-0.608328,-0.890049,-0.782513,-0.790371,-1.01656,-1.05891,-1.05891,-2,,,
Anapc2,0,-0.263258,-0.361504,-0.549595,-0.607523,-0.895247,-0.760977,-0.982672,-1.0586,-0.96892,-1.0586,-2,,,
Gpc1,0,-0.268152,0.210967,0.0154829,-0.0742464,-0.975511,-0.789459,-0.701055,-1.05847,-1.02049,-1.05847,-2,,,
Casp9,0,-1.05821,0.333146,0.263358,-0.0628614,0.108792,-0.306396,-0.752282,-0.130754,0.292036,-1.05821,-2,,,
Cops5,0,-0.137335,-0.236532,-0.457745,-0.597601,-0.779444,-0.930384,-1.05503,-0.951326,-0.925928,-1.05503,-2,,,
Pitpnb,0,-0.196037,-0.639029,-0.668337,-0.77825,-0.743553,-0.584965,-0.554609,-0.699619,-1.05451,-1.05451,-2,,,
Mettl1,0,-0.108221,-0.393267,-0.484217,-0.423618,-0.729313,-0.656004,-0.540115,-0.79093,-1.05441,-1.05441,-2,,,
Aars,0,-0.0140667,-0.312809,-0.58062,-0.732542,-1.05423,-0.609802,-0.535755,-0.470177,-0.462748,-1.05423,-2,,,
Tubb6,0,0.239954,0.753241,0.626463,0.473473,-0.11231,-0.353193,-0.863035,-1.01816,-1.0541,-1.0541,-2,,,
Cpsf3,0,-0.486536,-0.81741,-0.766344,-0.68372,-0.917068,-0.926855,-0.997221,-1.05353,-1.01487,-1.05353,-2,,,
Sh3gl1,0,-0.0351791,-0.287474,-0.284601,-0.488886,-0.521458,-0.64677,0.0272694,-0.521255,-1.05279,-1.05279,-2,,,
Tmem208,0,0.0523033,-0.81698,-0.725536,-0.851257,-0.849684,-0.486765,-1.05237,-0.711473,-0.500002,-1.05237,-2,,,
Rrp9,0,-0.641453,-0.100899,-0.25609,-0.0312939,-0.410748,-0.739262,-0.284752,-0.775144,-1.05171,-1.05171,-2,,,
Usp47,0,0.115593,-0.256336,-0.530861,-0.458952,-0.827227,-0.749945,-0.45677,-0.566046,-1.05146,-1.05146,-2,,,
Eif3a,0,-0.384434,-0.470963,-0.658966,-0.718378,-0.935848,-0.892365,-0.860382,-0.938663,-1.05064,-1.05064,-2,,,
Ddx19a,0,-0.22294,-0.55974,-0.752039,-0.966608,-1.03913,-0.967522,-1.04992,-0.911491,-0.948635,-1.04992,-2,,,
Gmeb1,0,-0.694236,-0.939754,-0.865741,-0.815642,-0.848724,-0.766932,-0.860999,-1.04968,-1.02018,-1.04968,-2,,,
Bag2,0,-0.277157,-0.675806,-0.851612,-0.885609,-0.803162,-1.0496,-0.804607,-0.784393,-0.775873,-1.0496,-2,,,
Mettl3,0,-0.458862,-0.581129,-0.697012,-0.898649,-0.732084,-0.92288,-0.959448,-1.04871,-0.900028,-1.04871,-2,,,
Exosc7,0,-0.831423,-0.664152,-0.633118,-0.810753,-0.764698,-0.773783,-1.04758,-0.982315,-0.848492,-1.04758,-2,,,
Ints9,0,-0.539835,-0.103071,-0.0756893,-0.242046,-0.549633,-0.516479,-0.692209,-1.04714,-0.596964,-1.04714,-2,,,
Map4k4,0,0.256548,-0.00238228,-0.208027,-0.101711,-0.693369,-0.49077,-0.630709,-0.745985,-1.0465,-1.0465,-2,,,
Snrnp70,0,-0.46487,-0.657097,-0.688288,-0.756868,-0.834724,-1.04535,-0.97039,-1.00369,-0.873253,-1.04535,-2,,,
Mrps21,0,-0.572588,-0.0726652,0.169372,0.196314,0.583026,-0.142474,-1.0452,0.586791,0.464719,-1.0452,-2,,,
Yy1,0,-0.845505,-0.973097,-0.926458,-1.02394,-0.851267,-0.854662,-0.910604,-0.982964,-1.04402,-1.04402,-2,,,
Ubtf,0,-0.202835,-0.897884,-0.967916,-1.04399,-0.929964,-0.794086,-0.811317,-0.832165,-0.940763,-1.04399,-2,,,
Epn2,0,-0.690691,-0.519037,-0.414415,-0.506878,-1.04377,-0.522985,-0.501692,-0.577143,-0.861296,-1.04377,-2,,,
Ctsc,0,0.94884,0.398469,0.639024,0.101396,-0.129764,-0.256035,-1.04338,-0.464232,-0.705626,-1.04338,-2,,,
Tex10,0,-0.309031,-0.15593,-0.188128,-0.381092,-0.37355,-0.742319,-0.860004,-1.04338,-0.782639,-1.04338,-2,,,
Zranb2,0,-0.511732,-0.504597,-0.586655,-0.900887,-0.65152,-0.940611,-0.74411,-0.896471,-1.04282,-1.04282,-2,,,
Aimp1,0,-0.515486,-0.554115,-0.705523,-0.893824,-0.877001,-0.832985,-0.921772,-0.984715,-1.04264,-1.04264,-2,,,
Luc7l3,0,-0.359316,-0.79104,-0.796576,-1.04253,-0.873156,-0.954535,-0.957542,-0.944881,-0.878744,-1.04253,-2,,,
Btf3l4,0,-0.383522,-0.691412,-0.809002,-0.856972,-0.821493,-0.813009,-0.869705,-0.82093,-1.04239,-1.04239,-2,,,
Anapc5,0,-0.438396,-0.746368,-0.812084,-0.845917,-1.00323,-0.974976,-0.989136,-0.977051,-1.04146,-1.04146,-2,,,
Ascc3,0,0.279333,-0.368301,-0.615986,-0.677719,-1.03239,-0.741451,-0.569815,-0.565632,-1.04101,-1.04101,-2,,,
Oscp1,0,-1.02049,-0.0171223,0.0186586,-0.377627,-0.526292,-0.915182,-0.858959,-1.04027,-0.0614071,-1.04027,-2,,,
Tuba1b;Tuba1c,0,-0.283272,-0.248236,-0.163778,-0.443115,-0.812176,-0.764431,-0.31279,-0.756588,-1.03979,-1.03979,-2,,,
Dnaja2,0,-0.143726,-0.315895,-0.58408,-0.570913,-0.815582,-0.650545,-0.699205,-0.690645,-1.03892,-1.03892,-2,,,
Scap,0,-0.155899,-0.155544,-0.756187,-0.480375,-1.03831,-0.995726,-0.722099,-0.936476,-1.01308,-1.03831,-2,,,
Pde12,0,-0.202307,-0.692142,-0.715206,-0.798477,-1.0377,-0.956881,-0.952827,-0.957239,-0.969244,-1.0377,-2,,,
Fbxo18,0,0.0463753,-0.354926,-0.406969,-0.830529,-0.899301,-0.782207,-0.62149,-0.500017,-1.03763,-1.03763,-2,,,
Tor1b,0,-0.266249,-0.684608,-0.774544,-0.945303,-1.03608,-1.02635,-0.836056,-0.763205,-0.99785,-1.03608,-2,,,
Med23,0,-0.381638,-0.526951,-0.694218,-0.693913,-0.822897,-0.774797,-0.877825,-1.03567,-0.775425,-1.03567,-2,,,
Nhp2l1,0,-0.396414,-0.848038,-0.946604,-0.690483,-0.711775,-0.922403,-1.03557,-1.03423,-0.845104,-1.03557,-2,,,
Egfr,0,-1.03515,-0.68046,-0.00907707,-0.429964,0.312588,-0.327435,-0.337906,-0.531441,0.381853,-1.03515,-2,,,
Txndc16,0,-1.03508,-0.286343,-0.289633,-0.552937,-0.379498,-0.639441,-0.444462,-0.654202,-0.358133,-1.03508,-2,,,
Ppp1r37,0,0.606359,-0.455769,-0.35104,-1.03506,0.0641909,-0.0715189,-0.339273,0.108066,-0.401338,-1.03506,-2,,,
Ccdc18,0,-0.483061,-0.821062,-0.936656,-0.759061,-1.03357,-0.723608,-0.754397,-0.287935,-0.611086,-1.03357,-2,,,
Tmem70,0,-0.500082,-0.926199,-1.03334,-0.797766,-0.807575,-0.525217,-0.601612,-0.586367,-0.396564,-1.03334,-2,,,
Brd8,0,-0.442471,-0.621626,-0.896816,-0.989313,-1.03299,-0.939209,-0.997961,-0.897003,-0.875541,-1.03299,-2,,,
Epc1,0,-0.716745,-0.388487,-0.689944,-0.695497,-0.857603,-0.657553,-0.821967,-1.03288,-0.932093,-1.03288,-2,,,
Eef1e1,0,-0.261614,-0.769855,-0.88785,-0.887777,-0.911966,-0.901215,-1.03134,-0.873196,-1.01303,-1.03134,-2,,,
Fto,0,-0.395781,-0.881315,-0.893036,-0.988684,-1.03062,-0.767447,-0.701435,-0.73868,-0.947376,-1.03062,-2,,,
Nipbl,0,-0.167055,-0.474152,-0.741114,-0.470795,-0.981703,-0.833517,-0.953924,-1.03045,-0.846062,-1.03045,-2,,,
Psmd3,0,0.290073,-0.36643,-0.516617,-0.639063,-0.805565,-0.716806,-0.760162,-0.734758,-1.02917,-1.02917,-2,,,
Zswim8,0,-0.1341,-0.483473,-0.787018,-0.673298,-0.746401,-0.775312,-0.576363,-0.502897,-1.02866,-1.02866,-2,,,
Nek8,0,-0.487268,-0.835938,-0.746165,-0.765064,-0.523069,-0.313101,-1.02858,-0.492569,-0.154575,-1.02858,-2,,,
Tra2b,0,-0.449627,-0.442526,-0.438599,-0.196968,-0.665798,-0.772753,-1.02846,-0.848635,-0.64015,-1.02846,-2,,,
Nfkb2,0,-0.288891,-0.220123,-0.325247,-0.382,-0.490932,-0.529364,-1.02745,-0.734304,-0.305986,-1.02745,-2,,,
Thoc1,0,-0.275978,0.28282,0.000761032,0.787136,-0.497812,-0.523336,-0.684973,-1.02732,-0.433979,-1.02732,-2,,,
Abca5,0,-0.562052,-0.665768,-1.00909,-0.572971,-1.02708,-0.64933,-0.554132,-0.820751,-0.714022,-1.02708,-2,,,
Ighmbp2,0,-0.19037,-0.191484,-0.482976,-0.488153,-0.779063,-0.585928,-0.571352,-1.0269,-0.92702,-1.0269,-2,,,
Iars,0,-0.106955,-0.370705,-0.60743,-0.696409,-1.02678,-0.880011,-0.778124,-0.811888,-1.00031,-1.02678,-2,,,
Dnajc1,0,0.0493946,-0.254822,-0.492714,-0.478415,-0.674042,-0.700581,-0.71636,-0.742643,-1.02667,-1.02667,-2,,,
Elac2,0,-0.353868,-0.432489,-0.483847,-0.575832,-0.744364,-0.933958,-1.0262,-0.82584,-0.68161,-1.0262,-2,,,
Srrt,0,-0.50655,-0.702129,-0.75453,-0.823355,-0.86898,-0.974775,-0.892132,-1.02593,-0.781864,-1.02593,-2,,,
Cfap36,0,-0.456743,-0.819487,-0.864094,-0.920721,-1.02592,-0.980961,-0.871979,-0.863726,-0.991919,-1.02592,-2,,,
Ptges3,0,-0.451569,-0.580183,-0.920841,-0.882496,-1.02592,-0.748568,-0.669699,-0.939554,-0.71352,-1.02592,-2,,,
Gnptg,0,-0.501509,-0.435675,-0.560396,-0.464527,-0.886722,-0.555344,-0.605326,-0.597071,-1.02505,-1.02505,-2,,,
Prr12,0,-0.618124,-0.889759,-0.937452,-1.02405,-0.855896,-0.953905,-0.974115,-0.975052,-0.790714,-1.02405,-2,,,
R3hcc1,0,-0.2749,-0.50956,-0.818251,-0.634584,-0.630163,-0.698565,-1.02299,-0.926136,-0.721628,-1.02299,-2,,,
Slc25a10,0,-0.128323,-0.277864,-0.184265,-0.276819,-0.20833,-0.571804,-1.02237,-0.52615,-0.186953,-1.02237,-2,,,
Fam3c,0,-0.16851,-0.0560455,-0.400696,-0.362495,-0.628538,-0.634274,-0.629988,-0.787006,-1.02119,-1.02119,-2,,,
Myh11,0,-0.450779,-0.500818,-0.776493,-0.860807,-0.853577,-0.877243,-0.893291,-1.02114,-0.901869,-1.02114,-2,,,
Hspa5,0,0.228773,0.714931,0.528648,0.436193,-0.11985,-0.100065,-0.0407009,-0.421721,-1.02081,-1.02081,-2,,,
Pias2,0,-0.108212,-0.513144,-0.768841,-0.738234,-1.01363,-0.820984,-0.932119,-0.759117,-1.02054,-1.02054,-2,,,
Rpp30,0,-0.714983,-0.755756,-0.449924,-0.586069,-0.711355,-1.01998,-0.927049,-0.774506,-0.551531,-1.01998,-2,,,
Tmed3,0,0.509653,0.0793419,0.190849,0.149359,-0.0589867,-0.357473,-0.540298,-0.733389,-1.01863,-1.01863,-2,,,
Dph7,0,-0.341146,0.103481,-0.261431,-0.280774,-0.502493,-0.591748,-0.585329,-0.896042,-1.016,-1.016,-2,,,
Myh10,0,-0.179121,-0.326651,-0.509983,-0.799078,-0.677399,-0.855894,-0.783123,-1.01552,-0.773577,-1.01552,-2,,,
Gtf3c4,0,-0.643427,-1.01546,-0.737331,-0.989016,-0.668653,-0.788246,-0.946169,-0.847824,-0.841635,-1.01546,-2,,,
Arf4,0,-0.109936,-0.18037,-0.303095,-0.173252,-0.548046,-0.706102,-0.666412,-0.603468,-1.01497,-1.01497,-2,,,
Znf787,0,-1.0148,-0.60767,-0.346975,-0.486595,-0.400749,-0.446264,-0.62158,-0.581013,-0.175489,-1.0148,-2,,,
Snx9,0,-0.237728,-0.550138,-0.755177,-0.728371,-1.01441,-0.826788,-0.686447,-0.700901,-0.873768,-1.01441,-2,,,
C9orf41,0,-0.0338011,0.0049572,0.0121231,-0.282854,-0.521248,-0.544321,-0.657132,-0.419291,-1.01371,-1.01371,-2,,,
Nfatc1;Nfatc4;Nfatc2;Nfatc3,0,0.380039,0.168335,-0.0642014,-0.353628,-0.768158,-0.829782,-1.01354,-0.679909,-0.823338,-1.01354,-2,,,
Tmem109,0,-0.809727,-0.668806,-0.788424,-0.978109,-0.99464,-0.767305,-0.759195,-0.763317,-1.0132,-1.0132,-2,,,
Slmap,0,0.141615,-0.31851,-0.541565,-0.802179,-0.72316,-0.76318,-0.531071,-0.719339,-1.01283,-1.01283,-2,,,
Hcfc1,0,-0.269838,-0.619104,-0.682207,-0.926895,-0.958452,-1.01258,-0.848335,-0.784685,-0.929018,-1.01258,-2,,,
Elp4,0,-0.19454,-0.467915,-0.642931,-0.892736,-0.976618,-0.886053,-0.853115,-0.889835,-1.01255,-1.01255,-2,,,
Daxx,0,-0.54559,-0.822149,-0.902422,-0.633272,-0.872166,-0.99645,-0.871992,-1.01221,-0.985889,-1.01221,-2,,,
Cpne1,0,-0.11904,-0.63273,-0.712646,-0.722464,-1.01211,-0.602076,-0.509413,-0.200047,-0.530149,-1.01211,-2,,,
Tab2,0,-0.343923,0.518425,0.923095,-0.108468,-0.104445,-0.720896,-1.01091,-0.269967,0.264706,-1.01091,-2,,,
Ddx46,0,-0.369699,-0.639105,-0.649986,-0.826525,-0.907791,-0.8806,-0.848425,-0.909136,-1.00934,-1.00934,-2,,,
Tubb4a,0,0.544719,0.580497,0.116749,0.237197,-0.206971,-0.143483,-0.972059,-0.956558,-1.00932,-1.00932,-2,,,
Oxsr1,0,-0.352007,-0.568092,-0.621899,-0.90468,-1.00855,-0.889982,-0.917076,-0.943964,-0.930431,-1.00855,-2,,,
Chd4,0,-0.430077,-0.55303,-0.652212,-0.724117,-0.942022,-0.935913,-0.935116,-0.919998,-1.00843,-1.00843,-2,,,
Hnrnpa0,0,-0.244734,-0.499746,-0.633305,-0.18532,-0.594915,-0.807327,-0.642954,-1.00833,-0.742649,-1.00833,-2,,,
Pdcd10,0,-0.018795,0.0107746,0.152908,-0.297371,-0.0822639,-0.575556,0.374567,-0.269545,-1.00749,-1.00749,-2,,,
Hnrnpa1,0,0.0615444,-0.435776,-0.398935,-0.341938,-0.632336,-0.895489,-0.778345,-0.971674,-1.00673,-1.00673,-2,,,
Ppp6r1,0,0.190453,-0.063509,-0.369118,-0.454878,-0.833448,-0.716305,-1.00653,-0.945635,-0.676638,-1.00653,-2,,,
Eef2,0,-0.331228,-0.477489,-0.678057,-0.664429,-0.953222,-0.843029,-1.00618,-0.600002,-0.492701,-1.00618,-2,,,
Magohb;Magoh,0,-0.291075,-0.348143,-0.445303,-0.306908,-0.721302,-0.673382,-1.00603,-0.980911,-0.729883,-1.00603,-2,,,
Vps37b,0,-0.361971,-0.659811,-0.65296,-0.735933,-0.820087,-0.63933,-0.859798,-0.547621,-1.00586,-1.00586,-2,,,
Las1l,0,0.0570469,-0.301157,-0.393993,-0.489103,-0.493364,-0.855942,-0.945875,-0.939199,-1.00537,-1.00537,-2,,,
Natd1,0,-0.20957,-0.217613,0.120781,-0.191475,-0.554893,-0.411583,-0.71023,-1.00416,-0.954771,-1.00416,-2,,,
Pelo,0,0.0985737,-0.409206,-0.617325,-0.492086,-0.485722,-0.584318,-0.572176,-0.333965,-1.00397,-1.00397,-2,,,
Eif2ak4,0,-0.65727,-0.303576,-0.592063,-0.830377,-1.00356,-0.92606,-0.771115,-0.855217,-0.852551,-1.00356,-2,,,
Mthfd2l,0,0.0905533,0.143429,0.110455,-0.177076,-0.0733089,-0.59144,-1.00324,-0.601036,-0.366261,-1.00324,-2,,,
Ggct,0,-0.154441,-0.552163,-0.650303,-1.00294,-0.564365,-0.476622,-0.459931,-0.437456,-0.651474,-1.00294,-2,,,
Top1,0,-0.208801,-0.0989151,-0.304005,-0.441374,-0.834211,-0.710478,-0.705111,-0.774248,-0.999817,-0.999817,-1,,,
Gtf3c2,0,-0.382145,-0.99918,-0.780485,-0.876204,-0.559175,-0.621134,-0.610531,-0.674986,-0.708838,-0.99918,-1,,,
Psmd2,0,-0.0674572,-0.261929,-0.473345,-0.572044,-0.862888,-0.777813,-0.730658,-0.842415,-0.999022,-0.999022,-1,,,
Safb,0,-0.434414,-0.130665,0.0645256,0.214457,-0.466505,-0.459911,-0.927303,-0.998011,-0.480593,-0.998011,-1,,,
Tspan5,0,0.0833015,0.199453,-0.0989704,0.294981,-0.393698,-0.137341,-0.0589561,-0.510382,-0.995743,-0.995743,-1,,,
Spata5,0,-0.0930939,-0.499123,-0.590662,-0.717016,-0.894953,-0.734421,-0.681866,-0.685011,-0.995588,-0.995588,-1,,,
Ranbp3,0,-0.186178,-0.7577,-0.648098,-0.994089,-0.8008,-0.874357,-0.840017,-0.836363,-0.807316,-0.994089,-1,,,
Prkx;Tssk3,0,0.658075,0.151947,-0.264309,-0.720133,-0.813099,-0.817862,-0.967821,-0.857109,-0.994083,-0.994083,-1,,,
Hdac1,0,-0.23649,-0.393726,-0.440638,-0.523464,-0.875633,-0.814274,-0.87541,-0.99378,-0.869516,-0.99378,-1,,,
Smg7,0,-0.589489,-0.678349,-0.810766,-0.693645,-0.830896,-0.728384,-0.695082,-0.757933,-0.99371,-0.99371,-1,,,
Malsu1,0,-0.599817,-0.630569,-0.993341,-0.501745,-0.554716,-0.332222,-0.138397,0.0842018,0.00993538,-0.993341,-1,,,
Psmc5,0,-0.049118,-0.318983,-0.477852,-0.676161,-0.832996,-0.731213,-0.794231,-0.881651,-0.992517,-0.992517,-1,,,
Wdr59,0,-0.0022974,-0.991109,-0.945086,-0.513824,0.0661192,-0.371855,0.0205765,0.238616,0.296186,-0.991109,-1,,,
Kiaa1429,0,-0.505022,-0.210798,-0.0514593,0.548276,-0.757414,-0.991102,-0.815202,-0.693614,-0.545224,-0.991102,-1,,,
Irgq,0,0.0147266,-0.476372,-0.520174,-0.794195,-0.550016,-0.749993,-0.724195,-0.619694,-0.989764,-0.989764,-1,,,
Tmem68,0,-0.319553,-0.988911,-0.885027,-0.877136,-0.927416,-0.616951,-0.539684,0.0976009,-0.489346,-0.988911,-1,,,
Wdr5,0,-0.311419,-0.608007,-0.619963,-0.695229,-0.803419,-0.91699,-0.708496,-0.75856,-0.987541,-0.987541,-1,,,
Wdr89,0,0.143811,-0.894178,-0.986487,-0.858109,-0.764066,-0.970342,-0.920171,-0.855623,-0.880636,-0.986487,-1,,,
Gmeb2,0,-0.575933,-0.579777,-0.913265,-0.767441,-0.93445,-0.94738,-0.763611,-0.811604,-0.98641,-0.98641,-1,,,
Mcts2,0,-0.0608635,0.438369,0.455878,0.286353,-0.387686,-0.661467,-0.791535,-0.986382,-0.539328,-0.986382,-1,,,
Gcn1l1,0,-0.212942,-0.30559,-0.456266,-0.478058,-0.766768,-0.686142,-0.712236,-0.863831,-0.985611,-0.985611,-1,,,
Jam3,0,-0.701767,-0.731068,-0.857933,-0.937147,-0.940487,-0.984764,-0.90337,-0.951469,-0.886086,-0.984764,-1,,,
Msn,0,0.0209179,0.176184,-0.0558224,-0.388735,-0.609079,-0.689917,-0.711287,-0.745167,-0.983675,-0.983675,-1,,,
Dhx30,0,-0.356081,-0.615681,-0.765186,-0.789614,-0.98345,-0.884043,-0.677427,-0.664383,-0.804316,-0.98345,-1,,,
Med4,0,-0.404242,-0.50202,-0.481468,-0.722622,-0.615364,-0.727646,-0.439701,-0.616243,-0.983246,-0.983246,-1,,,
Snupn,0,-0.110979,-0.42731,-0.79835,-0.506656,-0.769851,-0.821473,-0.474628,-0.331244,-0.982721,-0.982721,-1,,,
Larp4b,0,-0.223015,-0.402155,-0.652241,-0.563677,-0.622139,-0.616596,-0.692772,-0.659306,-0.982292,-0.982292,-1,,,
Psmc2,0,-0.150312,-0.359011,-0.494307,-0.665134,-0.837099,-0.805254,-0.882576,-0.91037,-0.982038,-0.982038,-1,,,
Sar1a,0,0.23625,-0.0702419,-0.190035,-0.432693,-0.616236,-0.509569,-0.548204,-0.657072,-0.981476,-0.981476,-1,,,
Polr2a,0,-0.297253,-0.812904,-0.782139,-0.979925,-0.744007,-0.824991,-0.867382,-0.568481,-0.681808,-0.979925,-1,,,
Sfpq,0,-0.272524,-0.666422,-0.742445,-0.656736,-0.851204,-0.822689,-0.803362,-0.863701,-0.979719,-0.979719,-1,,,
Srpr,0,0.185503,-0.22262,-0.487421,-0.631371,-0.789841,-0.697247,-0.786974,-0.715641,-0.9793,-0.9793,-1,,,
Rad23b,0,-0.0239429,-0.18498,-0.353628,-0.672842,-0.755859,-0.656977,-0.73278,-0.846127,-0.979061,-0.979061,-1,,,
Ppip5k2;Ppip5k1,0,0.275183,-0.276327,-0.503363,-0.540457,-0.979037,-0.634893,-0.747452,-0.81665,-0.359655,-0.979037,-1,,,
Rad23a,0,-0.27103,-0.267878,-0.404125,-0.563753,-0.834986,-0.820311,-0.822426,-0.978317,-0.920561,-0.978317,-1,,,
Rpl37,0,-0.977448,0.208079,0.198302,0.103717,0.0333834,0.173575,0.856488,-0.00385284,-0.749099,-0.977448,-1,,,
ORF11,0,0.406673,-0.0797577,-0.508305,-0.418736,-0.416647,-0.435204,-0.976589,-0.566067,-0.143852,-0.976589,-1,,,
Armc8,0,-0.181587,-0.440533,-0.801712,-0.766747,-0.976225,-0.711233,-0.593357,-0.631781,-0.742723,-0.976225,-1,,,
Tyw1,0,-0.42222,-0.62787,-0.975691,-0.934244,-0.715771,-0.624784,-0.787086,-0.705427,-0.896787,-0.975691,-1,,,
Metap1,0,-0.0943069,-0.230209,-0.332989,-0.543846,-0.695293,-0.684652,-0.727262,-0.975536,-0.844625,-0.975536,-1,,,
Tsnax,0,-0.322126,-0.766445,-0.826353,-0.97452,-0.746574,-0.730713,-0.5881,-0.51252,-0.655214,-0.97452,-1,,,
Sqstm1,0,0.13932,-0.634912,-0.786232,-0.727932,-0.67849,-0.692059,-0.608612,-0.731682,-0.974501,-0.974501,-1,,,
Htatsf1,0,-0.0678406,-0.787378,-0.947262,-0.973812,-0.809664,-0.678438,-0.634693,-0.636021,-0.680616,-0.973812,-1,,,
Ubqln1,0,-0.201509,-0.220362,-0.499409,-0.658554,-0.971018,-0.693802,-0.492016,-0.586479,-0.917427,-0.971018,-1,,,
Rpa2,0,-0.594133,-0.970615,-0.815557,-0.632507,-0.192474,-0.353004,-0.209124,-0.177675,-0.080616,-0.970615,-1,,,
Xpnpep3,0,-0.970266,0.147177,0.399487,0.434422,0.540392,0.0177937,-0.00226784,-0.300417,0.943554,-0.970266,-1,,,
Tcf4,0,-0.700979,-0.80574,-0.589077,-0.970079,-0.67053,-0.673397,-0.769026,-0.965023,-0.405905,-0.970079,-1,,,
Ankrd17,0,-0.291075,-0.461987,-0.546663,-0.694099,-0.782774,-0.65234,-0.62953,-0.969702,-0.926493,-0.969702,-1,,,
Lipt1,0,-0.969642,-0.0547848,0.13529,0.130524,0.464832,0.276001,0.380529,0.238817,0.607859,-0.969642,-1,,,
Ube2j1,0,0.286749,-0.0223198,-0.443317,-0.397062,-0.693876,-0.51557,-0.258743,-0.411869,-0.969158,-0.969158,-1,,,
Cops2,0,-0.0896912,-0.45105,-0.613401,-0.715878,-0.917397,-0.838697,-0.952883,-0.906937,-0.968893,-0.968893,-1,,,
Med17,0,-0.335056,-0.480673,-0.720942,-0.631626,-0.69684,-0.94445,-0.597088,-0.968624,-0.95855,-0.968624,-1,,,
Akap2,0,0.0809994,0.121296,-0.248224,-0.167818,-0.912792,-0.968527,-0.923708,-0.943609,-0.931822,-0.968527,-1,,,
SELENOF,0,0.112204,-0.00205994,-0.205645,-0.506769,-0.466383,-0.791914,-0.473171,-0.656349,-0.968523,-0.968523,-1,,,
Mob4,0,0.162576,-0.383151,-0.566829,-0.891285,-0.728701,-0.539838,-0.967841,-0.593515,-0.592339,-0.967841,-1,,,
Fkbp3,0,0.263113,-0.299295,-0.228592,-0.48505,-0.478283,-0.589611,-0.781969,-0.84832,-0.96736,-0.96736,-1,,,
Ttc1,0,-0.0293407,-0.309677,-0.552774,-0.704634,-0.965937,-0.737612,-0.885174,-0.774086,-0.731514,-0.965937,-1,,,
Rnf181,0,0.557252,0.214185,-0.148953,-0.072608,-0.232602,-0.39366,-0.965485,-0.322319,0.252442,-0.965485,-1,,,
Gtpbp1,0,-0.319084,-0.39222,-0.685135,-0.661501,-0.93181,-0.756739,-0.6558,-0.798952,-0.964956,-0.964956,-1,,,
Znf143;Znf76,0,0.0842657,-0.408593,-0.777259,-0.505063,-0.964795,-0.635718,-0.921841,-0.771971,-0.681348,-0.964795,-1,,,
Psmd13,0,0.0140896,-0.248787,-0.451292,-0.489662,-0.784578,-0.704874,-0.749865,-0.76054,-0.964363,-0.964363,-1,,,
Psmc1,0,-0.0194836,-0.167355,-0.290199,-0.579584,-0.74819,-0.740742,-0.725054,-0.730976,-0.964283,-0.964283,-1,,,
Bub3,0,-0.382179,-0.445892,-0.303404,-0.288671,-0.353573,-0.646973,-0.605503,-0.754423,-0.96413,-0.96413,-1,,,
P4hb,0,0.0708408,0.18889,-0.0683193,-0.254549,-0.558546,-0.602875,-0.537424,-0.829792,-0.964046,-0.964046,-1,,,
Spata2,0,-0.0441256,-0.744792,-0.865788,-0.398168,-0.613388,-0.940751,-0.498116,-0.272166,-0.963207,-0.963207,-1,,,
Tardbp,0,-0.216578,-0.963085,-0.864494,-0.786724,-0.774988,-0.923353,-0.928442,-0.887636,-0.911972,-0.963085,-1,,,
Ergic3,0,-0.186195,0.0226803,0.0576248,-0.0958118,-0.0860977,-0.509571,-0.442768,-0.687025,-0.9629,-0.9629,-1,,,
Rps6ka3,0,-0.0955696,-0.409653,-0.674318,-0.702377,-0.962669,-0.851183,-0.825859,-0.849686,-0.850031,-0.962669,-1,,,
Huwe1,0,-0.416279,-0.412949,-0.695541,-0.660131,-0.962402,-0.771172,-0.610533,-0.741442,-0.702684,-0.962402,-1,,,
Rps6kb1,0,-0.225548,0.0399075,-0.227228,-0.318193,-0.738892,-0.688118,-0.717836,-0.944708,-0.960187,-0.960187,-1,,,
Kctd15,0,-0.405243,-0.173782,-0.908548,-0.725155,-0.818172,-0.589773,-0.960185,-0.576388,-0.0402336,-0.960185,-1,,,
Hmgb1,0,-0.475681,-0.779684,-0.682207,-0.959469,-0.602894,-0.668661,-0.526733,-0.705097,-0.67765,-0.959469,-1,,,
Psmd8,0,-0.124775,-0.263813,-0.470514,-0.564735,-0.835035,-0.625782,-0.882658,-0.881008,-0.959455,-0.959455,-1,,,
Ssu72,0,-0.0913372,-0.584068,-0.680708,-0.674152,-0.720413,-0.801666,-0.8813,-0.929489,-0.958902,-0.958902,-1,,,
Wdr19,0,-0.654871,-0.670216,-0.460638,-0.556314,-0.78287,-0.685246,-0.812156,-0.958555,-0.95591,-0.958555,-1,,,
Timm23,0,0.158792,-0.956291,-0.825859,-0.775351,-0.5005,-0.758142,-0.757914,-0.334896,-0.519075,-0.956291,-1,,,
Smg1,0,-0.0979023,-0.373102,-0.551327,-0.616402,-0.648499,-0.570955,-0.955849,-0.798592,-0.923553,-0.955849,-1,,,
Pdap1,0,-0.336449,-0.494249,-0.634766,-0.859245,-0.915398,-0.856424,-0.804337,-0.775618,-0.955072,-0.955072,-1,,,
Gli3,0,0.361684,-0.568144,-0.954188,-0.537331,-0.423111,-0.389921,-0.567395,0.0021143,-0.904497,-0.954188,-1,,,
Vti1a,0,-0.95392,-0.100471,0.288668,0.0303211,0.0882874,-0.205988,0.0902405,-0.433253,0.349154,-0.95392,-1,,,
Wdr33,0,-0.55826,-0.29501,-0.24362,0.155218,-0.479793,-0.803802,-0.406896,-0.595728,-0.953862,-0.953862,-1,,,
Rwdd4,0,-0.146908,-0.278069,-0.623117,-0.432829,-0.953823,-0.474442,-0.185625,-0.67145,-0.616362,-0.953823,-1,,,
Pak4,0,-0.148983,-0.461452,-0.565744,-0.623186,-0.772966,-0.87916,-0.922731,-0.852699,-0.95368,-0.95368,-1,,,
Tnik,0,-0.104574,-0.641882,-0.917095,-0.877245,-0.876926,-0.953606,-0.767815,-0.688484,-0.701557,-0.953606,-1,,,
Samd4b,0,-0.10269,-0.281105,-0.324148,-0.348297,-0.496206,-0.308538,-0.308138,-0.438602,-0.952353,-0.952353,-1,,,
Phf21a,0,-0.846371,-0.413298,-0.767302,-0.614964,-0.695166,-0.534718,-0.622187,-0.947689,-0.949392,-0.949392,-1,,,
Pdss2,0,-0.384706,-0.261612,-0.490652,-0.260817,-0.362831,-0.715725,-0.949224,-0.527583,-0.326291,-0.949224,-1,,,
Carhsp1,0,-0.304369,-0.206398,-0.247057,-0.532444,-0.464342,-0.712074,-0.572409,-0.948971,-0.509735,-0.948971,-1,,,
Ube2d1,0,-0.23945,-0.614885,-0.462164,-0.754517,-0.66073,-0.86307,-0.948441,-0.631088,-0.334452,-0.948441,-1,,,
Ift140,0,-0.199848,-0.323202,-0.468458,-0.572735,-0.72682,-0.756235,-0.649929,-0.867893,-0.948402,-0.948402,-1,,,
Pfdn5,0,-0.242857,-0.305227,-0.448597,-0.506647,-0.889744,-0.69853,-0.586853,-0.721643,-0.947767,-0.947767,-1,,,
Mat2a,0,-0.517979,-0.457094,-0.556458,-0.811394,-0.726324,-0.775007,-0.675797,-0.903976,-0.947765,-0.947765,-1,,,
Pias1,0,-0.593192,-0.894629,-0.772974,-0.86563,-0.604514,-0.583004,-0.947328,-0.681933,-0.379792,-0.947328,-1,,,
Rmnd5a,0,0.0580978,0.339542,-0.0316944,0.0378761,-0.512781,-0.765682,-0.822681,-0.94714,-0.643877,-0.94714,-1,,,
Sec61a1,0,0.0550213,-0.321636,-0.480312,-0.545778,-0.662779,-0.651861,-0.862034,-0.910467,-0.946903,-0.946903,-1,,,
Stub1,0,-0.184525,-0.70981,-0.889017,-0.867802,-0.879395,-0.946732,-0.751789,-0.665258,-0.895084,-0.946732,-1,,,
Aarsd1,0,-0.443327,-0.727364,-0.854733,-0.93602,-0.94589,-0.782572,-0.605879,-0.594282,-0.824339,-0.94589,-1,,,
Hist1h1e,0,-0.410473,-0.524424,-0.700899,-0.440069,-0.520184,-0.870304,-0.626905,-0.844633,-0.945747,-0.945747,-1,,,
Dnajb6,0,-0.169138,-0.935772,-0.873629,-0.772711,-0.562653,-0.761683,-0.539055,-0.55479,-0.945452,-0.945452,-1,,,
Ptcd2,0,-0.172497,-0.944399,-0.807329,-0.911705,-0.629967,-0.517643,-0.593239,-0.215492,-0.221935,-0.944399,-1,,,
Smyd5,0,-0.645269,-0.68598,-0.77865,-0.870245,-0.814442,-0.884727,-0.643148,-0.793667,-0.944386,-0.944386,-1,,,
Med29,0,-0.414995,-0.0842886,-0.482985,-0.423282,-0.219571,-0.862735,-0.581284,-0.943711,-0.731506,-0.943711,-1,,,
Gga3,0,-0.478827,-0.61684,-0.82336,-0.886469,-0.942631,-0.936255,-0.763664,-0.88983,-0.803923,-0.942631,-1,,,
Yeats4,0,-0.630011,-0.424734,-0.638216,-0.756536,-0.648468,-0.586224,-0.683508,-0.942444,-0.786612,-0.942444,-1,,,
Brat1,0,-0.0424423,-0.176352,-0.615942,-0.211098,-0.808935,-0.612831,-0.942404,-0.853109,-0.841719,-0.942404,-1,,,
Lsm6,0,-0.506332,-0.941689,-0.689657,-0.780802,-0.680738,-0.604128,-0.471853,-0.936361,-0.890821,-0.941689,-1,,,
Cyp4f14,0,-0.501839,-0.39452,-0.4095,-0.374933,-0.513096,-0.626122,-0.94153,-0.774637,-0.505697,-0.94153,-1,,,
Get4,0,-0.156,-0.486877,-0.750698,-0.738977,-0.922781,-0.856867,-0.914181,-0.875643,-0.940964,-0.940964,-1,,,
Als2,0,0.48789,-0.539125,-0.855022,-0.779455,-0.699739,-0.617496,-0.399886,-0.53875,-0.940441,-0.940441,-1,,,
Nt5c3b,0,-0.714502,-0.730717,-0.823877,-0.759043,-0.940224,-0.806824,-0.748114,-0.698175,-0.724997,-0.940224,-1,,,
Sgtb,0,0.46468,-0.307388,-0.331377,-0.492943,-0.505842,-0.40674,-0.13756,-0.0354061,-0.939041,-0.939041,-1,,,
Appbp2,0,0.105603,-0.383629,-0.673744,-0.505285,-0.664568,-0.93879,-0.427567,-0.472809,-0.934452,-0.93879,-1,,,
Mrpl42,0,0.207375,-0.938351,-0.753824,-0.883026,-0.502001,-0.47484,-0.157303,-0.0255852,-0.938471,-0.938471,-1,,,
Med12,0,-0.350898,-0.316895,-0.544014,-0.750592,-0.46291,-0.487357,-0.938311,-0.70099,-0.681007,-0.938311,-1,,,
Trpc4;Trpc5,0,0.58194,0.494709,0.710432,0.592323,-0.271692,-0.39612,-0.938198,-0.160181,-0.0151501,-0.938198,-1,,,
Vac14,0,-0.275656,-0.598795,-0.601618,-0.759943,-0.882109,-0.937599,-0.913664,-0.881004,-0.89324,-0.937599,-1,,,
Rbm12,0,-0.350161,-0.702093,-0.760445,-0.912954,-0.855602,-0.904541,-0.842514,-0.899822,-0.937433,-0.937433,-1,,,
Qtrt1,0,-0.826687,-0.937241,-0.910639,-0.76684,-0.852427,-0.74073,-0.697279,-0.636139,-0.555134,-0.937241,-1,,,
Exosc4,0,-0.538654,-0.698381,-0.643986,-0.768997,-0.75631,-0.843296,-0.93708,-0.915087,-0.852282,-0.93708,-1,,,
Hbs1l,0,-0.0325451,-0.20804,-0.256859,-0.371372,-0.706814,-0.684071,-0.811827,-0.936123,-0.936682,-0.936682,-1,,,
Ate1,0,0.0053997,-0.499659,-0.580244,-0.844339,-0.883858,-0.936594,-0.648262,-0.676508,-0.852499,-0.936594,-1,,,
Ints5,0,-0.343657,-0.3311,-0.363443,-0.495874,-0.683136,-0.689978,-0.669464,-0.936531,-0.909132,-0.936531,-1,,,
Pcyt2,0,0.340881,-0.177683,-0.654745,-0.935343,-0.932146,-0.616632,-0.393782,-0.296755,-0.474993,-0.935343,-1,,,
Exosc5,0,-0.301809,-0.497551,-0.510969,-0.616489,-0.688168,-0.577612,-0.689831,-0.809109,-0.935307,-0.935307,-1,,,
SEPTIN6,0,-0.269642,-0.636681,-0.694294,-0.934963,-0.530165,-0.691114,-0.555506,-0.672478,-0.537577,-0.934963,-1,,,
Cops4,0,-0.212959,-0.288397,-0.464672,-0.555666,-0.853422,-0.816509,-0.846663,-0.893278,-0.934628,-0.934628,-1,,,
Pten,0,-0.174118,-0.567476,-0.485937,-0.794992,-0.934143,-0.653561,-0.930332,-0.724678,-0.852194,-0.934143,-1,,,
Ube3a,0,-0.0884342,-0.474003,-0.694653,-0.76417,-0.933994,-0.736013,-0.825829,-0.66354,-0.818872,-0.933994,-1,,,
D8Ertd738e,0,-0.693731,-0.459917,-0.553541,-0.678604,-0.500944,-0.703764,-0.649046,-0.932964,-0.357948,-0.932964,-1,,,
Pak2,0,-0.388958,-0.43549,-0.55596,-0.664036,-0.932096,-0.837004,-0.763876,-0.868654,-0.87916,-0.932096,-1,,,
Ripk2,0,-0.122837,-0.726188,-0.669733,-0.655009,-0.47604,-0.919396,-0.429333,-0.302896,-0.931239,-0.931239,-1,,,
Gspt2,0,0.0787525,-0.357779,-0.482145,-0.370679,-0.376942,-0.723244,-0.0931492,-0.398139,-0.931083,-0.931083,-1,,,
Ddb1,0,-0.289228,-0.272177,-0.349871,-0.558849,-0.712652,-0.766466,-0.733772,-0.844776,-0.929834,-0.929834,-1,,,
Kpna3,0,-0.500774,-0.599691,-0.701908,-0.829332,-0.850174,-0.906433,-0.929787,-0.886913,-0.883795,-0.929787,-1,,,
Stk24,0,-0.115931,-0.430597,-0.546085,-0.639629,-0.813503,-0.724644,-0.868216,-0.929401,-0.816048,-0.929401,-1,,,
Rbm15,0,-0.549803,-0.300236,-0.425949,0.0289593,-0.734896,-0.563515,-0.800329,-0.929342,-0.560352,-0.929342,-1,,,
Psma2,0,0.00699234,-0.362112,-0.35187,-0.633438,-0.807337,-0.691143,-0.735205,-0.89624,-0.929272,-0.929272,-1,,,
Flii,0,-0.175083,-0.538055,-0.734266,-0.666656,-0.929077,-0.679846,-0.63229,-0.702066,-0.810347,-0.929077,-1,,,
Sec63,0,-0.221907,-0.199537,-0.472679,-0.438021,-0.791914,-0.794924,-0.760864,-0.850782,-0.928967,-0.928967,-1,,,
Akap1,0,-0.862946,-0.603729,-0.773212,-0.863747,-0.653133,-0.797218,-0.808086,-0.874596,-0.928621,-0.928621,-1,,,
Psmb2,0,-0.357235,-0.321569,-0.323189,-0.611824,-0.744484,-0.749146,-0.857725,-0.901245,-0.92754,-0.92754,-1,,,
Acp1,0,-0.076067,-0.656054,-0.6523,-0.812143,-0.712223,-0.71295,-0.926645,-0.53117,-0.6106,-0.926645,-1,,,
Myo9b,0,-0.20406,-0.28837,-0.430464,-0.409716,-0.690321,-0.76877,-0.845455,-0.926018,-0.818092,-0.926018,-1,,,
Anapc16,0,0.092865,-0.576599,-0.926004,-0.619272,-0.711709,-0.607203,-0.686376,-0.407091,-0.747863,-0.926004,-1,,,
CXorf56,0,-0.602747,-0.913836,-0.615417,-0.925505,-0.368828,-0.549154,-0.212034,-0.123899,-0.826016,-0.925505,-1,,,
Kif13a;Stard9,0,-0.29926,-0.925317,-0.441789,-0.0659313,0.072072,-0.275021,-0.353042,0.329077,0.334085,-0.925317,-1,,,
Klhl22,0,-0.325502,-0.415005,-0.372124,-0.464504,-0.620434,-0.925226,-0.823563,-0.754007,-0.856705,-0.925226,-1,,,
Nucb2,0,-0.233335,-0.0168056,-0.0172119,-0.260082,-0.290585,-0.498764,-0.574554,-0.842815,-0.92474,-0.92474,-1,,,
Sbds,0,-0.201088,-0.500961,-0.460114,-0.654818,-0.643993,-0.730272,-0.9247,-0.834089,-0.872311,-0.9247,-1,,,
Gopc,0,0.473822,0.344595,0.0484962,0.0632439,-0.64867,-0.493481,-0.256609,-0.48333,-0.924541,-0.924541,-1,,,
Adnp,0,-0.398352,-0.525103,-0.585499,-0.716656,-0.862513,-0.804733,-0.725164,-0.77866,-0.923656,-0.923656,-1,,,
Calu,0,0.138613,0.26569,0.172148,-0.141371,-0.278999,-0.346445,-0.350203,-0.554283,-0.920424,-0.920424,-1,,,
Dab2ip,0,0.149385,-0.0403023,-0.472448,-0.0605888,-0.500772,-0.252111,-0.389383,-0.130625,-0.920389,-0.920389,-1,,,
Clasp1,0,-0.332033,-0.537401,-0.760155,-0.775322,-0.8867,-0.748629,-0.77557,-0.79142,-0.920166,-0.920166,-1,,,
Efcab14,0,-0.300617,-0.102165,-0.227163,-0.485537,-0.919903,-0.558992,-0.407738,-0.465811,-0.485153,-0.919903,-1,,,
Ctcf,0,0.274895,-0.0428438,-0.54683,-0.394231,-0.624894,-0.304195,-0.82301,-0.918933,-0.82973,-0.918933,-1,,,
Med27,0,-0.112705,-0.0625076,-0.558722,-0.390724,-0.477604,-0.752694,-0.689735,-0.769918,-0.918852,-0.918852,-1,,,
Cwc15,0,-0.230997,-0.562445,-0.89299,-0.609428,-0.867004,-0.701506,-0.5553,-0.848032,-0.918837,-0.918837,-1,,,
Msrb3,0,-0.565793,-0.526811,-0.586439,-0.645706,-0.820532,-0.731074,-0.820285,-0.729934,-0.918555,-0.918555,-1,,,
Ntmt1,0,-0.32164,-0.546352,-0.500654,-0.598574,-0.840467,-0.818747,-0.745081,-0.837912,-0.91828,-0.91828,-1,,,
Med28,0,-0.498869,-0.733612,-0.762228,-0.724995,-0.85232,-0.883966,-0.844463,-0.846205,-0.917902,-0.917902,-1,,,
Znf207,0,-0.275541,-0.717569,-0.716293,-0.878122,-0.825962,-0.91762,-0.878807,-0.749895,-0.861252,-0.91762,-1,,,
Mars,0,-0.00580788,-0.527977,-0.759113,-0.696537,-0.917152,-0.828386,-0.814964,-0.835531,-0.896387,-0.917152,-1,,,
Ppig,0,-0.124775,-0.782574,-0.766996,-0.653202,-0.611286,-0.916697,-0.830511,-0.828993,-0.679745,-0.916697,-1,,,
Ppp1cc,0,-0.355874,-0.527613,-0.617455,-0.80926,-0.916644,-0.266116,-0.286022,-0.717628,-0.313678,-0.916644,-1,,,
Smarcal1,0,-0.144306,-0.649298,-0.797237,-0.838154,-0.753229,-0.916307,-0.892138,-0.704992,-0.804527,-0.916307,-1,,,
Tmem120a,0,0.587432,-0.441337,-0.394635,-0.461709,-0.306384,-0.186484,-0.330575,-0.104465,-0.916028,-0.916028,-1,,,
Eif2d,0,-0.141261,0.366829,0.28544,0.0532341,-0.282169,-0.624444,-0.915778,-0.842672,-0.513685,-0.915778,-1,,,
Tnrc6a,0,-0.500864,-0.72557,-0.872186,-0.654491,-0.52397,-0.914573,-0.549937,-0.455364,-0.615001,-0.914573,-1,,,
Kif2a,0,-0.359102,-0.230938,-0.293108,-0.554365,-0.69838,-0.614428,-0.591002,-0.796902,-0.914062,-0.914062,-1,,,
Ift46,0,0.0156708,-0.166073,-0.426661,-0.334291,-0.618719,-0.75569,-0.258263,-0.63154,-0.913732,-0.913732,-1,,,
Cbr3,0,-0.658331,-0.9116,-0.700611,-0.860247,-0.819267,-0.733982,-0.655369,-0.713551,-0.550318,-0.9116,-1,,,
Nampt,0,-0.204029,-0.287231,-0.349247,-0.861927,-0.694675,-0.911562,-0.904293,-0.882257,-0.462925,-0.911562,-1,,,
Ola1,0,-0.40295,-0.463346,-0.5177,-0.620815,-0.779388,-0.780716,-0.824125,-0.911182,-0.900906,-0.911182,-1,,,
Kif3a,0,0.426994,-0.71258,-0.580395,-0.736246,-0.618307,-0.84708,-0.75753,-0.564474,-0.911179,-0.911179,-1,,,
Pcdhb14,0,-0.527533,-0.890163,-0.911114,-0.752001,-0.37517,-0.660139,-0.388033,-0.280123,-0.15925,-0.911114,-1,,,
Prkdc,0,-0.443253,-0.313587,-0.410503,-0.269026,-0.674126,-0.623352,-0.748075,-0.910894,-0.885782,-0.910894,-1,,,
Tdp1,0,-0.120657,-0.435589,-0.44009,-0.519348,-0.600622,-0.702919,-0.619982,-0.64867,-0.910622,-0.910622,-1,,,
Ddx3y,0,-0.282293,-0.513815,-0.656626,-0.67613,-0.847021,-0.86319,-0.72208,-0.85573,-0.909275,-0.909275,-1,,,
Psmc3,0,-0.0680084,-0.313189,-0.410809,-0.650391,-0.877604,-0.73967,-0.774239,-0.772619,-0.909203,-0.909203,-1,,,
Scyl1,0,0.126846,-0.0977631,-0.302223,-0.293602,-0.581703,-0.652363,-0.58894,-0.529394,-0.909176,-0.909176,-1,,,
Brd2,0,-0.693674,-0.727852,-0.909006,-0.738615,-0.813654,-0.786234,-0.639341,-0.89344,-0.845016,-0.909006,-1,,,
Xpnpep1,0,0.1262,-0.135201,-0.184652,-0.290541,-0.507036,-0.465479,-0.465775,-0.533718,-0.908989,-0.908989,-1,,,
Uxs1,0,-0.204002,-0.315533,-0.434536,-0.433006,-0.607944,-0.374561,-0.116253,-0.211916,-0.908844,-0.908844,-1,,,
Vars,0,-0.440338,-0.790665,-0.79443,-0.878593,-0.80751,-0.789455,-0.859125,-0.784559,-0.908373,-0.908373,-1,,,
Rpl29,0,-0.908331,-0.088707,-0.17515,-0.277855,-0.506611,-0.452005,-0.373938,-0.561693,-0.872524,-0.908331,-1,,,
Ampd2,0,-0.440262,-0.601286,-0.64097,-0.729986,-0.90823,-0.856363,-0.858582,-0.683792,-0.631872,-0.90823,-1,,,
Chmp7,0,-0.414005,-0.473913,-0.711029,-0.841492,-0.825911,-0.791517,-0.70076,-0.788429,-0.907661,-0.907661,-1,,,
Lclat1,0,-0.348362,-0.508055,-0.683798,-0.738045,-0.859097,-0.874298,-0.681984,-0.852495,-0.907631,-0.907631,-1,,,
Dhx9,0,-0.690109,-0.491022,-0.343109,0.107924,-0.631182,-0.696835,-0.641991,-0.907419,-0.900023,-0.907419,-1,,,
Son,0,0.0427103,-0.465598,-0.301003,-0.194638,-0.678753,-0.355537,-0.907158,-0.658797,-0.735773,-0.907158,-1,,,
Pigb,0,-0.104398,-0.421811,-0.656832,-0.906805,0.276122,0.694488,0.544722,0.426216,0.67896,-0.906805,-1,,,
Rcan1,0,0.359627,-0.0994444,0.192367,-0.227869,-0.90635,0.229495,0.176854,0.314676,0.242192,-0.90635,-1,,,
Iqgap1,0,-0.0768719,-0.175163,-0.349245,-0.740482,-0.824472,-0.906046,-0.884592,-0.88504,-0.875935,-0.906046,-1,,,
G3bp2,0,-0.214552,-0.411535,-0.604193,-0.664537,-0.825151,-0.733,-0.729218,-0.774849,-0.905266,-0.905266,-1,,,
Ift122,0,-0.372663,-0.526917,-0.707754,-0.892284,-0.563038,-0.747292,-0.767752,-0.905098,-0.723577,-0.905098,-1,,,
Rabepk,0,0.0278139,-0.847409,-0.904501,-0.552021,-0.570986,-0.410372,-0.335327,-0.0802088,-0.514956,-0.904501,-1,,,
Fam103a1,0,-0.0498905,-0.600445,-0.453321,-0.904482,-0.311445,-0.197075,-0.287922,-0.439278,-0.556463,-0.904482,-1,,,
Gmppb,0,0.203136,-0.0491962,-0.246893,-0.325512,-0.609594,-0.554771,-0.466305,-0.453564,-0.903389,-0.903389,-1,,,
Cnot3,0,0.0281792,-0.400595,-0.584484,-0.730989,-0.723248,-0.717489,-0.757017,-0.827517,-0.903347,-0.903347,-1,,,
Neto2,0,0.421732,0.453061,-0.209064,-0.876469,-0.494254,-0.559386,-0.410091,-0.1724,-0.903234,-0.903234,-1,,,
Oxct2a;Oxct2b,0,-0.0822601,-0.417584,-0.359873,-0.385618,-0.550938,-0.582634,-0.511253,-0.532423,-0.902676,-0.902676,-1,,,
Rrp8,0,-0.902574,0.214355,-0.0418463,0.00242138,-0.264178,-0.0976372,-0.470935,-0.617284,-0.230681,-0.902574,-1,,,
Wdr6,0,-0.207344,-0.145088,-0.11422,-0.393681,-0.57206,-0.514072,-0.519833,-0.753481,-0.902094,-0.902094,-1,,,
Psmd12,0,-0.276125,-0.0908852,-0.316605,-0.412191,-0.686068,-0.538605,-0.465643,-0.723553,-0.900633,-0.900633,-1,,,
Fads1,0,0.00121689,-0.155184,-0.587076,-0.770901,-0.88946,-0.900513,-0.606564,-0.642935,-0.667461,-0.900513,-1,,,
Map3k4,0,-0.899918,-0.0400028,-0.0122356,-0.146093,-0.371035,-0.319214,-0.236374,-0.324232,-0.355272,-0.899918,-1,,,
Lsm4,0,-0.517313,-0.850327,-0.781939,-0.760178,-0.613264,-0.72192,-0.783409,-0.656807,-0.899168,-0.899168,-1,,,
Enpp4,0,-0.213472,-0.498453,-0.640455,-0.897591,-0.491505,-0.555849,-0.627232,-0.491793,-0.129219,-0.897591,-1,,,
Gfpt1,0,0.517984,0.49758,0.0183544,0.13982,-0.561485,-0.25215,-0.260273,-0.480129,-0.897579,-0.897579,-1,,,
Bag4,0,-0.633963,-0.702188,-0.721365,-0.758593,-0.847683,-0.785347,-0.775385,-0.833868,-0.897036,-0.897036,-1,,,
Prpf38b,0,-0.363792,-0.756916,-0.695246,-0.771873,-0.746887,-0.786303,-0.82704,-0.896959,-0.811621,-0.896959,-1,,,
Tbcc,0,0.16186,0.344847,-0.220442,-0.498058,-0.768404,-0.764347,-0.896849,-0.798632,-0.865463,-0.896849,-1,,,
Psmb10,0,0.0644779,-0.233662,-0.322723,-0.556377,-0.674212,-0.597147,-0.896482,-0.71434,-0.79217,-0.896482,-1,,,
Arpc3,0,-0.00628281,-0.379616,-0.451921,-0.294975,-0.619724,-0.469576,-0.896452,-0.66371,-0.321928,-0.896452,-1,,,
Vcp,0,-0.0268974,-0.151558,-0.264168,-0.468916,-0.642889,-0.509233,-0.556248,-0.604292,-0.896332,-0.896332,-1,,,
Sel1l,0,-0.334892,-0.442965,-0.530518,-0.615025,-0.653666,-0.736204,-0.436569,-0.695478,-0.896303,-0.896303,-1,,,
Tmod3,0,-0.30876,-0.494337,-0.683659,-0.641357,-0.660412,-0.606833,-0.721703,-0.896261,-0.861742,-0.896261,-1,,,
Ppp3cb,0,-0.034296,-0.29195,-0.595675,-0.584116,-0.553051,-0.568693,-0.429083,-0.18815,-0.895761,-0.895761,-1,,,
Aldh1l1,0,0.331406,0.244963,0.112265,-0.348663,-0.587191,-0.833668,-0.833284,-0.895168,-0.720795,-0.895168,-1,,,
Rabggtb,0,-0.277151,-0.64999,-0.822123,-0.653841,-0.895164,-0.481813,-0.642027,-0.400429,-0.821291,-0.895164,-1,,,
Srsf3,0,-0.738529,-0.522865,-0.634947,-0.578047,-0.646551,-0.581362,-0.553108,-0.894844,-0.745859,-0.894844,-1,,,
Setd1a,0,-0.675336,-0.208103,-0.295856,-0.58684,-0.263071,-0.3668,0.0383663,-0.449148,-0.894695,-0.894695,-1,,,
Plaa,0,-0.138935,-0.477013,-0.565567,-0.611343,-0.812765,-0.774027,-0.848925,-0.80217,-0.894499,-0.894499,-1,,,
Ankrd28,0,0.422971,0.192514,-0.274332,-0.592612,-0.894158,-0.479566,-0.744066,-0.715038,-0.695072,-0.894158,-1,,,
Rsrc1,0,-0.823238,-0.494448,-0.45672,-0.396515,-0.650398,-0.721859,-0.797857,-0.892826,-0.526077,-0.892826,-1,,,
Rqcd1,0,-0.550858,-0.417734,-0.658728,-0.689928,-0.834917,-0.810076,-0.683521,-0.806482,-0.892555,-0.892555,-1,,,
Arglu1,0,-0.396378,-0.508631,-0.474098,-0.611044,-0.715479,-0.752642,-0.727654,-0.892328,-0.824591,-0.892328,-1,,,
Cnpy4,0,-0.0158997,-0.0759239,-0.305593,-0.735022,-0.686386,-0.892002,-0.83766,-0.795557,-0.860975,-0.892002,-1,,,
Hid1,0,0.48707,0.197506,-0.26193,-0.501392,-0.729314,-0.697163,-0.87403,-0.821973,-0.890262,-0.890262,-1,,,
Pycr2,0,-0.207504,-0.494286,-0.418484,-0.459402,-0.336802,-0.843523,-0.890152,-0.716831,-0.878122,-0.890152,-1,,,
Tcf25,0,-0.487509,-0.677923,-0.864037,-0.714745,-0.727478,-0.729223,-0.615818,-0.861174,-0.889853,-0.889853,-1,,,
Tdrd7,0,-0.181511,-0.532532,-0.547128,-0.77881,-0.591587,-0.749856,-0.834154,-0.889814,-0.450611,-0.889814,-1,,,
Plcd4,0,-0.77832,-0.537975,-0.282314,-0.265314,-0.104834,-0.416679,-0.581095,-0.889679,-0.491362,-0.889679,-1,,,
Mrfap1,0,0.014801,-0.852783,-0.889139,-0.803213,-0.69842,-0.49218,-0.12937,-0.0887337,-0.721215,-0.889139,-1,,,
Manf,0,0.0273724,0.413374,0.187742,-0.118166,-0.211096,-0.624823,-0.560589,-0.480438,-0.888172,-0.888172,-1,,,
Lig4,0,-0.888146,-0.15189,-0.259634,-0.240923,-0.457411,-0.492269,-0.524546,-0.539179,-0.716072,-0.888146,-1,,,
Gid8,0,-0.0395699,0.352606,-0.0111198,-0.00411606,-0.630434,-0.662149,-0.737219,-0.647131,-0.88806,-0.88806,-1,,,
Cul3,0,-0.282875,-0.382429,-0.459316,-0.539238,-0.731657,-0.69495,-0.887341,-0.732143,-0.595821,-0.887341,-1,,,
Acsl3,0,0.118719,-0.461107,-0.885,-0.588615,-0.873003,-0.631889,-0.459946,-0.37925,-0.798847,-0.885,-1,,,
Psma3,0,0.00817299,-0.18014,-0.165726,-0.438639,-0.678205,-0.609362,-0.684252,-0.735229,-0.883966,-0.883966,-1,,,
Cnot1,0,-0.292864,-0.498276,-0.564096,-0.734776,-0.741634,-0.828827,-0.660055,-0.83465,-0.882637,-0.882637,-1,,,
Swap70,0,-0.25061,-0.265795,-0.173923,-0.67197,-0.560682,-0.647346,-0.882521,-0.809467,-0.63426,-0.882521,-1,,,
Uvssa,0,-0.265078,-0.761932,-0.571991,-0.882215,-0.225243,-0.654308,-0.594405,-0.379395,-0.828093,-0.882215,-1,,,
Fam92b,0,-0.648638,-0.655174,-0.869633,-0.641161,-0.881802,-0.819618,-0.536858,-0.743315,-0.859987,-0.881802,-1,,,
Tmf1,0,0.411659,-0.382109,-0.881781,-0.664629,-0.70199,-0.661615,-0.439421,-0.210144,-0.552425,-0.881781,-1,,,
Paip2b,0,-0.226368,-0.301746,-0.522774,-0.881509,-0.74227,-0.622193,-0.484685,-0.679723,-0.354522,-0.881509,-1,,,
Ubash3b,0,0.279207,0.761614,0.528591,0.351892,-0.316895,-0.384876,-0.278925,-0.479015,-0.880688,-0.880688,-1,,,
Seh1l,0,-0.38665,-0.880493,-0.835747,-0.668388,-0.447021,-0.544727,-0.38991,-0.306311,-0.18203,-0.880493,-1,,,
Aes,0,-0.880295,-0.69376,-0.444738,-0.405697,-0.239079,-0.373949,-0.402582,-0.239496,-0.164835,-0.880295,-1,,,
Srsf5,0,-0.372471,-0.280724,-0.514175,-0.601698,-0.834721,-0.732811,-0.690088,-0.879288,-0.83556,-0.879288,-1,,,
Zcchc11,0,-0.680452,-0.47079,-0.444134,-0.46675,-0.688234,-0.696638,-0.87899,-0.643106,-0.842,-0.87899,-1,,,
Mepce,0,-0.332067,-0.552515,-0.574867,-0.684229,-0.530436,-0.681229,-0.878595,-0.858885,-0.60355,-0.878595,-1,,,
Ergic2,0,0.437239,-0.180895,-0.157503,-0.143225,-0.158791,-0.482201,-0.538273,-0.674669,-0.878155,-0.878155,-1,,,
Med8,0,-0.22982,-0.562298,-0.588646,-0.627113,-0.700222,-0.877953,-0.639257,-0.749321,-0.751251,-0.877953,-1,,,
Bax,0,-0.371695,-0.289135,-0.257298,-0.563412,-0.551416,-0.861422,-0.871229,-0.877859,-0.781313,-0.877859,-1,,,
Cyp20a1,0,0.0592346,-0.0972862,-0.30109,-0.481394,-0.576847,-0.742283,-0.812914,-0.877285,-0.8057,-0.877285,-1,,,
Paics,0,-0.477613,-0.640594,-0.596174,-0.877007,-0.799997,-0.658159,-0.348295,-0.620489,-0.727661,-0.877007,-1,,,
Scaf8,0,-0.491673,-0.501575,-0.707157,-0.81391,-0.680342,-0.775852,-0.710983,-0.876852,-0.752539,-0.876852,-1,,,
Ogt,0,-0.166666,-0.409201,-0.495121,-0.641863,-0.805727,-0.773214,-0.876598,-0.864029,-0.803967,-0.876598,-1,,,
Mapk14,0,-0.234116,-0.535784,-0.619673,-0.875658,-0.662992,-0.711744,-0.84774,-0.767179,-0.805141,-0.875658,-1,,,
Basp1,0,-0.87565,-0.735544,-0.420097,-0.577646,-0.00441742,-0.219927,-0.0439034,-0.179192,0.0642204,-0.87565,-1,,,
Pdia6,0,0.405684,0.284773,0.0383606,-0.0407276,-0.385908,-0.328178,-0.129221,-0.337484,-0.875423,-0.875423,-1,,,
Anapc7,0,-0.356884,-0.268978,-0.497837,-0.400885,-0.703611,-0.780252,-0.571606,-0.875328,-0.830664,-0.875328,-1,,,
Cdan1,0,-0.383996,-0.0969677,-0.339404,-0.513659,-0.523611,-0.58205,-0.813024,-0.874021,-0.497766,-0.874021,-1,,,
Rsl1d1,0,-0.872341,-0.308075,-0.522934,-0.394196,-0.660143,-0.737831,-0.550554,-0.724358,-0.776375,-0.872341,-1,,,
Ubxn1,0,-0.203178,0.0655537,-0.0746422,-0.0841408,-0.178455,-0.343929,-0.870264,-0.745689,-0.250111,-0.870264,-1,,,
Fibp,0,-0.00831032,-0.870186,-0.341882,-0.359398,-0.0919037,0.142186,0.0895061,0.583034,0.780322,-0.870186,-1,,,
Api5,0,-0.506599,-0.473909,-0.548185,-0.641983,-0.619549,-0.58815,-0.466242,-0.617716,-0.86964,-0.86964,-1,,,
Eif4e2,0,-0.267944,-0.440695,-0.760389,-0.852491,-0.807428,-0.631348,-0.856417,-0.745697,-0.869017,-0.869017,-1,,,
Mettl9,0,0.272352,0.117554,-0.203777,-0.0784397,-0.266893,-0.245895,-0.0962658,-0.180555,-0.868219,-0.868219,-1,,,
P4ha1,0,0.453184,0.685041,0.316614,0.39007,-0.517998,0.00794792,0.379183,-0.178125,-0.868145,-0.868145,-1,,,
Rnf141,0,0.680606,-0.520039,-0.867805,-0.528049,-0.632404,0.0541077,-0.397833,-0.166192,0.092536,-0.867805,-1,,,
Hdlbp,0,0.228699,0.14719,0.0115623,0.0032711,-0.323668,-0.321146,-0.367304,-0.40494,-0.867552,-0.867552,-1,,,
Nme1,0,-0.185059,-0.561573,-0.743086,-0.766781,-0.867292,-0.770565,-0.755053,-0.620644,-0.702894,-0.867292,-1,,,
Snrpa,0,-0.406181,-0.777781,-0.762587,-0.712381,-0.856031,-0.808487,-0.499447,-0.661379,-0.86623,-0.86623,-1,,,
Asun,0,-0.316454,-0.865887,-0.612188,-0.527311,-0.67095,-0.587358,-0.667702,-0.761154,-0.69296,-0.865887,-1,,,
Sumo1,0,0.189306,-0.513432,-0.314835,-0.385168,-0.294624,-0.56266,-0.511591,-0.594561,-0.865309,-0.865309,-1,,,
Smarce1,0,-0.397833,-0.305943,-0.459469,-0.62034,-0.622847,-0.629644,-0.864607,-0.753708,-0.80434,-0.864607,-1,,,
Ksr1,0,0.0649137,-0.375716,-0.0246878,-0.608426,-0.331416,-0.616836,-0.70642,-0.864574,-0.81392,-0.864574,-1,,,
Them6,0,-0.410179,-0.0870609,-0.315762,-0.560507,-0.665749,-0.690311,-0.736546,-0.864315,-0.608,-0.864315,-1,,,
Adam9,0,0.280622,0.241457,0.156744,0.0498276,-0.355249,-0.130644,-0.863924,-0.775684,-0.537411,-0.863924,-1,,,
Calr,0,0.410152,0.69751,0.413437,0.275379,-0.152975,-0.0185928,-0.083725,-0.330256,-0.86335,-0.86335,-1,,,
Asap2,0,0.0111008,-0.64184,-0.6569,-0.860182,-0.705101,-0.656809,-0.494513,-0.590193,-0.640244,-0.860182,-1,,,
Syncrip,0,-0.260681,-0.651865,-0.691666,-0.80291,-0.826275,-0.691811,-0.542053,-0.5769,-0.859798,-0.859798,-1,,,
Ddx28,0,-0.859568,-0.630735,-0.852583,-0.658815,-0.411873,-0.480864,-0.422626,0.0427685,0.229652,-0.859568,-1,,,
Cops3,0,0.0156345,-0.169186,-0.292578,-0.467623,-0.718216,-0.740795,-0.859442,-0.738531,-0.723524,-0.859442,-1,,,
Sumf1,0,0.139067,0.153992,-0.128824,-0.241987,-0.652437,-0.65501,-0.390364,-0.536095,-0.858276,-0.858276,-1,,,
Gpr107,0,-0.227678,-0.0617008,-0.291403,-0.350845,-0.530426,-0.694986,-0.650206,-0.858259,-0.71306,-0.858259,-1,,,
Ccdc115,0,0.17063,-0.106905,-0.539474,-0.383656,-0.16758,-0.68421,-0.323969,-0.125,-0.857817,-0.857817,-1,,,
Ppp1r10,0,-0.254391,0.0255032,-0.157763,0.0233479,-0.499088,-0.5417,-0.473431,-0.856888,-0.766382,-0.856888,-1,,,
Atxn2l,0,-0.091465,-0.451591,-0.706562,-0.680485,-0.852201,-0.707409,-0.667074,-0.668282,-0.856606,-0.856606,-1,,,
Smarcb1,0,-0.386238,-0.458588,-0.643587,-0.668205,-0.572327,-0.723558,-0.578232,-0.558502,-0.856247,-0.856247,-1,,,
Slc25a17,0,0.0407085,0.0153046,0.224159,0.0710697,-0.286947,-0.172253,-0.792616,-0.855667,-0.376438,-0.855667,-1,,,
Nme2,0,-0.0476532,-0.527464,-0.696114,-0.623943,-0.830271,-0.844362,-0.855553,-0.832542,-0.844538,-0.855553,-1,,,
Ranbp9,0,0.217077,-0.213537,-0.287933,-0.316399,-0.667982,-0.645876,-0.738329,-0.669081,-0.854607,-0.854607,-1,,,
Psmb7,0,0.0140934,-0.0797215,-0.165102,-0.356949,-0.543314,-0.72732,-0.536844,-0.717995,-0.853781,-0.853781,-1,,,
Atp6ap1,0,0.247824,-0.444033,-0.853224,-0.506985,-0.549816,-0.31768,-0.115152,0.100166,-0.316044,-0.853224,-1,,,
Dph1,0,-0.673936,-0.802464,-0.835894,-0.753067,-0.613377,-0.473728,-0.509678,-0.601152,-0.852804,-0.852804,-1,,,
Arcn1,0,0.0980434,-0.00790596,-0.108608,-0.155649,-0.339384,-0.355341,-0.369978,-0.525024,-0.852476,-0.852476,-1,,,
Rbms2,0,0.0495262,-0.207798,-0.31278,-0.392118,-0.292665,-0.371258,-0.469194,-0.398354,-0.852419,-0.852419,-1,,,
Sars,0,0.203634,-0.077755,-0.273535,-0.527779,-0.852116,-0.745752,-0.718679,-0.708128,-0.773645,-0.852116,-1,,,
Pdxk,0,-0.326536,-0.85158,-0.455851,-0.303911,0.0396881,0.334545,0.631622,0.673161,0.485239,-0.85158,-1,,,
Gnai1,0,0.404165,-0.272738,0.112393,0.174386,0.055418,-0.138344,-0.851363,-0.415292,-0.648381,-0.851363,-1,,,
Arpc5,0,-0.179426,-0.18516,-0.322678,-0.291964,-0.339155,-0.271666,-0.575216,-0.767836,-0.851086,-0.851086,-1,,,
Serf2;Serf1,0,0.139133,-0.411341,-0.834871,-0.730392,-0.666962,-0.470829,-0.850574,-0.831066,-0.690729,-0.850574,-1,,,
Nudcd3,0,-0.667458,-0.811256,-0.845736,-0.850401,-0.772449,-0.38545,0.139565,-0.124615,-0.744703,-0.850401,-1,,,
Eif2b5,0,-0.160454,-0.128956,-0.640141,-0.544254,-0.850258,-0.72337,-0.736864,-0.663046,-0.714014,-0.850258,-1,,,
Xiap,0,-0.698765,-0.706081,-0.440939,-0.826433,-0.525375,-0.498989,-0.775011,-0.640469,-0.849944,-0.849944,-1,,,
Scrib,0,-0.462646,-0.557693,-0.448982,-0.479227,-0.54211,-0.680109,-0.768757,-0.836351,-0.849726,-0.849726,-1,,,
Wdr53,0,-0.0791187,-0.515591,-0.440556,-0.603127,-0.473639,-0.536644,-0.403448,-0.507765,-0.849686,-0.849686,-1,,,
Ssr1,0,-0.144587,-0.169121,-0.368225,-0.403149,-0.32844,-0.453209,-0.215559,-0.653193,-0.849583,-0.849583,-1,,,
Znf260,0,0.0791836,0.134537,0.03866,-0.119221,-0.129185,-0.334851,-0.580554,-0.849394,-0.421546,-0.849394,-1,,,
Ezr,0,0.527954,0.730593,0.745945,0.638927,0.264622,-0.0984402,-0.27033,-0.398216,-0.848288,-0.848288,-1,,,
Uba52;Rps27a;Ubb;Ubc,0,-0.022707,-0.419468,-0.514206,-0.47308,-0.582851,-0.604267,-0.848026,-0.542892,-0.490971,-0.848026,-1,,,
Rab12,0,-0.109995,-0.510941,-0.665007,-0.71863,-0.846449,-0.650963,-0.50408,-0.451618,-0.638605,-0.846449,-1,,,
Ewsr1,0,-0.186626,-0.470705,-0.507792,-0.590197,-0.61525,-0.692648,-0.705711,-0.808109,-0.846394,-0.846394,-1,,,
Ctps2,0,-0.0535908,0.0405769,-0.208115,-0.494131,-0.748585,-0.539341,-0.735704,-0.845709,-0.811129,-0.845709,-1,,,
Tm9sf1,0,0.064415,0.029274,0.0418739,-0.0500641,-0.311026,-0.228098,-0.652615,-0.455639,-0.844486,-0.844486,-1,,,
Gsr,0,-0.358873,-0.844465,-0.631285,-0.842772,-0.613697,-0.638878,-0.678078,-0.593309,-0.681828,-0.844465,-1,,,
Rprd1a,0,-0.146511,-0.502424,-0.633101,-0.844416,-0.705591,-0.414303,-0.168915,-0.0974636,-0.235367,-0.844416,-1,,,
Acin1,0,-0.424501,-0.214542,-0.234043,0.0154915,-0.639172,-0.773226,-0.682634,-0.843557,-0.800053,-0.843557,-1,,,
Kdm4a,0,0.0724201,-0.503532,-0.613703,-0.60713,-0.595551,-0.843288,-0.675282,-0.364201,-0.344194,-0.843288,-1,,,
Bicd2,0,-0.374043,-0.723858,-0.837399,-0.843025,-0.669397,-0.631329,-0.514416,-0.57996,-0.671074,-0.843025,-1,,,
Eif4h,0,-0.371887,-0.42338,-0.495863,-0.702971,-0.777395,-0.729273,-0.685904,-0.733311,-0.842575,-0.842575,-1,,,
Usp15,0,-0.0445175,-0.281919,-0.6036,-0.34366,-0.842319,-0.531647,-0.578684,-0.527428,-0.7082,-0.842319,-1,,,
Alkbh8,0,0.205182,-0.341094,-0.161242,-0.565681,-0.84221,-0.669571,-0.389699,-0.604298,-0.641547,-0.84221,-1,,,
Vps4b,0,-0.287848,-0.425301,-0.378895,-0.557487,-0.614548,-0.660276,-0.778679,-0.842119,-0.817822,-0.842119,-1,,,
Cpeb4,0,-0.0723915,-0.426432,-0.700785,-0.678658,-0.8417,-0.481857,-0.606031,-0.525219,-0.665461,-0.8417,-1,,,
Luc7l2,0,-0.55036,-0.741249,-0.640236,-0.84145,-0.659781,-0.61482,-0.56181,-0.57118,-0.506741,-0.84145,-1,,,
Sigmar1,0,-0.0883675,-0.29821,-0.624718,-0.58662,-0.613894,-0.80175,-0.841394,-0.601381,-0.479944,-0.841394,-1,,,
Stk39,0,-0.205236,0.0297108,-0.141554,-0.368355,-0.577999,-0.756443,-0.631323,-0.839024,-0.745968,-0.839024,-1,,,
Kpna6,0,-0.290728,-0.169346,-0.423714,-0.22813,-0.739996,-0.640793,-0.79542,-0.838882,-0.622097,-0.838882,-1,,,
Tfb1m,0,-0.00678062,-0.838585,-0.60371,-0.169374,-0.154842,0.0218124,-0.0946369,0.376221,0.268543,-0.838585,-1,,,
Riok3,0,0.195063,0.106464,-0.262358,-0.306559,-0.728874,-0.51454,-0.832035,-0.784229,-0.836864,-0.836864,-1,,,
Rab31,0,0.0445042,0.299639,0.342489,0.663475,0.275068,0.176062,0.0913982,-0.00262833,-0.836199,-0.836199,-1,,,
Hyi,0,0.146391,0.0662766,-0.0293121,-0.379311,-0.420057,-0.371128,-0.411318,-0.463228,-0.836136,-0.836136,-1,,,
Osbpl6,0,0.417992,-0.0702648,-0.351585,-0.515326,-0.778915,-0.441919,-0.31262,-0.206444,-0.835934,-0.835934,-1,,,
Gsk3b,0,-0.117893,-0.282175,-0.219677,-0.305035,-0.629009,-0.406084,-0.291071,-0.366882,-0.835205,-0.835205,-1,,,
Ecm29,0,-0.2729,-0.208885,-0.345375,-0.457224,-0.834864,-0.767607,-0.804516,-0.781939,-0.788832,-0.834864,-1,,,
Gsn,0,0.174093,0.193991,0.357527,0.105785,0.0332584,-0.530275,-0.833277,-0.826483,-0.793097,-0.833277,-1,,,
Foxk1,0,-0.142838,-0.4494,-0.608889,-0.759108,-0.799103,-0.798588,-0.654478,-0.771355,-0.832787,-0.832787,-1,,,
Cstf2,0,-0.00507736,-0.610224,-0.488861,-0.567327,-0.569077,-0.698389,-0.58604,-0.504492,-0.831907,-0.831907,-1,,,
Prkrir,0,-0.147048,-0.447577,-0.509089,-0.442594,-0.823314,-0.390252,-0.831684,-0.586898,-0.82303,-0.831684,-1,,,
Gstk1,0,-0.83144,0.151064,0.0884476,0.0971279,0.366936,0.492056,0.725719,0.731337,0.802515,-0.83144,-1,,,
Rtkn,0,-0.830517,-0.600988,-0.49608,-0.63777,-0.540321,-0.7362,-0.695965,-0.828522,-0.744442,-0.830517,-1,,,
Focad,0,-0.240681,-0.148111,-0.372547,-0.310743,-0.82666,-0.564106,-0.502045,-0.662556,-0.830288,-0.830288,-1,,,
Frmd6,0,0.37471,-0.0522108,-0.408001,-0.528008,-0.473231,-0.287466,-0.829953,-0.27928,-0.359462,-0.829953,-1,,,
Unk,0,0.275869,-0.588026,-0.674309,-0.825089,-0.816404,-0.829306,-0.75082,-0.415588,-0.694328,-0.829306,-1,,,
Psme2,0,-0.123432,0.0519142,-0.129953,-0.142879,-0.508986,-0.647551,-0.369034,-0.829216,-0.465191,-0.829216,-1,,,
Bag6,0,-0.330713,-0.322165,-0.492798,-0.585398,-0.712971,-0.670792,-0.442932,-0.612688,-0.829193,-0.829193,-1,,,
Ppp1r2,0,-0.262638,-0.550541,-0.627811,-0.772821,-0.802776,-0.827168,-0.37808,-0.695732,-0.827991,-0.827991,-1,,,
Nup62,0,-0.570892,-0.827085,-0.577251,-0.579866,-0.379177,-0.39764,-0.39069,-0.196207,-0.0568829,-0.827085,-1,,,
Csnk2b,0,-0.417088,-0.352888,-0.665398,-0.627771,-0.627275,-0.427361,-0.360594,-0.383575,-0.825497,-0.825497,-1,,,
Tle3,0,0.788645,0.651627,0.340363,0.246008,-0.499708,-0.117439,-0.194824,-0.254932,-0.825399,-0.825399,-1,,,
Ccser2,0,-0.0351143,-0.312296,-0.559706,-0.523355,-0.733587,-0.250557,-0.411163,-0.250813,-0.825382,-0.825382,-1,,,
Dnajb11,0,0.0178089,0.427063,0.150726,0.102821,-0.216558,-0.310005,-0.294065,-0.543753,-0.825193,-0.825193,-1,,,
Stk3,0,-0.101107,-0.31856,-0.265299,-0.519009,-0.710279,-0.678835,-0.602747,-0.586937,-0.824923,-0.824923,-1,,,
Txnrd1,0,-0.479155,-0.591509,-0.732058,-0.621698,-0.824078,-0.613157,-0.65596,-0.564552,-0.544729,-0.824078,-1,,,
Psmd9,0,-0.32773,-0.434158,-0.363178,-0.39782,-0.672802,-0.649857,-0.678926,-0.540861,-0.823757,-0.823757,-1,,,
Foxj3;Foxj1;Foxn3;Foxg1;Foxn4;Foxj2;Foxn1,0,-0.506806,-0.712952,-0.401302,-0.822878,-0.412228,-0.587815,-0.582632,-0.78015,-0.247778,-0.822878,-1,,,
Pmm2,0,0.0372677,-0.475792,-0.4914,-0.527061,-0.79141,-0.464136,-0.61389,-0.457146,-0.821733,-0.821733,-1,,,
Slco3a1,0,-0.24903,-0.151423,0.0235252,-0.0914574,0.265733,-0.217599,-0.42965,-0.269206,-0.821443,-0.821443,-1,,,
Fig4,0,-0.556687,-0.0605955,-0.0241795,0.167549,-0.820963,-0.0687294,-0.123815,-0.681325,-0.6724,-0.820963,-1,,,
Man1a2,0,0.0442009,0.199011,-0.0394535,-0.080637,-0.373661,-0.632051,-0.497305,-0.53927,-0.819992,-0.819992,-1,,,
Atl2,0,-0.122467,-0.394958,-0.772303,-0.819967,-0.706076,-0.767527,-0.647848,-0.793938,-0.735504,-0.819967,-1,,,
Ptrhd1,0,-0.51059,-0.0708256,-0.156584,-0.501863,-0.238747,-0.193787,-0.460073,-0.819582,-0.794716,-0.819582,-1,,,
Stau1,0,-0.026062,-0.125839,-0.262621,-0.281828,-0.4694,-0.571724,-0.257568,-0.623968,-0.819492,-0.819492,-1,,,
Ikbkb,0,-0.141291,-0.0281448,-0.187183,-0.315392,-0.641333,-0.702702,-0.740351,-0.741463,-0.817934,-0.817934,-1,,,
Psmd1,0,-0.149317,-0.198885,-0.320328,-0.483366,-0.695288,-0.698847,-0.645281,-0.741684,-0.817173,-0.817173,-1,,,
Tacc1,0,0.0792408,-0.44891,-0.668419,-0.816397,-0.654533,-0.473314,-0.659603,-0.264217,-0.254946,-0.816397,-1,,,
Ppp6c,0,0.0941868,-0.201363,-0.338297,-0.470812,-0.735493,-0.556248,-0.535328,-0.816065,-0.58964,-0.816065,-1,,,
Bcas1,0,-0.645517,-0.400629,0.0745296,-0.728313,-0.815632,-0.456413,-0.393328,-0.626921,-0.247671,-0.815632,-1,,,
Sik3,0,0.139183,-0.264492,-0.275162,-0.327364,-0.625902,-0.651047,-0.580971,-0.65098,-0.815304,-0.815304,-1,,,
Ep400,0,-0.520338,-0.433376,-0.734882,-0.609221,-0.703358,-0.720457,-0.519749,-0.699488,-0.815228,-0.815228,-1,,,
Lsm3,0,-0.562813,-0.625793,-0.516043,-0.815151,-0.353451,-0.631628,-0.535326,-0.65481,-0.463354,-0.815151,-1,,,
Gtf3c5,0,-0.814934,-0.739531,-0.540173,-0.470284,-0.455957,-0.484749,-0.303415,-0.761124,0.11367,-0.814934,-1,,,
Fam98a,0,0.196316,-0.093914,-0.0175552,-0.232452,-0.378868,-0.521454,-0.660872,-0.671219,-0.814323,-0.814323,-1,,,
Ubl7,0,0.677744,-0.184628,-0.555929,-0.528778,-0.620365,-0.762554,-0.673489,-0.598072,-0.814173,-0.814173,-1,,,
Dmap1,0,-0.407827,-0.301218,-0.504194,-0.530659,-0.524054,-0.701147,-0.572983,-0.814165,-0.746967,-0.814165,-1,,,
Atg4b,0,-0.193115,-0.499826,-0.496006,-0.813368,-0.602303,-0.625237,-0.669591,-0.587362,-0.689788,-0.813368,-1,,,
Aldh16a1,0,0.0336895,0.0336733,-0.102414,-0.267888,-0.34074,-0.290969,-0.0290709,0.309112,-0.811925,-0.811925,-1,,,
Sec24a,0,0.0193214,0.0392971,0.00473404,-0.00355148,-0.350077,-0.363165,-0.811829,-0.447643,-0.543547,-0.811829,-1,,,
Psmd6,0,-0.0559025,-0.0342636,-0.219765,-0.405727,-0.580736,-0.539425,-0.50617,-0.513174,-0.811356,-0.811356,-1,,,
Nosip,0,-0.412039,-0.629827,-0.661896,-0.739265,-0.591429,-0.5811,-0.592236,-0.741762,-0.810829,-0.810829,-1,,,
Ppib,0,0.00831223,0.1565,0.186802,-0.215567,-0.309002,-0.322107,-0.0307903,-0.47047,-0.810177,-0.810177,-1,,,
Katnal1,0,-0.138084,-0.453787,-0.460529,-0.620352,-0.708178,-0.639509,-0.684166,-0.646408,-0.808692,-0.808692,-1,,,
Mettl16,0,-0.523649,-0.635979,-0.620972,-0.806059,-0.798235,-0.660393,-0.715328,-0.697552,-0.808037,-0.808037,-1,,,
Gnl3l,0,-0.0333271,-0.458878,-0.381092,-0.703047,-0.664373,-0.555256,-0.305269,-0.333664,-0.807911,-0.807911,-1,,,
Brd3,0,-0.576672,-0.525196,-0.427368,-0.519638,-0.358152,-0.580748,-0.807894,-0.743164,-0.351551,-0.807894,-1,,,
Prrc2c,0,-0.0319519,-0.388027,-0.648222,-0.681988,-0.774668,-0.656696,-0.589197,-0.598816,-0.806213,-0.806213,-1,,,
Smpd4,0,-0.226635,-0.603586,-0.805607,-0.480061,-0.668032,-0.755655,-0.722603,-0.594553,-0.515398,-0.805607,-1,,,
Tmx4,0,0.201296,0.522163,-0.148891,0.0909767,-0.633904,-0.321926,-0.0522823,-0.478735,-0.804113,-0.804113,-1,,,
Ubr5,0,-0.437876,-0.545601,-0.606791,-0.674997,-0.803835,-0.620483,-0.372402,-0.737417,-0.606895,-0.803835,-1,,,
Mllt3,0,-0.107967,0.0604286,-0.404346,-0.232906,-0.53629,-0.40245,-0.767575,-0.803254,-0.657633,-0.803254,-1,,,
Ccdc51,0,-0.511037,-0.802197,-0.490948,-0.48526,0.350438,0.102265,-0.387301,0.254348,0.681393,-0.802197,-1,,,
Bcl7a,0,0.0768471,-0.301945,-0.244247,-0.708239,-0.711854,-0.694043,-0.626235,-0.3871,-0.801907,-0.801907,-1,,,
Mpdu1,0,-0.517817,-0.511545,-0.559395,-0.470688,-0.262558,-0.290094,-0.801287,-0.522846,-0.373978,-0.801287,-1,,,
Hm13,0,0.0158596,-0.357458,-0.533939,-0.605598,-0.644718,-0.669092,-0.801073,-0.657173,-0.678591,-0.801073,-1,,,
Acaca,0,-0.0941048,-0.266903,-0.441074,-0.498438,-0.800961,-0.472284,-0.28443,-0.365307,-0.482151,-0.800961,-1,,,
Hmgn2,0,-0.0191021,0.309971,-0.356863,-0.381701,-0.301283,-0.800552,-0.239391,-0.411291,-0.23476,-0.800552,-1,,,
Celf1,0,-0.311399,-0.350342,-0.327414,-0.388155,-0.699572,-0.691519,-0.750996,-0.800308,-0.745319,-0.800308,-1,,,
Noa1,0,-0.520437,-0.740231,-0.800104,-0.610518,-0.662979,-0.583202,-0.614288,-0.302586,-0.233583,-0.800104,-1,,,
Tsr2,0,-0.800104,-0.540754,-0.479778,-0.259167,-0.301649,0.0545444,0.0914516,-0.322918,0.151897,-0.800104,-1,,,
Ppil3,0,-0.227472,-0.63521,-0.67168,-0.543398,-0.632086,-0.652685,-0.78298,-0.799864,-0.653603,-0.799864,-1,,,
Ncoa6,0,-0.143105,-0.541477,-0.507679,-0.59111,-0.510938,-0.575818,-0.799281,-0.468107,-0.485035,-0.799281,-1,,,
Safb2,0,-0.330423,-0.250211,-0.0575266,0.0153179,-0.198075,-0.34033,-0.299768,-0.799129,-0.693588,-0.799129,-1,,,
Rab34,0,-0.119431,-0.293373,-0.472557,-0.612331,-0.798231,-0.574671,-0.446316,-0.497875,-0.746023,-0.798231,-1,,,
Fyn,0,0.00212669,-0.797354,-0.622625,-0.176428,-0.533348,-0.0586071,-0.523643,-0.533291,-0.495022,-0.797354,-1,,,
Wdr61,0,-0.344322,-0.52607,-0.513792,-0.636927,-0.630907,-0.595295,-0.610804,-0.796101,-0.78928,-0.796101,-1,,,
Pomgnt1,0,0.16016,0.157944,-0.146561,0.00284576,-0.309973,-0.39113,-0.795389,-0.376392,-0.265154,-0.795389,-1,,,
Psmf1,0,-0.215151,-0.794554,-0.661263,-0.784748,-0.64798,-0.420513,-0.67482,-0.63574,-0.567665,-0.794554,-1,,,
Babam1,0,-0.0773487,-0.42905,-0.49354,-0.695414,-0.794546,-0.661226,-0.591715,-0.562923,-0.752167,-0.794546,-1,,,
Psma1,0,-0.08004,-0.212528,-0.229626,-0.486908,-0.646696,-0.515127,-0.575935,-0.689655,-0.793839,-0.793839,-1,,,
Psmb5,0,-0.0629826,-0.265654,-0.328276,-0.477245,-0.671127,-0.563873,-0.608492,-0.471498,-0.793665,-0.793665,-1,,,
Tmed5,0,-0.333637,-0.79365,-0.687967,-0.300938,-0.386595,-0.299459,-0.303759,-0.327589,-0.333941,-0.79365,-1,,,
Topbp1,0,-0.488609,-0.503725,-0.485981,-0.721411,-0.793573,-0.535048,-0.410761,-0.531429,-0.780437,-0.793573,-1,,,
Patl1,0,-0.141966,-0.21369,-0.532972,-0.408958,-0.687738,-0.793264,-0.555599,-0.726837,-0.713195,-0.793264,-1,,,
Fbxw11,0,0.0399113,-0.425589,-0.353409,-0.564901,-0.331888,-0.305733,0.276291,-0.3906,-0.792971,-0.792971,-1,,,
Gltscr1,0,-0.489717,-0.332318,-0.495772,-0.512259,-0.520686,-0.792688,-0.405067,-0.527746,-0.462686,-0.792688,-1,,,
Lpin1,0,0.309168,0.189356,-0.0511303,-0.319689,-0.443165,-0.790817,-0.678043,-0.792589,-0.653217,-0.792589,-1,,,
Lbh,0,0.71315,0.265772,-0.249906,-0.264043,-0.557942,-0.652369,-0.69471,-0.56039,-0.792387,-0.792387,-1,,,
Eef1b,0,-0.463367,-0.513403,-0.673828,-0.576241,-0.679506,-0.537746,-0.683439,-0.73752,-0.792299,-0.792299,-1,,,
Lamb2,0,0.325691,0.673258,0.46476,0.0948925,-0.148571,-0.363569,-0.0330887,-0.27442,-0.792139,-0.792139,-1,,,
Soga1,0,-0.225187,-0.381721,-0.417707,-0.265686,-0.613993,-0.494297,-0.397949,-0.420826,-0.790766,-0.790766,-1,,,
Srp68,0,-0.196325,-0.277302,-0.464939,-0.618738,-0.688478,-0.764236,-0.790562,-0.682686,-0.674913,-0.790562,-1,,,
Lphn2,0,-0.7899,-0.630583,-0.410276,-0.345491,-0.4314,-0.382076,-0.429129,-0.394255,-0.388708,-0.7899,-1,,,
Hsd17b12,0,-0.0417366,-0.241852,-0.379461,-0.623539,-0.789873,-0.551247,-0.36721,-0.255718,-0.395845,-0.789873,-1,,,
Gnn,0,-0.0472126,-0.789793,-0.499254,-0.461634,-0.146833,-0.0880852,-0.237478,0.186741,-0.449354,-0.789793,-1,,,
Itgb1,0,0.311945,0.438326,0.101898,-0.11408,-0.217413,-0.512323,-0.54394,-0.721342,-0.789257,-0.789257,-1,,,
Cops6,0,-0.0284805,-0.236341,-0.468561,-0.544113,-0.716501,-0.788498,-0.671772,-0.658104,-0.678486,-0.788498,-1,,,
Tsta3,0,-0.173765,-0.418848,-0.493788,-0.587193,-0.408325,-0.54365,-0.647156,-0.749346,-0.788349,-0.788349,-1,,,
Hspa13,0,-0.0161114,0.0953712,-0.170197,-0.107777,-0.521578,-0.444277,-0.408451,-0.564507,-0.788273,-0.788273,-1,,,
Dpy30,0,-0.493984,-0.268499,-0.515001,-0.363632,-0.467775,-0.525126,-0.453613,-0.787777,-0.666281,-0.787777,-1,,,
Fbl,0,-0.787439,-0.487289,-0.367292,-0.13501,-0.195452,-0.3999,-0.376471,-0.565041,-0.451593,-0.787439,-1,,,
Map7d1,0,-0.211824,-0.367414,-0.433104,-0.619793,-0.628006,-0.628672,-0.673199,-0.786892,-0.764515,-0.786892,-1,,,
Rhbdd1,0,-0.0153275,0.0714426,-0.146857,-0.786366,-0.588733,-0.564267,-0.122299,0.0496445,0.0358982,-0.786366,-1,,,
Nop56,0,-0.0801954,-0.660306,-0.561378,-0.450637,-0.523861,-0.740524,-0.78629,-0.454116,-0.594751,-0.78629,-1,,,
Dock5,0,-0.288103,-0.356771,-0.578875,-0.786121,-0.725061,-0.676188,-0.463549,-0.354683,-0.58333,-0.786121,-1,,,
Ublcp1,0,-0.286798,-0.393579,-0.340097,-0.57139,-0.537086,-0.5812,-0.718449,-0.785866,-0.756783,-0.785866,-1,,,
Atg16l1,0,0.0563431,-0.495134,-0.586483,-0.476973,-0.785538,-0.649284,-0.451742,-0.47378,-0.673344,-0.785538,-1,,,
Ptcd1,0,-0.615799,-0.729797,-0.785397,-0.584753,-0.442987,-0.273069,-0.0510559,0.0426311,0.266758,-0.785397,-1,,,
Zeb2,0,-0.107101,-0.436707,-0.564935,-0.522045,-0.708459,-0.783953,-0.565676,-0.63352,-0.648985,-0.783953,-1,,,
Pcdha4,0,-0.201839,-0.00357056,-0.199209,-0.175234,-0.718626,-0.394119,-0.654234,-0.727266,-0.783865,-0.783865,-1,,,
Ints3,0,-0.207792,-0.505476,-0.705774,-0.667858,-0.673956,-0.58082,-0.569145,-0.583172,-0.783806,-0.783806,-1,,,
Akt1s1,0,-0.119198,-0.422239,-0.426306,-0.408335,-0.722273,-0.469065,-0.628447,-0.533665,-0.782209,-0.782209,-1,,,
Copb1,0,0.159502,-0.0451088,-0.0829182,-0.224058,-0.393253,-0.441517,-0.593317,-0.597982,-0.781652,-0.781652,-1,,,
Calml3,0,-0.161139,-0.657482,-0.613083,-0.780615,-0.590208,-0.460255,-0.312807,-0.500351,-0.681179,-0.780615,-1,,,
Bmi1;Pcgf2,0,-0.541449,-0.780462,-0.770197,-0.599497,-0.721235,-0.553829,-0.300837,-0.523857,-0.293869,-0.780462,-1,,,
Cln8,0,-0.514063,-0.779882,-0.670166,-0.616919,-0.465395,-0.681332,-0.5424,-0.658772,-0.515829,-0.779882,-1,,,
Luzp1,0,-0.206806,-0.224064,-0.582991,-0.42318,-0.779181,-0.487366,-0.319126,-0.408358,-0.665606,-0.779181,-1,,,
Cdc16,0,-0.208841,-0.345854,-0.414839,-0.515633,-0.636303,-0.53492,-0.678492,-0.698702,-0.778173,-0.778173,-1,,,
Ubr1,0,0.130785,-0.308645,-0.416035,-0.503685,-0.778126,-0.413427,-0.332771,-0.441689,-0.51767,-0.778126,-1,,,
Prrc2a,0,-0.239496,-0.543951,-0.676277,-0.720512,-0.740837,-0.591444,-0.383587,-0.430252,-0.77742,-0.77742,-1,,,
Ergic1,0,-0.141798,-0.0500546,-0.0518703,-0.0118885,-0.133772,-0.305193,-0.591412,-0.775995,-0.776575,-0.776575,-1,,,
Ilkap,0,-0.187965,-0.606552,-0.481056,-0.661804,-0.52227,-0.632,-0.670338,-0.738352,-0.776403,-0.776403,-1,,,
Trim23,0,-0.775654,-0.331512,-0.0800343,-0.228607,-0.256081,-0.344946,-0.14558,-0.445534,-0.0151234,-0.775654,-1,,,
Xrcc4,0,-0.444494,-0.560644,-0.627947,-0.437996,-0.775448,-0.666348,-0.587231,-0.636663,-0.697435,-0.775448,-1,,,
Slc39a6,0,-0.0519276,-0.041378,-0.10603,-0.150227,-0.118044,-0.768726,-0.598913,-0.77519,-0.511837,-0.77519,-1,,,
Pum1,0,-0.363167,-0.518135,-0.592546,-0.685396,-0.702295,-0.775103,-0.568905,-0.61138,-0.662895,-0.775103,-1,,,
Rab8a,0,-0.0339088,-0.606777,-0.446039,-0.536819,-0.548935,-0.631123,-0.62818,-0.774952,-0.574682,-0.774952,-1,,,
Adpgk,0,-0.0567932,0.14303,-0.212835,-0.137262,-0.354385,-0.403423,-0.463953,-0.588535,-0.774153,-0.774153,-1,,,
Fam20b,0,-0.154701,0.0231056,-0.179815,0.056427,-0.254599,-0.5539,-0.444078,-0.678562,-0.773897,-0.773897,-1,,,
Uba6,0,0.106369,-0.445709,-0.46163,-0.550028,-0.773436,-0.654699,-0.621361,-0.599346,-0.756102,-0.773436,-1,,,
Blvrb,0,-0.180408,-0.479883,-0.431057,-0.773205,-0.43504,-0.321762,-0.389248,-0.274042,-0.390818,-0.773205,-1,,,
Hnrnpk,0,-0.394644,-0.462229,-0.458805,-0.4317,-0.610922,-0.63736,-0.672009,-0.773003,-0.712955,-0.773003,-1,,,
Psmd14,0,-0.365101,-0.143543,-0.184193,-0.341732,-0.69968,-0.609165,-0.676899,-0.771858,-0.739683,-0.771858,-1,,,
Pdia3,0,0.139391,0.283735,0.0389824,-0.0707588,-0.302412,-0.343168,-0.0551491,-0.470415,-0.771818,-0.771818,-1,,,
Gtpbp10,0,-0.541643,-0.771425,-0.463493,-0.629585,-0.2808,-0.433111,-0.180727,0.0639915,0.267036,-0.771425,-1,,,
Cwf19l1,0,-0.381096,-0.603437,-0.460045,-0.590862,-0.532391,-0.569397,-0.771078,-0.562582,-0.400591,-0.771078,-1,,,
Ube2g2,0,-0.0581188,-0.336012,-0.378811,-0.600147,-0.604658,-0.510595,-0.370417,-0.209196,-0.770956,-0.770956,-1,,,
Dpp9,0,-0.39476,-0.506315,-0.539745,-0.59885,-0.769415,-0.686876,-0.507963,-0.533573,-0.56707,-0.769415,-1,,,
Rbm33,0,-0.197378,-0.441755,-0.559557,-0.5187,0.20204,0.224184,-0.768921,-0.684578,0.299543,-0.768921,-1,,,
Usp4,0,-0.167696,-0.26639,-0.430387,-0.568686,-0.728296,-0.694216,-0.598125,-0.768887,-0.571011,-0.768887,-1,,,
Lypla2,0,-0.598618,-0.30739,-0.237322,-0.321413,-0.40501,-0.362885,-0.537363,-0.76655,-0.385294,-0.76655,-1,,,
Sms,0,-0.290436,-0.520979,-0.411991,-0.426329,-0.521221,-0.512177,-0.351858,-0.389566,-0.766142,-0.766142,-1,,,
Fam92a1,0,-0.571404,-0.598957,-0.457058,-0.523806,-0.404261,-0.73403,-0.60462,-0.765068,-0.59362,-0.765068,-1,,,
Lsm8,0,-0.498901,-0.616537,-0.402506,-0.639151,-0.410002,-0.755486,-0.64477,-0.764256,-0.483845,-0.764256,-1,,,
Ylpm1,0,-0.187574,-0.467472,-0.387173,-0.00568008,-0.586048,-0.585192,-0.763382,-0.712898,-0.721424,-0.763382,-1,,,
Lman1,0,0.36298,0.346977,0.322805,0.251398,0.0406399,-0.337185,-0.672796,-0.645182,-0.763302,-0.763302,-1,,,
Phf10,0,-0.387653,-0.262371,-0.325436,-0.40493,-0.462973,-0.642649,-0.752365,-0.762794,-0.61034,-0.762794,-1,,,
Thop1,0,-0.421568,-0.761438,-0.589756,-0.729107,-0.578186,-0.536083,-0.581619,-0.591776,-0.75597,-0.761438,-1,,,
Mydgf,0,0.407438,0.0665398,0.0344563,-0.308464,-0.330292,-0.38954,-0.409761,-0.48786,-0.760704,-0.760704,-1,,,
Rpusd3,0,-0.315063,-0.706541,-0.395112,-0.758426,-0.0403423,0.029686,0.297166,0.625777,0.560751,-0.758426,-1,,,
SEPTIN4,0,-0.166252,0.0714493,0.0707417,-0.169073,-0.140471,-0.608208,-0.651712,-0.758352,-0.533529,-0.758352,-1,,,
Copa,0,0.16539,-0.0348263,-0.087019,-0.158722,-0.360107,-0.366962,-0.504427,-0.561653,-0.758284,-0.758284,-1,,,
Rbm4;Rbm4b,0,-0.350143,-0.33741,-0.215088,-0.0426311,-0.514959,-0.668472,-0.56933,-0.757393,-0.591717,-0.757393,-1,,,
Cdkal1,0,0.0113506,-0.691183,-0.604094,-0.355698,-0.756136,-0.354633,-0.348913,-0.340424,-0.502182,-0.756136,-1,,,
Sparc,0,-0.0531626,0.69433,0.093977,0.435932,-0.0219917,0.227081,0.0233059,-0.176932,-0.755957,-0.755957,-1,,,
Glipr2,0,0.0602016,-0.520388,-0.755257,-0.61005,-0.327484,-0.516726,0.039732,-0.211319,-0.404236,-0.755257,-1,,,
Mta1,0,-0.408628,-0.755253,-0.75424,-0.632523,-0.629225,-0.596699,-0.383234,-0.409998,-0.74613,-0.755253,-1,,,
Bola1,0,0.687433,-0.623491,-0.711342,-0.668777,-0.750401,-0.755228,-0.700779,-0.174887,-0.466003,-0.755228,-1,,,
Inip,0,-0.754986,0.0451641,-0.104958,0.176998,-0.107506,-0.174507,-0.468872,-0.58634,-0.0942497,-0.754986,-1,,,
Ercc2,0,-0.322636,-0.662163,-0.645033,-0.69965,-0.601955,-0.563501,-0.731644,-0.754747,-0.461618,-0.754747,-1,,,
B4gat1,0,0.363365,-0.309538,-0.158012,-0.093895,-0.552483,-0.243567,-0.548126,-0.419163,-0.754688,-0.754688,-1,,,
Gdpd1,0,-0.0321751,-0.606722,-0.472408,-0.753727,-0.563789,-0.443594,-0.627684,-0.298454,-0.225304,-0.753727,-1,,,
Hsp90b1,0,0.197962,0.165079,0.034586,-0.138391,-0.402695,-0.273006,-0.271843,-0.479704,-0.753197,-0.753197,-1,,,
Rab8b,0,0.585114,-0.359373,-0.336231,-0.490236,-0.278425,-0.5128,-0.572855,-0.75263,-0.392811,-0.75263,-1,,,
Adam10,0,0.394518,0.0422325,-0.239359,-0.0109596,-0.0701675,-0.268679,-0.259048,-0.425207,-0.751614,-0.751614,-1,,,
Psip1,0,-0.256542,-0.569483,-0.629934,-0.751518,-0.434292,-0.621841,-0.446537,-0.472235,-0.344711,-0.751518,-1,,,
Coa6,0,-0.312777,-0.455952,-0.709812,-0.751497,-0.0548515,-0.00955868,0.0798397,0.286746,0.0904436,-0.751497,-1,,,
Asph,0,-0.215212,-0.233154,-0.32723,-0.276228,-0.264,-0.536777,-0.342995,-0.534706,-0.751461,-0.751461,-1,,,
Helb,0,0.260029,-0.257532,-0.226681,-0.588615,-0.481615,-0.725269,-0.707537,-0.750139,-0.536364,-0.750139,-1,,,
Sugp1,0,-0.442158,-0.709658,-0.749844,-0.639997,-0.699911,-0.727966,-0.635881,-0.656981,-0.434456,-0.749844,-1,,,
Spryd4,0,-0.1933,-0.749723,0.0692825,-0.208664,0.222105,-0.0339851,-0.210018,0.199341,0.27898,-0.749723,-1,,,
C7orf26,0,-0.247661,-0.169179,-0.339919,-0.384677,-0.364896,-0.749288,-0.652862,-0.70235,-0.742688,-0.749288,-1,,,
Eif2b2,0,0.536951,-0.352621,-0.617775,-0.631929,-0.749126,-0.715475,-0.57016,-0.679325,-0.572638,-0.749126,-1,,,
Psmd11,0,0.0861855,-0.20207,-0.428837,-0.419069,-0.677702,-0.564947,-0.562222,-0.625532,-0.748741,-0.748741,-1,,,
Ankle2,0,-0.293415,-0.509251,-0.672098,-0.487391,-0.631346,-0.72069,-0.690504,-0.748028,-0.442976,-0.748028,-1,,,
Mrpl10,0,-0.747868,-0.399954,-0.386082,-0.33061,-0.0609875,-0.34024,-0.124424,-0.211893,-0.184706,-0.747868,-1,,,
Ncdn,0,-0.493931,-0.256773,-0.263428,-0.255947,-0.708965,-0.400984,-0.548557,-0.600252,-0.747395,-0.747395,-1,,,
Vrk3,0,-0.000705719,-0.745865,-0.3639,-0.132483,-0.447226,-0.231988,-0.213076,0.118457,-0.37994,-0.745865,-1,,,
Cnot10,0,-0.344149,-0.394327,-0.502022,-0.613787,-0.670334,-0.619326,-0.745594,-0.712915,-0.627089,-0.745594,-1,,,
Specc1l,0,-0.744548,-0.448963,-0.517103,0.0691662,-0.0476685,-0.275787,-0.207397,-0.349821,0.0758362,-0.744548,-1,,,
Prkaa1,0,-0.0323982,-0.630766,-0.74416,-0.425444,-0.32407,-0.169479,-0.0994606,0.186207,-0.510824,-0.74416,-1,,,
Dpf3,0,-0.624258,-0.355503,-0.257896,-0.154114,-0.170767,0.0536442,-0.742754,-0.253244,-0.0543766,-0.742754,-1,,,
Tulp3,0,0.644239,-0.0956612,-0.250881,-0.3006,-0.555883,-0.303009,-0.406458,-0.28297,-0.740644,-0.740644,-1,,,
Cul4b,0,-0.353447,-0.471506,-0.589668,-0.635742,-0.631979,-0.618345,-0.716705,-0.739977,-0.661888,-0.739977,-1,,,
C1orf43,0,-0.0603476,0.66707,-0.138775,0.0339489,0.283877,0.247858,0.115494,-0.295441,-0.7391,-0.7391,-1,,,
Cby1,0,-0.164941,-0.0136337,0.339993,-0.00571823,0.149382,-0.11386,-0.739071,-0.663843,0.138111,-0.739071,-1,,,
Prkci,0,0.268332,0.0777063,-0.225588,-0.334633,-0.738356,-0.610939,-0.55495,-0.566753,-0.502745,-0.738356,-1,,,
Eml4,0,-0.104868,-0.120272,-0.109961,-0.220869,-0.471731,-0.46859,-0.149586,-0.737989,-0.39917,-0.737989,-1,,,
Ddx18,0,0.341408,-0.640482,-0.737899,-0.155328,-0.478975,-0.442945,-0.348292,-0.607166,-0.13109,-0.737899,-1,,,
Sync,0,0.207151,-0.19746,-0.443052,-0.218721,-0.103695,-0.639577,-0.71074,-0.516199,-0.73762,-0.73762,-1,,,
Cxxc1,0,-0.335372,-0.346057,-0.480908,-0.573249,-0.589527,-0.628345,-0.737478,-0.693615,-0.626593,-0.737478,-1,,,
Rnf213,0,0.0384426,-0.0587482,-0.201044,-0.354401,-0.557997,-0.655008,-0.683378,-0.73601,-0.724754,-0.73601,-1,,,
N6amt1,0,-0.594189,-0.266762,-0.259192,-0.328047,-0.557175,-0.735472,-0.388998,-0.681707,-0.541161,-0.735472,-1,,,
Rars,0,-0.312754,-0.266586,-0.391851,-0.501926,-0.719339,-0.583357,-0.648808,-0.735193,-0.653248,-0.735193,-1,,,
U2af1,0,-0.532572,-0.466387,-0.683878,-0.589518,-0.541767,-0.708704,-0.693851,-0.700735,-0.734858,-0.734858,-1,,,
Arpc2,0,0.0447006,-0.336834,-0.402143,-0.172657,-0.301847,-0.315556,-0.73451,-0.652985,-0.363115,-0.73451,-1,,,
Dnal1,0,-0.707551,-0.34277,-0.0856762,-0.091342,-0.242728,-0.718021,-0.487576,-0.734465,-0.162321,-0.734465,-1,,,
Shmt2,0,-0.169817,-0.296654,-0.265127,-0.223812,-0.10458,-0.533508,-0.733217,-0.412273,-0.0869255,-0.733217,-1,,,
Cfl2,0,-0.61216,-0.591579,-0.532843,-0.685579,-0.574093,-0.666868,-0.611834,-0.732737,-0.577526,-0.732737,-1,,,
Hdgfrp2,0,-0.239599,-0.519779,-0.510288,-0.730289,-0.639877,-0.73208,-0.620857,-0.594643,-0.673119,-0.73208,-1,,,
Heatr6,0,0.18548,-0.52495,-0.528398,-0.444742,-0.7319,-0.611749,-0.725652,-0.512237,-0.65205,-0.7319,-1,,,
C12orf66,0,-0.731553,-0.390674,-0.0485516,-0.180508,0.384462,-0.0479822,-0.0814648,-0.0962276,0.632628,-0.731553,-1,,,
Hars,0,-0.141529,-0.290771,-0.458067,-0.481258,-0.699074,-0.494604,-0.449858,-0.643343,-0.731363,-0.731363,-1,,,
Mark2,0,-0.444582,-0.402809,-0.444317,-0.350903,-0.577953,-0.36447,-0.730696,-0.521576,-0.44132,-0.730696,-1,,,
Slc35b2,0,0.0538731,-0.192709,-0.54195,-0.438223,-0.696911,-0.583313,-0.698067,-0.608133,-0.729349,-0.729349,-1,,,
Copb2,0,0.172636,-0.0257187,-0.0861721,-0.14348,-0.360346,-0.437162,-0.481771,-0.52693,-0.728846,-0.728846,-1,,,
Anp32e,0,-0.300848,-0.39542,-0.313007,-0.728542,-0.696619,-0.701332,-0.463255,-0.518147,-0.313656,-0.728542,-1,,,
Ddx6,0,-0.29343,-0.438442,-0.526077,-0.652145,-0.716986,-0.72757,-0.658564,-0.620707,-0.648907,-0.72757,-1,,,
Tmem185b;Tmem185a,0,-0.727036,-0.292488,-0.226216,-0.0462475,-0.097085,0.0775871,0.272512,0.0566311,-0.169404,-0.727036,-1,,,
Lrrc47,0,-0.0338688,-0.224854,-0.416265,-0.462812,-0.726446,-0.653364,-0.624216,-0.66872,-0.700211,-0.726446,-1,,,
Pxn,0,-0.321722,-0.346476,-0.355507,-0.474604,-0.357319,-0.629692,-0.652063,-0.723387,-0.726379,-0.726379,-1,,,
Msto1,0,0.0867825,0.0484962,-0.0866375,-0.231932,-0.592251,-0.398598,-0.322762,-0.455124,-0.726353,-0.726353,-1,,,
Khsrp,0,-0.232265,-0.414452,-0.457384,-0.590155,-0.511051,-0.528921,-0.550686,-0.664488,-0.726307,-0.726307,-1,,,
Nsfl1c,0,-0.0492573,-0.220217,-0.427973,-0.571014,-0.634672,-0.519545,-0.519192,-0.592331,-0.726238,-0.726238,-1,,,
Ahdc1,0,-0.395346,-0.201033,-0.484569,-0.566183,-0.0838099,-0.235261,-0.725503,-0.222111,-0.43191,-0.725503,-1,,,
Scoc,0,-0.725422,0.519709,0.208597,0.550917,0.0833797,-0.223911,-0.271292,-0.441504,-0.173931,-0.725422,-1,,,
Ccdc134,0,-0.350706,-0.213497,-0.194635,-0.418852,-0.163216,-0.530664,-0.554899,-0.724985,-0.499805,-0.724985,-1,,,
Gtf2a1,0,-0.193432,-0.458479,-0.39118,-0.687942,-0.438013,-0.402616,-0.724425,-0.652861,-0.418248,-0.724425,-1,,,
Pik3c2a,0,-0.0513973,-0.00541306,-0.0858459,-0.305536,-0.492588,-0.481543,-0.464994,-0.429619,-0.724083,-0.724083,-1,,,
Eefsec,0,-0.0894432,-0.723276,-0.474209,-0.424387,-0.581461,-0.189587,-0.39971,-0.59251,-0.0748711,-0.723276,-1,,,
Adat1,0,-0.425591,-0.532657,-0.621977,-0.39944,-0.259053,-0.475397,-0.390678,-0.722398,-0.444773,-0.722398,-1,,,
Dnajc25,0,-0.151148,-0.189005,-0.359629,-0.210531,-0.273621,-0.383539,-0.544909,-0.661297,-0.721941,-0.721941,-1,,,
Hist1h1d,0,-0.494951,-0.592596,-0.684525,-0.407164,-0.705137,-0.575598,-0.549864,-0.721823,-0.619623,-0.721823,-1,,,
Elavl1,0,-0.00624084,-0.342697,-0.310705,-0.144793,-0.491915,-0.466059,-0.412954,-0.634834,-0.721649,-0.721649,-1,,,
Pkn2,0,-0.0416622,-0.264652,-0.189854,-0.339052,-0.48181,-0.33317,-0.721504,-0.498999,-0.404385,-0.721504,-1,,,
Mrpl14,0,-0.721381,-0.165671,-0.467196,-0.571883,-0.140411,-0.192334,0.153854,-0.10312,-0.150014,-0.721381,-1,,,
Stxbp4,0,-0.386726,-0.105074,-0.199108,-0.18734,-0.222748,-0.437078,-0.295555,-0.588007,-0.721245,-0.721245,-1,,,
Cstf1,0,-0.40826,-0.199381,0.0470505,-0.00139999,-0.0675468,-0.122652,-0.721188,-0.415337,-0.248779,-0.721188,-1,,,
Osgep,0,-0.411755,-0.720589,-0.469297,-0.572012,-0.312357,-0.342798,-0.397573,-0.252028,-0.136585,-0.720589,-1,,,
Wdyhv1,0,-0.0610189,-0.72025,-0.488223,-0.4554,0.18908,0.217769,0.0816965,0.596271,0.610444,-0.72025,-1,,,
Kiaa0020,0,-0.530481,-0.544902,-0.518152,-0.674275,-0.442492,-0.593431,-0.702147,-0.72003,-0.374649,-0.72003,-1,,,
Creb1,0,-0.126125,-0.294596,-0.547083,-0.564962,-0.719248,-0.580793,-0.468103,-0.390129,-0.564852,-0.719248,-1,,,
Ctnnd1,0,-0.00908279,-0.0528145,-0.143002,-0.176825,-0.305096,-0.341106,-0.279434,-0.570026,-0.718275,-0.718275,-1,,,
Homer1,0,-0.118303,0.283817,0.0846977,0.180977,-0.533499,-0.323483,-0.267813,-0.563833,-0.717642,-0.717642,-1,,,
Ppt1,0,-0.115248,-0.717306,0.212601,-0.310127,0.0356083,-0.00259972,-0.0598068,0.252123,0.658648,-0.717306,-1,,,
Wdr41,0,-0.418963,-0.578609,-0.25601,-0.715564,-0.248483,-0.45694,-0.698701,-0.668853,-0.496495,-0.715564,-1,,,
Ripk1,0,-0.104034,0.251301,0.23105,0.0627403,-0.267183,-0.447479,-0.495699,-0.715553,-0.241985,-0.715553,-1,,,
Gphn,0,-0.14422,-0.333849,-0.502954,-0.496647,-0.630615,-0.482805,-0.479683,-0.492815,-0.715012,-0.715012,-1,,,
Ppfibp2,0,0.0412683,-0.313596,-0.0945253,-0.33758,0.552351,-0.375752,-0.264572,-0.714378,0.370696,-0.714378,-1,,,
Zhx3,0,-0.713102,-0.292149,-0.321945,-0.472244,-0.0758324,-0.289318,-0.291969,-0.540615,-0.64691,-0.713102,-1,,,
Ppp3ca,0,6.10E-05,-0.302008,-0.578936,-0.464239,-0.501198,-0.417831,-0.374788,-0.559238,-0.712612,-0.712612,-1,,,
Tceb3,0,0.369129,-0.253645,-0.477573,-0.523493,-0.467575,-0.583792,-0.71096,-0.626314,-0.708328,-0.71096,-1,,,
Kifap3,0,0.276537,0.210665,0.134436,-0.181103,-0.243631,-0.209734,-0.710484,-0.57114,-0.127844,-0.710484,-1,,,
Ralbp1,0,-0.707628,0.0524902,-0.0918121,-0.125809,-0.405054,-0.194998,-0.292833,0.0711689,-0.146452,-0.707628,-1,,,
Exosc1,0,-0.607178,-0.40937,-0.60988,-0.437794,-0.602919,-0.488003,-0.288643,-0.707451,-0.424437,-0.707451,-1,,,
Mif,0,-0.142105,-0.0852833,-0.0661316,0.0185471,-0.228264,-0.0622578,-0.70717,-0.030262,0.138914,-0.70717,-1,,,
Psma6,0,-0.0867138,-0.328856,-0.263538,-0.496254,-0.692234,-0.593603,-0.59281,-0.6038,-0.706905,-0.706905,-1,,,
Myo5a,0,-0.209129,-0.399059,-0.569675,-0.121658,-0.706667,-0.341824,-0.299717,-0.275698,-0.40642,-0.706667,-1,,,
Ccdc194,0,0.421127,0.443754,0.442415,-0.210569,-0.292963,-0.155682,-0.339872,-0.445011,-0.705824,-0.705824,-1,,,
Tp53rk,0,-0.250694,-0.705576,-0.420353,-0.557812,0.00690079,0.278387,0.10113,0.0910702,0.355371,-0.705576,-1,,,
Tsn,0,-0.394871,-0.452719,-0.516809,-0.531355,-0.588478,-0.664827,-0.70528,-0.424107,-0.308027,-0.70528,-1,,,
C1orf21,0,-0.619659,-0.221455,0.0110416,-0.204746,-0.163223,-0.511885,-0.546366,-0.705076,-0.607897,-0.705076,-1,,,
Gigyf1,0,-0.569344,-0.532185,-0.467713,-0.705037,0.257911,0.223835,0.303492,0.325694,0.432654,-0.705037,-1,,,
Mgat2,0,-0.0605717,-0.027338,-0.440416,-0.197325,-0.560978,-0.508415,-0.703609,-0.649303,-0.679083,-0.703609,-1,,,
Abr,0,-0.388763,-0.703127,-0.671124,-0.651426,-0.509951,-0.623369,-0.54285,-0.701902,-0.322857,-0.703127,-1,,,
Mylk,0,-0.255199,-0.209974,-0.427832,-0.380899,-0.49107,-0.501854,-0.508612,-0.388474,-0.702503,-0.702503,-1,,,
Ppa1,0,0.0857277,-0.421064,-0.523661,-0.52216,-0.702194,-0.505152,-0.490074,-0.387239,-0.646627,-0.702194,-1,,,
Dcaf8,0,0.0521927,-0.245087,-0.031435,-0.410543,-0.338499,-0.447092,-0.63213,-0.690155,-0.699883,-0.699883,-1,,,
Meis2;Meis1;Meis3,0,-0.144835,-0.115522,-0.069479,-0.21595,0.122976,-0.510839,-0.629969,-0.699795,-0.0109692,-0.699795,-1,,,
Clcc1,0,-0.325148,-0.469509,-0.640419,-0.699522,-0.460436,-0.324829,-0.246159,-0.206928,-0.213894,-0.699522,-1,,,
Golim4,0,0.245054,0.403585,0.0638008,0.286198,-0.211466,-0.186459,-0.0850163,-0.311462,-0.699516,-0.699516,-1,,,
Myg1,0,-0.283775,-0.313141,-0.299398,-0.699335,-0.434759,-0.640608,-0.65535,-0.638557,-0.662249,-0.699335,-1,,,
Lsm2,0,-0.524828,-0.390551,-0.0155716,-0.295475,-0.246815,-0.376484,-0.655537,-0.698166,-0.398094,-0.698166,-1,,,
Fnbp1,0,-0.552721,-0.697969,-0.489002,-0.560421,-0.456263,-0.404871,-0.518375,-0.649906,-0.529123,-0.697969,-1,,,
Gtf3c1,0,-0.697292,-0.520319,-0.433321,-0.446453,-0.458055,-0.542887,-0.392878,-0.542738,-0.360098,-0.697292,-1,,,
Derl1,0,0.220922,-0.0843639,-0.696443,-0.165116,-0.165197,-0.0368109,-0.627753,-0.646965,-0.655644,-0.696443,-1,,,
Oxr1,0,-0.206329,-0.614397,-0.491989,-0.50386,-0.616644,-0.461056,-0.48843,-0.253036,-0.696407,-0.696407,-1,,,
Lsm14a,0,-0.162018,-0.144999,-0.303661,-0.528084,-0.627289,-0.561035,-0.373775,-0.386868,-0.69619,-0.69619,-1,,,
Commd10,0,-0.696089,-0.235056,-0.164165,0.0116367,0.149191,0.289137,0.429306,0.436348,0.449116,-0.696089,-1,,,
Mms19,0,-0.153852,-0.246092,-0.425474,-0.450001,-0.50746,-0.483847,-0.695021,-0.569279,-0.420038,-0.695021,-1,,,
Eprs,0,-0.0720577,-0.311672,-0.476774,-0.504133,-0.669973,-0.62538,-0.543938,-0.607412,-0.692562,-0.692562,-1,,,
Syap1,0,0.242197,0.217495,-0.0481682,-0.186663,-0.437212,-0.318562,-0.306643,-0.356846,-0.691763,-0.691763,-1,,,
Cnot11,0,-0.189669,-0.331345,-0.453796,-0.690001,-0.572666,-0.601254,-0.520626,-0.603086,-0.469545,-0.690001,-1,,,
Tecr,0,0.052515,-0.117336,-0.208805,-0.505487,-0.684933,-0.536514,-0.506718,-0.577507,-0.689871,-0.689871,-1,,,
Tubb4b,0,-0.185524,0.156456,-0.0305233,-0.123137,-0.529285,-0.47221,-0.606655,-0.688339,-0.664602,-0.688339,-1,,,
Cope,0,0.39175,0.156151,0.0522919,-0.0181332,-0.302626,-0.392534,-0.354107,-0.411825,-0.687775,-0.687775,-1,,,
Matr3,0,-0.280949,-0.687532,-0.483181,0.14481,-0.386595,-0.355886,-0.356302,-0.422337,-0.401045,-0.687532,-1,,,
Ptbp2,0,-0.0214863,-0.687445,-0.652651,-0.115194,-0.0362968,0.305843,0.512159,0.512201,0.576485,-0.687445,-1,,,
Hspb11,0,0.322491,-0.212118,-0.0656919,-0.687333,-0.118444,-0.276567,-0.323837,-0.336346,-0.342886,-0.687333,-1,,,
Tln1,0,0.0337143,-0.000242233,-0.138025,-0.393501,-0.505352,-0.534966,-0.601118,-0.683256,-0.687311,-0.687311,-1,,,
Actc1;Actg2;Acta1;Acta2,0,0.109043,-0.554447,-0.475466,-0.687172,-0.547497,-0.479021,-0.273817,-0.21674,-0.635633,-0.687172,-1,,,
Manbal,0,-0.169334,-0.203426,-0.319605,-0.686758,0.120996,0.0811319,0.295025,0.173386,0.177576,-0.686758,-1,,,
Tmem251,0,-0.266523,-0.331329,-0.68638,-0.167177,-0.485739,-0.322069,-0.301376,-0.422522,-0.298767,-0.68638,-1,,,
Bre,0,-0.125498,-0.299879,-0.420069,-0.390224,-0.450235,-0.407291,-0.686295,-0.531126,-0.320528,-0.686295,-1,,,
Drap1,0,-0.490595,-0.260065,-0.315981,-0.478771,-0.521126,-0.549297,-0.567623,-0.685635,-0.546541,-0.685635,-1,,,
Kcmf1,0,-0.209656,-0.0353603,-0.130789,0.0779419,-0.647314,-0.685438,-0.660669,-0.64002,-0.444654,-0.685438,-1,,,
Wfs1,0,0.311733,-0.342684,-0.653074,-0.685209,-0.265831,-0.257538,-0.0460854,0.234856,0.150379,-0.685209,-1,,,
Vav3,0,-0.541317,-0.684498,-0.469711,-0.443871,-0.590004,-0.315485,-0.253809,-0.149975,-0.241747,-0.684498,-1,,,
Dhrs13,0,-0.0762749,-0.54673,-0.446898,-0.440538,-0.684147,-0.328623,-0.0943966,-0.20895,-0.253559,-0.684147,-1,,,
Pogz,0,-0.145973,-0.234903,-0.0315075,-0.360045,-0.0920534,-0.522774,-0.249505,-0.390301,-0.684077,-0.684077,-1,,,
Dync1li2,0,0.037447,0.120771,0.068222,-0.174238,-0.289114,-0.325689,-0.191004,-0.317255,-0.684052,-0.684052,-1,,,
Aspscr1,0,-0.329456,-0.178867,-0.293322,-0.53973,-0.681969,-0.563366,-0.588511,-0.680838,-0.581762,-0.681969,-1,,,
Glg1,0,0.0905972,-0.100702,-0.200523,-0.244881,-0.535524,-0.443205,-0.681959,-0.626335,-0.616898,-0.681959,-1,,,
Ccdc6,0,-0.17347,-0.225248,-0.26153,-0.49612,-0.627394,-0.456497,-0.36874,-0.680691,-0.590612,-0.680691,-1,,,
Mrpl19,0,-0.256184,-0.679935,-0.470201,-0.531683,-0.19833,-0.265142,-0.462723,-0.170912,-0.108624,-0.679935,-1,,,
Pgls,0,-0.2869,-0.270588,-0.265324,-0.338223,-0.562929,-0.448383,-0.522734,-0.554419,-0.679558,-0.679558,-1,,,
Polg,0,-0.679502,-0.184472,-0.415177,-0.105063,-0.18954,-0.513187,-0.105704,0.128331,0.231996,-0.679502,-1,,,
Cdc26,0,-0.213507,0.124781,0.103491,-0.369785,-0.102568,-0.0679836,0.0678978,-0.232443,-0.679491,-0.679491,-1,,,
Gpkow,0,0.222702,-0.536772,-0.571207,-0.627073,-0.600285,-0.560463,-0.503517,-0.3207,-0.679384,-0.679384,-1,,,
Fam192a,0,-0.51499,-0.559069,-0.475435,-0.678558,-0.45816,-0.488607,-0.409267,-0.437311,-0.510374,-0.678558,-1,,,
Nedd4l,0,-0.444292,-0.0765381,-0.22171,-0.284159,-0.298653,-0.46595,-0.677631,-0.583139,-0.417387,-0.677631,-1,,,
Pip5k1c,0,-0.516241,-0.432735,-0.578279,-0.504492,-0.490891,-0.677244,-0.418343,-0.647858,-0.400051,-0.677244,-1,,,
C1qbp,0,-0.677145,-0.217236,-0.119905,-0.0121498,0.514896,0.223671,0.607113,0.599394,0.670012,-0.677145,-1,,,
Hyal2,0,0.0398293,0.387781,0.215171,0.416879,0.0351868,-0.185124,-0.161016,-0.33105,-0.676534,-0.676534,-1,,,
Mia3,0,0.165882,-0.0134583,-0.268465,-0.283695,-0.365042,-0.39883,-0.269129,-0.38006,-0.676426,-0.676426,-1,,,
Ddx3x;D1Pas1,0,-0.276415,-0.00427246,-0.28042,-0.124746,-0.541752,-0.598948,-0.45895,-0.674994,-0.619843,-0.674994,-1,,,
Mocs3,0,0.0191059,-0.108934,-0.351999,-0.297199,-0.598696,-0.436926,-0.313572,-0.431168,-0.674353,-0.674353,-1,,,
Arl1,0,-0.0340137,0.0332108,-0.019022,-0.0981045,-0.3109,-0.37151,-0.541111,-0.674116,-0.412693,-0.674116,-1,,,
Timm22,0,0.329844,-0.605928,-0.674112,-0.0828857,0.197136,-0.0257931,0.17528,0.563128,0.232691,-0.674112,-1,,,
Dusp3,0,-0.67392,0.192377,0.18919,0.265261,0.249466,-0.0241547,0.0768528,0.112999,-0.121578,-0.67392,-1,,,
Evc,0,-0.673393,-0.205318,-0.358355,-0.0928993,-0.0930386,0.0206165,0.255457,-0.00324821,0.372721,-0.673393,-1,,,
Dtd2,0,0.560417,-0.402012,-0.476471,-0.489574,-0.414234,-0.541054,-0.321522,-0.201145,-0.673368,-0.673368,-1,,,
Necap2,0,0.0927944,-0.0646591,-0.174833,-0.125402,-0.190298,-0.258936,-0.673357,-0.427534,-0.494038,-0.673357,-1,,,
Fxr1,0,-0.0996075,-0.382725,-0.511442,-0.525431,-0.587709,-0.559687,-0.511324,-0.459831,-0.672325,-0.672325,-1,,,
Actb;Actg1,0,-0.211124,-0.373142,-0.490419,-0.523844,-0.664942,-0.552797,-0.427845,-0.632185,-0.671452,-0.671452,-1,,,
Arid1a,0,0.16011,-0.204979,-0.44346,-0.380302,-0.611525,-0.600576,-0.529764,-0.50559,-0.67074,-0.67074,-1,,,
Nutf2,0,-0.105701,-0.394846,-0.207266,-0.495813,-0.517153,-0.446611,-0.527061,-0.453222,-0.670624,-0.670624,-1,,,
Arhgef7,0,-0.109871,-0.325459,-0.504765,-0.394342,-0.669918,-0.467257,-0.435919,-0.411701,-0.626156,-0.669918,-1,,,
Nmt2,0,-0.132484,-0.287956,-0.315577,-0.435207,-0.419487,-0.427963,-0.569321,-0.557026,-0.66971,-0.66971,-1,,,
Isoc1,0,-0.298418,-0.669434,-0.599068,-0.471653,-0.411631,-0.23279,-0.081604,0.115755,0.135307,-0.669434,-1,,,
Dnttip1,0,0.481435,-0.0931711,-0.577957,-0.195939,-0.669074,-0.571959,-0.168005,-0.460692,-0.1644,-0.669074,-1,,,
Sox2;Sox21;Sox1,0,-0.195705,-0.0714245,-0.212709,-0.514183,-0.064909,-0.43984,-0.597054,-0.667377,-0.295389,-0.667377,-1,,,
Supt7l,0,-0.42477,-0.120529,-0.0398731,-0.319912,0.0124149,-0.217421,0.0995483,-0.338663,-0.667043,-0.667043,-1,,,
Dapk3,0,-0.321441,-0.076046,-0.43508,-0.0684681,-0.666228,-0.485178,-0.225744,-0.419396,-0.614,-0.666228,-1,,,
Rere,0,-0.536638,-0.38489,-0.436691,-0.502773,-0.363949,-0.348774,-0.452166,-0.21439,-0.665531,-0.665531,-1,,,
Pspc1,0,-0.182938,-0.52664,-0.38126,-0.368742,-0.343773,-0.456202,-0.535419,-0.663622,-0.60531,-0.663622,-1,,,
Mrpl3,0,-0.110302,-0.66309,-0.506104,-0.317677,-0.178577,-0.381052,-0.660576,-0.237473,0.0224361,-0.66309,-1,,,
Raf1;Braf,0,-0.0348492,-0.188517,-0.282385,-0.278706,-0.66272,-0.437315,-0.519375,-0.497498,-0.608456,-0.66272,-1,,,
Armc5,0,-0.331531,-0.19305,-0.227923,-0.240091,-0.188322,-0.647058,-0.421107,-0.66229,-0.360852,-0.66229,-1,,,
Sgta,0,-0.0481911,-0.0510483,-0.255484,-0.292747,-0.590332,-0.463182,-0.4389,-0.421595,-0.657175,-0.657175,-1,,,
Pusl1,0,-0.655743,-0.612992,-0.45008,-0.302356,-0.101264,-0.331271,0.0299501,-0.0463324,0.216805,-0.655743,-1,,,
Arfrp1,0,0.158312,-0.432285,-0.416985,-0.655409,-0.332136,-0.248074,-0.450397,-0.109079,-0.267078,-0.655409,-1,,,
Brap,0,0.318059,0.0162573,-0.382239,-0.655032,-0.549236,-0.565924,-0.600929,-0.177569,-0.607241,-0.655032,-1,,,
Blmh,0,-0.0885239,-0.136957,-0.293341,-0.430326,-0.619385,-0.553211,-0.570728,-0.654968,-0.340994,-0.654968,-1,,,
Alkbh5,0,-0.343887,-0.351406,-0.347589,-0.490105,-0.501465,-0.281199,-0.654627,-0.353558,-0.610828,-0.654627,-1,,,
Fastkd2,0,0.0775547,-0.654615,-0.291395,-0.37274,-0.157183,-0.140434,-0.329821,0.0917912,0.153248,-0.654615,-1,,,
Rab3gap2,0,-0.0572948,-0.155266,-0.429472,-0.435802,-0.653639,-0.472221,-0.490816,-0.470478,-0.419085,-0.653639,-1,,,
Galnt1,0,0.472679,0.463642,0.197811,0.193682,-0.124659,-0.230585,-0.300497,-0.161438,-0.653353,-0.653353,-1,,,
Gtf2h5,0,-0.126919,-0.65332,-0.638865,-0.459608,-0.184395,-0.263437,-0.22295,0.434729,0.149857,-0.65332,-1,,,
Uprt,0,-0.212112,-0.567339,-0.653238,-0.410244,-0.240591,-0.00031662,0.11742,0.292055,0.00832367,-0.653238,-1,,,
Lsm12,0,0.125374,-0.182768,-0.405611,-0.393608,-0.652388,-0.547628,-0.498915,-0.570198,-0.648703,-0.652388,-1,,,
Rbm14,0,-0.306383,-0.17601,-0.0139332,0.197529,-0.221769,-0.194796,-0.534262,-0.651802,-0.00115776,-0.651802,-1,,,
Nav3,0,-0.301374,-0.275059,-0.490181,-0.231445,-0.650059,-0.460966,-0.138344,-0.497404,-0.579897,-0.650059,-1,,,
Mfn1,0,-0.648815,-0.433313,-0.131113,-0.216459,-0.0627422,-0.312449,-0.422937,-0.433094,-0.259958,-0.648815,-1,,,
Adrbk1,0,0.220543,0.153877,-0.199354,-0.00867081,-0.648712,-0.252808,0.00887108,-0.171364,-0.627239,-0.648712,-1,,,
Cand2,0,0.445614,-0.00863266,-0.0590858,-0.287821,-0.425772,-0.437878,-0.430367,-0.290207,-0.64867,-0.64867,-1,,,
Pfdn1,0,-0.0630932,-0.112547,-0.259964,-0.32765,-0.648594,-0.381649,-0.250301,-0.368164,-0.606945,-0.648594,-1,,,
Rwdd1,0,0.050766,-0.0925293,-0.171711,-0.249401,-0.47798,-0.413061,-0.217999,-0.372053,-0.64835,-0.64835,-1,,,
Rnmt,0,-0.258108,-0.51502,-0.41011,-0.598625,-0.464985,-0.569487,-0.647606,-0.620821,-0.640305,-0.647606,-1,,,
D17h6s53e,0,0.0969772,-0.415955,-0.647074,-0.572468,-0.341473,-0.398802,-0.254135,0.0163307,-0.251406,-0.647074,-1,,,
Tmem2,0,0.0272884,0.266447,0.162727,0.0383587,-0.0495605,-0.251413,-0.399208,-0.64645,-0.464563,-0.64645,-1,,,
Efhd1;Efhd2,0,-0.0380783,0.222233,0.5574,0.0228376,0.545918,0.162554,-0.457799,-0.646141,0.619321,-0.646141,-1,,,
Csnk2a2,0,-0.225992,-0.158354,-0.256039,-0.367369,-0.516068,-0.482811,-0.411093,-0.646086,-0.629427,-0.646086,-1,,,
Nucks1,0,-0.257725,-0.551556,-0.375471,-0.645704,-0.331238,-0.281355,-0.353237,-0.283678,-0.41003,-0.645704,-1,,,
Txndc15,0,0.0603561,-0.0660915,-0.48637,-0.179502,-0.606686,-0.43968,-0.497322,-0.550529,-0.645618,-0.645618,-1,,,
Strn3,0,0.27021,-0.156858,-0.440178,-0.404781,-0.613115,-0.526363,-0.481346,-0.505964,-0.645493,-0.645493,-1,,,
Ube3b,0,0.220772,-0.644272,-0.569942,-0.560064,-0.290247,-0.00671005,-0.362497,-0.00285721,-0.463654,-0.644272,-1,,,
Alg5,0,0.0768166,-0.176636,-0.212414,-0.293228,-0.250437,-0.169317,-0.185436,-0.163227,-0.64402,-0.64402,-1,,,
Ube2o,0,0.00988579,-0.0601006,-0.225113,-0.026083,-0.400059,-0.1047,-0.00434875,-0.0522442,-0.643023,-0.643023,-1,,,
Nrbp1,0,-0.0641708,-0.244267,-0.492426,-0.546885,-0.612793,-0.412766,-0.494928,-0.642792,-0.614952,-0.642792,-1,,,
Actn4,0,0.0180359,-0.136686,-0.450857,-0.18857,-0.376209,-0.541227,-0.533047,-0.642561,-0.473026,-0.642561,-1,,,
Thrap3,0,-0.486702,-0.160063,0.0964584,0.540863,-0.234039,-0.362221,-0.641554,-0.627916,-0.290623,-0.641554,-1,,,
Pet117,0,-0.483679,-0.340712,-0.197115,-0.244387,-0.242174,-0.641531,-0.281954,-0.0542164,-0.255172,-0.641531,-1,,,
Ndufaf2,0,-0.436657,-0.641331,-0.429731,-0.309734,0.165619,0.0528889,0.202032,0.435749,0.453457,-0.641331,-1,,,
Yars2,0,-0.463835,-0.551596,-0.603136,-0.638836,-0.423943,-0.488394,-0.37005,-0.0492802,0.0347996,-0.638836,-1,,,
Hnrnpll,0,-0.105696,-0.33375,-0.264187,-0.4,-0.396645,-0.359053,-0.556314,-0.514435,-0.638268,-0.638268,-1,,,
Arhgap17,0,-0.417418,-0.38028,-0.638119,-0.515535,-0.466881,-0.449865,-0.379202,-0.365162,-0.631155,-0.638119,-1,,,
Irf3,0,-0.101215,-0.497486,-0.636421,-0.511709,-0.524405,-0.558687,-0.596148,-0.540642,-0.526161,-0.636421,-1,,,
Xpo1,0,-0.302746,-0.461756,-0.421709,-0.481768,-0.506483,-0.549654,-0.443321,-0.635914,-0.510815,-0.635914,-1,,,
Gabarapl2,0,0.498301,-0.316601,-0.581562,-0.634832,-0.367369,-0.253143,-0.083334,-0.0550346,-0.253902,-0.634832,-1,,,
Psmc6,0,-0.0941086,-0.0388527,-0.133963,-0.163078,-0.527796,-0.3894,-0.58025,-0.634815,-0.543091,-0.634815,-1,,,
Ppp3r1,0,-0.134701,-0.3501,-0.523073,-0.63312,-0.593521,-0.500069,-0.326813,-0.160069,-0.423285,-0.63312,-1,,,
Elmo1,0,0.1777,-0.219025,-0.236855,0.378122,-0.632488,-0.336048,-0.605639,-0.19322,-0.151073,-0.632488,-1,,,
Nub1,0,0.0728397,-0.229252,-0.243042,-0.631929,-0.152126,-0.401585,-0.505396,-0.362255,-0.420294,-0.631929,-1,,,
Cnpy3,0,0.338566,-0.229706,-0.290537,-0.368824,-0.45929,-0.545795,-0.502434,-0.552011,-0.631208,-0.631208,-1,,,
Usp24,0,-0.22138,-0.298443,-0.609875,-0.578524,-0.585983,-0.557711,-0.630943,-0.572374,-0.294899,-0.630943,-1,,,
Fads2,0,0.219797,-0.00922775,-0.24452,-0.234983,-0.347862,-0.335621,-0.31871,-0.630316,-0.558855,-0.630316,-1,,,
Myo1e,0,0.271969,-0.428093,-0.0152264,-0.341549,-0.260195,-0.500427,-0.629547,-0.324436,-0.468491,-0.629547,-1,,,
Isg20l2,0,-0.51357,-0.225945,0.0998087,-0.287652,-0.20654,-0.629151,-0.345177,-0.402626,-0.523659,-0.629151,-1,,,
Fam3a,0,0.582676,0.17473,-0.000741959,0.183548,-0.16926,-0.0626049,0.0289001,0.31259,-0.629049,-0.629049,-1,,,
Galnt2,0,-0.16288,0.109287,-0.251295,-0.0475788,-0.406441,-0.247746,-0.0325356,-0.341276,-0.62882,-0.62882,-1,,,
Srsf4,0,-0.628757,-0.482042,-0.0991535,0.245541,0.151495,0.23468,0.205004,0.0482273,0.104374,-0.628757,-1,,,
Ppp1r7,0,-0.195055,-0.411448,-0.456211,-0.612261,-0.626448,-0.55529,-0.608707,-0.557482,-0.595081,-0.626448,-1,,,
Coq7,0,-0.625637,-0.521296,-0.0533066,0.233089,0.198254,0.203485,0.251862,0.259951,0.580694,-0.625637,-1,,,
Nudt16l1,0,-0.0905685,-0.624668,-0.41357,-0.424368,-0.199747,-0.396587,-0.536278,-0.513483,-0.440538,-0.624668,-1,,,
Ppp1r12a,0,0.1458,0.201393,-0.17,-0.308359,-0.624563,-0.402916,-0.28862,-0.486309,-0.474377,-0.624563,-1,,,
Ttyh3,0,0.577652,-0.0594749,-0.353792,-0.300573,-0.502352,-0.624065,-0.465467,-0.49428,-0.284365,-0.624065,-1,,,
Trove2,0,-0.187197,-0.316023,-0.461554,-0.557934,-0.623842,-0.358391,-0.133295,-0.212881,-0.273369,-0.623842,-1,,,
Sltm,0,-0.116193,-0.0778675,-0.1664,-0.160936,-0.157052,-0.549321,-0.623415,-0.521158,-0.606865,-0.623415,-1,,,
Mea1,0,0.0560513,-0.373211,-0.505249,-0.616982,-0.544069,-0.283424,-0.421703,-0.391996,-0.622568,-0.622568,-1,,,
Dync1li1,0,0.0157871,0.0161572,-0.324951,-0.424517,-0.617023,-0.525499,-0.530521,-0.361744,-0.621735,-0.621735,-1,,,
Fus,0,-0.131069,-0.370611,-0.535013,-0.621588,-0.462076,-0.606546,-0.197657,-0.496065,-0.414736,-0.621588,-1,,,
Strn,0,0.444134,0.117807,-0.154451,-0.307917,-0.382788,-0.400736,-0.281908,-0.175606,-0.621405,-0.621405,-1,,,
Fam65a,0,0.188828,0.335685,0.200044,-0.102237,-0.0679445,-0.251506,-0.518529,-0.620962,-0.163711,-0.620962,-1,,,
Toe1,0,-0.606848,-0.226099,0.0234127,-0.291561,-0.0749474,-0.0444622,-0.556402,-0.62005,-0.308445,-0.62005,-1,,,
Pkm,0,-0.278193,-0.610203,-0.619917,-0.603733,-0.596865,-0.205278,-0.0620728,-0.125797,-0.463877,-0.619917,-1,,,
Lmf2,0,-0.619705,0.220053,0.250706,0.133961,0.321447,0.362482,0.308432,0.123495,0.22316,-0.619705,-1,,,
Ube2b,0,-0.0337315,0.288496,-0.180325,-0.244371,-0.617931,-0.452747,-0.393492,-0.61937,-0.526917,-0.61937,-1,,,
Ube2g1,0,-0.317715,-0.260664,-0.312798,-0.347157,-0.471254,-0.469721,-0.386665,-0.619087,-0.383299,-0.619087,-1,,,
Mrpl45,0,-0.468857,-0.508469,-0.39183,-0.372543,-0.11174,-0.379295,-0.618956,-0.250156,0.217615,-0.618956,-1,,,
Arih1,0,-0.33445,-0.0368652,-0.193737,-0.242641,-0.618229,-0.459898,-0.329826,-0.461163,-0.532789,-0.618229,-1,,,
Bet1l,0,0.377132,0.554276,0.0572119,0.121663,-0.138699,-0.0297537,-0.317007,-0.422619,-0.617954,-0.617954,-1,,,
Wipf1,0,-0.134384,-0.159477,-0.466818,-0.312695,-0.492222,-0.448469,0.0976639,0.0118332,-0.617443,-0.617443,-1,,,
Pigu,0,-0.322098,-0.48365,-0.545824,-0.399763,-0.616753,-0.517073,-0.60779,-0.430777,-0.470951,-0.616753,-1,,,
Ibtk,0,0.0782871,0.0219994,-0.32127,-0.0300522,-0.616747,-0.359573,-0.220333,-0.354734,-0.556154,-0.616747,-1,,,
Arhgap39,0,-0.00820351,-0.581028,-0.616218,-0.404723,-0.485357,-0.412354,-0.331084,-0.346244,-0.432036,-0.616218,-1,,,
Agfg1,0,0.118597,-0.069643,-0.191299,-0.0822334,-0.204992,-0.408966,-0.31901,-0.414526,-0.615566,-0.615566,-1,,,
Fam193a,0,-0.0970383,-0.129885,-0.490503,-0.370678,-0.615282,-0.584675,-0.576986,-0.506359,-0.505796,-0.615282,-1,,,
Rab29,0,-0.615068,0.289654,-0.110271,0.562564,0.415536,0.35293,0.271421,0.494714,-0.431362,-0.615068,-1,,,
Yars,0,-0.106422,-0.271072,-0.478456,-0.458889,-0.614864,-0.332045,-0.210932,-0.176334,-0.151171,-0.614864,-1,,,
Sars2,0,-0.333643,-0.122845,-0.179796,-0.141228,-0.0528221,-0.486057,-0.61458,-0.440683,-0.354324,-0.61458,-1,,,
Ccs,0,-0.19939,0.20126,-0.0344524,-0.0926132,-0.56353,-0.368013,-0.471283,-0.540144,-0.613787,-0.613787,-1,,,
Nfrkb,0,-0.353903,-0.289904,-0.505677,-0.249571,-0.535754,-0.541278,-0.396566,-0.61253,-0.416807,-0.61253,-1,,,
Nt5c,0,-0.408342,0.0618801,-0.0592194,-0.0574722,-0.353567,-0.513037,-0.505878,-0.612207,-0.400337,-0.612207,-1,,,
Dync1i2,0,0.151384,-0.0697803,-0.154749,-0.440472,-0.520418,-0.435957,-0.423101,-0.30831,-0.612049,-0.612049,-1,,,
Psmb1,0,0.151455,-0.0044651,-0.13731,-0.25621,-0.415512,-0.491299,-0.611818,-0.561232,-0.601515,-0.611818,-1,,,
Ciao1,0,0.349782,0.104354,0.0356474,-0.171925,-0.25963,-0.392029,-0.611153,-0.0764427,-0.596056,-0.611153,-1,,,
Exoc3,0,-0.165695,-0.351124,-0.394405,-0.5005,-0.528,-0.573038,-0.434752,-0.611059,-0.597599,-0.611059,-1,,,
Gba2,0,-0.0152187,-0.329845,-0.610685,-0.483912,-0.409395,-0.570601,-0.337076,-0.0882072,-0.172726,-0.610685,-1,,,
Trip4,0,0.0202694,0.436062,-0.0925579,-0.00511646,-0.388097,-0.238879,-0.370002,-0.610606,-0.541123,-0.610606,-1,,,
Naa35,0,-0.120943,-0.142023,-0.28261,-0.186115,-0.557383,-0.426138,-0.370714,-0.519827,-0.607809,-0.607809,-1,,,
Pard3,0,-0.394318,-0.456892,-0.463072,-0.566751,-0.546043,-0.553444,-0.557848,-0.606884,-0.557795,-0.606884,-1,,,
Wars,0,-0.0362587,-0.368742,-0.452076,-0.536179,-0.577536,-0.429745,-0.437569,-0.425467,-0.60626,-0.60626,-1,,,
Reps1,0,-0.0342274,-0.0289631,-0.233126,-0.285187,-0.474426,-0.24325,-0.0530453,-0.204716,-0.604839,-0.604839,-1,,,
Dnajc17,0,-0.565752,0.182656,-0.0859814,-0.255562,-0.0535612,-0.148545,-0.604757,-0.566073,-0.114954,-0.604757,-1,,,
Dus3l,0,-0.242462,-0.129204,-0.205206,-0.140366,-0.192814,-0.217857,-0.604389,-0.366987,0.0607777,-0.604389,-1,,,
Znf598,0,-0.394436,-0.432947,-0.554789,-0.424988,-0.60413,-0.454714,-0.415854,-0.559734,-0.504555,-0.60413,-1,,,
Ipo13,0,-0.158794,0.00745392,0.0127335,-0.0530128,-0.198021,-0.24634,-0.224976,-0.411947,-0.60309,-0.60309,-1,,,
Inppl1,0,-0.281752,-0.173172,-0.263494,-0.317011,-0.530319,-0.52297,-0.41814,-0.546101,-0.602776,-0.602776,-1,,,
Ap4m1,0,-0.209224,-0.161761,-0.115726,-0.0304308,-0.102239,-0.0388918,-0.174153,-0.129046,-0.602597,-0.602597,-1,,,
Snx8,0,-0.593445,-0.602215,-0.229982,-0.539282,0.240168,-0.229069,-0.0212193,0.310234,0.157301,-0.602215,-1,,,
Pdpk1,0,-0.0584774,-0.25205,-0.360018,-0.42569,-0.601948,-0.505957,-0.368345,-0.418673,-0.370251,-0.601948,-1,,,
Snx33,0,-0.601765,-0.199001,0.101032,0.0373878,-0.0743332,-0.291317,-0.273401,-0.290251,-0.103491,-0.601765,-1,,,
Strn4,0,0.0593929,-0.103876,-0.324627,-0.361317,-0.600901,-0.274185,-0.298935,-0.335051,-0.496792,-0.600901,-1,,,
Upf1,0,-0.0874081,-0.403927,-0.43528,-0.361477,-0.599602,-0.404968,-0.418234,-0.413721,-0.582611,-0.599602,-1,,,
Dennd4c,0,-0.30451,-0.491951,-0.598957,-0.541481,-0.498983,-0.417747,-0.27422,-0.111843,-0.585789,-0.598957,-1,,,
Rpp38,0,-0.261992,-0.460963,-0.59891,-0.527533,-0.232849,-0.409238,-0.416859,-0.569075,-0.371474,-0.59891,-1,,,
Kif3b,0,-0.0802555,-0.0278931,-0.0493927,-0.384352,-0.210543,-0.451103,-0.598757,-0.586416,-0.519127,-0.598757,-1,,,
Mrps25,0,-0.597097,-0.592577,-0.254818,-0.29146,-0.0800381,-0.215204,-0.107527,0.0438881,0.512177,-0.597097,-1,,,
Trmt10c,0,-0.475172,-0.473988,-0.596653,-0.536314,-0.257906,-0.232693,-0.170074,0.141975,0.0922318,-0.596653,-1,,,
Nln,0,-0.547565,-0.596254,-0.41675,-0.340433,0.108112,-0.0619831,0.0271854,0.0814018,0.300142,-0.596254,-1,,,
Coil,0,0.171088,0.407096,-0.386346,-0.123607,-0.0981493,-0.161536,-0.595467,-0.565774,-0.400413,-0.595467,-1,,,
Tab1,0,0.0615654,0.368107,0.303349,0.0271568,-0.024395,-0.194126,-0.245625,-0.595306,-0.149628,-0.595306,-1,,,
Gstt1,0,-0.224852,-0.594995,-0.565351,-0.577337,-0.317467,-0.152761,-0.368568,-0.111015,0.0546284,-0.594995,-1,,,
Adck2,0,-0.53454,-0.552254,-0.594152,-0.539787,-0.424618,-0.417986,-0.3368,-0.453705,-0.286249,-0.594152,-1,,,
Ide,0,-0.0126381,0.0631447,-0.0506401,-0.0960979,-0.390032,-0.286194,-0.282433,-0.410032,-0.5937,-0.5937,-1,,,
Nap1l5,0,-0.593641,-0.146523,-0.259378,-0.403669,-0.55591,-0.125446,0.222792,0.194166,-0.502234,-0.593641,-1,,,
Erp29,0,0.116821,0.216118,0.145908,0.0712032,-0.0733967,-0.142719,0.0240173,-0.38386,-0.592617,-0.592617,-1,,,
Ccar1,0,-0.00264931,-0.166245,-0.202765,-0.190481,-0.395733,-0.395824,-0.591953,-0.566647,-0.312576,-0.591953,-1,,,
Sos1,0,-0.122345,-0.139229,-0.354214,-0.317848,-0.584553,-0.373438,-0.347017,-0.378998,-0.591688,-0.591688,-1,,,
Ubxn7,0,-0.0247946,-0.0370874,-0.175431,-0.344846,-0.186473,-0.431297,-0.591568,-0.442299,-0.00502682,-0.591568,-1,,,
Cnst,0,-0.56228,-0.105419,-0.348901,-0.395643,-0.591307,-0.0664787,0.0264835,-0.0246162,-0.0779819,-0.591307,-1,,,
Ltn1,0,-0.275328,-0.398937,-0.464148,-0.45536,-0.52902,-0.544664,-0.27644,-0.424583,-0.590956,-0.590956,-1,,,
Srp54,0,-0.103012,-0.201368,-0.277069,-0.354744,-0.499554,-0.541527,-0.494925,-0.590818,-0.559446,-0.590818,-1,,,
Prcp,0,-0.144905,-0.590542,-0.446314,-0.573484,-0.209478,-0.262753,-0.246763,0.0979919,0.342455,-0.590542,-1,,,
Mrps6,0,-0.590004,-0.491648,-0.377062,-0.326872,-0.129395,-0.305058,-0.287544,-0.05163,0.329004,-0.590004,-1,,,
Dtd1,0,-0.185032,-0.469639,-0.394459,-0.588947,-0.499207,-0.0919094,0.0680656,0.136955,-0.0463943,-0.588947,-1,,,
Taf1,0,-0.588752,-0.127745,-0.284713,-0.295322,-0.133238,-0.0077486,0.114202,-0.220263,0.00750828,-0.588752,-1,,,
Sfn,0,-0.0245686,-0.0330105,-0.324844,-0.345007,-0.588568,-0.346359,-0.371763,-0.553154,-0.551121,-0.588568,-1,,,
Exoc1,0,-0.177757,-0.142214,-0.3897,-0.278635,-0.428953,-0.521965,-0.390373,-0.588257,-0.518185,-0.588257,-1,,,
Ogfod1,0,0.0289211,-0.587524,-0.507076,-0.443907,-0.254129,-0.0313816,-0.11709,0.107224,0.0936184,-0.587524,-1,,,
Stx18,0,0.0894413,-0.221439,-0.587059,-0.495506,-0.463594,-0.584366,-0.491961,-0.481556,-0.575375,-0.587059,-1,,,
Mrpl30,0,-0.496061,-0.417088,-0.445541,-0.259678,-0.184292,-0.377579,-0.586992,-0.387882,0.0188999,-0.586992,-1,,,
Actr1a,0,-0.0495605,-0.347679,-0.538195,-0.482679,-0.534975,-0.407879,-0.338774,-0.218979,-0.586788,-0.586788,-1,,,
Gmppa,0,0.331793,0.314455,0.050745,0.0136795,-0.186775,-0.301243,-0.279003,-0.568954,-0.586763,-0.586763,-1,,,
Idh1,0,0.314878,0.105453,0.139576,-0.109953,-0.190256,-0.363777,-0.192991,-0.332462,-0.58584,-0.58584,-1,,,
Cc2d1a,0,-0.0703373,-0.280081,-0.347694,-0.283401,-0.446018,-0.487875,-0.456495,-0.585642,-0.558229,-0.585642,-1,,,
Erap1,0,-0.142521,0.072998,0.0195732,0.07374,-0.206533,-0.0848675,-0.224039,-0.493885,-0.585035,-0.585035,-1,,,
Soat1,0,-0.190971,-0.0264149,-0.0906029,-0.0787449,-0.220299,-0.311369,-0.204964,-0.550543,-0.584951,-0.584951,-1,,,
Tmem168,0,-0.20048,-0.248278,-0.137094,-0.223101,-0.0121078,-0.0972805,-0.581924,-0.35256,-0.254435,-0.581924,-1,,,
Aldh18a1,0,-0.0996208,-0.0840626,-0.109293,-0.0906239,-0.00333786,-0.42359,-0.581732,-0.430641,-0.102367,-0.581732,-1,,,
Tmtc3,0,-0.264683,-0.145687,-0.291729,-0.35203,-0.333866,-0.577215,-0.513096,-0.543299,-0.581387,-0.581387,-1,,,
Dcaf7,0,0.389067,-0.202227,-0.339735,-0.210787,-0.579855,-0.475855,-0.380375,-0.57407,-0.557531,-0.579855,-1,,,
Gcc2,0,0.295855,0.0334835,-0.325706,-0.353449,-0.535397,-0.566465,-0.439718,-0.452812,-0.579271,-0.579271,-1,,,
Edrf1,0,-0.315643,-0.493713,-0.579006,-0.527996,-0.461653,-0.338161,-0.318027,-0.475655,-0.358749,-0.579006,-1,,,
St13,0,-0.113514,-0.304108,-0.328207,-0.578634,-0.524179,-0.553249,-0.377193,-0.514482,-0.565556,-0.578634,-1,,,
Nckipsd,0,-0.00842285,-0.578347,-0.565567,-0.115262,-0.487841,-0.00726414,-0.358189,0.138065,-0.199179,-0.578347,-1,,,
Chmp6,0,-0.578335,-0.449895,-0.358631,-0.173,0.0458164,-0.0901527,0.0604639,-0.0452557,0.0286541,-0.578335,-1,,,
Ubr2,0,-0.229502,-0.543125,-0.476,-0.569059,-0.578054,-0.430246,-0.400122,-0.373106,-0.513329,-0.578054,-1,,,
Ift22,0,-0.345652,-0.453335,-0.239271,-0.12303,-0.194128,-0.338238,-0.524254,-0.577707,-0.391409,-0.577707,-1,,,
Ubr4,0,0.0214634,-0.150007,-0.399563,-0.4051,-0.577539,-0.481411,-0.361412,-0.417646,-0.533707,-0.577539,-1,,,
Rin2,0,-0.577005,0.160301,0.155998,0.107462,0.217096,0.244331,0.404358,0.497772,-0.0585155,-0.577005,-1,,,
Nfia,0,-0.0208302,-0.206545,-0.204752,-0.293907,-0.169619,-0.324322,-0.362526,-0.576134,-0.114725,-0.576134,-1,,,
Psmc4,0,-0.0749264,0.0491428,-0.129393,-0.149145,-0.327911,-0.335957,-0.225744,-0.473686,-0.575754,-0.575754,-1,,,
Ercc1,0,-0.352299,-0.482536,-0.575686,-0.416815,-0.447472,-0.42248,-0.557856,-0.294006,0.0042572,-0.575686,-1,,,
Rcc1,0,-0.575033,-0.467121,-0.554758,-0.366734,-0.347095,-0.448551,-0.436079,-0.458067,-0.312954,-0.575033,-1,,,
Nfu1,0,-0.575031,-0.227892,-0.328634,-0.41847,-0.300161,-0.308702,-0.337996,-0.191206,-0.0166168,-0.575031,-1,,,
Ahcy,0,-0.358463,-0.574572,-0.322914,-0.526197,-0.399818,-0.282021,-0.247652,-0.31468,-0.0916138,-0.574572,-1,,,
Nhlrc2,0,-0.0896797,0.0462151,-0.121008,-0.188055,-0.522646,-0.451288,-0.474928,-0.557777,-0.573187,-0.573187,-1,,,
Camk1,0,0.314993,0.529968,0.0496674,-0.0382938,-0.474115,-0.287167,-0.327763,-0.251692,-0.573143,-0.573143,-1,,,
Rnf2,0,-0.337999,-0.414377,-0.571177,-0.420963,-0.540712,-0.253685,-0.333622,-0.193233,-0.0356274,-0.571177,-1,,,
Prkag1,0,-0.226809,-0.562725,-0.415455,-0.342999,-0.571104,-0.340714,-0.543957,-0.438959,-0.442032,-0.571104,-1,,,
Isca2,0,0.129263,0.130051,-0.0860004,-0.0250721,0.126759,0.0364571,-0.069643,-0.245316,-0.57,-0.57,-1,,,
Fam98b,0,-0.161415,-0.375967,-0.388668,-0.569784,-0.461906,-0.301985,-0.318424,-0.258652,-0.254827,-0.569784,-1,,,
Ube2n,0,-0.303213,-0.454283,-0.3381,-0.448975,-0.526695,-0.393993,-0.437241,-0.491453,-0.56966,-0.56966,-1,,,
Sbno2,0,0.244844,0.0391941,-0.0594196,0.0503349,-0.178822,-0.072422,-0.568964,-0.505322,-0.136429,-0.568964,-1,,,
Dync2h1,0,-0.472815,-0.371012,-0.49811,-0.376959,-0.389751,-0.384157,-0.391277,-0.400692,-0.568205,-0.568205,-1,,,
Gigyf2,0,-0.255396,-0.375546,-0.427887,-0.566648,-0.506672,-0.418213,-0.461462,-0.465637,-0.553387,-0.566648,-1,,,
Nbr1,0,0.191362,-0.565542,-0.300859,-0.259198,-0.155524,-0.371508,0.0301523,0.227087,-0.315783,-0.565542,-1,,,
Ppm1f,0,-0.110954,-0.156528,-0.332865,-0.306669,-0.427895,-0.35998,-0.383835,-0.289223,-0.565411,-0.565411,-1,,,
Mtif2,0,0.0272083,-0.565351,-0.380188,-0.41328,-0.345158,-0.392834,-0.298174,-0.163368,-0.058363,-0.565351,-1,,,
Usp9x,0,-0.0615654,-0.142315,-0.345654,-0.242916,-0.54154,-0.385777,-0.361492,-0.425198,-0.565144,-0.565144,-1,,,
Cbx5,0,0.0985126,0.0776787,-0.244267,-0.365349,-0.293432,-0.564461,-0.263702,-0.536572,-0.522579,-0.564461,-1,,,
Shoc2,0,0.355093,-0.253174,-0.339758,-0.452192,-0.422728,-0.307604,-0.329733,-0.297102,-0.56441,-0.56441,-1,,,
Chp1,0,-0.351736,0.255917,-0.193218,-0.130676,-0.343103,-0.232504,-0.110762,-0.443602,-0.564367,-0.564367,-1,,,
Mrpl21,0,-0.393608,-0.349806,-0.553432,-0.06147,0.0356236,-0.185844,0.07057,0.0544033,-0.564342,-0.564342,-1,,,
Rabep2,0,0.00845909,0.0121708,0.0901489,-0.168072,-0.324728,-0.394548,-0.34943,-0.398249,-0.564335,-0.564335,-1,,,
Trip12,0,0.324152,0.139521,-0.0283775,0.0243359,-0.384739,-0.383108,-0.239536,-0.302519,-0.563395,-0.563395,-1,,,
Sart3,0,-0.377123,-0.356398,-0.194002,-0.391741,-0.182875,-0.37071,-0.562847,-0.541588,-0.547184,-0.562847,-1,,,
Hectd1,0,0.182316,0.0395699,-0.150335,-0.229908,-0.470215,-0.405777,-0.435059,-0.463209,-0.562336,-0.562336,-1,,,
Fxn,0,-0.445532,-0.480722,-0.286871,-0.352022,-0.148054,-0.561678,-0.529642,-0.416052,-0.324888,-0.561678,-1,,,
Ralgps2,0,0.437483,0.384789,0.523039,-0.166924,0.545273,-0.184704,-0.306813,-0.560284,0.102777,-0.560284,-1,,,
Znf148,0,-0.0637836,-0.174543,-0.449844,-0.323231,-0.535282,-0.377487,-0.511868,-0.465624,-0.560091,-0.560091,-1,,,
Ptcd3,0,-0.355444,-0.554155,-0.400112,-0.272972,-0.151966,-0.342882,-0.559275,-0.0209427,0.379002,-0.559275,-1,,,
Ppp1r13b,0,0.119466,-0.316793,-0.322714,-0.503873,-0.167586,-0.338425,-0.559078,-0.0602036,-0.435124,-0.559078,-1,,,
Fut8,0,0.146364,0.447062,0.406813,0.434814,0.0892715,0.0808659,0.137571,-0.0963345,-0.558792,-0.558792,-1,,,
Cul4a,0,-0.103127,-0.0175438,0.0178509,-0.128006,-0.286093,-0.438698,-0.516985,-0.558779,-0.443495,-0.558779,-1,,,
Cog6,0,-0.238335,-0.342403,-0.419975,-0.391008,-0.332657,-0.404057,-0.557838,-0.492367,-0.382439,-0.557838,-1,,,
Grk6,0,-0.287466,-0.537563,-0.392885,-0.557346,-0.340685,-0.457821,-0.269068,-0.253973,-0.374653,-0.557346,-1,,,
Ubap1,0,0.247025,0.0402431,-0.004776,-0.192108,-0.278994,-0.161461,-0.0628681,-0.101601,-0.556751,-0.556751,-1,,,
Ppp1ca,0,0.0151482,-0.356916,-0.410177,-0.499182,-0.556503,-0.459612,-0.537512,-0.543018,-0.522755,-0.556503,-1,,,
Pdcd6ip,0,0.0503731,-0.0896606,-0.324654,-0.413486,-0.556498,-0.332111,-0.359158,-0.420502,-0.355614,-0.556498,-1,,,
Csnk2a1,0,-0.201563,-0.35195,-0.534515,-0.556002,-0.501135,-0.358919,-0.261374,-0.321011,-0.414904,-0.556002,-1,,,
Timmdc1,0,-0.147476,-0.410244,-0.537691,-0.554905,-0.279055,-0.548876,-0.512487,-0.26232,-0.0325661,-0.554905,-1,,,
Tial1,0,0.163788,-0.463625,-0.554853,-0.374475,-0.392088,-0.283241,-0.209349,-0.316694,-0.501118,-0.554853,-1,,,
Ppp2r5c,0,-0.298933,-0.200932,-0.217686,-0.337423,-0.554501,-0.406704,-0.477354,-0.554831,-0.452583,-0.554831,-1,,,
Stam2,0,0.15419,0.1586,-0.0439167,-0.0824413,-0.363127,-0.186996,-0.0139751,-0.228464,-0.553411,-0.553411,-1,,,
Med30,0,-0.169621,-0.395948,-0.0369339,-0.026226,-0.0480614,0.125254,0.456987,0.394745,-0.553291,-0.553291,-1,,,
Ubl5,0,-0.362928,-0.482248,-0.484659,-0.451839,-0.0915298,-0.468012,0.0759239,-0.212244,-0.553118,-0.553118,-1,,,
Cog4,0,0.117704,-0.232941,-0.330446,-0.423962,-0.481483,-0.355751,-0.427372,-0.469034,-0.553043,-0.553043,-1,,,
Farsb,0,-0.167162,-0.521038,-0.552818,-0.415628,-0.484388,-0.26981,-0.259167,-0.29814,-0.152405,-0.552818,-1,,,
Sec11a,0,-0.0236454,-0.0194626,-0.153418,-0.12196,-0.059948,-0.340631,-0.550335,-0.500051,-0.335072,-0.550335,-1,,,
Pip4k2b,0,-0.228886,-0.536938,-0.517735,-0.549921,-0.403807,-0.401566,-0.213863,-0.19808,-0.268906,-0.549921,-1,,,
Nars,0,0.107933,-0.306276,-0.518591,-0.549517,-0.532848,-0.222639,-0.211477,-0.0820026,-0.145937,-0.549517,-1,,,
Atxn10,0,0.374916,0.201143,0.134901,0.0399036,-0.294374,-0.104649,-0.0593586,-0.113636,-0.548876,-0.548876,-1,,,
Bcap29,0,-0.0507317,-0.349527,-0.548372,-0.474724,-0.267336,-0.0911541,0.227852,0.251785,0.19282,-0.548372,-1,,,
C8orf33,0,0.296618,-0.278305,-0.548002,-0.31875,-0.425686,-0.537831,-0.385828,0.117563,-0.0545368,-0.548002,-1,,,
Ccm2,0,-0.281286,-0.130718,-0.208439,-0.272268,-0.338732,-0.491064,-0.307352,-0.547909,-0.367083,-0.547909,-1,,,
SEPTIN10,0,-0.213533,-0.547722,-0.102877,-0.364761,0.336695,0.290268,0.164085,0.151409,0.495668,-0.547722,-1,,,
Zfand1,0,-0.00793266,-0.326239,-0.149906,-0.185455,-0.100754,-0.153496,-0.244562,-0.257568,-0.547533,-0.547533,-1,,,
Eftud1,0,-0.0762005,-0.336077,-0.309177,-0.348499,-0.463001,-0.418634,-0.434233,-0.440687,-0.546585,-0.546585,-1,,,
Cdkn2aip,0,0.124043,-0.110687,-0.147026,-0.232494,-0.321136,-0.439316,-0.45038,-0.546564,-0.448784,-0.546564,-1,,,
Sacs,0,-0.0748234,0.33637,0.247868,0.173042,-0.178425,-0.392542,-0.403803,-0.537327,-0.546129,-0.546129,-1,,,
Ganab,0,0.0738621,0.140356,-0.0144787,-0.248524,-0.270184,-0.369919,-0.311884,-0.518898,-0.546055,-0.546055,-1,,,
Ccdc59,0,-0.453573,-0.507732,-0.470503,-0.421854,-0.544762,-0.461515,-0.448431,-0.280415,-0.467216,-0.544762,-1,,,
Ppp1r13l,0,-0.273173,-0.54231,-0.466467,-0.318355,-0.544731,0.0360012,0.0497808,-0.139284,-0.296928,-0.544731,-1,,,
Shprh,0,-0.174604,-0.368101,-0.370504,-0.266575,-0.316341,-0.401512,-0.276646,-0.543808,-0.392136,-0.543808,-1,,,
Tbrg4,0,-0.478985,-0.266506,-0.245762,-0.250963,-0.0548706,-0.516394,-0.543728,-0.378075,-0.287645,-0.543728,-1,,,
Gdi2,0,0.00774574,-0.0927124,-0.158245,-0.280008,-0.393259,-0.285923,-0.392756,-0.425583,-0.542845,-0.542845,-1,,,
Eef1g,0,-0.353373,-0.525904,-0.492647,-0.436165,-0.463165,-0.285503,0.358345,-0.469873,-0.542364,-0.542364,-1,,,
Uba1,0,0.00212288,-0.329185,-0.397497,-0.489239,-0.542191,-0.388073,-0.353888,-0.283297,-0.527742,-0.542191,-1,,,
Mrpl17,0,-0.541971,-0.310003,-0.0630093,0.0376377,0.157629,-0.236643,-0.176823,-0.0755291,0.348211,-0.541971,-1,,,
Nup107,0,-0.541108,-0.255757,-0.292296,0.014245,-0.167354,-0.134965,-0.139836,-0.283891,-0.163081,-0.541108,-1,,,
Agps,0,-0.234064,-0.128992,0.0483017,-0.320772,-0.541002,-0.391045,-0.414362,-0.380726,-0.425764,-0.541002,-1,,,
Tmem237,0,-0.238724,-0.467859,-0.537981,-0.437172,-0.196026,-0.508541,-0.540951,-0.525221,-0.447712,-0.540951,-1,,,
Hnrnpa3,0,-0.216486,-0.291077,-0.176569,0.0396366,-0.300329,-0.451113,-0.453375,-0.54052,-0.453995,-0.54052,-1,,,
Arfgef1,0,-0.366001,-0.0833988,-0.199978,-0.164368,-0.421751,-0.418068,-0.518242,-0.540468,-0.450121,-0.540468,-1,,,
Lap3,0,0.0934696,-0.502125,-0.539528,-0.485786,-0.188114,-0.328625,-0.294863,0.0751896,0.138098,-0.539528,-1,,,
Blvra,0,-0.0745239,-0.271202,-0.176874,-0.538313,-0.407066,-0.197289,0.0871181,-0.019186,-0.299643,-0.538313,-1,,,
Cops8,0,-0.0452633,0.0847511,-0.0566826,-0.305033,-0.439838,-0.445465,-0.406359,-0.537964,-0.459566,-0.537964,-1,,,
Spg20,0,-0.428686,-0.391068,-0.53771,-0.390726,-0.131586,-0.0413551,0.365156,0.347645,0.436588,-0.53771,-1,,,
Wdr11,0,0.0522308,-0.179794,-0.327602,-0.283081,-0.375963,-0.396795,-0.537233,-0.406467,-0.314953,-0.537233,-1,,,
Pgpep1,0,0.0959034,-0.21987,-0.23251,-0.27574,-0.102636,-0.212639,-0.536715,-0.433178,-0.212835,-0.536715,-1,,,
Aip,0,0.021431,-0.0408592,-0.294167,-0.339064,-0.535736,-0.409031,-0.316622,-0.34264,-0.533163,-0.535736,-1,,,
Rprd2,0,-0.187426,-0.476774,-0.45015,-0.424667,-0.403318,-0.535501,-0.329447,-0.226263,-0.427467,-0.535501,-1,,,
Drg2,0,-0.0286541,0.0439034,-0.114124,-0.065197,-0.326645,-0.356184,-0.329462,-0.354233,-0.535431,-0.535431,-1,,,
Papss1,0,0.11557,0.366755,0.500544,0.363897,0.178823,0.102945,-0.109573,-0.363775,-0.535326,-0.535326,-1,,,
Polb,0,-0.0451527,-0.209602,-0.139988,-0.379129,-0.269896,-0.534168,-0.399263,-0.529324,-0.488834,-0.534168,-1,,,
Ccdc186,0,0.117632,0.0543442,-0.0925179,-0.234236,-0.448204,-0.214094,-0.0902958,-0.165789,-0.533457,-0.533457,-1,,,
Ube2l3,0,-0.0969715,0.0516586,0.0280437,-0.151535,0.0139084,-0.149778,-0.194227,-0.176533,-0.533339,-0.533339,-1,,,
Pgd,0,-0.125145,-0.216209,-0.233568,-0.343147,-0.444992,-0.316092,-0.533276,-0.503185,-0.490746,-0.533276,-1,,,
Fam120b,0,-0.336081,-0.502951,-0.405357,-0.486135,-0.3104,-0.526716,-0.532034,-0.506079,-0.238321,-0.532034,-1,,,
Smap,0,-0.347107,-0.281113,-0.128716,-0.287228,-0.0149021,-0.110748,0.46888,-0.06563,-0.531605,-0.531605,-1,,,
Spast,0,0.26997,0.405373,0.372766,0.292412,0.0182457,-0.0478477,-0.0507812,-0.297287,-0.530712,-0.530712,-1,,,
Ttc9c,0,-0.386459,0.00547218,-0.230576,-0.205889,-0.323074,-0.313105,-0.281546,-0.530712,-0.458439,-0.530712,-1,,,
Phf2,0,-0.530466,-0.342545,-0.465607,-0.199326,-0.190298,-0.265688,-0.266937,-0.318081,-0.00536156,-0.530466,-1,,,
Aida,0,0.272959,-0.267145,-0.347324,-0.529636,-0.126001,-0.0337429,-0.00341225,0.13278,0.232622,-0.529636,-1,,,
Pknox1;Pknox2,0,0.0904331,0.13859,0.0335789,-0.171822,-0.529448,-0.318377,-0.144554,-0.285646,-0.523943,-0.529448,-1,,,
Apex1,0,-0.231127,-0.522551,-0.259876,-0.51198,-0.138456,-0.233906,-0.528637,-0.341902,-0.280275,-0.528637,-1,,,
Dlgap4,0,0.0604134,0.0531101,-0.122028,-0.120152,-0.260365,-0.382242,-0.416819,-0.528172,-0.429661,-0.528172,-1,,,
Npepl1,0,-0.347723,-0.397324,-0.134144,-0.23151,0.121059,-0.10277,-0.132162,-0.240004,-0.528162,-0.528162,-1,,,
Pank4,0,-0.296949,-0.462477,-0.494223,-0.501268,-0.527426,-0.375359,-0.466982,-0.33075,-0.371241,-0.527426,-1,,,
Parn,0,-0.0639019,-0.329998,-0.413157,-0.379072,-0.408859,-0.421949,-0.495438,-0.430384,-0.527334,-0.527334,-1,,,
Taok1,0,0.00276947,-0.139324,-0.254057,-0.363707,-0.397764,-0.368898,-0.526712,-0.405745,-0.285826,-0.526712,-1,,,
FAM120A,0,0.226025,-0.0432529,-0.122663,-0.227816,-0.391542,-0.304462,-0.283342,-0.255625,-0.526323,-0.526323,-1,,,
Tmem263,0,0.492493,0.0184765,0.279924,-0.0489788,-0.218288,-0.381203,-0.525293,-0.265669,-0.464222,-0.525293,-1,,,
Zbtb8os,0,0.00226784,-0.036768,-0.30216,-0.523752,-0.326199,-0.405323,-0.524166,-0.438181,-0.433275,-0.524166,-1,,,
Ormdl2;Ormdl3,0,-0.113784,-0.383903,-0.239774,-0.303741,-0.201549,-0.416313,-0.454365,-0.42569,-0.52317,-0.52317,-1,,,
Mrpl18,0,-0.150009,-0.52309,-0.201117,-0.440022,-0.0594959,-0.266544,-0.36278,-0.133249,-0.0595284,-0.52309,-1,,,
H2afv;H2afz,0,0.17137,-0.434307,-0.52235,-0.245653,-0.197397,-0.102125,0.220995,0.223099,0.236973,-0.52235,-1,,,
Coprs,0,0.171646,-0.246759,-0.317007,-0.521145,0.0842962,-0.231125,-0.129406,-0.0110626,-0.274968,-0.521145,-1,,,
Nploc4,0,-0.01618,-0.146135,-0.214226,-0.369913,-0.256531,-0.307121,-0.282824,-0.32229,-0.520807,-0.520807,-1,,,
Mrpl12,0,-0.454866,-0.52079,-0.324492,-0.376724,0.0469475,-0.321194,-0.0471172,0.113022,0.074934,-0.52079,-1,,,
Rabggta,0,-0.0578403,-0.432583,-0.502623,-0.520119,-0.394598,-0.342207,-0.265409,-0.0387306,-0.46682,-0.520119,-1,,,
Mrps27,0,-0.52005,-0.493948,-0.278177,-0.321587,0.102552,-0.147434,0.0440884,0.260225,0.347116,-0.52005,-1,,,
Xrcc6,0,-0.41469,-0.431862,-0.333553,-0.519543,-0.207806,-0.287384,-0.398634,-0.418411,-0.273228,-0.519543,-1,,,
Dlg5,0,0.260078,0.285183,-0.10409,0.238285,-0.124184,-0.159803,0.0883694,-0.11109,-0.518873,-0.518873,-1,,,
Arf6,0,-0.246994,-0.518017,-0.282055,-0.198225,0.118979,0.164354,0.126551,0.159224,-0.0569363,-0.518017,-1,,,
Zfp219,0,-0.25692,-0.172447,-0.242519,-0.331673,-0.24564,-0.358566,-0.388466,-0.465065,-0.517929,-0.517929,-1,,,
Ano6,0,-0.123632,0.313358,0.369669,-0.0391369,0.127565,-0.306271,-0.187178,-0.517849,-0.366341,-0.517849,-1,,,
Herc2,0,-0.174691,-0.261122,-0.51681,-0.213744,-0.383418,-0.511004,-0.0826159,-0.165343,-0.333304,-0.51681,-1,,,
Mob1a;Mob1b,0,-0.318754,-0.515816,-0.49658,-0.432919,-0.38863,-0.396814,-0.422897,-0.395411,-0.247799,-0.515816,-1,,,
Cpne3,0,-0.0586643,-0.500858,-0.515694,-0.335032,-0.0440025,0.0997524,0.0752411,0.245573,0.168074,-0.515694,-1,,,
Pex13,0,-0.0174694,0.506916,0.297365,0.328947,0.0879641,-0.184268,0.00546932,-0.410228,-0.515409,-0.515409,-1,,,
Irf2bp2,0,-0.514761,-0.446823,-0.350945,-0.456974,0.469263,-0.0185623,-0.334417,-0.425051,0.0372581,-0.514761,-1,,,
Grk5,0,0.0345783,-0.106529,0.0104179,-0.0453949,0.0728493,-0.0831118,-0.092555,-0.285368,-0.512657,-0.512657,-1,,,
Degs1,0,-0.0973606,-0.231153,-0.404074,-0.244474,-0.511995,-0.433514,-0.257265,-0.260822,-0.287317,-0.511995,-1,,,
Znf638,0,-0.511875,-0.274649,-0.149403,0.273973,-0.452938,0.140127,0.0603161,-0.302099,0.0423107,-0.511875,-1,,,
Fbxo22,0,-0.14925,-0.0674133,-0.0129948,-0.283714,-0.457619,-0.47447,-0.511452,-0.505064,-0.465315,-0.511452,-1,,,
Pfas,0,-0.511034,-0.410149,-0.223936,-0.279554,0.0691757,0.0414944,0.0205688,0.103426,0.317434,-0.511034,-1,,,
Mgat1,0,-0.149652,-0.0667553,0.0549183,0.0711403,0.0266266,-0.223743,-0.288212,-0.510752,-0.132662,-0.510752,-1,,,
Nmt1,0,-0.0998688,-0.0734406,-0.232302,-0.2045,-0.510208,-0.382677,-0.376909,-0.446535,-0.329329,-0.510208,-1,,,
Xpot,0,-0.0163021,-0.113955,-0.254713,-0.293341,-0.51005,-0.418079,-0.356741,-0.227747,-0.33017,-0.51005,-1,,,
Exoc4,0,-0.183783,-0.0908928,-0.318434,-0.344076,-0.352888,-0.421667,-0.353495,-0.510006,-0.496223,-0.510006,-1,,,
Ccnt2,0,-0.324818,-0.509278,-0.363034,-0.491534,-0.339058,-0.43304,-0.509953,-0.465224,-0.20598,-0.509953,-1,,,
Brf1,0,-0.340109,-0.43796,-0.35144,-0.434458,-0.284904,-0.427263,-0.34231,-0.509224,-0.358315,-0.509224,-1,,,
Mrps35,0,-0.161507,-0.508324,-0.29608,-0.500141,0.0840263,-0.136335,-0.0174599,0.20031,0.149063,-0.508324,-1,,,
Mrpl47,0,-0.269127,-0.50787,-0.230755,-0.247679,0.105625,-0.0989494,0.27512,0.283415,0.122297,-0.50787,-1,,,
Epn3,0,-0.50783,0.0514126,0.209269,0.00525475,-0.247005,0.308233,0.386808,-0.024704,0.43881,-0.50783,-1,,,
Bri3bp,0,-0.438965,-0.489601,-0.50728,-0.419106,-0.372116,-0.203032,-0.0312691,-0.107353,0.10276,-0.50728,-1,,,
Pnpt1,0,-0.50547,-0.474558,-0.235424,-0.230474,-0.00532722,-0.252548,-0.229685,-0.00303459,0.292908,-0.50547,-1,,,
C16orf58,0,-0.236269,-0.261238,-0.161003,-0.440454,-0.397234,-0.232647,-0.327427,-0.373875,-0.50411,-0.50411,-1,,,
Mapk1,0,-0.210011,-0.259111,-0.223217,-0.378519,-0.4932,-0.366554,-0.46299,-0.469912,-0.504042,-0.504042,-1,,,
Sec61a2,0,-0.411446,-0.0764446,-0.503183,-0.0159035,-0.214857,-0.161707,-0.403214,-0.11916,0.328392,-0.503183,-1,,,
Mrpl11,0,-0.276506,-0.502937,-0.178829,-0.363169,-0.146189,-0.407,-0.266531,-0.265924,-0.314026,-0.502937,-1,,,
Aasdhppt,0,-0.269688,-0.158463,-0.380911,-0.189503,-0.445633,-0.501232,-0.426163,-0.50215,-0.415678,-0.50215,-1,,,
Tax1bp1,0,-0.50211,-0.446808,-0.479507,-0.365839,-0.292374,-0.18165,-0.22337,-0.376642,-0.0534096,-0.50211,-1,,,
Slk,0,0.247345,-0.208424,-0.342022,-0.426641,-0.501925,-0.169071,-0.0825596,0.0145187,-0.330208,-0.501925,-1,,,
Ppm1a,0,-0.135605,-0.237572,-0.259155,-0.280968,-0.26413,-0.221334,-0.500389,-0.204741,-0.162054,-0.500389,-1,,,
Usp5,0,0.0884132,-0.0723057,-0.147232,-0.269604,-0.441074,-0.382236,-0.424755,-0.445892,-0.500221,-0.500221,-1,,,
C12orf29,0,-0.29236,-0.177231,-0.164022,-0.431068,-0.30205,-0.418489,-0.0822506,-0.466438,-0.500156,-0.500156,-1,,,
Use1,0,-0.124775,-0.028759,-0.345953,-0.415798,-0.485046,-0.496334,-0.49901,-0.46279,-0.403664,-0.49901,0,,,
Armt1,0,-0.309105,-0.318127,-0.384575,-0.407061,-0.497484,-0.4492,-0.353594,-0.301037,-0.165714,-0.497484,0,,,
Itch,0,-0.241449,-0.290302,-0.497272,-0.196589,-0.133896,0.00921249,-0.250519,-0.215815,-0.186211,-0.497272,0,,,
Qars,0,-0.0645885,-0.0805664,-0.224787,-0.185375,-0.291899,-0.305117,-0.145697,-0.326468,-0.496586,-0.496586,0,,,
Cdc42ep1,0,-0.20232,-0.295692,-0.149611,-0.185183,-0.0563412,-0.364307,-0.388985,-0.496452,-0.463434,-0.496452,0,,,
Sin3b,0,-0.272451,-0.239285,-0.386217,-0.0437927,-0.381964,-0.288385,-0.0432549,-0.328438,-0.496321,-0.496321,0,,,
Lypla1,0,-0.217403,-0.270061,-0.32559,-0.496197,-0.353266,-0.30492,-0.277052,-0.368683,-0.243095,-0.496197,0,,,
Mkl2,0,-0.0598106,0.0936317,-0.0768261,-0.117292,-0.136028,-0.420864,-0.495361,-0.407959,-0.316601,-0.495361,0,,,
Palld,0,0.294683,0.168093,0.032093,-0.111166,-0.159359,-0.327866,-0.495131,-0.486444,-0.454508,-0.495131,0,,,
Lta4h,0,-0.284847,-0.494419,-0.270733,-0.310284,-0.225882,-0.123533,-0.0793152,0.0150375,0.00738144,-0.494419,0,,,
Otud7b;Otud7a,0,-0.318911,-0.313494,-0.347858,-0.368523,-0.278114,-0.315022,-0.49436,-0.392057,0.0399265,-0.49436,0,,,
Tmed4,0,0.0704765,-0.287893,-0.173594,-0.171831,-0.116634,-0.207371,-0.219769,-0.415831,-0.49378,-0.49378,0,,,
Lims1,0,0.032795,-0.0581837,-0.0856819,-0.169334,-0.417116,-0.206472,-0.240208,-0.345907,-0.493727,-0.493727,0,,,
Psme1,0,-0.0324249,-0.0287933,0.0130806,-0.290436,-0.349308,-0.381556,-0.373653,-0.49329,-0.287146,-0.49329,0,,,
Chd2,0,0.179592,-0.492455,0.0626326,-0.174568,-0.450501,0.0548792,-0.0848827,0.316431,0.0581093,-0.492455,0,,,
Vps36,0,-0.234726,-0.181093,-0.157194,-0.280708,-0.19146,-0.296795,-0.491501,-0.408592,-0.192764,-0.491501,0,,,
Camlg,0,-0.274124,-0.340622,-0.491486,-0.362833,-0.25938,-0.251669,-0.237865,-0.351641,-0.278187,-0.491486,0,,,
Gtpbp3,0,-0.490459,-0.142965,-0.0606594,-0.084259,0.174221,-0.253141,-0.244959,-0.145899,0.0421505,-0.490459,0,,,
Mrps10,0,-0.12841,-0.469069,-0.282015,-0.490353,0.0562878,-0.118933,-0.286341,0.337132,0.22752,-0.490353,0,,,
Adprh,0,0.291445,-0.146608,-0.0848083,-0.3127,-0.26506,-0.358143,-0.489759,-0.485933,-0.469816,-0.489759,0,,,
Agfg2,0,-0.489542,-0.240927,-0.174809,0.012682,0.17042,0.218807,0.443966,0.0847378,-0.0580158,-0.489542,0,,,
Ccdc137,0,-0.336598,-0.374128,-0.489512,-0.315846,-0.197774,-0.200626,0.0719681,0.0078907,-0.271569,-0.489512,0,,,
Wasf2,0,-0.310413,-0.0584812,-0.180027,-0.317514,-0.371033,-0.221825,0.0477314,-0.173538,-0.487759,-0.487759,0,,,
Gmpr2,0,-0.10594,-0.353622,-0.19846,-0.375191,-0.382294,-0.260134,-0.222837,-0.487066,-0.334028,-0.487066,0,,,
Cdk5rap3,0,0.0584793,0.00513649,-0.0741653,-0.154947,-0.263317,-0.37323,-0.264709,-0.486954,-0.404444,-0.486954,0,,,
Itpr1,0,-0.45426,-0.475355,-0.425339,-0.401104,-0.257654,-0.485949,-0.336416,-0.17326,-0.249763,-0.485949,0,,,
Bcl9l,0,0.309937,-0.0709066,-0.103774,-0.485586,-0.103192,-0.273756,-0.449634,-0.254108,-0.366627,-0.485586,0,,,
Calcrl,0,-0.41283,0.209492,0.258286,-0.241774,0.0440197,-0.0954189,-0.350166,-0.48505,-0.00734329,-0.48505,0,,,
Anp32a,0,-0.484102,-0.287399,-0.0647278,-0.326454,-0.0238972,-0.116356,-0.180279,-0.241331,-0.17837,-0.484102,0,,,
Pja2,0,0.413858,0.428722,0.0920086,0.264366,-0.329721,-0.112627,0.0318375,-0.153646,-0.483925,-0.483925,0,,,
Plekhm2,0,-0.100914,0.0411568,-0.26561,-0.157057,-0.482645,-0.385704,-0.453579,-0.435856,-0.435272,-0.482645,0,,,
Eif4ebp2,0,0.0691509,0.173162,0.184082,0.125956,0.351818,0.0800571,-0.198763,0.0848389,-0.482416,-0.482416,0,,,
Eef1d,0,-0.437107,-0.292891,-0.418732,-0.39571,-0.403709,-0.272863,-0.426138,-0.332933,-0.481182,-0.481182,0,,,
Cpsf1,0,-0.309816,-0.333929,-0.160854,-0.0185871,-0.368013,-0.456154,-0.339333,-0.325939,-0.480877,-0.480877,0,,,
Usp7,0,-0.0947495,-0.282347,-0.28093,-0.480637,-0.4331,-0.425169,-0.341295,-0.406446,-0.456148,-0.480637,0,,,
Clptm1,0,0.325161,0.174419,0.0726719,-0.0245285,-0.299208,-0.0467167,0.0746593,0.0165081,-0.480633,-0.480633,0,,,
Chmp1a,0,-0.113222,-0.209436,0.0599785,0.0313435,-0.0357151,-0.168518,-0.27807,-0.480629,-0.345873,-0.480629,0,,,
Dak,0,-0.243284,-0.340332,-0.479742,-0.282438,-0.2383,-0.0560856,-0.0700397,-0.0887661,-0.249014,-0.479742,0,,,
P2rx7,0,-0.47901,-0.403126,-0.127827,-0.369175,0.00317192,-0.296923,-0.364561,-0.313612,-0.0385799,-0.47901,0,,,
Esd,0,0.463881,-0.468008,-0.295279,-0.29793,-0.478764,-0.411854,-0.316092,-0.293671,-0.178461,-0.478764,0,,,
Fmnl1,0,-0.437388,-0.478504,0.0268345,-0.338316,-0.169424,-0.207521,-0.270485,0.0145111,-0.27179,-0.478504,0,,,
Narfl,0,0.0212002,0.152859,0.0105705,0.0732536,0.00141525,-0.199877,-0.127781,-0.133533,-0.478153,-0.478153,0,,,
Abl2,0,-0.184504,0.00107574,-0.180588,-0.107319,-0.354586,-0.256353,-0.477581,-0.0473824,0.0379219,-0.477581,0,,,
Mrpl53,0,-0.477564,0.0849028,0.0179396,0.117332,0.301892,0.0784845,0.0942087,0.179622,0.296849,-0.477564,0,,,
Ntpcr,0,-0.432364,-0.275444,-0.206377,-0.348242,-0.0639439,-0.146156,-0.252151,-0.42222,-0.47735,-0.47735,0,,,
Csk,0,-0.0380402,-0.183323,-0.0999336,-0.241909,-0.320198,-0.367834,-0.134125,-0.191378,-0.477083,-0.477083,0,,,
Dynll2,0,0.305786,-0.476856,-0.421127,-0.394367,-0.113199,0.0592194,-0.336136,-0.0927296,0.0608788,-0.476856,0,,,
Strip1,0,-0.15522,0.0512199,-0.162773,-0.163256,-0.475962,-0.412292,-0.313707,-0.442228,-0.35236,-0.475962,0,,,
Mettl10,0,0.230158,-0.448101,-0.448833,-0.473375,-0.186357,-0.0831947,-0.102503,0.0383205,-0.181414,-0.473375,0,,,
Cdkn2b,0,-0.313783,-0.405035,-0.472994,-0.212349,-0.0333157,0.0488195,-0.0251122,-0.0271931,0.328446,-0.472994,0,,,
Osbpl11,0,-0.0613289,-0.252098,-0.304358,-0.263475,-0.324333,-0.231857,-0.0212231,-0.271626,-0.472811,-0.472811,0,,,
Lasp1,0,-0.283054,-0.209631,-0.112535,-0.310381,-0.248884,-0.339893,-0.254965,-0.392859,-0.472692,-0.472692,0,,,
Tceb1,0,0.327497,-0.377262,-0.472538,-0.29805,-0.421423,-0.250795,-0.319426,-0.311718,-0.440655,-0.472538,0,,,
Ric1,0,0.101018,0.318142,0.26207,0.222403,-0.141525,-0.19271,-0.197447,-0.453346,-0.472514,-0.472514,0,,,
B3galt6,0,0.0617218,-0.104961,-0.213104,-0.0994434,-0.264427,-0.236938,-0.471981,-0.330303,-0.399542,-0.471981,0,,,
Dock1,0,-0.11338,-0.113573,-0.258738,-0.402096,-0.471802,-0.386038,-0.20356,-0.24745,-0.142227,-0.471802,0,,,
Armc10,0,-0.282904,-0.0984135,0.0356579,-0.127594,0.174257,-0.344023,-0.471769,-0.347391,-0.21406,-0.471769,0,,,
Psma5,0,-0.103943,-0.130516,-0.21983,-0.248205,-0.314671,-0.31871,-0.47172,-0.314959,-0.411522,-0.47172,0,,,
Gnl1,0,-0.157434,-0.308147,-0.205408,-0.231321,-0.291428,-0.427717,-0.133877,-0.163443,-0.471676,-0.471676,0,,,
Srsf1,0,-0.421562,-0.122347,-0.147726,-0.0111332,-0.0715046,-0.278204,-0.242422,-0.4715,-0.0310268,-0.4715,0,,,
Mrps15,0,-0.255953,-0.471209,-0.269695,-0.38957,-0.0142193,-0.101265,0.0517178,0.319832,0.393528,-0.471209,0,,,
Xrcc5,0,-0.471184,-0.346323,-0.169401,-0.247078,0.148693,0.253708,0.235306,0.358122,0.0965996,-0.471184,0,,,
Tbk1,0,-0.117634,-0.0176067,-0.290895,-0.437254,-0.298237,-0.324371,-0.470835,-0.163963,-0.0955029,-0.470835,0,,,
Dap3,0,-0.21126,-0.470781,-0.266882,-0.104715,0.0137806,0.00323296,0.0396996,0.299814,0.43012,-0.470781,0,,,
Cinp,0,-0.324209,-0.317133,-0.445556,-0.110497,-0.437974,-0.470394,-0.296989,-0.261162,-0.270317,-0.470394,0,,,
Cnot4,0,-0.144161,-0.304083,-0.470289,-0.349798,-0.42432,-0.395876,-0.361588,-0.42346,-0.304096,-0.470289,0,,,
Tmem43,0,-0.103138,-0.262793,-0.351664,-0.462477,-0.339937,-0.431387,-0.426859,-0.469584,-0.355297,-0.469584,0,,,
Med21,0,-0.21877,-0.446717,-0.469464,-0.0869789,-0.22714,-0.401869,-0.392035,-0.191155,-0.0984125,-0.469464,0,,,
Gnpat,0,-0.141829,0.0411549,0.213554,0.0365772,-0.0738354,-0.154516,-0.43446,-0.419886,-0.468428,-0.468428,0,,,
Myo1c,0,-0.467661,-0.193089,-0.380613,-0.100468,0.10708,-0.203957,0.102266,-0.17041,0.254366,-0.467661,0,,,
Map2k2,0,-0.132488,0.0849876,-0.147726,-0.153593,-0.330051,-0.236101,-0.247921,-0.281378,-0.467445,-0.467445,0,,,
Ptrh2,0,-0.464193,-0.467216,-0.290829,-0.230774,0.034647,-0.174488,-0.089798,0.0428467,0.0502853,-0.467216,0,,,
Mat2b,0,0.148083,-0.352871,-0.160473,-0.331085,-0.29973,-0.226868,-0.179964,-0.289209,-0.466862,-0.466862,0,,,
Capn7,0,-0.465952,0.00294304,-0.0456467,0.0447636,0.0116787,0.0432243,-0.145124,-0.0937061,-0.095911,-0.465952,0,,,
Gapvd1,0,-0.14077,-0.0979748,-0.349884,-0.216839,-0.46582,-0.213274,-0.218491,-0.260796,-0.188663,-0.46582,0,,,
Brcc3,0,0.0876675,-0.387121,-0.306177,-0.370552,-0.448492,-0.315117,-0.342638,-0.396187,-0.465672,-0.465672,0,,,
Hnrnpd,0,-0.465633,-0.393089,-0.0600243,-0.225943,-0.118605,-0.141552,0.367067,-0.0357227,-0.245531,-0.465633,0,,,
Tgoln1;Tgoln2,0,0.0477448,0.00917816,-0.41213,-0.153116,-0.156515,0.127632,0.101444,-0.247423,-0.465107,-0.465107,0,,,
Inpp5f,0,0.136877,-0.0618668,-0.0795879,-0.123411,-0.403255,-0.274076,-0.46427,-0.422504,-0.349504,-0.46427,0,,,
Champ1,0,-0.444532,-0.00115013,-0.297009,-0.0291882,-0.318615,-0.463949,-0.299187,-0.459339,-0.292912,-0.463949,0,,,
Ei24,0,0.0816154,0.107946,-0.0951557,-0.130219,-0.171391,-0.439901,-0.401876,-0.331894,-0.463247,-0.463247,0,,,
Dis3l,0,-0.455191,-0.46282,-0.0925121,-0.223478,-0.120886,-0.0775814,-0.211,-0.334387,-0.0760117,-0.46282,0,,,
C9orf78,0,-0.232849,-0.462,-0.406166,-0.329927,-0.417152,-0.391712,-0.314877,-0.319706,-0.347824,-0.462,0,,,
Adh5,0,-0.168215,-0.461229,-0.149376,-0.442652,-0.161352,-0.161739,-0.163225,0.0306282,-0.0348835,-0.461229,0,,,
Alg9,0,0.165789,0.0951252,-0.0296021,-0.395407,0.0107098,-0.211267,-0.18115,-0.171175,-0.460405,-0.460405,0,,,
Chd6,0,-0.307892,-0.254513,-0.388693,-0.286274,-0.460318,-0.360598,-0.0458431,-0.275578,-0.329708,-0.460318,0,,,
Mrpl27,0,-0.221405,-0.460016,-0.237406,-0.350603,-0.0897884,-0.33256,-0.227865,0.0052166,-0.0511608,-0.460016,0,,,
Camsap2,0,-0.140078,-0.205664,-0.114277,-0.198366,-0.258535,-0.297827,-0.296999,-0.295404,-0.458778,-0.458778,0,,,
Nudt11;Nudt10,0,-0.427429,-0.224602,-0.239433,-0.457563,-0.151154,-0.403942,-0.308113,-0.134418,-0.450823,-0.457563,0,,,
Arhgef18,0,-0.139008,-0.158079,-0.0778065,-0.293175,-0.103746,-0.0975533,-0.248072,-0.456861,-0.108451,-0.456861,0,,,
Atxn2,0,0.0213737,-0.135092,-0.270149,-0.309145,-0.331963,-0.312252,-0.208977,-0.200499,-0.456711,-0.456711,0,,,
Gfm1,0,0.168306,-0.414581,-0.45639,-0.330366,-0.312555,-0.0612965,0.052021,0.281849,0.112722,-0.45639,0,,,
Plxnb3,0,-0.455679,-0.0708351,-0.28396,-0.0364628,0.213051,0.0860367,0.079958,-0.442606,0.16197,-0.455679,0,,,
Pgrmc2,0,-0.193956,-0.0443878,-0.250614,-0.292492,-0.378927,-0.418247,-0.336466,-0.45533,-0.147779,-0.45533,0,,,
Mpdz,0,-0.171324,-0.454449,-0.444221,-0.348347,-0.167919,-0.317713,-0.339622,-0.234934,0.0646133,-0.454449,0,,,
Dcun1d1,0,-0.132565,-0.0155773,-0.0348053,-0.146826,-0.27809,-0.204212,-0.0953445,-0.264858,-0.453732,-0.453732,0,,,
Pcif1,0,-0.239218,-0.435604,-0.241615,-0.451664,-0.200878,0.0649452,0.155664,-0.00805664,-0.00172997,-0.451664,0,,,
Rbm24;Rbm38,0,1.14E-05,0.110508,-0.196878,-0.167952,-0.451582,-0.330141,-0.0918732,-0.420326,-0.433878,-0.451582,0,,,
Ube2h,0,0.13451,0.38332,0.372145,0.233021,-0.147985,-0.113716,-0.0740261,-0.136429,-0.450958,-0.450958,0,,,
Hnrnpl,0,-0.323267,-0.421391,-0.288208,0.286354,-0.278336,-0.401678,-0.37273,-0.450779,-0.299427,-0.450779,0,,,
Ttc33,0,0.157429,-0.310843,-0.232368,-0.450657,-0.00897026,0.132473,0.207579,0.45013,-0.0530415,-0.450657,0,,,
Tpm3,0,-0.113232,-0.0273724,-0.0435562,-0.184248,-0.0324726,-0.20344,-0.193556,-0.269209,-0.450041,-0.450041,0,,,
Atp11a,0,-0.448801,-0.418871,-0.351723,-0.240658,0.0605183,-0.00044632,0.0216312,0.113747,0.438559,-0.448801,0,,,
Pmm1,0,0.215399,0.0800533,-0.13702,-0.0139694,-0.395256,-0.110628,0.314732,0.356251,-0.447985,-0.447985,0,,,
Ube2v1,0,-0.27042,-0.197325,-0.108536,-0.352232,-0.247496,-0.181541,0.00647926,-0.0931644,-0.447033,-0.447033,0,,,
Tomm20,0,-0.313433,-0.446665,-0.272345,-0.313154,0.149969,-0.312571,-0.0383854,0.0717163,0.076107,-0.446665,0,,,
Casp12,0,0.240306,0.320509,0.322409,0.12633,-0.281595,0.0795832,-0.0420485,-0.0274363,-0.446358,-0.446358,0,,,
Cdh20;Cdh7,0,-0.200806,-0.159894,-0.335668,-0.270797,0.0823145,0.120179,-0.0747461,-0.446101,0.0464449,-0.446101,0,,,
Reep3,0,-0.188944,-0.136238,-0.371012,-0.281767,-0.445873,-0.247011,-0.365019,-0.403624,-0.407539,-0.445873,0,,,
Mrps18a,0,-0.445425,-0.0531273,-0.0229149,0.0918369,0.289747,-0.194134,-0.0818768,0.168091,0.428871,-0.445425,0,,,
Itpr2,0,-0.44528,-0.114471,-0.136013,0.0394554,-0.00623512,0.00338745,0.0653591,0.00511169,0.056181,-0.44528,0,,,
Dlg4,0,-0.0482998,-0.10742,0.0911398,0.426555,0.0263433,0.101433,0.245576,0.0932312,-0.44502,-0.44502,0,,,
Yap1,0,0.0561543,0.230999,0.0717373,0.0101643,-0.402548,-0.160954,-0.0760746,-0.197599,-0.444452,-0.444452,0,,,
Cdk17,0,0.0563183,-0.330288,-0.286057,-0.176729,-0.250401,-0.443962,-0.284086,-0.367447,-0.397547,-0.443962,0,,,
Psmd10,0,-0.151167,-0.312025,-0.365301,-0.0458508,-0.408022,0.238199,-0.285316,-0.442657,0.0255852,-0.442657,0,,,
Tmem87a,0,-0.406017,-0.00103188,-0.100664,-0.25948,-0.384388,-0.440472,-0.261961,-0.435884,-0.377316,-0.440472,0,,,
Sfxn1,0,-0.0378838,-0.427031,-0.322027,-0.418129,-0.0494251,-0.44038,-0.425272,-0.256868,-0.154238,-0.44038,0,,,
Gfm2,0,-0.0301037,-0.269501,-0.17832,-0.423923,-0.206511,-0.438639,-0.322124,0.164392,-0.282097,-0.438639,0,,,
Wdr48,0,-0.067297,-0.438599,-0.310726,-0.036581,0.172874,0.256151,0.311316,0.33931,0.281725,-0.438599,0,,,
Grcc10,0,-0.248537,0.391079,0.128824,0.0415916,-0.438484,-0.430143,-0.269695,-0.321852,-0.422365,-0.438484,0,,,
Mrpl22,0,-0.276421,-0.436689,-0.111034,-0.236296,0.247097,-0.141771,-0.268372,0.0724354,0.191694,-0.436689,0,,,
Fam96b,0,0.241842,-0.193377,-0.066061,-0.402271,-0.351425,-0.266687,-0.134174,-0.158733,-0.436277,-0.436277,0,,,
Elavl2;Elavl4,0,-0.13224,-0.174669,-0.369089,-0.319984,-0.42572,-0.322285,-0.36348,-0.0479641,-0.43511,-0.43511,0,,,
Stat5b;Stat5a,0,-0.376831,-0.434532,-0.419352,-0.36368,-0.163395,-0.11865,-0.253923,-0.021946,0.0853539,-0.434532,0,,,
Tarsl2,0,-0.43359,-0.25695,-0.34478,-0.292175,-0.302002,-0.356709,-0.268393,-0.247252,0.203583,-0.43359,0,,,
Mrpl39,0,-0.433218,-0.110291,0.0173759,0.14123,0.247078,0.0980568,0.35203,0.154385,0.310343,-0.433218,0,,,
Coa7,0,-0.37322,-0.432678,-0.341146,-0.205856,-0.060421,-0.115744,-0.158197,-0.0644722,0.27701,-0.432678,0,,,
Aars2,0,-0.326639,-0.348104,-0.328711,-0.26594,-0.216009,-0.431591,-0.4035,-0.258995,-0.324636,-0.431591,0,,,
Zhx2,0,0.156106,0.0116663,-0.0991507,-0.288789,-0.230378,-0.101586,-0.431591,-0.365334,-0.257515,-0.431591,0,,,
Thyn1,0,-0.0134716,-0.292027,-0.296507,-0.429815,-0.147181,-0.1817,-0.152294,-0.0370655,0.0827503,-0.429815,0,,,
Csrp1,0,-0.075613,0.151995,0.0327282,-0.302263,-0.133072,-0.42956,-0.217062,-0.341873,-0.275953,-0.42956,0,,,
Lpar6,0,-0.0361767,-0.386824,-0.428205,-0.141434,-0.154224,-0.00392723,0.0777264,0.200729,-0.208742,-0.428205,0,,,
Plxna2,0,0.0505104,0.0921288,0.0493565,-0.130867,-0.0157204,-0.253038,-0.261278,-0.427994,0.0341282,-0.427994,0,,,
Actr1b,0,-0.177242,-0.206026,-0.315855,-0.354664,-0.427151,-0.338154,-0.117426,-0.20318,-0.273659,-0.427151,0,,,
Akt1,0,-0.427135,-0.103638,-0.187468,-0.223181,-0.268188,-0.191563,-0.198442,-0.378986,-0.275299,-0.427135,0,,,
Bicd1,0,0.0326977,0.0110149,-0.0352802,-0.230503,-0.277081,-0.238335,-0.278404,-0.426977,-0.382105,-0.426977,0,,,
Glb1,0,-0.187883,-0.241299,-0.269709,-0.426836,-0.370903,-0.365362,-0.171696,0.0534344,0.410078,-0.426836,0,,,
Necap1,0,0.10273,-0.324486,-0.420816,-0.331062,-0.409636,-0.135521,-0.0678253,-0.202341,-0.426579,-0.426579,0,,,
Pdcl,0,0.150526,-0.223768,-0.116657,-0.338299,-0.039547,-0.202103,-0.196499,-0.191725,-0.426092,-0.426092,0,,,
Ppp2ca,0,-0.098896,-0.188694,-0.223265,-0.223665,-0.379934,-0.221161,-0.058939,-0.101276,-0.42606,-0.42606,0,,,
Eif3j1;Eif3j2,0,-0.287025,-0.206905,-0.35161,-0.203484,-0.425917,-0.111465,0.0981865,-0.189224,-0.363081,-0.425917,0,,,
Tpp2,0,-0.135256,-0.289751,-0.327768,-0.279116,-0.425903,-0.262877,-0.0986233,-0.104918,0.0256557,-0.425903,0,,,
Fxr2,0,0.202799,-0.0571899,-0.173241,-0.115578,-0.349752,-0.25564,-0.299461,-0.368864,-0.425884,-0.425884,0,,,
Ppp1r9b,0,0.127874,-0.42588,-0.336988,0.134495,-0.203325,0.191225,0.210674,0.0755386,0.318083,-0.42588,0,,,
Tmem11,0,-0.18998,-0.425686,-0.19655,-0.226562,0.299414,-0.186796,-0.194427,0.209366,0.32239,-0.425686,0,,,
Actr2,0,-0.277208,-0.18265,-0.30625,-0.160734,-0.314962,-0.22077,-0.197989,-0.425425,-0.335445,-0.425425,0,,,
Trnt1,0,-0.323231,-0.424595,-0.201473,-0.244755,0.0733929,-0.0657616,0.0240746,0.0892925,0.12768,-0.424595,0,,,
Cul2,0,-0.0923882,-0.366041,-0.424032,-0.414068,-0.372389,-0.365402,-0.348259,-0.256611,-0.384392,-0.424032,0,,,
Eri3,0,-0.210043,-0.191828,0.0144062,-0.0831757,-0.216444,-0.344494,-0.184299,-0.423893,-0.0917072,-0.423893,0,,,
Otulin,0,-0.297325,-0.423561,-0.280636,-0.358084,-0.356651,-0.181995,-0.0853825,0.0212021,-0.352804,-0.423561,0,,,
Ehd1,0,0.0153198,-0.261944,-0.423141,-0.250463,-0.163773,-0.0222263,0.0717964,0.0975666,-0.0431519,-0.423141,0,,,
Dazap1,0,-0.112131,-0.348179,-0.334734,-0.331047,-0.150766,-0.422646,-0.372198,-0.40098,-0.177614,-0.422646,0,,,
Tdrkh,0,-0.421686,-0.389212,-0.191687,-0.30088,-0.105028,-0.391779,-0.343277,-0.264496,-0.15671,-0.421686,0,,,
Vcpip1,0,0.267111,-0.214064,-0.225361,-0.277382,-0.340622,-0.34026,-0.286762,-0.320398,-0.42149,-0.42149,0,,,
Tars2,0,-0.419312,-0.281954,-0.197756,-0.0966854,0.122931,-0.220119,-0.129026,0.112835,0.305962,-0.419312,0,,,
Lsm1,0,0.331463,-0.0384521,0.3319,0.0128412,-0.340247,-0.164551,-0.16102,0.0203171,-0.418718,-0.418718,0,,,
Tnks2;Tnks,0,-0.322739,-0.0412369,-0.256275,-0.409184,-0.418112,-0.277872,-0.173967,-0.162752,-0.31958,-0.418112,0,,,
Prkab1,0,-0.301769,-0.234072,-0.0946369,-0.132381,-0.103189,-0.00284386,-0.140493,-0.0458469,-0.418015,-0.418015,0,,,
Taf7,0,0.253639,-0.117167,-0.335958,-0.215796,-0.31811,-0.417906,-0.325747,-0.272579,-0.355974,-0.417906,0,,,
Napa,0,0.177725,-0.082613,-0.276834,-0.417768,-0.240463,-0.194027,-0.20269,-0.197714,-0.205929,-0.417768,0,,,
Exoc2,0,0.0143642,-0.0195923,-0.227253,-0.0410156,-0.129435,-0.303553,-0.417439,-0.230965,-0.206186,-0.417439,0,,,
Trappc2,0,0.0617867,-0.417124,-0.178604,-0.00383186,-0.262097,-0.201393,-0.0204792,-0.00071907,-0.222562,-0.417124,0,,,
Mrpl28,0,-0.416162,-0.266373,-0.16699,-0.0952148,0.0999947,-0.158426,-0.113155,0.0603371,0.159897,-0.416162,0,,,
Mrps30,0,-0.415916,-0.371187,-0.184847,-0.0772781,0.298307,-0.0140686,9.54E-05,0.150257,0.311249,-0.415916,0,,,
Txndc12,0,0.183725,0.286551,0.0308514,0.00643921,-0.0759029,-0.0599079,0.169237,0.120384,-0.41478,-0.41478,0,,,
Ppil1,0,-0.0978279,-0.414284,-0.132994,-0.365635,-0.161148,-0.0411663,-0.0426636,0.112473,-0.265503,-0.414284,0,,,
Ddrgk1,0,-0.0949478,-0.168539,-0.24288,-0.413717,-0.271467,-0.357651,-0.344843,-0.307261,-0.329163,-0.413717,0,,,
Stx17,0,0.182919,-0.413046,-0.307877,-0.385288,-0.218456,-0.0218487,-0.0518703,0.13316,0.0899105,-0.413046,0,,,
Acy1,0,-0.412663,-0.197214,-0.185383,-0.160355,-0.080946,0.177553,0.332809,0.299456,0.339005,-0.412663,0,,,
Tomm70a,0,-0.339554,-0.262098,-0.217295,-0.228416,-0.0188217,-0.408102,-0.411695,-0.354664,-0.316732,-0.411695,0,,,
Rilpl1,0,0.205986,0.174593,0.103399,0.0877018,0.0200233,-0.0891171,-0.234077,-0.411503,-0.249905,-0.411503,0,,,
Tpmt,0,-0.126009,-0.303013,-0.24873,-0.411415,-0.1415,-0.125444,-0.00811577,0.00726891,0.19581,-0.411415,0,,,
Tiprl,0,-0.271442,-0.41136,-0.275324,-0.281916,-0.255899,-0.312222,0.290558,-0.118803,-0.260115,-0.41136,0,,,
Sec23ip,0,0.337578,0.248287,0.143391,0.184296,-0.0984421,-0.149351,-0.0634003,-0.2206,-0.410917,-0.410917,0,,,
Hint1,0,0.251387,-0.0230312,-0.131193,-0.159683,-0.410843,-0.137831,-0.284924,0.0929165,0.0762444,-0.410843,0,,,
Cic,0,-0.410537,-0.0922499,-0.102971,-0.262136,-0.220598,-0.276936,0.0643072,-0.212242,0.0415316,-0.410537,0,,,
Vps41,0,-0.40974,-0.113749,-0.00778961,-0.00610352,0.11867,-0.106117,0.021244,-0.010788,0.214863,-0.40974,0,,,
Tdrd3,0,-0.140585,-0.0952816,-0.201036,-0.279488,-0.294733,-0.381908,-0.304853,-0.304979,-0.408186,-0.408186,0,,,
Derl2,0,-0.16953,0.208859,0.171222,-0.407963,-0.085433,-0.281648,-0.370216,-0.0809183,-0.369536,-0.407963,0,,,
Stx6,0,-0.0453072,-0.0271358,-0.16737,-0.406784,0.168472,0.0504646,-0.0694828,-0.210936,0.0995159,-0.406784,0,,,
Scfd2,0,-0.406689,-0.175894,-0.261497,-0.132675,-0.161745,-0.042038,0.176205,-0.0197716,-0.194818,-0.406689,0,,,
Got1,0,-0.0479946,-0.175186,-0.200514,-0.170338,-0.406303,-0.0162354,0.064045,0.153421,-0.000713348,-0.406303,0,,,
Lias,0,-0.108768,-0.256636,-0.406223,-0.229391,-0.350893,-0.290403,-0.198572,-0.0563564,-0.171249,-0.406223,0,,,
Zmpste24,0,-0.0902596,-0.392933,-0.405657,-0.361477,-0.298893,-0.0738163,-0.103304,0.0335407,0.214401,-0.405657,0,,,
Git1,0,-0.170492,-0.0982628,-0.193932,-0.175589,-0.405363,-0.29566,-0.169662,-0.155329,-0.194166,-0.405363,0,,,
Sephs1,0,-0.382513,-0.269825,-0.0669994,-0.323967,-0.025238,-0.38789,-0.404139,-0.397713,-0.38118,-0.404139,0,,,
Hspd1,0,-0.402174,-0.33481,-0.133183,-0.0854321,0.209822,-0.128609,0.0846691,0.111753,0.308836,-0.402174,0,,,
Xrcc1,0,-0.203175,-0.130596,-0.230341,-0.0871258,-0.108097,-0.352266,-0.216902,-0.255445,-0.401709,-0.401709,0,,,
Phka2,0,-0.0303364,-0.176605,-0.342934,-0.383121,-0.130169,-0.354494,-0.401358,-0.27289,-0.215981,-0.401358,0,,,
Pnkp,0,-0.332541,-0.343599,-0.308506,-0.401066,-0.180351,-0.278366,-0.156403,-0.284081,-0.221434,-0.401066,0,,,
Hmox2,0,-0.216043,-0.0554066,-0.166792,-0.2775,-0.258535,-0.400885,-0.194895,-0.22506,0.00303268,-0.400885,0,,,
Asb3,0,-0.319601,-0.317855,-0.0835018,-0.255465,-0.0172606,-0.26711,-0.00900745,0.086421,-0.400408,-0.400408,0,,,
Parva,0,-0.0505352,-0.2229,-0.216007,-0.400263,-0.240513,-0.187105,-0.291613,-0.272284,-0.255468,-0.400263,0,,,
Ilf2,0,-0.386198,-0.400232,-0.209299,-0.0607624,-0.0962009,-0.0703983,-0.112371,-0.279797,-0.223276,-0.400232,0,,,
Xxylt1,0,-0.0554676,-0.0714207,-0.224546,-0.125677,-0.222172,-0.224089,-0.176256,-0.398651,-0.27899,-0.398651,0,,,
Cluh,0,-0.26519,-0.397127,-0.397354,-0.35713,-0.334599,-0.240767,-0.266863,-0.29797,-0.165236,-0.397354,0,,,
Serpine2,0,0.173294,-0.0154591,-0.0673847,-0.126701,-0.397089,-0.26976,-0.0985527,-0.0219955,0.154333,-0.397089,0,,,
Mrpl20,0,-0.396051,-0.224445,-0.172194,-0.0767117,0.140657,-0.100657,-0.130407,0.0390778,0.069767,-0.396051,0,,,
Lemd3,0,0.182255,0.20388,-0.0345325,-0.0738831,-0.275894,-0.253336,-0.220041,-0.259846,-0.396004,-0.396004,0,,,
Gnai3,0,0.0602036,-0.347948,0.0603065,0.0290413,0.107927,-0.0822029,-0.0853786,-0.395536,-0.23947,-0.395536,0,,,
Kctd10,0,-0.0526133,-0.13799,-0.345475,-0.121902,-0.144528,-0.391164,-0.264066,-0.39507,-0.284011,-0.39507,0,,,
Stk25,0,0.348167,0.215916,0.0436134,-0.0752354,-0.116871,-0.0947819,-0.394918,-0.0713787,-0.267401,-0.394918,0,,,
Fut10,0,-0.393021,-0.0911722,0.097168,0.217079,0.237322,0.0796881,0.357557,0.0376844,0.00849533,-0.393021,0,,,
Trappc4,0,-0.0182495,-0.300539,0.0654564,0.0549278,0.0990734,-0.157522,-0.392881,-0.110102,0.101139,-0.392881,0,,,
Sar1b,0,0.267988,-0.0242729,-0.066185,-0.107199,-0.221701,-0.274979,-0.182241,-0.305649,-0.39184,-0.39184,0,,,
Rabgap1,0,0.102654,0.0878658,-0.169552,-0.143219,-0.37538,-0.352194,-0.347334,-0.391151,-0.353632,-0.391151,0,,,
Armcx3,0,0.127785,0.178411,0.206728,0.00441551,0.171471,-0.177468,-0.390939,-0.277239,-0.146008,-0.390939,0,,,
Snf8,0,-0.228794,-0.139803,-0.0568485,-0.24415,-0.0641327,-0.185946,-0.324766,-0.389662,-0.171671,-0.389662,0,,,
Trim9,0,-0.362648,-0.0806408,0.0217724,-0.065136,-0.389318,-0.218899,-0.164661,-0.220394,-0.238733,-0.389318,0,,,
Gldc,0,-0.377449,-0.0408497,0.138714,0.0254955,0.325472,-0.253313,-0.388876,-0.303194,-0.223173,-0.388876,0,,,
Copg2,0,0.0347176,0.108412,0.0471058,0.00687027,-0.0837669,-0.265919,-0.388573,-0.209454,-0.318419,-0.388573,0,,,
Rnmtl1,0,-0.348975,-0.312158,-0.239736,0.101248,-0.115634,-0.336165,-0.38788,-0.0323915,-0.0162115,-0.38788,0,,,
Dars,0,-0.0157013,-0.146017,-0.0580921,-0.16502,-0.172997,-0.117249,-0.155405,-0.282938,-0.387875,-0.387875,0,,,
Atp2a2,0,-0.000492096,-0.118677,-0.339556,-0.316526,-0.387726,-0.299021,-0.0562496,-0.180202,-0.30452,-0.387726,0,,,
Ubr3,0,0.104271,0.309847,0.0598965,-0.0320702,-0.217085,-0.211533,-0.205313,-0.38719,-0.32699,-0.38719,0,,,
Ywhab,0,0.0143623,-0.120018,-0.164814,-0.386724,-0.221689,0.00939369,0.122757,0.0852203,-0.195539,-0.386724,0,,,
Mtpn,0,0.0584869,-0.0360489,0.0914822,0.0214596,-0.117228,0.0481052,0.106644,0.136026,-0.385839,-0.385839,0,,,
Rnf214,0,0.0410938,-0.0581093,-0.0671635,-0.162739,-0.276514,-0.19804,-0.280174,-0.322821,-0.385452,-0.385452,0,,,
Ift172,0,-0.0563622,-0.378279,-0.384998,-0.291449,-0.281519,-0.366833,-0.201317,0.0636978,-0.0508652,-0.384998,0,,,
Ilk,0,-0.0426197,0.15729,0.203274,0.137878,-0.0380192,-0.207819,-0.209227,-0.384346,-0.100172,-0.384346,0,,,
Ywhag,0,-0.0132389,-0.372776,-0.310892,-0.383986,-0.32502,-0.119576,-0.0615196,-0.0519657,-0.288616,-0.383986,0,,,
Ssr3,0,-0.0853462,0.271885,0.107073,0.0768871,-0.0785389,-0.193596,-0.242311,-0.251747,-0.383707,-0.383707,0,,,
Apc,0,-0.383268,-0.0298214,0.268194,0.139666,0.316654,0.0516663,-0.0209618,-0.0868111,0.25811,-0.383268,0,,,
Tubb2a,0,-0.256296,0.00231743,-0.100107,0.0135365,-0.324034,-0.285105,-0.167622,-0.203848,-0.381884,-0.381884,0,,,
Mesdc2,0,0.0879631,-0.0301456,-0.12286,-0.368744,-0.381084,-0.267715,-0.320475,-0.253586,-0.215616,-0.381084,0,,,
Nek1,0,-0.164833,0.246256,0.123484,0.293756,0.145233,-0.146326,-0.236015,-0.380928,0.0375328,-0.380928,0,,,
Mycbp,0,0.091526,0.157648,0.172379,-0.0973148,-0.0025177,0.0622349,0.0856171,-0.108656,-0.380808,-0.380808,0,,,
Hdac6,0,0.339729,-0.167973,-0.0976906,-0.012516,-0.0192337,0.0754414,0.154263,0.227823,-0.380501,-0.380501,0,,,
Cmtr1,0,-0.380436,-0.169249,-0.0243893,-0.1373,0.0999622,0.100388,0.240213,0.11659,0.303581,-0.380436,0,,,
Dync1h1,0,0.124762,0.17087,0.047718,-0.0704708,-0.262638,-0.263367,-0.1756,-0.208496,-0.380396,-0.380396,0,,,
Rab2b,0,-0.241684,0.261703,-0.0247803,0.055872,0.0176239,-0.181944,-0.10689,-0.379366,0.0878468,-0.379366,0,,,
Rer1,0,-0.0514526,-0.110506,-0.18858,-0.143631,-0.160606,-0.187609,-0.292318,-0.377937,-0.292904,-0.377937,0,,,
Mrps26,0,-0.377775,-0.262997,-0.208984,-0.206211,0.0599346,-0.0401096,-0.115154,0.0974312,0.026371,-0.377775,0,,,
Rtcb,0,-0.260492,-0.140387,-0.106398,-0.237421,-0.206268,-0.253084,-0.3536,-0.377064,-0.202118,-0.377064,0,,,
Denr,0,-0.0326328,-0.306129,-0.230541,-0.215384,-0.272598,-0.225098,-0.113489,-0.0150909,-0.3755,-0.3755,0,,,
Faim,0,-0.0179501,-0.108454,-0.0462112,-0.240288,-0.119774,-0.374208,-0.312927,-0.269487,-0.346649,-0.374208,0,,,
Trim32,0,-0.374121,-0.170805,-0.142464,-0.0288715,0.00485611,-0.0541821,0.0401478,-0.0556355,0.052639,-0.374121,0,,,
Arhgap1,0,0.0212288,0.092226,0.111809,0.00727844,-0.107489,-0.0939083,-0.261465,-0.25713,-0.373608,-0.373608,0,,,
Klc2,0,0.0949783,-0.112261,-0.185926,-0.373457,-0.361454,-0.202528,0.092905,0.0709114,-0.196692,-0.373457,0,,,
Hnrnph1,0,-0.102188,-0.0284958,0.00478363,-0.0250072,-0.153494,-0.267832,-0.318394,-0.373402,-0.290855,-0.373402,0,,,
Mtmr10,0,-0.0840321,0.316591,0.261703,0.233143,-0.0611992,-0.301865,-0.12961,-0.370279,-0.367178,-0.370279,0,,,
Mrpl24,0,-0.249197,-0.369734,-0.218479,-0.217306,0.0781803,-0.214035,-0.215151,0.0332565,0.101349,-0.369734,0,,,
Cc2d1b,0,0.266232,-0.124153,-0.150925,-0.34325,-0.247208,-0.315186,-0.332708,-0.36952,-0.32893,-0.36952,0,,,
Enoph1,0,-0.331169,-0.358599,-0.369507,-0.301828,-0.269802,-0.265411,-0.228497,-0.20941,-0.184826,-0.369507,0,,,
Farsa,0,-0.100374,-0.303623,-0.369276,-0.210423,-0.163486,-0.0792007,0.0663109,0.0505505,0.0114422,-0.369276,0,,,
Gpr56,0,0.155191,0.35498,-0.0397396,0.340796,-0.181728,-0.00356102,0.237089,0.113976,-0.368649,-0.368649,0,,,
Triobp,0,-0.317696,-0.104111,0.111126,-0.0142956,0.308418,0.102066,-0.215773,-0.36821,-0.109478,-0.36821,0,,,
Tbc1d17,0,0.16852,-0.367573,-0.104033,-0.304628,-0.126989,-0.0842419,-0.162195,0.030838,-0.114244,-0.367573,0,,,
Spcs1,0,0.355566,-0.0453281,-0.319851,-0.367317,-0.243874,-0.210548,-0.305531,0.0787334,-0.134192,-0.367317,0,,,
Camsap1,0,0.150312,-0.364403,-0.365976,-0.357704,-0.251068,0.112875,-0.204641,0.299704,0.24048,-0.365976,0,,,
Map4k5,0,0.0496502,0.0688992,0.138597,-0.0323639,-0.365356,-0.144318,-0.273544,-0.291979,-0.305431,-0.365356,0,,,
Atg3,0,0.219725,0.00807762,-0.124744,-0.142019,-0.365084,-0.0577412,-0.273829,-0.150738,-0.158134,-0.365084,0,,,
Mib1,0,-0.0299778,-0.0769024,-0.231953,-0.364573,-0.0534134,-0.0175476,0.072731,0.190111,-0.214289,-0.364573,0,,,
Alg1,0,-0.237257,-0.36396,-0.318123,-0.22492,-0.144045,-0.0665493,-0.00776291,-0.140068,0.0196915,-0.36396,0,,,
Nans,0,-0.0199986,-0.175718,-0.11124,-0.0747242,-0.156919,-0.263189,-0.296642,-0.291584,-0.363907,-0.363907,0,,,
Arl2,0,-0.163553,-0.16927,-0.100246,-0.132067,-0.247673,-0.264885,-0.179264,-0.363665,-0.176083,-0.363665,0,,,
Ufm1,0,0.219025,-0.00282669,-0.00943756,-0.106102,-0.266684,-0.0754204,-0.0902157,-0.166649,-0.363579,-0.363579,0,,,
Actr3,0,-0.171265,-0.133894,-0.159035,-0.0906467,-0.223877,-0.223858,-0.206512,-0.363567,-0.273319,-0.363567,0,,,
C1orf123,0,-0.272263,-0.309853,-0.259094,-0.250364,-0.272081,-0.31168,-0.233644,-0.362785,-0.363546,-0.363546,0,,,
Ephx1,0,-0.0178223,-0.0663452,0.0028019,-0.149366,-0.134007,-0.213341,-0.323298,-0.363359,-0.324278,-0.363359,0,,,
Trpm7,0,0.099062,0.0678577,-0.362413,-0.0170822,-0.293417,-0.155396,0.0571632,-0.167534,-0.26409,-0.362413,0,,,
Pigt,0,-0.111149,-0.0596905,-0.0567284,-0.11787,-0.262615,-0.360546,-0.116804,-0.230637,-0.356981,-0.360546,0,,,
Wibg,0,-0.0226498,-0.218346,-0.20937,-0.358187,-0.283228,-0.294041,-0.178534,-0.327641,-0.332499,-0.358187,0,,,
Dctn3,0,0.249338,-0.194855,-0.357035,-0.223381,-0.0964928,-0.103165,0.0545902,-0.144402,0.0637722,-0.357035,0,,,
Rhoa,0,0.133448,-0.0581684,0.029192,-0.35602,-0.0140171,-0.00306892,-0.118616,0.0143871,-0.0492496,-0.35602,0,,,
Jagn1,0,0.155848,-0.125486,-0.289688,-0.252748,-0.355337,-0.204268,-0.32794,-0.251904,-0.28797,-0.355337,0,,,
Trap1,0,-0.162844,-0.354631,-0.300886,-0.307083,-0.224144,-0.162891,-0.108246,0.00548363,0.026804,-0.354631,0,,,
Rufy3,0,-0.174871,-0.323353,-0.233261,-0.292137,-0.231497,-0.136456,-0.142902,-0.147394,-0.354437,-0.354437,0,,,
Upf2,0,-0.320677,-0.353638,-0.250296,-0.230316,-0.269278,-0.219269,-0.150803,-0.259029,-0.132992,-0.353638,0,,,
Pik3r1,0,-0.0586853,-0.239637,-0.342184,-0.329166,-0.273024,-0.268333,-0.205212,-0.1033,-0.353352,-0.353352,0,,,
Nova1,0,-0.25263,-0.351149,-0.167271,-0.353285,-0.199183,-0.0337334,-0.23558,-0.20368,-0.0655899,-0.353285,0,,,
Yme1l1,0,-0.085392,-0.277178,-0.262966,-0.353279,-0.30127,-0.255104,-0.153942,0.0746918,-0.234964,-0.353279,0,,,
Gltp,0,-0.337244,-0.352764,-0.0811806,-0.242899,-0.0144463,-0.0654163,-0.219973,-0.210978,-0.260675,-0.352764,0,,,
Atg5,0,0.0559845,0.122601,-0.352484,-0.0377674,-0.347198,-0.101461,-0.0908184,-0.246956,-0.142899,-0.352484,0,,,
Tnip1,0,0.166726,0.115631,-0.0876884,-0.0190516,0.0282869,0.0800505,-0.207355,-0.070447,-0.352475,-0.352475,0,,,
Scfd1,0,0.311436,0.330965,0.14035,0.113121,-0.138857,-0.15797,-0.168055,-0.351383,-0.226677,-0.351383,0,,,
Yipf3,0,0.255445,0.240067,-0.205114,0.0391655,-0.248603,-0.32485,-0.351379,-0.13809,-0.130257,-0.351379,0,,,
Urb1,0,-0.00309944,-0.108099,-0.207937,-0.229811,-0.274076,-0.250195,-0.229998,-0.350889,-0.157963,-0.350889,0,,,
Ipo8,0,-0.0510235,-0.25036,-0.350706,-0.304102,-0.301872,-0.144667,-0.135365,0.00102425,0.0600128,-0.350706,0,,,
Ddx1,0,-0.166082,-0.255451,-0.248617,-0.350544,-0.17197,-0.163708,-0.163174,-0.161633,-0.204811,-0.350544,0,,,
Sh3bgrl,0,-0.113899,-0.149,-0.0187149,-0.3501,-0.239367,-0.217543,-0.219213,-0.267839,-0.237778,-0.3501,0,,,
Atg12,0,-0.202587,-0.102221,-0.240967,-0.0334911,-0.347816,0.0250702,-0.015255,-0.0389862,0.0147781,-0.347816,0,,,
Zfyve16,0,0.256405,0.13114,-0.346718,-0.0386658,-0.228823,-0.16341,0.203056,0.125227,-0.16785,-0.346718,0,,,
Bod1,0,-0.346413,-0.159199,-0.160851,0.0180969,0.0500641,0.118385,-0.203939,-0.158342,0.0494671,-0.346413,0,,,
Tmem259,0,0.253368,-0.201017,-0.344706,-0.250048,-0.0232258,0.050127,0.0677795,0.20068,-0.0308132,-0.344706,0,,,
Xpo7,0,-0.0345402,-0.344131,-0.203424,-0.031599,-0.118408,0.120876,-0.234869,-0.00732613,0.297491,-0.344131,0,,,
Pigs,0,0.109056,0.0186138,-0.151106,-0.185591,-0.147036,-0.236599,-0.241892,-0.183441,-0.343979,-0.343979,0,,,
Otud6b,0,-0.00968552,-0.199999,-0.15036,-0.333298,-0.22805,-0.23551,-0.207426,-0.15675,-0.343113,-0.343113,0,,,
C14orf166,0,-0.0209942,-0.304913,-0.317163,-0.342661,-0.17643,-0.127188,-0.0742626,-0.106174,-0.171265,-0.342661,0,,,
Fntb,0,0.224529,-0.161167,-0.0854435,-0.101248,-0.236141,-0.096899,0.0853882,-0.162123,-0.341394,-0.341394,0,,,
Ubxn4,0,0.217377,-0.232353,-0.292433,0.0569839,-0.192678,0.00802612,-0.339092,-0.0598869,-0.229124,-0.339092,0,,,
Arhgap35,0,-0.240837,-0.126574,-0.100813,-0.231411,-0.21686,-0.256315,-0.103525,-0.259413,-0.338984,-0.338984,0,,,
Zyg11b,0,-0.225067,-0.207827,-0.337593,-0.24033,-0.177546,-0.263359,-0.230532,-0.2948,-0.124239,-0.337593,0,,,
Sbf1,0,-0.0954895,0.104933,-0.133698,1.72E-05,-0.33651,-0.222965,-0.269478,-0.234472,-0.172171,-0.33651,0,,,
Os9,0,0.110876,0.251465,-0.0846806,-0.175116,-0.174067,-0.187634,-0.0756416,-0.335922,-0.205648,-0.335922,0,,,
Pde4d;Pde4a,0,-0.334797,-0.245521,-0.0370731,-0.183666,-0.144331,-0.0832939,0.233073,0.10561,-0.272907,-0.334797,0,,,
Mrpl13,0,-0.33357,-0.281843,-0.159349,-0.0180359,0.132904,-0.122091,-0.0869083,0.0967369,0.258749,-0.33357,0,,,
Fam91a1,0,-0.00530052,0.0701046,-0.116848,-0.148607,-0.236044,-0.232044,-0.208773,-0.301682,-0.333481,-0.333481,0,,,
Csad,0,-0.0901279,0.0334415,0.307964,0.160795,0.106653,0.176422,-0.00436592,0.0541553,-0.332146,-0.332146,0,,,
Ppp2cb,0,-0.0910816,-0.230598,-0.1439,-0.33153,-0.194901,-0.208361,-0.0854855,0.140045,-0.237413,-0.33153,0,,,
Mfge8,0,0.0699329,0.293327,0.250998,-0.3298,0.166822,-0.114458,-0.251364,-0.141609,0.208504,-0.3298,0,,,
Cand1,0,-0.183842,-0.255423,-0.265463,-0.329678,-0.315031,-0.144957,-0.142252,-0.118095,-0.190636,-0.329678,0,,,
Rb1,0,-0.204288,-0.232475,-0.149332,-0.217422,-0.328787,-0.0303116,-0.136801,-0.0798264,-0.165874,-0.328787,0,,,
Arpin,0,-0.269075,-0.168043,-0.0902081,-0.105944,-0.221497,-0.254906,-0.192265,-0.326841,-0.23411,-0.326841,0,,,
Fmnl2,0,-0.269428,-0.326632,-0.00547981,0.0795479,-0.10338,-0.0182381,-0.095314,-0.141165,-0.151958,-0.326632,0,,,
Tp53bp2,0,-0.095377,-0.225536,-0.325775,-0.321165,0.0236225,0.0372925,-0.0296516,0.0319443,0.125462,-0.325775,0,,,
Zfr,0,-0.178682,-0.302641,-0.325603,-0.153898,-0.20499,-0.117954,-0.172956,-0.281097,-0.320768,-0.325603,0,,,
Kiaa0100,0,-0.324791,0.0644779,0.121592,0.237694,-0.00309372,0.046648,0.155411,-0.169054,-0.237822,-0.324791,0,,,
Atp13a3,0,-0.324457,-0.262939,-0.198578,-0.0351562,0.0574245,-0.137533,-0.290188,0.010561,0.15332,-0.324457,0,,,
Mob2,0,-0.0600491,-0.32332,-0.311558,-0.177927,0.01231,0.157059,0.0489559,0.197906,-0.0639973,-0.32332,0,,,
Gipc1,0,-0.310133,-0.0191631,-0.323231,-0.135275,-0.222624,-0.13131,-0.0512314,0.0435448,0.0656376,-0.323231,0,,,
Specc1,0,-0.322474,-0.198368,-0.0724392,0.0133724,-0.0194168,0.0690098,0.10273,0.0175056,0.159773,-0.322474,0,,,
Trmt6,0,-0.320486,-0.120577,-0.154764,-0.0121479,-0.0919762,-0.267054,-0.28548,-0.21312,-0.308582,-0.320486,0,,,
Pacs1,0,-0.269348,-0.0741119,0.0402737,-0.178642,-0.0411987,-0.204758,-0.0866776,-0.319036,-0.0870094,-0.319036,0,,,
C16orf13,0,-0.248447,-0.318642,-0.00317383,0.0573368,0.231709,0.201803,-0.0761566,-0.201885,-0.0581741,-0.318642,0,,,
Fbxo7,0,0.236174,-0.318573,0.0720005,0.000118256,0.119027,-0.30011,-0.248182,-0.033927,0.197547,-0.318573,0,,,
Ilf3,0,-0.31698,-0.270668,-0.162199,-0.150095,-0.0416641,-0.197708,-0.15292,-0.29727,-0.126764,-0.31698,0,,,
Lrrc16a,0,-0.295132,-0.241426,-0.167311,-0.316753,0.0456905,-0.0366039,-0.0603752,-0.0748768,0.240984,-0.316753,0,,,
Homer3,0,-0.239389,-0.0988464,-0.18104,-0.0412407,-0.107529,-0.261108,-0.316244,-0.221096,-0.0594292,-0.316244,0,,,
Atl3,0,-0.24122,-0.13273,-0.218796,-0.31522,-0.232655,-0.176456,-0.107536,-0.120129,-0.157465,-0.31522,0,,,
Wdr37,0,-0.181002,-0.235886,-0.209932,-0.196583,-0.312918,-0.209538,-0.00787735,-0.101072,-0.0951233,-0.312918,0,,,
Tmco1,0,-0.311136,0.00101662,-0.0013752,-0.0134525,0.0257149,0.0766163,0.253193,0.100187,0.0134773,-0.311136,0,,,
Arpc4,0,-0.216194,0.02001,0.0377026,0.0327549,-0.187332,-0.101168,-0.238821,-0.309151,-0.134243,-0.309151,0,,,
Glrx5,0,-0.18047,-0.307678,-0.0957298,-0.0537529,0.247578,-0.117947,0.121498,0.200209,0.266062,-0.307678,0,,,
Arfgap2,0,0.0697212,0.108036,0.10527,0.0788593,0.0137291,-0.0376606,-0.293257,-0.304649,-0.307079,-0.307079,0,,,
Wasl,0,-0.1751,-0.215403,-0.306816,-0.291838,-0.302336,-0.0957947,-0.018507,-0.0978489,-0.250183,-0.306816,0,,,
Mttp,0,0.0760288,-0.292965,-0.305696,-0.286282,-0.254068,-0.212763,-0.213015,-0.203224,-0.0547791,-0.305696,0,,,
Vkorc1l1,0,-0.292171,-0.252747,-0.305443,-0.111116,0.187927,0.140701,-0.0801144,-0.293242,0.0402069,-0.305443,0,,,
Aldoa,0,0.154392,-0.011446,-0.110085,-0.161572,-0.303999,-0.0499058,0.0431747,0.0382252,-0.23526,-0.303999,0,,,
Tnpo2,0,-0.303436,0.0148048,-0.0727329,0.0700474,-0.192116,0.0038662,-0.201994,-0.106621,-0.196733,-0.303436,0,,,
Ctif,0,-0.300455,0.00302315,0.0460644,0.0650864,-0.184563,0.00212479,0.0056057,-0.0891228,-0.302963,-0.302963,0,,,
Samhd1,0,-0.249317,-0.142321,0.0477982,-0.245287,-0.0386391,-0.245575,-0.226681,-0.302608,-0.0889034,-0.302608,0,,,
Ppp2r1a,0,-0.040451,-0.256561,-0.232939,-0.198725,-0.290293,-0.169031,-0.299463,-0.127039,-0.209682,-0.299463,0,,,
Ankfy1,0,-0.0937386,-0.115448,-0.0681744,0.00233269,-0.025713,-0.115921,-0.299227,-0.141247,0.0212498,-0.299227,0,,,
Ict1,0,-0.299196,-0.257696,-0.222824,-0.113264,0.148232,-0.1192,-0.0718708,0.0574455,0.116625,-0.299196,0,,,
Pcyox1l,0,-0.299002,0.00879478,-0.16053,-0.277287,-0.209734,-0.06493,-0.128607,-0.133137,0.19796,-0.299002,0,,,
Gab1,0,0.229465,-0.121973,0.153669,-0.298782,0.281809,-0.116222,0.0819683,0.122072,0.0196838,-0.298782,0,,,
Bcap31,0,0.152449,0.0660496,-0.0588741,-0.172098,-0.185795,-0.143591,0.125597,0.000934601,-0.298252,-0.298252,0,,,
Slc9a7,0,-0.297842,-0.0628223,-0.0599957,-0.0506039,0.279921,-0.0156231,0.172228,0.25408,0.246099,-0.297842,0,,,
Tmed10,0,0.0564861,-0.199734,-0.00148964,-0.100014,0.148851,-0.0661659,-0.174061,-0.124332,-0.295858,-0.295858,0,,,
Nanp,0,-0.25121,0.0945454,0.189783,0.0273151,0.0788765,0.120266,0.221365,-0.0625725,-0.29522,-0.29522,0,,,
Dus2,0,-0.282269,-0.29494,-0.0750284,0.0466318,-0.0532675,0.238412,0.201722,0.225133,0.129262,-0.29494,0,,,
Terf2,0,0.289495,-0.0265999,-0.152742,0.0683002,-0.241011,-0.277311,-0.293627,-0.164825,0.00550461,-0.293627,0,,,
Ufd1l,0,0.000150681,0.0693607,-0.0277157,-0.0413475,-0.153931,-0.154058,-0.179226,-0.293516,-0.261539,-0.293516,0,,,
Fam173a,0,-0.0660286,-0.133204,-0.0850878,-0.29348,-0.143844,-0.216681,-0.0100803,-0.122623,0.0635376,-0.29348,0,,,
Mrpl16,0,-0.29328,-0.125299,-0.0986023,0.0349007,0.185507,-0.15802,-0.170969,-0.0658112,0.181339,-0.29328,0,,,
Acsl1,0,-0.292891,0.000759125,0.278057,0.253305,0.27968,0.235392,0.247849,0.0281181,0.0728111,-0.292891,0,,,
Chmp3,0,0.0218735,0.154608,0.137547,-0.137341,-0.145082,-0.258696,-0.144009,-0.292721,-0.248875,-0.292721,0,,,
Tbc1d24,0,-0.217642,-0.183546,-0.140827,-0.2917,0.0659676,-0.0233612,-0.210112,0.0543785,0.185871,-0.2917,0,,,
Cbx1,0,-0.0105991,-0.291246,-0.173939,-0.173269,0.122126,-0.0528507,0.0445099,-0.124399,-0.0453796,-0.291246,0,,,
Adprhl2,0,-0.290537,-0.165655,-0.0690136,-0.100729,0.182585,0.217247,0.131126,0.255962,0.242245,-0.290537,0,,,
Numa1,0,-0.0547142,0.0293999,-0.0454922,-0.0888157,0.278282,-0.164093,0.127184,-0.290224,-0.21311,-0.290224,0,,,
Dennd6a,0,-0.290035,-0.171,-0.00896645,-0.114759,0.153099,0.0909939,0.16466,0.252501,0.139521,-0.290035,0,,,
Srbd1,0,-0.25094,-0.236055,0.221502,-0.0395451,0.153147,-0.183928,-0.0238819,-0.289488,0.199303,-0.289488,0,,,
Abcf3,0,0.232359,-0.0986023,-0.213884,-0.23826,-0.286064,-0.072649,-0.118555,-0.248667,-0.240574,-0.286064,0,,,
SEPTIN7,0,-0.157824,0.0120049,0.0852051,-0.0931892,0.0209923,-0.120655,-0.155006,-0.286024,0.0583057,-0.286024,0,,,
Ckap5,0,-0.188318,-0.202354,-0.180693,-0.217888,0.00807953,-0.196207,-0.202555,-0.284225,0.0314884,-0.284225,0,,,
Erbb2ip,0,0.256969,-0.0663261,-0.283653,-0.0787601,-0.103085,-0.0782509,0.0978413,0.0165806,-0.248594,-0.283653,0,,,
Urod,0,-0.269358,-0.0862637,-0.0407238,-0.190321,-0.0537472,-0.161089,-0.129499,-0.281364,-0.0936146,-0.281364,0,,,
Fndc3a,0,-0.0548019,-0.0564327,-0.280827,-0.0842571,-0.0359936,-0.0712852,-0.158737,-0.118811,0.114725,-0.280827,0,,,
Ppp2r2a,0,-0.13611,-0.187553,-0.154825,-0.277929,-0.280205,-0.115995,-0.117668,-0.148125,-0.128756,-0.280205,0,,,
Cdk5,0,-0.194481,-0.203728,-0.109629,-0.163773,-0.123846,-0.148489,-0.196787,-0.159637,-0.279058,-0.279058,0,,,
Ldha,0,0.113031,-0.0560837,0.0120258,0.0817509,-0.166632,-0.113255,0.148941,-0.177618,-0.279043,-0.279043,0,,,
G6pdx,0,-0.100651,-0.0267124,-0.178001,-0.198944,-0.279003,-0.0581932,0.103355,0.0557766,-0.13269,-0.279003,0,,,
Arpp19,0,0.0471802,-0.176708,-0.110928,-0.220465,-0.0498466,-0.200453,0.202353,-0.0454941,-0.277498,-0.277498,0,,,
Fbxo3,0,0.160913,0.0239029,0.048912,-0.275965,0.093832,-0.180517,-0.248491,-0.0839424,-0.0894394,-0.275965,0,,,
Ncoa2,0,-0.059103,0.0240879,0.111694,-0.27564,-0.0552521,-0.0676479,-0.0517197,-0.166176,-0.0485001,-0.27564,0,,,
Kif5b,0,-0.0183926,-0.101978,-0.19298,-0.21117,-0.273411,-0.124243,0.0336018,-0.00255775,-0.106144,-0.273411,0,,,
Rock1,0,0.22904,0.14131,0.146532,-0.187801,-0.120081,-0.173302,-0.272625,-0.24481,-0.188225,-0.272625,0,,,
Krit1,0,-0.159826,0.132938,0.0397911,0.0539761,-0.171669,-0.272528,-0.102531,-0.223396,-0.0486279,-0.272528,0,,,
Tmem5,0,-0.217457,-0.266674,-0.258201,-0.222331,-0.250374,-0.271916,-0.238393,-0.0679064,-0.107775,-0.271916,0,,,
Rab1b,0,-0.158714,-0.130907,-0.123562,-0.231344,-0.271435,-0.25107,-0.124121,-0.250965,-0.00370789,-0.271435,0,,,
Msra,0,-0.106222,-0.270468,-0.173332,-0.162081,0.0973988,-0.14583,-0.194435,-0.122313,-0.021225,-0.270468,0,,,
Pigk,0,-0.155285,-0.120989,-0.131205,-0.178341,-0.149097,-0.25223,-0.268881,-0.17786,-0.212751,-0.268881,0,,,
Vcl,0,-0.0240555,0.136461,0.224096,0.268129,0.218954,0.120436,0.00407982,-0.154324,-0.26829,-0.26829,0,,,
Acap2,0,-0.229618,-0.259647,-0.0899162,-0.164217,-0.18862,-0.166683,-0.266037,-0.0787086,-0.225201,-0.266037,0,,,
Nsf,0,0.032938,-0.192671,-0.264585,-0.17094,-0.182278,0.0472546,0.220633,0.208981,0.19591,-0.264585,0,,,
C17orf75,0,-0.261381,0.127794,0.0986519,0.185093,0.0357361,-0.11772,-0.201763,-0.208347,-0.00413895,-0.261381,0,,,
Becn1,0,0.0912514,-0.00713539,-0.107611,-0.257341,-0.0676022,0.0374069,-0.116459,-0.118618,-0.00519562,-0.257341,0,,,
Dnajc24,0,-0.018919,0.0200386,0.0364609,0.0629768,-0.202158,-0.255829,-0.0587349,-0.0922642,-0.123938,-0.255829,0,,,
Srd5a3,0,0.0202675,-0.0924263,-0.031168,0.136353,0.229723,-0.0556564,-0.0698814,-0.168901,-0.254614,-0.254614,0,,,
Pik3c3,0,-0.254189,-0.166744,-0.128899,-0.0169315,0.077734,-0.0843773,0.131321,0.199787,0.139986,-0.254189,0,,,
Ddost,0,-0.0253639,-0.0884781,-0.0521984,-0.11812,0.0182438,-0.136118,-0.195414,-0.222635,-0.253889,-0.253889,0,,,
Epb41l5,0,-0.121653,-0.0339336,0.10001,-0.0365448,0.129772,-0.0360851,-0.02845,-0.253023,-0.0579433,-0.253023,0,,,
Exoc8,0,-0.0865822,0.0563393,-0.110693,-0.0150928,-0.135771,-0.0975666,0.0202465,-0.173658,-0.252579,-0.252579,0,,,
Map4,0,-0.160765,-0.220055,-0.0609016,-0.25193,-0.0176029,-0.163897,-0.0812664,-0.0958862,-0.14348,-0.25193,0,,,
Hnrnpa2b1,0,-0.0987244,-0.250648,-0.248476,0.160433,-0.0408363,-0.113134,0.0280571,-0.0872898,0.0853519,-0.250648,0,,,
Stk4,0,-0.160078,-0.248762,-0.165243,-0.241903,-0.175507,-0.149317,-0.11949,-0.0584507,-0.0864372,-0.248762,0,,,
Hook3,0,0.0634918,0.0372353,-0.139477,-0.121265,-0.227608,-0.128906,-0.00300407,-0.133438,-0.24848,-0.24848,0,,,
Tmem33,0,-0.0650272,0.10054,-0.248474,-0.137459,-0.184978,-0.155142,-0.0832844,-0.106873,-0.0976448,-0.248474,0,,,
Arid1b,0,-0.0593224,-0.138599,-0.127924,-0.0748997,-0.0489388,-0.178635,-0.217661,-0.248461,-0.0238857,-0.248461,0,,,
Dvl3,0,-0.0354252,0.132305,0.0213757,0.0666676,-0.245478,-0.248377,-0.240147,-0.212133,-0.137068,-0.248377,0,,,
Zfyve19,0,-0.0704908,0.00455189,-0.0432768,-0.241444,0.0559721,-0.099371,-0.247606,-0.164028,-0.119308,-0.247606,0,,,
Uchl3;Uchl4,0,-0.234247,-0.240522,-0.242559,-0.119001,-0.072691,0.0514565,0.161961,0.0909576,0.05867,-0.242559,0,,,
Rpn1,0,0.0175362,-0.0348358,0.0260487,-0.0633564,0.00117683,-0.0021801,-0.0658436,-0.132013,-0.242544,-0.242544,0,,,
Fam175b,0,0.0806503,0.107201,-0.110861,-0.121868,-0.241894,-0.0761261,-0.00873566,-0.111734,-0.235067,-0.241894,0,,,
Pafah1b1,0,0.122873,-0.241138,-0.0203552,-0.163542,-0.0914936,0.0326366,-0.17396,-0.0581627,-0.0236263,-0.241138,0,,,
Bcr,0,-0.241013,-0.229374,-0.134138,-0.227686,0.107746,0.0614243,0.0637817,0.101004,0.161932,-0.241013,0,,,
Top3b,0,0.0596752,-0.0275593,-0.0199261,0.171459,-0.0685349,-0.0397491,0.0346889,-0.00607872,-0.240238,-0.240238,0,,,
Ctc1,0,-0.231789,-0.232023,-0.229067,-0.196819,-0.00050354,-0.0566235,-0.239878,-0.171267,0.0555191,-0.239878,0,,,
Ddx17,0,-0.127712,0.0447464,0.0926914,0.0220757,0.175659,-0.0973835,-0.158564,-0.237753,0.103334,-0.237753,0,,,
Ndst1,0,-0.0177298,-0.0545321,-0.133471,-0.2352,0.105277,-0.221099,0.179112,0.163571,-0.204474,-0.2352,0,,,
Ddah2,0,-0.21389,-0.211971,-0.0395908,-0.235058,-0.0271835,-0.114656,-0.0366383,-0.0827065,0.0499115,-0.235058,0,,,
Zcchc6,0,0.104332,0.096941,-0.00694466,-0.0867043,-0.234953,-0.107822,-0.140804,-0.157869,-0.194187,-0.234953,0,,,
Dmxl2,0,-0.167294,-0.00964355,-0.202374,-0.158833,-0.233377,-0.116781,0.0495205,-0.0180798,-0.0701065,-0.233377,0,,,
Limd1,0,-0.0326385,0.120476,-0.110157,-0.110584,-0.231932,-0.118647,0.203371,0.103281,-0.0468159,-0.231932,0,,,
Canx,0,-0.0505466,-0.00533676,-0.150625,-0.231873,-0.165297,-0.138954,0.169891,-0.0859947,-0.113365,-0.231873,0,,,
Clint1,0,-0.0993099,-0.0461445,0.0467663,-0.012331,-0.0960083,-0.029356,0.0137329,-0.0547333,-0.231842,-0.231842,0,,,
Nae1,0,-0.229822,-0.212645,-0.134991,-0.195953,-0.060482,-0.0347881,-0.0178375,-0.0854492,-0.0280991,-0.229822,0,,,
Ermp1,0,0.121859,0.0706196,0.069561,-0.104483,-0.0297222,-0.146923,-0.229313,-0.0845509,0.0045681,-0.229313,0,,,
Map1s,0,-0.184387,-0.185135,-0.011961,-0.149422,0.0672989,-0.0612507,-0.110044,-0.0672302,-0.229063,-0.229063,0,,,
Stk38,0,-0.177038,-0.216009,-0.212748,-0.224428,-0.190763,-0.095295,0.12368,0.149628,-0.118843,-0.224428,0,,,
Fgd1,0,-0.162319,-0.222442,-0.0282736,-0.00335026,0.126767,0.195039,0.0455999,0.0419035,-0.0429573,-0.222442,0,,,
Vps25,0,-0.186979,0.104662,0.0776691,0.215689,0.076746,-0.0041256,0.0175381,-0.222122,-0.197081,-0.222122,0,,,
Trip10,0,-0.0769577,-0.00966835,0.0351963,-0.0468655,-0.0354729,-0.0589733,-0.0404377,-0.221733,-0.0627384,-0.221733,0,,,
Rpn2,0,0.0805779,0.128691,0.188263,0.0824871,0.0887337,-0.0586548,-0.186464,-0.22093,-0.117357,-0.22093,0,,,
Pikfyve,0,-0.129923,-0.113016,-0.185163,-0.17873,-0.173504,-0.159189,-0.215326,-0.166847,-0.215714,-0.215714,0,,,
Cab39,0,-0.214722,0.125797,0.0596027,0.0555687,-0.0335007,0.0249729,0.0719318,-0.045826,-0.139914,-0.214722,0,,,
Tpd52l2,0,-0.015358,-0.214006,-0.0440311,-0.099577,0.201729,0.0435123,0.0968437,0.160833,0.119118,-0.214006,0,,,
Elmod2,0,0.0219936,0.181402,0.0673866,0.0920849,0.153271,-0.056282,-0.198736,-0.213539,-0.0724773,-0.213539,0,,,
Hccs,0,-0.212513,-0.209085,-0.177134,-0.127457,0.17308,0.0182419,-0.0244064,0.0297699,0.198162,-0.212513,0,,,
Taldo1,0,-0.157,-0.105318,-0.0258236,-0.188122,-0.126368,-0.141434,-0.155935,-0.210733,-0.164837,-0.210733,0,,,
Cyth3,0,0.0812092,-0.118792,-0.106014,-0.210299,-0.0248089,0.088686,0.112484,-0.0252094,-0.205735,-0.210299,0,,,
Sdf2,0,0.145004,0.135433,0.167431,0.00575066,0.112,0.0833035,0.133089,0.00351715,-0.201157,-0.201157,0,,,
Ubac2,0,0.135349,-0.0886478,-0.19681,0.00617027,-0.163399,-0.057476,-0.0162315,-0.00308037,-0.0858498,-0.19681,0,,,
Eif5b,0,0.00476646,-0.0065403,-0.0831699,-0.0185318,-0.0901794,-0.0222034,0.0494957,0.115383,-0.195105,-0.195105,0,,,
Prdx2,0,0.00276375,-0.194592,-0.000249863,-0.109236,0.0377312,0.090292,0.12566,0.141668,-0.0662785,-0.194592,0,,,
Poldip2,0,-0.194557,-0.0863132,0.0563965,-0.020256,0.103943,-0.0344105,-0.0301952,-0.0460854,0.0936623,-0.194557,0,,,
Ensa,0,-0.105377,-0.0812569,-0.0610199,-0.18862,-0.167913,-0.0667095,0.0394516,0.0307369,-0.116827,-0.18862,0,,,
Aco1,0,-0.17487,-0.186821,-0.0762405,0.0385418,-0.0220604,0.0927505,0.132652,-0.00157547,-0.0295277,-0.186821,0,,,
Rab11b,0,0.0251675,-0.183563,-0.149164,-0.157894,0.103212,0.0164871,0.0603943,0.0687218,0.0870342,-0.183563,0,,,
Actr10,0,-0.0511284,0.103863,-0.111364,-0.109968,-0.182472,-0.12694,0.0675449,0.00304222,-0.0122128,-0.182472,0,,,
Atp2c1,0,-0.0823021,-0.13353,-0.182344,-0.151699,0.0602665,0.0439186,0.121536,0.100153,-0.126961,-0.182344,0,,,
Hnrnpul1,0,-0.122147,-0.171295,0.000593185,-0.17762,0.0449009,-0.00370598,0.0149994,-0.0565834,0.0225067,-0.17762,0,,,
Anks1a,0,-0.155445,-0.0354538,-0.0880241,-0.0028286,-0.176809,-0.119322,0.167551,-0.0418339,0.129694,-0.176809,0,,,
Cdc42,0,-0.109262,-0.173889,0.0355721,-0.1761,0.102043,0.0620995,0.111156,0.0888596,-0.0657063,-0.1761,0,,,
Ggps1,0,-0.165047,-0.0343208,-0.168573,0.01758,-0.0193195,0.0036087,0.110174,0.151661,-0.0124683,-0.168573,0,,,
SEPTIN2,0,-0.168032,-0.148401,-0.0134754,-0.112099,0.105551,0.0430546,0.0758343,-0.00698471,0.112507,-0.168032,0,,,
Cog7,0,0.136343,0.153872,0.124638,0.0564384,-0.0953522,-0.164505,-0.0940723,-0.135965,-0.13973,-0.164505,0,,,
Dnajb9,0,0.0516129,0.153542,0.0426235,-0.0871983,0.0790043,0.0964794,0.138159,-0.0333424,-0.163935,-0.163935,0,,,
Mia2,0,0.0127468,-0.100836,-0.0706768,-0.125286,0.00160027,0.0210323,0.128643,0.0762444,-0.150127,-0.150127,0,,,
Wdr44,0,-0.0960312,-0.0706005,-0.141726,-0.144859,-0.0532131,0.0429516,0.13365,0.114,0.0895462,-0.144859,0,,,
Preb,0,0.00465965,-0.0749702,-0.0301762,-0.142302,0.0625324,-0.02808,0.00981522,-0.0534134,-0.0261097,-0.142302,0,,,
Bag5,0,-0.0372429,0.0321198,0.0540276,0.0737267,-0.0483856,-0.0782642,0.0418739,-0.00949669,-0.140518,-0.140518,0,,,
Atp13a1,0,-0.135735,-0.0895977,-0.0717068,-0.0794468,0.00634003,0.123892,0.127947,0.0934601,0.0251617,-0.135735,0,,,
Otub1,0,-0.132931,0.0465775,0.0581837,-0.0744591,0.0194435,-0.0530987,-0.117949,-0.0778065,0.00815773,-0.132931,0,,,
Ttll12,0,-0.0082531,-0.00108147,-0.0413513,-0.0071125,-0.109156,0.084837,0.0518456,0.0306511,0.0120449,-0.109156,0,,,
Vta1,0,0.088253,-0.10721,-0.0510483,-0.0929279,-0.085331,0.0218067,-0.0491161,0.0835133,0.00244904,-0.10721,0,,,
Faf2,0,-0.0107441,0.0274277,-0.0288582,-0.0343342,-0.000528336,-0.0315704,-0.0416374,-0.072361,-0.100914,-0.100914,0,,,
Poglut1,0,-0.0625267,-0.00779724,-0.0257683,-0.0162811,-0.000961304,0.0181694,-0.0471592,-0.0584068,-0.0880318,-0.0880318,0,,,
Pik3r4,0,0.116669,-0.100628,-0.064497,0.0370445,0.083353,-0.00938416,-0.104282,-0.0239735,0.0777321,0.116669,0,,,
Tm9sf4,0,0.0248756,0.124807,0.0479488,0.125963,0.102598,0.118122,0.117085,-0.0470448,-0.0120754,0.125963,0,,,
Obfc1,0,-0.033823,-0.0743713,-0.00998878,0.0283413,0.132042,-0.00174713,-0.0549126,-0.0793571,-0.0831032,0.132042,0,,,
Psmd5,0,-0.00778961,0.0929565,0.13245,0.0335655,0.131817,-0.0268478,-0.085968,-0.0667477,-0.0854549,0.13245,0,,,
Clasp2,0,-0.0733986,-0.0410252,0.00614929,-0.035675,0.0307961,-0.0218296,-0.068821,0.015749,0.132706,0.132706,0,,,
Glod4,0,-0.0464382,-0.0355282,0.00123787,-0.0556469,0.123247,0.000875473,0.0847816,0.136204,0.122648,0.136204,0,,,
Picalm,0,0.107937,0.135941,-0.0508842,0.152962,-0.0083828,-0.0145435,0.106207,0.00542831,-0.0724239,0.152962,0,,,
Clta,0,-0.0285664,0.0411472,0.00621986,0.151167,-0.0867996,-0.0974617,-0.0689564,-0.0639095,0.162994,0.162994,0,,,
Zdhhc17,0,0.10754,0.106562,0.0181293,0.165136,0.0187664,0.112642,0.0259781,0.0352726,-0.156971,0.165136,0,,,
Pi4kb,0,0.165449,0.166782,0.0966797,0.128538,0.0527916,-0.106794,0.0221233,-0.139742,-0.149275,0.166782,0,,,
Col4a3bp,0,0.0375156,-0.10461,-0.0330048,-0.125378,-0.00595856,0.0833244,0.167183,-0.075098,0.114788,0.167183,0,,,
Pdzd8,0,0.0807381,0.110003,0.0402832,-0.0556698,-0.132889,0.0301743,0.168142,0.00825882,-0.163446,0.168142,0,,,
Cltc,0,0.0368061,-0.0531654,0.00624466,0.173405,-0.089098,0.0257206,-0.0281258,0.0296955,0.0269413,0.173405,0,,,
C2orf43,0,-0.13858,-0.0746994,-0.0468025,-0.168301,0.0696278,0.141726,0.174871,0.0317459,0.134207,0.174871,0,,,
Crkl,0,-0.00408363,0.0669003,0.164877,-0.0209389,0.0488758,0.0720158,0.10187,0.120661,0.176058,0.176058,0,,,
Ktn1,0,-0.0351372,0.0435276,0.167067,0.139656,0.179869,0.154913,0.165869,-0.00600624,-0.0930595,0.179869,0,,,
Stt3b,0,-0.0220699,0.181181,0.039938,0.09161,0.161865,0.177847,0.0721645,0.00431633,0.153893,0.181181,0,,,
Osbpl9,0,0.0163364,0.118444,0.114025,0.0880909,0.0332966,0.0572968,0.184317,0.103014,0.0363998,0.184317,0,,,
Golga5,0,0.0697517,0.0905972,-0.0461273,0.033884,-0.183878,-0.0848408,0.188074,-0.00839806,-0.143473,0.188074,0,,,
Dctn2,0,-8.96E-05,0.0699215,-0.0592937,0.0082798,-0.093544,0.0139656,0.188618,0.0527706,0.0284748,0.188618,0,,,
Rab3gap1,0,0.192509,0.184555,-0.0419483,0.0273457,-0.168713,-0.0483398,-0.0306129,0.0929317,0.147558,0.192509,0,,,
Fnta,0,0.0415096,-0.0109634,0.0644341,0.110773,0.189507,0.196829,0.152258,0.0777435,0.0783329,0.196829,0,,,
Cog1,0,0.188822,0.197611,0.13847,0.153692,-0.0182114,0.0020256,-0.0802708,-0.0506077,-0.068203,0.197611,0,,,
Arhgap5,0,-0.061739,0.100872,0.123596,0.0915108,0.0776081,-0.088995,0.198215,-0.057539,0.189327,0.198215,0,,,
Me1,0,-0.0062027,0.0443726,0.0661564,0.201921,0.0744076,0.143858,0.185768,0.0396557,0.0338402,0.201921,0,,,
Ywhae,0,-0.0219173,-0.109179,0.0424118,-0.143913,-0.0172729,0.10902,0.201981,0.16785,-0.00422287,0.201981,0,,,
Dpm1,0,-0.0351925,-0.023819,-0.147612,-0.0768833,-0.0776501,0.122576,0.154291,-0.0376892,0.208282,0.208282,0,,,
Tns3,0,0.0428658,-0.184664,-0.191809,0.0497971,-0.074646,-0.0440025,0.0633411,0.209248,-0.102697,0.209248,0,,,
Exoc7,0,0.20381,0.21067,0.125914,0.162254,0.0872841,0.0843601,0.1567,0.0640583,0.055418,0.21067,0,,,
Rsu1,0,0.137186,0.212763,0.0892105,-0.152365,-0.00499916,-0.146608,-0.0802708,-0.157976,-0.154707,0.212763,0,,,
Cyhr1,0,0.158362,-0.0556383,0.131644,-0.156175,0.213666,-0.124471,0.122705,0.0259571,0.0210924,0.213666,0,,,
Lmbrd2,0,0.0728474,-0.0990677,-0.136696,-0.167179,0.0488205,-0.170769,0.0134544,0.216337,0.178801,0.216337,0,,,
Capzb,0,-0.187786,-0.0478249,-0.148857,0.0705738,0.130098,0.21751,0.133821,0.0212746,0.194365,0.21751,0,,,
Rab28,0,-0.177168,-0.0275269,0.222116,0.0198288,0.122707,0.167963,-0.0330029,-0.0544472,0.113819,0.222116,0,,,
Tsg101,0,-0.0953865,0.097929,0.0481491,0.0934219,0.00273705,0.0813847,0.22444,0.143713,0.00752068,0.22444,0,,,
Capza2,0,-0.113043,-0.0434265,-0.0269394,-0.0111923,0.0765343,0.133062,0.225716,0.100224,0.160292,0.225716,0,,,
Fuk,0,-0.0127678,0.153685,0.225559,0.229292,0.0863972,0.00165939,0.174448,0.11964,0.0976009,0.229292,0,,,
Ppp2r4,0,-0.0234051,-0.170094,0.00510788,-0.0731525,-0.0779629,0.0790138,0.230175,0.180435,-0.0337276,0.230175,0,,,
Eps15l1,0,0.0327892,-0.183281,-0.0797825,0.0348969,0.232059,0.178455,0.177574,0.207108,0.0378113,0.232059,0,,,
Magt1,0,0.00959206,0.232893,0.223059,0.227217,0.0501938,0.0081501,-0.0609016,-0.0969868,0.187042,0.232893,0,,,
Rock2,0,-0.0617714,-0.0974579,-0.144178,-0.0387001,-0.0846596,0.114445,0.226582,0.233402,-0.0336342,0.233402,0,,,
Tmem57,0,-0.0933056,0.234804,0.146452,0.0436459,-0.0504398,-0.180534,0.0394173,-0.176727,-0.0134068,0.234804,0,,,
Rpap1,0,-0.175486,-0.0157166,0.0138531,-0.0434227,0.167816,0.03232,-0.0220528,-0.0209255,0.236061,0.236061,0,,,
Pofut1,0,-0.09519,0.0245056,-0.0154076,-0.0113773,0.0930519,0.0310192,-0.0707893,-0.000114441,0.237137,0.237137,0,,,
Grhpr,0,0.0835972,0.158522,0.0422955,0.238771,0.176291,0.117569,-0.0157661,0.0322666,0.172413,0.238771,0,,,
Extl3,0,-0.148342,0.148611,0.0916424,0.0354519,0.0744629,0.0724506,0.239424,-0.0261345,0.153603,0.239424,0,,,
Selh,0,0.048296,0.0245419,0.155907,-0.15143,0.120584,0.239548,-0.167685,0.0127964,0.0878181,0.239548,0,,,
Dclk2,0,0.157011,0.0498734,0.183798,0.196537,0.165197,0.0891094,0.240047,0.169136,-0.0897522,0.240047,0,,,
Rab6a,0,0.234886,-0.043869,0.240351,-0.125896,0.149073,0.0848236,0.0391655,0.0830345,0.12677,0.240351,0,,,
Ap1m1,0,0.143066,0.120287,0.241726,-0.0276413,0.0334148,0.0318165,0.0353508,-0.0293732,-0.0599403,0.241726,0,,,
Dhrsx,0,0.117929,0.112783,0.111881,0.243431,0.072258,0.0868568,0.0092659,0.161711,-0.0719318,0.243431,0,,,
Itga5,0,0.245602,0.21657,0.204693,0.243877,0.183037,-0.0195656,-0.104261,-0.160633,0.0343838,0.245602,0,,,
Tkt,0,0.0690632,-0.0428486,0.17231,0.0153885,0.0609608,0.0813789,0.245638,0.0800304,-0.067215,0.245638,0,,,
Nomo1,0,0.143633,-0.0519848,0.00528908,-0.0650005,0.248684,0.0781822,0.0604572,0.0601635,0.135612,0.248684,0,,,
Slc33a1,0,0.177719,0.0717754,-0.0515118,0.174099,0.0467453,0.0438881,0.121683,0.194378,0.248852,0.248852,0,,,
Golga1,0,0.0929756,-0.0387707,-0.0723248,0.166994,0.186138,0.222767,0.25033,0.0903053,0.113319,0.25033,0,,,
Arxes2,0,-0.127357,-0.123831,-0.0520515,0.0794392,0.0494099,0.18461,0.25136,0.180872,0.197498,0.25136,0,,,
Mrpl55,0,-0.00281334,-0.141094,-0.0853996,0.109869,0.254389,0.0419292,-0.0442219,-0.116877,0.22031,0.254389,0,,,
Twf2,0,-0.00222588,0.255766,-0.00956917,0.0648212,-0.069561,-0.00443649,0.103842,0.00821686,-0.106337,0.255766,0,,,
Cttn,0,0.0937843,-0.0143433,-0.0799351,0.0425491,0.101057,0.255993,0.125645,0.012434,0.108126,0.255993,0,,,
Cog2,0,0.256342,0.219812,0.11783,-0.0763226,-0.0903645,-0.120718,0.0748844,-0.0602188,-0.202801,0.256342,0,,,
Grpel1,0,0.0473175,-0.24514,-0.0898323,-0.166996,0.0141068,-0.153416,-0.252697,0.185995,0.256741,0.256741,0,,,
Trappc3,0,0.14653,0.170938,0.219995,0.155607,0.0945759,0.185141,0.215637,0.257868,0.168669,0.257868,0,,,
Smarcc2,0,-0.0965843,0.140995,0.0855732,0.149158,0.257915,0.144955,0.177895,0.0510712,-0.0404739,0.257915,0,,,
Tmx3,0,-0.128342,0.260221,0.10084,0.105511,0.0180206,-0.0746689,0.0319881,-0.112299,-0.0781555,0.260221,0,,,
Gpaa1,0,-0.0286465,0.216145,0.0765705,0.135969,0.26231,0.0479374,0.100582,0.00854111,0.129126,0.26231,0,,,
Exoc5,0,0.111227,0.262997,0.10573,0.119335,-0.0783787,0.0391026,0.0832348,-0.151682,-0.000730515,0.262997,0,,,
Vamp7,0,-0.0102005,-0.16976,-0.242987,-0.00160027,0.00639725,-0.0251789,0.166077,0.262877,0.264265,0.264265,0,,,
Stx12,0,-0.221464,-0.178913,-0.0783482,-0.034853,-0.0657291,-0.0231209,0.21755,0.265051,0.221642,0.265051,0,,,
Ppme1,0,0.12088,-0.0206833,0.0260429,0.0116348,-0.147886,0.0413494,0.0591545,0.265629,-0.118036,0.265629,0,,,
Uba3,0,-0.189981,-0.18321,-0.118814,0.0598049,0.168392,0.00949478,0.193941,0.266994,0.202688,0.266994,0,,,
Wdfy3,0,0.0561047,0.0154018,-0.00770569,0.128183,-0.0471745,0.09828,0.0544758,0.168722,0.267141,0.267141,0,,,
Arhgef1,0,-0.0149612,0.270794,0.113239,0.108528,0.0267086,0.0328979,0.170362,0.0378819,0.108385,0.270794,0,,,
Alg2,0,0.0553856,0.271914,0.0704842,0.0966854,0.0768127,-0.120398,-0.0505199,0.0193729,-0.0966034,0.271914,0,,,
Ufsp2,0,0.0822563,0.0609684,-0.0377636,-0.0468998,-0.0315762,0.164345,0.254984,0.177916,0.272289,0.272289,0,,,
Mapre1,0,-0.0811653,-0.0323696,0.106773,-0.0861835,0.0658817,0.137014,0.273411,0.0045948,-0.0308685,0.273411,0,,,
Mlec,0,-0.0480518,-0.0591278,0.0828094,-0.0468922,0.273867,0.220686,0.112028,-0.0857735,-0.0249672,0.273867,0,,,
Ap2a2,0,-0.168009,0.0255413,0.0427055,0.276129,0.0942383,0.178896,0.0912914,0.00041008,0.0786209,0.276129,0,,,
Armcx2,0,0.129482,0.276646,0.0134468,0.0660725,-0.114552,-0.267906,-0.0216923,-0.1415,-0.0502491,0.276646,0,,,
Chmp2a,0,-0.0770435,0.221121,0.181446,0.027071,-0.000432968,0.0115757,0.278463,0.0612164,-0.132442,0.278463,0,,,
Il18,0,-0.0592947,-0.14336,0.213993,0.279076,-0.115507,0.127821,0.10549,0.0247173,0.210185,0.279076,0,,,
Myh14,0,0.220333,0.0893078,0.169636,-0.159328,0.125296,0.0477619,0.0624542,-0.053257,0.281384,0.281384,0,,,
Ocrl,0,-0.182777,0.080286,0.0761909,0.280563,0.0168171,0.114359,-0.0677834,0.0826092,0.281731,0.281731,0,,,
Fkbp8,0,-0.126925,0.0894127,0.0883312,0.157957,0.235847,0.243294,0.231588,0.159176,0.282701,0.282701,0,,,
Nek9,0,0.14225,0.177485,0.202408,0.135408,0.151731,0.284014,0.245975,0.180552,0.0631618,0.284014,0,,,
Atxn1l,0,-0.0945473,0.170444,0.285038,0.247208,0.127167,0.101225,0.194448,-0.128309,0.0771179,0.285038,0,,,
Ptpn23,0,0.0324001,-0.0625534,-0.0337849,-0.0207958,0.142946,0.192265,0.209635,0.285395,0.160477,0.285395,0,,,
Dpysl2,0,0.285446,0.137688,0.159687,0.134598,0.208805,0.0787659,0.137796,0.0930557,-0.127785,0.285446,0,,,
Sacm1l,0,0.285465,0.27593,-0.000886917,-0.0112286,-0.185066,-0.0260277,0.18465,0.279591,0.101133,0.285465,0,,,
Cul5,0,-0.106859,-0.002388,0.159647,0.180559,0.0399837,0.0920429,-0.0711536,-0.0342865,0.287321,0.287321,0,,,
Map2k4,0,0.288486,0.15909,0.116016,0.157059,-0.0341492,0.181385,0.151379,0.120686,-0.157879,0.288486,0,,,
Erp44,0,0.0146275,0.217512,0.236818,0.288687,0.254477,0.190838,0.10989,-0.0320549,-0.0999241,0.288687,0,,,
Ppia,0,0.0838375,0.157349,0.288834,-0.208731,-0.138264,0.0685368,0.0515366,0.202408,-0.238579,0.288834,0,,,
Scrn3,0,-0.0254459,0.0726166,0.135798,0.10676,0.237253,0.224709,0.202784,0.140347,0.289663,0.289663,0,,,
Terf2ip,0,-0.0842743,0.0696182,-0.174746,0.142918,0.127762,-0.206446,0.143204,0.0263939,0.289724,0.289724,0,,,
Dctn1,0,0.118093,0.193764,0.0481052,-0.0448589,-0.0124893,0.0103607,0.28985,0.248463,0.0469208,0.28985,0,,,
Srpk2,0,0.182192,0.292219,0.107893,0.0120792,-0.137136,-0.00205994,0.0616264,0.0633011,-0.217413,0.292219,0,,,
Mrpl46,0,0.179163,-0.219152,-0.0166931,0.0656509,0.217611,-0.012846,-0.00716591,0.182528,0.294014,0.294014,0,,,
Pggt1b,0,0.0993099,0.263702,0.171391,0.227985,0.138783,0.294451,0.222715,0.128378,-0.024786,0.294451,0,,,
Mpp5,0,0.153372,0.0302238,0.0220432,-0.0689373,0.153381,0.0908089,0.29491,0.114338,0.180937,0.29491,0,,,
Emc1,0,-0.00625038,-0.0903587,-0.0322399,0.0839024,0.195272,0.217331,0.285582,0.268934,0.294943,0.294943,0,,,
Rbsn,0,-0.0154495,0.021286,0.0646152,0.172665,0.174809,0.241467,0.238079,0.227978,0.295465,0.295465,0,,,
Trmt11,0,0.296643,0.105954,-0.117006,-0.135674,0.138034,-0.108406,-0.0475397,0.223131,-0.107253,0.296643,0,,,
Ssbp1,0,0.216063,-0.194532,0.0342026,-0.101896,0.161964,0.0270939,0.00194931,0.22086,0.299046,0.299046,0,,,
Pla2g6,0,-0.208355,0.299833,0.0301399,0.107271,-0.116634,0.0864258,0.0837097,-0.178797,-0.0688972,0.299833,0,,,
L7rn6,0,-0.243574,-0.0274086,-0.00896645,0.0454998,0.287991,0.299995,0.0935688,0.187561,0.045639,0.299995,0,,,
Mtdh,0,-0.0495224,0.0557899,0.0732746,-0.0453339,-0.0592327,0.00684738,0.300461,0.0745716,-0.252979,0.300461,0,,,
Chmp5,0,0.0391254,-0.254717,-0.0659008,-0.234539,-0.163578,0.0768013,0.166826,-0.07304,0.300848,0.300848,0,,,
Rptor,0,0.155466,0.109716,-0.11388,0.216194,-0.291378,0.30109,0.168058,0.0647793,-0.0289536,0.30109,0,,,
Park7,0,-0.198505,-0.0192432,0.124643,-0.0278416,0.0208778,0.24044,0.162516,0.291822,0.301535,0.301535,0,,,
Heatr5b,0,0.153625,0.0186214,-0.0420055,0.0948067,-0.0163174,0.113291,0.301714,0.169031,0.124445,0.301714,0,,,
Armc6,0,0.30308,0.147333,0.0103455,0.16684,-0.224089,0.137087,-0.0105419,0.13681,0.273466,0.30308,0,,,
Rnpep,0,0.00602722,-0.177488,-0.0224094,-0.0636177,-0.105469,0.303087,0.18755,0.0875378,-0.0793324,0.303087,0,,,
Vapb,0,-0.210382,-0.254913,-0.291002,-0.290302,-0.122696,-0.0226955,0.179659,0.266113,0.304205,0.304205,0,,,
Ppcs,0,0.17695,0.215298,0.223299,0.305647,0.112967,0.193031,0.110416,0.104996,-0.0465107,0.305647,0,,,
Cdc42bpb,0,0.249701,0.252249,0.242649,0.306265,0.241339,0.109148,0.0710773,-0.0854301,-0.125307,0.306265,0,,,
Cacnb2;Cacnb3;Cacnb4;Cacnb1,0,-0.107727,0.306497,0.244308,0.0566463,0.114072,0.123167,0.00391865,-0.0578041,-0.009408,0.306497,0,,,
Cog8,0,0.0985985,0.174332,0.199738,0.0625038,0.048399,0.04352,0.251858,0.307255,-0.150856,0.307255,0,,,
Dctn4,0,0.145092,0.0174084,-0.0283127,-0.119724,-0.108982,0.111797,0.168863,0.309034,0.0156612,0.309034,0,,,
Ppp2r5e,0,-0.211779,-0.0487556,-0.194355,-0.102373,-0.145477,0.190296,0.239428,0.208935,0.309748,0.309748,0,,,
Brd7,0,0.273766,0.312662,0.0788879,0.136694,-0.105406,-0.0907784,-0.252335,-0.0358276,-0.245934,0.312662,0,,,
Ppp2r2d,0,-0.182428,-0.132704,-7.63E-06,0.241848,0.0895557,0.133707,0.313002,0.0425415,0.160418,0.313002,0,,,
Trappc6b,0,-0.245644,-0.0713596,0.0633488,0.196144,0.157917,0.214609,0.151649,0.0888443,0.314516,0.314516,0,,,
Ncaph,0,0.115911,0.296711,0.167751,0.169895,0.263102,0.314793,0.151033,0.144157,0.2488,0.314793,0,,,
Cndp2,0,-0.0322628,0.157597,0.271694,0.315821,0.254768,0.30477,0.292595,0.288023,0.185081,0.315821,0,,,
Aup1,0,0.190901,0.316713,-0.00422478,0.0821762,0.0248756,-0.00747871,-0.0416145,-0.0945129,-0.186298,0.316713,0,,,
Tmed2,0,0.0896664,0.160406,0.318207,0.255142,0.254612,0.156101,-0.265669,-0.184177,-0.0136108,0.318207,0,,,
Npepps,0,-0.113798,0.107477,0.234819,0.179304,0.272852,0.208359,0.318733,0.24859,0.284121,0.318733,0,,,
MARCHF5,0,-0.132399,-0.166399,-0.0858574,0.289736,0.318747,0.0426865,-0.273417,-0.0627251,0.290495,0.318747,0,,,
Trappc9,0,-0.113512,0.0814819,0.0893459,0.15987,0.0995464,0.192293,0.319227,0.202103,0.177277,0.319227,0,,,
Rgl3,0,0.192963,0.188261,0.321585,0.0104218,0.0646191,0.174833,0.048624,0.0642071,-0.0104561,0.321585,0,,,
Tcp11l1,0,0.0780544,0.136984,0.321737,-0.0821133,0.193624,0.101023,0.101522,0.246773,0.314924,0.321737,0,,,
Ago2,0,-0.256121,-0.238567,0.0017395,-0.0645218,0.0639801,0.0792141,0.19607,0.188784,0.321739,0.321739,0,,,
Pgrmc1,0,-0.196135,0.127766,0.280903,-0.0149117,0.261829,0.0312214,0.209284,-0.0457935,0.321959,0.321959,0,,,
Prdx1,0,0.103422,-0.104645,-0.0103607,0.0409489,0.0618534,0.258883,0.322149,0.255239,0.0101223,0.322149,0,,,
Mrpl37,0,-0.142883,-0.138229,0.00178337,0.111847,0.302166,0.15527,0.161402,0.180332,0.322546,0.322546,0,,,
Pde6d,0,0.298376,-0.132754,0.324099,-0.247299,-0.282531,-0.00426769,0.116105,0.0841131,-0.267744,0.324099,0,,,
Mrpl4,0,-0.259655,-0.289404,-0.145695,-0.0935898,0.0999908,-0.0943279,-0.0881119,0.0692387,0.324423,0.324423,0,,,
Sec31a,0,0.166498,0.325405,0.304636,0.197853,0.123665,0.0484543,-0.027586,-0.205881,-0.273781,0.325405,0,,,
Lipa,0,-0.102453,0.0459938,0.00898552,-0.213694,-0.151978,-0.0944862,-0.0797958,0.0074234,0.325787,0.325787,0,,,
Stx5,0,0.326395,0.217447,0.182125,-0.00193214,-0.0275898,0.112656,0.0268841,0.047081,-0.150183,0.326395,0,,,
Ap2b1,0,-0.0289001,0.139914,0.160522,0.326401,0.20245,0.173025,0.116514,-0.0112534,0.0914421,0.326401,0,,,
Rdh11,0,0.326591,0.095583,-0.122507,-0.307163,-0.274252,-0.266333,0.254622,-0.23686,-0.311207,0.326591,0,,,
Vps28,0,0.112669,-0.118858,-0.155979,-0.157902,-0.0372963,-0.0218639,-0.0343876,0.328306,0.106995,0.328306,0,,,
Osbp,0,0.12804,0.232201,0.15423,0.173716,0.133434,0.179728,0.328344,0.182402,0.100529,0.328344,0,,,
Scyl2,0,-0.324759,0.0996418,0.331327,0.152472,0.257368,-0.023632,0.0543041,-0.167459,-0.298969,0.331327,0,,,
Cog3,0,0.128595,0.33256,0.233776,0.107388,-0.0263004,0.0155201,0.0589943,-0.0528717,-0.0949764,0.33256,0,,,
Rogdi,0,0.312175,0.173118,0.0833483,-0.0520868,0.0857754,0.22522,0.267524,0.332854,0.00813675,0.332854,0,,,
Rela,0,0.236542,0.174213,0.13479,0.120476,0.230467,0.0532417,0.12784,0.261183,0.332918,0.332918,0,,,
Fadd,0,-0.115331,0.11647,0.0774431,0.333783,0.0392551,0.322335,0.150703,0.173647,0.194316,0.333783,0,,,
Mrpl9,0,-0.329592,-0.0996075,-0.0831509,0.0958729,0.17304,0.0354786,-0.219025,0.0271893,0.335173,0.335173,0,,,
Bola2,0,-0.326733,-0.0578594,-0.0497036,0.162207,-0.0115719,-0.109262,-0.068924,-0.155228,0.335382,0.335382,0,,,
Herc4,0,-0.107355,0.0435028,0.0243378,0.152742,0.00382423,0.304586,-0.0204792,0.121479,0.335863,0.335863,0,,,
Pter,0,-0.0764675,0.14253,0.176954,0.239294,0.337698,0.243,0.12751,0.145647,-0.0827389,0.337698,0,,,
Mgea5,0,-0.0141296,-0.0308723,-0.0246468,-0.235054,0.101252,0.0956135,0.130539,0.070734,0.338417,0.338417,0,,,
Sh3bp1,0,0.339916,-0.0292568,-0.0935955,0.162529,-0.007967,0.148949,-0.0591469,0.158686,-0.0736752,0.339916,0,,,
Rheb,0,-0.0543232,-0.23358,-0.19026,-0.181068,0.0109901,0.0605564,0.340553,0.183107,0.0684948,0.340553,0,,,
Rab5c,0,0.182972,-0.222437,-0.0110588,-0.0551033,0.190659,0.341198,0.28252,0.325142,0.300268,0.341198,0,,,
Ppp1cb,0,0.341928,0.0655251,0.163727,-0.175602,0.197559,0.140207,0.186306,0.190689,0.152475,0.341928,0,,,
Gosr1,0,0.149221,0.342041,0.038702,0.264889,0.111404,0.132671,0.0515118,0.0574532,0.227062,0.342041,0,,,
Pi4k2a,0,0.064642,0.0808601,0.162798,0.344189,0.11532,0.11355,0.206814,0.325581,0.33671,0.344189,0,,,
Strbp,0,-0.116075,0.267325,-0.0316267,0.34422,-0.156459,-0.188087,-0.119678,0.0385542,-0.00496006,0.34422,0,,,
Gadd45gip1,0,-0.278614,-0.219322,-0.0945969,-0.191977,0.311806,0.071043,0.289768,0.344618,0.187317,0.344618,0,,,
Ube2v2,0,-0.101694,-0.0288143,0.320269,-0.0120811,-0.0313797,0.0288277,0.34506,0.280741,-0.033577,0.34506,0,,,
Mcts1,0,-0.121284,-0.225119,-0.0266094,0.0241795,0.0554829,0.322498,0.34527,0.247324,0.105612,0.34527,0,,,
Ankrd13d,0,0.280395,0.277256,0.284025,0.284069,0.213372,0.345631,0.173789,-0.0651035,0.285723,0.345631,0,,,
Ppp1r12c,0,0.0488777,-0.212082,-0.271061,0.0389175,0.0331726,0.111752,0.322615,0.346479,0.191584,0.346479,0,,,
Praf2,0,0.232166,0.253941,0.221447,0.346521,0.0299053,0.125301,0.0193901,0.198515,-0.156364,0.346521,0,,,
Arhgap32,0,-0.242401,0.00747299,0.19191,0.19198,0.347029,0.00943565,0.239475,0.322943,0.279205,0.347029,0,,,
Brox,0,-0.0150471,0.103106,0.281958,-0.0399113,0.16905,0.331944,0.253036,0.24754,0.347105,0.347105,0,,,
Vapa,0,0.0872383,0.347214,0.228964,0.193844,0.312805,0.0949497,0.229843,0.165234,0.0941544,0.347214,0,,,
Ric8a,0,-0.155621,0.035984,-0.0996323,-0.0892792,0.0757065,0.0936184,0.0287342,-0.260019,0.347628,0.347628,0,,,
Snx15,0,0.347752,-0.0361195,0.105,-0.229496,0.20167,0.110582,0.211987,0.320984,-0.0165558,0.347752,0,,,
Syne2,0,-0.18248,0.173046,0.286249,0.241289,0.290379,0.264614,0.348366,0.217653,0.180099,0.348366,0,,,
Dnpep,0,0.348492,0.182676,0.241705,-0.117746,-0.0141773,-0.031086,-0.102026,-0.121542,-0.262436,0.348492,0,,,
Mrpl23,0,-0.339182,-0.173376,-0.00106049,0.120564,0.196611,-0.10836,-0.150152,0.0635052,0.348509,0.348509,0,,,
Lrch3,0,0.348557,-0.0378284,-0.129431,0.128254,0.0792885,0.0969067,0.215899,-0.00596809,0.205191,0.348557,0,,,
Fer,0,-0.297918,0.223597,0.286455,0.286783,0.34972,0.192944,0.213839,0.059412,0.0271378,0.34972,0,,,
Zan,0,0.054287,0.050602,0.0634708,0.176716,-0.124638,0.27965,0.201506,0.350906,0.304451,0.350906,0,,,
Plekhf2,0,0.238136,0.353481,0.0169258,0.226133,0.00940895,0.168921,0.0118084,0.0830002,0.0368786,0.353481,0,,,
Fam134a,0,0.35463,-0.128716,-0.153675,-0.146027,0.0441856,-0.0780411,0.0704441,0.240187,0.125391,0.35463,0,,,
Lnpep,0,0.0136909,0.14897,0.136009,0.24477,0.0816708,0.0547543,-0.23456,-0.0585442,0.354797,0.354797,0,,,
Nsun4,0,0.0639248,-0.335091,-0.153353,-0.0417538,0.309582,0.0198669,0.0887547,0.31793,0.355017,0.355017,0,,,
Gclm,0,0.198145,0.00447464,-0.00785446,0.0504436,0.250511,0.355087,0.139732,0.214098,0.281906,0.355087,0,,,
Gorasp2,0,-0.124487,0.253242,0.356873,0.323887,0.13377,-0.0269985,-0.162842,-0.35391,-0.311993,0.356873,0,,,
Fmr1,0,0.0613575,0.327879,0.357813,0.170938,0.0562668,-0.0605583,0.135866,0.00814247,-0.225674,0.357813,0,,,
Mon2,0,0.189587,0.358433,0.340487,0.351034,0.0678844,0.301519,0.316614,0.10187,0.117439,0.358433,0,,,
Cyb5r3,0,0.191422,0.358509,0.275127,0.23093,0.34383,0.223602,-0.0607758,-0.00502586,-0.0111847,0.358509,0,,,
SEPTIN5,0,0.360697,0.201166,0.113121,-0.195477,0.0830059,-0.19099,-0.269899,-0.345844,-0.324949,0.360697,0,,,
Trappc2l,0,0.361983,-0.204625,-0.131207,-0.122565,0.0396929,0.0823088,0.0393114,0.217488,-0.0477495,0.361983,0,,,
Pithd1,0,-0.243132,-0.239635,-0.162113,-0.143183,-0.170561,0.0479565,0.363173,0.301964,0.259605,0.363173,0,,,
Vps37a,0,-0.0246582,0.364017,-0.0273724,0.185949,0.0181446,0.00985146,-0.0813675,0.130836,-0.00641441,0.364017,0,,,
Chmp4b,0,0.175594,0.364035,0.123875,0.0725212,-0.0586395,-0.0181637,0.0485821,-0.201481,0.00525856,0.364035,0,,,
Phlpp1,0,0.339523,0.248051,0.0860634,0.169466,0.120079,0.238626,0.364315,0.273533,0.192856,0.364315,0,,,
Pdxdc1,0,0.172583,0.365305,0.259579,0.223911,0.0849285,-0.0222664,0.0205688,-0.137728,-0.181084,0.365305,0,,,
Ap3m1,0,-0.100201,-0.10918,-0.102806,0.114357,0.210552,0.206329,0.36561,0.275124,0.359035,0.36561,0,,,
Fundc2,0,-0.178881,-0.10918,-0.0506878,-0.0728054,0.191509,0.086256,0.184883,0.362946,0.366386,0.366386,0,,,
Zer1,0,0.24297,0.12784,0.0650024,0.17819,0.107067,0.255716,-0.0766029,0.0959492,0.366486,0.366486,0,,,
Arf1;Arf3,0,0.0210114,0.104916,0.367035,0.00453949,0.132282,0.0587864,0.110781,0.132563,-0.0588493,0.367035,0,,,
Arl3,0,0.350534,-0.00498199,0.119846,0.103073,0.149401,-0.0357971,0.182526,0.367474,-0.142336,0.367474,0,,,
Gria3,0,-0.213142,0.0823822,0.0105801,0.294039,-0.0115814,8.77E-05,0.0595512,0.367517,0.336151,0.367517,0,,,
Rassf2,0,0.368855,0.225838,0.2897,0.188269,0.120255,0.300377,0.255728,0.228592,0.132694,0.368855,0,,,
Fam114a2,0,0.152231,0.0362263,-0.0756512,-0.0633793,-0.104548,-0.0312443,0.369463,0.148693,-0.112726,0.369463,0,,,
Golga3,0,0.370453,0.119246,-0.142607,-0.0761433,-0.172087,-0.198292,0.0687714,-0.125299,-0.363878,0.370453,0,,,
C10orf76,0,0.23349,0.315697,0.353914,0.372206,0.343668,0.356207,0.123661,0.192717,0.350998,0.372206,0,,,
Mtpap,0,-0.216618,-0.261782,-0.244066,-0.24761,0.16733,-0.0361691,0.010376,0.33272,0.372871,0.372871,0,,,
Ap3s1,0,0.103767,0.169619,0.332649,0.37327,0.342632,0.306387,0.241613,0.229607,0.167702,0.37327,0,,,
Slc35e1,0,-0.0413303,0.178452,0.111723,0.267126,0.107044,0.100266,0.228249,0.107754,0.374458,0.374458,0,,,
Trappc12,0,-0.0935822,0.19882,0.0967445,0.280914,0.262083,0.326382,0.374538,0.286871,0.366167,0.374538,0,,,
Unc119,0,0.0237675,0.179155,0.374653,0.224466,0.317272,0.133209,-0.0829296,0.0945225,-0.0391502,0.374653,0,,,
Usp19,0,0.25432,-0.270088,-0.163523,-0.0914173,-0.0832405,-0.184175,0.0940437,0.374699,-0.147219,0.374699,0,,,
Rnf14,0,0.134527,0.0154247,0.247196,0.137531,0.22274,0.375126,0.149199,0.356392,0.373554,0.375126,0,,,
Tomm40,0,-0.236372,-0.0516796,-0.0217247,0.146206,0.376337,0.00426102,-0.336695,0.0421562,0.316708,0.376337,0,,,
Ephb3,0,-0.0940399,0.0478134,-0.0770702,0.376339,0.0612164,-0.0361423,0.00180626,0.0241699,0.241203,0.376339,0,,,
Mrpl1,0,-0.341934,-0.337894,-0.174494,-0.126209,0.377293,0.0941257,-0.0526619,0.240248,0.27603,0.377293,0,,,
Esyt2,0,0.247837,0.37755,0.234592,0.185665,-0.00637817,0.0651569,-0.19943,-0.205231,-0.164528,0.37755,0,,,
Mrpl43,0,-0.301773,-0.249943,0.139297,-0.194471,0.0641899,-0.225925,-0.0872688,0.378277,0.194286,0.378277,0,,,
Nck1,0,-0.151983,0.378855,0.310604,0.354748,0.222195,0.0617714,-0.0815334,-0.168825,-0.00761414,0.378855,0,,,
Dock4,0,-0.109873,-0.046629,-0.073473,0.0259533,-0.0118885,0.0738373,-0.0134964,0.0757294,0.381098,0.381098,0,,,
Bpnt1,0,-0.266539,-0.254436,-0.144737,-0.205772,-0.210346,0.0894985,0.217245,0.291477,0.382843,0.382843,0,,,
Spag9,0,0.176146,0.302496,0.23138,0.269815,0.167549,0.196316,0.344788,0.383162,0.226051,0.383162,0,,,
Stoml2,0,-0.249958,-0.355724,-0.214331,-0.109444,0.259754,0.0237904,0.0335922,0.382404,0.383818,0.383818,0,,,
Diablo,0,-0.203262,0.0135612,0.115166,0.128807,0.384195,0.100847,0.100361,-0.120039,0.00217056,0.384195,0,,,
Herpud2,0,0.242771,0.384541,0.238144,0.267822,-0.0311279,0.329319,0.321848,0.0721188,-0.283934,0.384541,0,,,
Phactr4,0,-0.194592,0.0426521,0.00619507,-0.0792904,0.0462799,0.0881653,0.195047,0.10223,0.384655,0.384655,0,,,
Hnrnpul2,0,-0.121796,0.0780754,0.335819,0.385742,0.273739,-0.0500259,-0.0625954,-0.0547009,0.198046,0.385742,0,,,
Tmem230,0,0.386255,0.241402,0.0698776,0.205513,-0.00434113,0.142794,0.0616226,-0.018198,-0.122858,0.386255,0,,,
Mrpl52,0,-0.230509,-0.24938,-0.185429,-0.207487,0.279678,-0.00460052,-0.0800133,0.386265,0.189953,0.386265,0,,,
Tusc3,0,-0.13814,-0.0583706,-0.0587788,0.00630379,0.0984383,-0.0701714,0.38702,0.180357,-0.120834,0.38702,0,,,
Atp6v1g1,0,0.364874,0.151707,0.177839,-0.0926113,0.0831156,0.0686331,0.286745,0.387794,0.157768,0.387794,0,,,
Slc39a7,0,0.147505,0.390455,0.247894,0.0699215,0.30254,0.324018,0.300472,0.357559,-0.124166,0.390455,0,,,
Heatr5a,0,0.09478,0.218697,0.163353,0.368017,0.174145,0.390869,0.290421,0.09132,0.107464,0.390869,0,,,
Akr1e2,0,0.162844,0.113218,0.390898,0.272091,0.286049,0.369692,0.271795,0.187639,0.237808,0.390898,0,,,
Cldnd1,0,0.247581,0.325339,0.332326,0.387667,0.195133,0.234155,0.293569,0.391202,0.220151,0.391202,0,,,
Mrpl57,0,-0.262907,-0.211098,-0.121809,0.097805,0.34104,0.0264645,-0.00153542,0.122841,0.391548,0.391548,0,,,
Idh2,0,-0.293131,-0.191248,0.169346,0.0527706,0.391741,-0.30464,0.0355949,-0.0518436,0.305229,0.391741,0,,,
Klc1,0,0.139023,-0.0464993,-0.0753689,-0.0367966,-0.0516357,0.144089,0.343754,0.391909,0.251911,0.391909,0,,,
Daglb,0,-0.229685,-0.345354,-0.224354,-0.371023,-0.108837,-0.115047,-0.320286,-0.108528,0.392813,0.392813,0,,,
Rabac1,0,0.14488,0.133961,0.0439558,0.1308,0.393026,0.383728,0.233117,0.197878,0.140161,0.393026,0,,,
Tor1aip1,0,-0.17227,-0.341368,-0.39221,-0.258898,-0.0423679,-0.0314064,0.0939674,0.122492,0.394808,0.394808,0,,,
Ikbkg,0,0.214161,0.395113,0.256075,0.2012,-0.0264683,-0.346447,-0.303125,-0.328913,-0.266098,0.395113,0,,,
Tbc1d4,0,0.355517,0.325015,0.155633,0.395282,0.024807,0.0975208,0.0943661,0.0170221,-0.126085,0.395282,0,,,
Zfp37,0,-0.373146,-0.0523453,0.175533,-0.242496,0.395355,-0.0264845,0.153784,0.178106,0.226405,0.395355,0,,,
Ncstn,0,-0.0183773,0.151239,0.065691,0.233303,0.3293,0.204586,0.195829,0.268002,0.395506,0.395506,0,,,
Gak,0,-0.0170631,0.208586,0.189489,0.199669,0.157227,0.22645,0.395929,0.327707,0.20759,0.395929,0,,,
Exoc6b,0,-0.00935364,0.333925,0.208643,0.1388,0.314833,0.136358,0.396299,0.176052,0.188305,0.396299,0,,,
Mrps23,0,-0.358688,-0.320894,-0.322454,-0.369368,0.0270405,-0.202517,-0.19272,0.161486,0.396811,0.396811,0,,,
Tmem126a,0,0.0658188,-0.239273,-0.0554771,-0.106489,0.0588226,-0.154636,-0.215439,0.187895,0.397654,0.397654,0,,,
Msi2,0,-0.203573,-0.11854,-0.0576477,0.0492935,0.07267,0.254662,0.397984,0.301239,0.283918,0.397984,0,,,
Mrpl54,0,-0.389629,0.00200844,-0.0608654,0.0697784,0.398302,0.0390701,0.0464725,0.177355,0.261417,0.398302,0,,,
Ufl1,0,0.399538,-0.0615749,-0.139278,-0.176163,-0.168861,-0.233477,-0.261106,-0.202452,-0.255959,0.399538,0,,,
Setd3,0,-0.0967369,0.271015,0.2318,0.237751,0.11536,0.150928,0.139221,0.154648,0.399778,0.399778,0,,,
Vamp4,0,-0.203346,-0.0647926,-0.0553417,-0.0833187,0.170433,0.240286,0.399925,0.127085,0.00943565,0.399925,0,,,
Arfgap1,0,0.401134,0.0515594,-0.178125,-0.0708847,-0.231434,-0.121561,-0.174635,-0.13426,-0.377781,0.401134,0,,,
Gcc1,0,0.141809,0.401443,0.380232,0.197948,0.148806,0.150404,0.302673,-0.00917435,-0.301731,0.401443,0,,,
Rufy2,0,0.00966644,-0.186012,-0.217279,-0.206932,0.0801182,0.148975,0.377554,0.402031,0.263996,0.402031,0,,,
Slc25a25,0,0.242523,-0.0157413,-0.0589523,-0.0272255,0.077322,-0.140902,-0.126299,0.251583,0.403727,0.403727,0,,,
Hspe1,0,-0.358562,-0.262228,-0.0732002,-0.068264,0.233425,0.00932884,0.035265,0.23884,0.403791,0.403791,0,,,
Adal,0,0.158157,0.0502796,0.19784,-0.0351257,-0.0330276,0.172609,0.297411,0.40407,0.172363,0.40407,0,,,
Smarcd3,0,0.108768,0.267229,0.197435,0.404455,0.317553,0.240757,0.330627,0.200708,0.168222,0.404455,0,,,
Mkrn2,0,0.0481758,0.0775738,0.320478,-0.0537357,0.326313,0.261787,0.379406,0.179199,0.404707,0.404707,0,,,
Sec13,0,0.293629,0.354612,0.405106,0.281603,0.165613,0.265139,0.204203,0.0193577,-0.176294,0.405106,0,,,
Mrpl48,0,-0.0574341,0.0441227,0.128202,0.169931,0.407116,0.243801,0.219051,0.38113,0.395061,0.407116,0,,,
Pfkfb2,0,0.174136,0.168912,-0.0674639,0.257394,-0.098958,0.180839,0.332196,0.407397,0.215823,0.407397,0,,,
Rictor,0,-0.268633,-0.0298481,-0.0971088,0.158913,0.278849,0.231247,0.244085,0.407896,0.349604,0.407896,0,,,
Nucb1,0,0.217613,0.399359,0.407948,0.401144,0.401957,0.26207,0.189161,0.0460453,-0.108368,0.407948,0,,,
Pgm3,0,0.22183,0.357254,0.370043,0.184877,0.333256,0.409081,0.0245476,0.270885,0.327322,0.409081,0,,,
Ddhd1,0,-0.1679,0.231699,0.410875,0.248415,0.350771,0.346722,0.377743,0.061161,0.350714,0.410875,0,,,
Rab1A,0,-0.010252,-0.0890083,-0.152239,-0.199194,-0.119387,-0.0619774,0.412199,0.188715,-0.204437,0.412199,0,,,
Dhrs1,0,-0.368454,0.163048,0.2327,0.126192,0.191959,0.100874,0.0978489,0.105963,0.412592,0.412592,0,,,
Oxa1l,0,-0.0239067,-0.393135,-0.280079,-0.292017,-0.169699,-0.153662,-0.116924,0.354094,0.413393,0.413393,0,,,
Hnrnph2,0,-0.201857,-0.284605,0.241646,0.355768,0.414148,0.14295,0.0258465,0.058918,0.188673,0.414148,0,,,
Mapk9,0,0.29265,-0.00196266,-0.132345,-0.0592155,-0.0517273,0.347429,0.136007,0.417521,-0.0178413,0.417521,0,,,
Kiaa1468,0,0.134604,0.398045,0.248926,0.418142,0.172668,0.225664,0.140394,0.191954,0.211309,0.418142,0,,,
Clic4,0,0.156115,0.223019,0.27474,0.321089,0.131039,0.418322,0.33293,0.346498,-0.155975,0.418322,0,,,
Plcb3,0,0.384109,0.41835,0.152985,0.0691566,-0.227596,-0.231413,-0.0791225,0.0176315,-0.260141,0.41835,0,,,
Akap9,0,0.216511,0.200806,0.0491409,0.297581,-0.074976,0.419092,0.135187,0.0177689,0.181688,0.419092,0,,,
Pitpna,0,0.0335331,0.168535,0.345907,0.419367,0.370567,0.402515,0.406481,0.361914,0.241367,0.419367,0,,,
Pex5,0,0.344501,0.358524,0.421034,0.344069,0.320614,0.347816,0.327768,0.178617,0.14027,0.421034,0,,,
Ubxn6,0,-0.332838,-0.283546,0.0483456,-0.0799046,0.17264,0.202974,0.255264,0.321672,0.421684,0.421684,0,,,
Txndc17,0,-0.229465,-0.199373,-0.0526466,-0.0859776,0.134911,0.144802,0.422335,0.157528,0.352793,0.422335,0,,,
Dnm1l,0,-0.223036,0.0352936,0.321178,0.277275,0.422766,0.303957,0.0732994,0.202818,0.202429,0.422766,0,,,
Trabd,0,-0.365947,0.0913935,0.422788,0.0432806,0.405766,0.167422,0.122762,-0.00476551,0.030055,0.422788,0,,,
Dennd1a,0,-0.0287886,-0.242067,-0.04245,0.081192,0.227207,0.261552,-0.296584,0.255236,0.423141,0.423141,0,,,
Helz,0,0.423809,0.349649,0.26767,0.332808,0.149464,0.170984,0.0865002,0.0655804,0.239721,0.423809,0,,,
Hgs,0,0.0629845,0.188198,0.203213,0.275984,0.294952,0.355368,0.423899,0.388815,0.317677,0.423899,0,,,
Man2c1,0,-0.297392,-0.105455,0.0505352,0.095726,0.119017,0.125221,0.124321,0.345898,0.424049,0.424049,0,,,
Mrpl50,0,-0.318354,-0.0973911,0.0156536,0.038187,0.319269,0.113113,0.208925,0.424187,0.3048,0.424187,0,,,
Lpcat3,0,0.180037,0.360159,0.340298,0.231634,0.386889,0.280895,0.42547,0.389963,0.214668,0.42547,0,,,
Avl9,0,0.430674,0.0038681,0.158939,0.0233688,0.0368252,0.0242252,0.147085,0.259266,0.172035,0.430674,0,,,
Ykt6,0,0.430824,-0.0234165,-0.0946636,-0.140045,-0.314274,-0.0528088,-0.133303,-0.177895,-0.385942,0.430824,0,,,
Mtmr3,0,0.431458,-0.092989,-0.166389,-0.430059,-0.0919323,-0.0492134,-0.392036,0.137636,0.0884953,0.431458,0,,,
Golga7,0,-0.0917473,-0.0412788,0.149765,0.208042,0.204901,0.210012,0.40789,0.431986,0.253033,0.431986,0,,,
Tysnd1,0,0.0976009,0.292759,0.251385,0.275642,0.266867,0.269249,0.417622,0.432186,0.0545464,0.432186,0,,,
Arfgef2,0,0.0553493,0.204821,0.17836,0.0947208,-0.00240135,0.192497,0.432827,0.228626,0.0979176,0.432827,0,,,
Sowahc,0,-0.412049,0.240903,0.16492,0.332681,0.0422373,0.146091,0.43315,0.320466,0.343036,0.43315,0,,,
Usf1;Usf2,0,0.0124016,-0.0795784,-0.312862,-0.223057,0.17367,-0.0273056,0.134588,0.151131,0.433855,0.433855,0,,,
Fam213b,0,-0.171818,-0.386889,-0.240179,-0.166311,0.0234032,0.11343,0.11162,0.379026,0.433977,0.433977,0,,,
Wdr45b,0,-0.0373783,0.0144367,0.087244,0.181156,0.351513,0.24267,0.434355,0.262882,0.206154,0.434355,0,,,
Mrpl41,0,-0.0976067,-0.28301,-0.21216,-0.0337639,0.269693,0.169977,0.226599,0.426931,0.435083,0.435083,0,,,
Hdac4,0,0.435617,-0.339586,-0.317827,-0.0891552,0.0790977,-0.169168,-0.189266,-0.091404,0.149736,0.435617,0,,,
Mrpl33,0,0.127165,-0.42849,-0.172073,-0.0565681,0.332155,-0.0936146,0.16539,0.435667,0.24189,0.435667,0,,,
Rab10,0,0.0800114,0.180325,0.0500679,0.249374,0.257231,0.370411,0.436214,0.392479,0.427441,0.436214,0,,,
Ap1s1,0,0.337141,0.161272,0.436512,0.223951,-0.213634,0.136658,-0.030489,-0.187216,0.102625,0.436512,0,,,
Atp6ap2,0,-0.105062,-0.0249195,-0.0413895,-0.166649,0.0200977,0.0457916,0.43708,0.236492,0.0526276,0.43708,0,,,
Usp6nl,0,-0.403577,-0.343988,-0.309648,-0.0989246,-0.361609,-0.347098,0.152197,-0.384583,0.43726,0.43726,0,,,
Golga2,0,0.437992,0.361366,0.173487,0.167009,-0.0335522,0.0477924,0.100964,-0.0624485,-0.267782,0.437992,0,,,
Tnrc6b,0,0.438629,0.0958633,-0.163477,-0.114574,-0.226599,-0.0713043,-0.193773,0.0627174,-0.169359,0.438629,0,,,
Lmf1,0,-0.0609303,0.285677,0.186031,0.291647,0.323954,0.297235,0.291636,0.381308,0.438747,0.438747,0,,,
Fam134c,0,0.135913,0.439086,0.195655,0.0473146,0.160798,0.0163546,-0.391681,-0.317355,0.0632963,0.439086,0,,,
Vps53,0,0.0391884,0.108908,0.110617,0.131655,0.16308,0.241922,0.415995,0.439831,0.166918,0.439831,0,,,
Smap2,0,-0.235233,0.144735,0.439964,0.209314,0.254208,0.0851078,0.0116329,-0.0238228,-0.148642,0.439964,0,,,
Arhgap12,0,0.0401115,0.0877552,0.226448,0.0861111,0.439344,0.178825,0.0810242,0.0147648,0.440228,0.440228,0,,,
Wdr54,0,-0.176019,0.34582,0.246425,0.441464,0.328439,0.237555,-0.146529,-0.238229,0.408858,0.441464,0,,,
Msi1,0,-0.0961952,-0.209284,0.228859,0.149105,0.4429,-0.0379066,-0.372101,-0.384512,0.352434,0.4429,0,,,
Mapk3,0,0.14258,0.288252,0.442966,0.117622,0.278574,0.202888,0.1558,0.236038,0.241365,0.442966,0,,,
Usp30,0,-0.0726318,-0.0148945,0.113903,0.200686,0.443705,0.218826,0.0571404,0.226782,0.24728,0.443705,0,,,
Wdr7,0,-0.0116196,0.147192,0.162853,0.232639,0.308935,0.341631,0.444668,0.379326,0.438084,0.444668,0,,,
Nkiras1,0,0.444854,0.0518789,-0.338719,-0.034236,-0.256174,-0.105229,0.296208,0.199119,-0.108987,0.444854,0,,,
Sp3,0,-0.187084,0.327963,0.306719,0.189907,0.44577,-0.0601711,0.149263,-0.00928879,-0.203148,0.44577,0,,,
Tvp23b,0,0.396137,0.394876,0.383299,0.446058,0.0368977,-0.0562096,0.104748,0.103224,0.18705,0.446058,0,,,
Cbs,0,0.235613,0.446064,0.13822,0.430481,-0.248968,0.00431252,-0.00686646,-0.121862,-0.0948982,0.446064,0,,,
Tamm41,0,-0.40954,-0.445337,-0.370159,-0.00779343,0.29652,0.0811977,0.100428,0.446421,0.265392,0.446421,0,,,
Elmo2,0,0.0243988,0.0660057,0.0301304,-0.102869,-0.10545,0.0635471,0.446957,0.305561,0.0404568,0.446957,0,,,
Vps52,0,0.000286102,0.0569935,0.061758,0.0835667,0.134848,0.279331,0.332657,0.321278,0.448307,0.448307,0,,,
Tsc2,0,-0.0471115,0.13065,0.0920238,0.142929,0.338861,0.307276,0.415873,0.372789,0.448675,0.448675,0,,,
Ap2m1,0,0.444565,0.0513973,0.181458,0.449841,0.433348,0.363754,0.360182,0.300619,0.178074,0.449841,0,,,
Man1b1,0,0.0456371,0.450726,0.438513,0.383738,0.295481,-0.0675411,-0.106705,-0.267609,-0.208025,0.450726,0,,,
Mtx1,0,-0.446344,-0.290541,-0.0110664,-0.0620766,0.320892,0.0821056,0.22332,0.296162,0.45079,0.45079,0,,,
Nprl2,0,-0.00599957,-0.387875,-0.209632,-0.206872,0.114432,0.388438,0.406066,0.432026,0.451206,0.451206,0,,,
Vps13c,0,-0.0304108,0.123095,0.0574284,0.186146,0.127096,0.232719,0.267443,0.362871,0.45163,0.45163,0,,,
Kif7,0,0.351728,0.452114,0.160622,0.161736,-0.215025,-0.162258,-0.0293217,-0.169846,-0.290716,0.452114,0,,,
Tmem59,0,0.0771303,0.452712,0.10022,0.152391,0.10231,0.0829306,0.191953,0.136145,-0.028944,0.452712,0,,,
Sec14l2,0,-0.0846615,0.229872,0.416897,0.338171,0.414608,0.20734,0.454721,0.317635,0.309084,0.454721,0,,,
Cnpy2,0,0.361706,0.168568,0.153282,0.165936,0.454918,0.234663,0.318073,0.278799,0.153013,0.454918,0,,,
Tmcc1,0,-0.041687,0.0129738,0.123011,0.151432,0.431398,0.399746,0.381289,0.455296,0.304291,0.455296,0,,,
Mrps31,0,-0.325958,-0.254314,-0.192463,-0.175392,0.0972481,-0.0905437,-0.0300808,0.241943,0.455784,0.455784,0,,,
Dpy19l4,0,0.0755119,-0.172878,0.0672417,-0.171488,0.457205,0.316252,0.228659,0.309374,0.259762,0.457205,0,,,
Tatdn3,0,0.011385,0.435572,0.457748,0.366846,0.227274,0.121372,0.116272,0.0304127,0.0862045,0.457748,0,,,
Kiaa1109,0,-0.306042,0.127047,0.216093,0.457817,0.0149059,0.261936,0.103275,0.208733,0.230736,0.457817,0,,,
Erlec1,0,0.0602283,0.458578,0.396904,0.361324,0.245605,0.0433464,0.110279,0.0137959,0.0803719,0.458578,0,,,
Clptm1l,0,-0.101978,0.173391,0.0473289,0.0486526,0.101351,0.116236,0.458706,0.111502,0.0713234,0.458706,0,,,
Tmem222,0,0.332406,0.00164127,-0.00657749,0.0106249,0.331084,0.185323,0.291558,0.460317,0.376111,0.460317,0,,,
Ero1l,0,0.0534363,0.323557,0.154564,0.209099,0.198473,0.227333,0.460443,0.354364,0.42215,0.460443,0,,,
Daam1,0,0.461342,0.101734,0.0266418,0.0996552,0.23547,0.122559,0.130314,0.100245,0.154785,0.461342,0,,,
Cpox,0,-0.0781288,-0.127003,-0.08358,-0.0667591,0.20582,-0.0911312,-0.0584164,-0.0308552,0.461626,0.461626,0,,,
Ap1g1,0,0.230244,0.338293,0.397093,0.462746,0.196564,0.200064,0.00309563,0.0114861,0.286562,0.462746,0,,,
Nif3l1,0,-0.383879,-0.362539,-0.357752,-0.235044,-0.0915852,-0.125166,-0.0662041,-0.0584087,0.463345,0.463345,0,,,
Plxnb2,0,-0.110937,0.195251,0.2938,0.347771,0.464298,0.265566,0.167139,0.0764084,0.327236,0.464298,0,,,
Tmem63b,0,0.0916214,0.298182,0.293741,0.345192,0.255177,0.320499,0.464453,0.359671,0.294411,0.464453,0,,,
Vma21,0,0.464537,0.383498,-0.0952282,0.202998,0.137795,-0.119337,0.17914,0.396474,-0.00582886,0.464537,0,,,
Esyt1,0,0.440498,0.464923,-0.0697355,0.0698328,0.335819,0.366834,0.259365,0.270123,-0.00451946,0.464923,0,,,
Inpp4b,0,-0.0352077,-0.0825367,0.221087,0.00346375,0.24066,0.440266,0.251047,0.403944,0.466232,0.466232,0,,,
Eif2ak2,0,0.185648,0.119637,0.259462,0.242065,0.295418,0.466621,0.350422,0.366516,0.285006,0.466621,0,,,
Ankrd49,0,-0.221373,-0.0313435,0.467072,0.0937328,-0.262196,-0.24988,-0.401619,0.369806,-0.108171,0.467072,0,,,
Emc10,0,0.0187798,-0.00348473,0.029398,0.129049,0.298431,0.354715,0.342985,0.162809,0.469334,0.469334,0,,,
C19orf25,0,0.238824,0.46946,0.0687065,-0.107282,-0.116197,-0.185744,0.0144224,0.128421,-0.180358,0.46946,0,,,
Gareml,0,0.317631,0.162128,0.263912,0.0533791,0.444679,0.46961,0.23049,0.455503,0.447769,0.46961,0,,,
Smpd2,0,0.00810432,-0.00514984,0.12816,0.353756,0.196917,0.252892,0.132288,0.245783,0.469822,0.469822,0,,,
Tmem19,0,-0.0638809,0.0278072,0.0930824,0.243364,0.219715,0.227617,0.195126,0.287653,0.469833,0.469833,0,,,
Dyrk1a;Dyrk1b,0,0.462587,0.358831,0.0550594,0.192289,0.151232,0.260687,0.318531,0.331694,0.470943,0.470943,0,,,
Clpx,0,0.165905,0.155371,0.327185,0.293396,0.471489,0.256254,0.256542,0.413927,0.447329,0.471489,0,,,
Ap3b1,0,0.0518036,0.209707,0.36097,0.362709,0.470764,0.386082,0.36479,0.365757,0.472128,0.472128,0,,,
Gga1,0,0.241951,0.167542,0.3092,0.472721,0.256334,0.361471,0.43141,0.394274,0.41045,0.472721,0,,,
Tmem129,0,-0.319183,-0.38369,-0.295542,-0.124266,-0.176859,0.311689,0.453283,0.473753,0.18465,0.473753,0,,,
Brk1,0,0.0353069,0.0904121,0.055584,0.0974159,0.232843,0.309334,0.473818,0.326035,0.379604,0.473818,0,,,
Cap2,0,-0.14946,-0.203852,-0.339979,-0.373968,-0.345835,-0.0387192,0.0985985,0.187361,0.476408,0.476408,0,,,
Emc4,0,0.127375,-0.227259,-0.152287,-0.158043,0.159386,0.23498,0.476557,0.423746,0.328724,0.476557,0,,,
Cbr1,0,0.0981903,-0.160181,0.0183926,-0.13954,0.220268,0.261602,0.122288,0.375944,0.477865,0.477865,0,,,
Mrpl44,0,0.088747,-0.0864201,-0.0702171,0.05406,0.3904,-0.0150337,0.0258465,0.323448,0.479214,0.479214,0,,,
Fcho2,0,0.209826,0.356447,0.400467,0.378948,0.259157,0.329012,0.480637,0.317717,-0.0985641,0.480637,0,,,
Manea,0,0.420422,0.45204,0.320877,0.480917,0.454388,0.0514565,0.0069809,-0.0660629,-0.229849,0.480917,0,,,
Comt,0,-0.105057,0.00969124,0.0548058,0.241251,0.256216,0.263544,0.281124,0.295767,0.48251,0.48251,0,,,
Nkiras2,0,0.255367,0.483282,-0.00875282,0.214134,0.102015,0.143749,0.00152397,-0.0445309,-0.359285,0.483282,0,,,
Ralb,0,0.215721,0.0130844,0.281113,0.164495,0.390968,0.212889,0.48411,0.0181808,0.0331497,0.48411,0,,,
Gpx8,0,0.383532,0.484867,0.339729,0.370415,0.099865,-0.0640488,0.163092,0.0101852,-0.279234,0.484867,0,,,
Napg,0,0.0491486,0.226662,0.160233,0.408054,0.304743,0.429934,0.485073,0.428043,0.414627,0.485073,0,,,
Fyco1,0,0.4855,0.0802841,0.0199203,-0.207859,-0.061058,0.0736065,0.192692,0.389116,0.182751,0.4855,0,,,
Pycrl,0,-0.462671,-0.105965,-0.0947247,0.0592976,-0.0962887,0.0991611,0.486172,0.131111,0.0663261,0.486172,0,,,
Chac2,0,0.452675,-0.0717068,-0.0143261,-0.0443439,0.0730591,0.208019,0.290768,0.486286,0.300627,0.486286,0,,,
Ccdc132,0,-0.0191994,0.101255,0.168028,0.223188,0.387121,0.348675,0.244968,0.457876,0.487072,0.487072,0,,,
Tmem160,0,0.34491,0.000422478,-0.30078,-0.0818911,0.252584,0.0506878,0.14396,0.487105,0.107985,0.487105,0,,,
Lemd2,0,0.11096,0.215647,0.0653152,0.0590897,0.280897,0.436619,0.293312,0.487322,-0.0346432,0.487322,0,,,
Sec16a,0,0.148043,0.477489,0.488132,0.452717,0.289749,0.277912,0.297487,0.150902,0.03022,0.488132,0,,,
Mrpl15,0,-0.326349,-0.0406132,-0.00959778,0.115826,0.194704,-0.0465927,-0.227957,0.076128,0.489235,0.489235,0,,,
Ptpdc1,0,0.48928,0.414021,-0.223687,-0.160373,-0.193189,-0.280116,-0.396436,-0.278216,-0.3234,0.48928,0,,,
Fzd3,0,0.242428,0.206379,0.420195,0.118498,0.489429,-0.0481853,-0.442369,-0.383688,0.0578671,0.489429,0,,,
Gdpgp1,0,-0.164845,-0.0466394,0.13541,0.490142,0.483877,0.338051,0.433122,0.460973,0.467054,0.490142,0,,,
Ss18,0,0.425172,0.490476,0.185187,0.0646296,-0.18291,0.229318,-0.224675,0.195584,-0.275153,0.490476,0,,,
Aak1,0,0.490837,0.458342,0.0795593,-0.220911,-0.451893,-0.416945,-0.395571,-0.481546,-0.490582,0.490837,0,,,
Usp46,0,-0.111135,-0.210773,0.063282,0.0969391,0.339226,0.489697,0.365484,0.353657,0.491161,0.491161,0,,,
Trappc11,0,0.0407524,0.0745697,0.151459,0.239656,0.326174,0.380045,0.491753,0.390276,0.321604,0.491753,0,,,
Ndufaf3,0,0.49231,-0.457548,-0.436703,-0.317493,0.247791,-0.240376,-0.134838,0.218866,0.349342,0.49231,0,,,
Trim26,0,0.273367,0.259485,0.462362,0.492416,0.240082,0.418444,-0.00305557,0.179953,0.256687,0.492416,0,,,
B3galtl,0,0.0492077,0.100912,0.293579,0.350693,0.493177,0.194336,0.145172,0.121218,-0.0722771,0.493177,0,,,
Prkcsh,0,-0.0591812,0.301374,0.392685,-0.0351219,0.0718021,0.00681877,0.494045,0.0022049,-0.48134,0.494045,0,,,
Pitpnc1,0,0.264547,-0.136784,0.25338,0.203159,0.494677,0.232508,0.0482464,0.222397,0.262972,0.494677,0,,,
Ccdc58,0,-0.0578918,-0.00380325,0.115932,0.140751,0.494732,0.119961,0.223454,0.271767,0.338999,0.494732,0,,,
Coa3,0,-0.190233,-0.0557327,-0.242735,-0.202951,0.132475,-0.0419121,0.0146999,0.455641,0.495159,0.495159,0,,,
P33monox,0,0.126225,0.147526,0.407536,0.0270863,0.157452,0.211636,0.119207,0.495619,0.295469,0.495619,0,,,
Pcyt1a,0,0.176197,0.0207424,0.157913,0.0839462,0.387062,0.460152,0.398451,0.465405,0.496098,0.496098,0,,,
Trappc5,0,-0.17831,-0.0460968,0.062706,0.0731392,0.30027,0.31263,0.49614,0.447069,0.328768,0.49614,0,,,
Apeh,0,0.296177,0.496367,0.445173,0.377712,-0.0397224,0.0479107,0.185696,-0.0327682,-0.0754566,0.496367,0,,,
Mrpl38,0,-0.245642,-0.0807705,-0.119411,0.167515,0.322319,0.105915,-0.356739,-0.178911,0.496582,0.496582,0,,,
Hdgf,0,-0.183292,-0.424332,-0.0823116,-0.356052,0.243771,0.189608,0.203981,0.304132,0.497305,0.497305,0,,,
Smug1,0,-0.0535278,-0.0840292,0.195209,-0.2191,0.497603,0.13378,-0.00264835,-0.164425,-0.0412226,0.497603,0,,,
Atp6v1d,0,0.0240078,0.0229759,-0.131338,0.0172272,0.135736,0.315752,0.373487,0.369539,0.498369,0.498369,0,,,
Asb13,0,-0.330833,0.463653,0.443815,0.422915,0.498714,0.394077,0.423173,0.405227,0.441888,0.498714,0,,,
Akap8l,0,0.498906,-0.48951,-0.0497131,-0.394069,-0.00341606,0.156056,-0.191884,-0.173966,-0.127953,0.498906,0,,,
Pgam1,0,0.245787,-0.158775,0.0933533,0.119045,0.214746,0.438261,0.428097,0.499184,0.453308,0.499184,0,,,
Lpp,0,0.174234,0.499882,0.335747,0.243238,0.328188,0.18136,0.451324,0.406176,0.271708,0.499882,0,,,
Mic1,0,-0.0172596,-0.266994,-0.275862,-0.176737,0.164732,0.1488,0.500177,0.36977,0.370634,0.500177,1,,,
Yipf4,0,0.197241,0.500416,0.00464249,0.425718,-0.0395851,0.0883541,0.15461,0.103239,-0.356447,0.500416,1,,,
Atp9b,0,-0.067894,0.425402,0.446249,0.354326,0.418076,0.372526,0.503937,0.452724,0.429937,0.503937,1,,,
Plcg1,0,0.504007,-0.0376644,0.0465164,-0.20496,0.0349884,-0.084446,-0.142904,-0.2085,-0.281145,0.504007,1,,,
Ears2,0,-0.252426,-0.437914,-0.178148,-0.153383,0.28631,0.0611382,0.504715,0.438858,0.0456009,0.504715,1,,,
Rnf34,0,0.505015,0.417027,0.03022,0.33556,0.485845,0.335408,0.245957,0.310319,-0.0540218,0.505015,1,,,
Abi2,0,-0.278936,0.0571709,-0.0424175,0.0190144,0.147747,0.244972,0.50502,0.374977,0.326036,0.50502,1,,,
Fchsd2,0,0.505711,0.451513,0.125717,0.147139,-0.312902,0.0300026,0.218973,0.0479031,-0.440065,0.505711,1,,,
Tomm22,0,-0.264801,0.30863,0.238422,0.352947,0.506308,0.10961,0.147175,0.139784,0.287174,0.506308,1,,,
Mrps11,0,-0.105406,-0.25869,0.0656567,-0.0477219,0.315557,0.230555,0.2682,0.495628,0.507463,0.507463,1,,,
Gipc2,0,-0.279858,-0.0894489,-0.0330963,0.0489693,0.0973969,0.391457,0.349367,0.131979,0.507957,0.507957,1,,,
Dbnl,0,0.0544052,0.0494556,0.159395,0.0944881,0.352451,0.422775,0.350475,0.508999,0.388271,0.508999,1,,,
Nudt2,0,0.0954647,-0.472651,-0.253654,-0.139309,0.107431,0.320461,0.355108,0.509443,0.363394,0.509443,1,,,
Ywhaz,0,0.100712,0.509478,0.331791,0.430559,0.297358,0.225098,0.371702,0.164551,-0.0353203,0.509478,1,,,
Alg14,0,-0.0280657,0.142821,0.00171375,0.303235,0.241717,0.509646,0.248099,0.319821,0.443196,0.509646,1,,,
Rnh1,0,-0.13438,0.363008,0.383764,0.411131,0.466204,0.511297,0.270987,0.311893,0.351954,0.511297,1,,,
Mrps16,0,-0.36952,-0.353479,-0.304138,-0.265127,0.100643,-0.136881,0.127794,0.333559,0.512524,0.512524,1,,,
Reep2,0,0.171843,0.512873,0.150717,0.172272,0.4562,0.214994,0.230478,0.117296,0.439671,0.512873,1,,,
Mrps2,0,-0.299557,-0.279099,-0.225231,-0.0664806,0.121809,0.083437,0.0440693,0.385862,0.513124,0.513124,1,,,
Pex2,0,0.178892,0.220749,0.332409,0.2857,0.211809,0.358139,0.513767,0.464176,0.347448,0.513767,1,,,
Ehbp1,0,0.480919,0.516478,0.444727,-0.00924492,0.185184,-0.132334,-0.244336,-0.219831,-0.472144,0.516478,1,,,
Timm44,0,-0.19594,-0.197821,0.0113163,-0.0179501,0.270916,0.0120239,0.136742,0.326836,0.516502,0.516502,1,,,
Ddx58,0,0.193611,0.48103,0.516508,0.43924,0.392635,0.381733,0.254581,0.293339,0.363092,0.516508,1,,,
Pmpcb,0,-0.0730724,0.230247,0.314568,0.317995,0.442165,0.165615,0.139898,0.411661,0.516682,0.516682,1,,,
Arap2,0,0.51685,0.479845,0.339951,0.515717,0.384405,0.0111742,0.388372,0.473326,0.436282,0.51685,1,,,
Paox,0,0.244303,0.436226,0.517023,0.373304,0.425709,0.231113,0.400427,0.325163,0.326979,0.517023,1,,,
Cnih4,0,0.114605,0.212374,0.148901,0.414906,0.517321,0.360229,0.0495186,0.4772,0.416433,0.517321,1,,,
Mmgt1,0,-0.109831,0.183649,-0.179262,0.263699,0.248838,0.360371,0.517496,0.359205,0.162724,0.517496,1,,,
Pex1,0,0.170273,0.380707,0.517941,0.301971,0.378632,0.482841,0.46892,0.373148,0.337681,0.517941,1,,,
Lrrfip2,0,-0.3025,-0.241714,-0.489923,-0.264626,-0.142597,0.0183926,0.273781,0.330896,0.518343,0.518343,1,,,
Mrps24,0,-0.363001,0.0177517,-0.0542965,0.119982,0.359497,0.287592,0.163698,0.383242,0.519306,0.519306,1,,,
Pdia5,0,0.51963,0.260784,0.377428,0.189075,0.389503,0.0247612,-0.203915,-0.319788,-0.502728,0.51963,1,,,
Got2,0,-0.156836,-0.0361137,0.292025,0.23098,0.520231,0.140314,0.0153732,0.266636,0.350893,0.520231,1,,,
Ano10,0,0.43334,0.520369,0.439802,0.504698,0.437609,0.455694,0.414888,0.483622,0.428017,0.520369,1,,,
Nisch,0,0.520428,0.069973,0.020174,0.0984707,0.33736,0.157227,0.280067,0.348331,0.342443,0.520428,1,,,
Pitrm1,0,-0.144308,0.107143,0.308733,0.287252,0.520784,0.145016,0.141586,0.11631,0.305857,0.520784,1,,,
Mbnl2,0,0.0690861,0.268057,0.290915,0.308701,0.332911,0.224531,0.520809,0.259678,0.313179,0.520809,1,,,
Wdr47,0,0.235077,0.284664,0.172968,0.144299,0.0525761,0.434214,0.522308,0.49987,0.519526,0.522308,1,,,
Mcfd2,0,0.00141525,0.290205,0.463348,0.522404,0.303955,0.0946655,-0.0520134,-0.173277,-0.00995636,0.522404,1,,,
Tatdn1,0,0.000736237,-0.0452728,0.00839615,0.322939,0.285805,0.435139,0.434189,0.522755,0.402395,0.522755,1,,,
Tmed9,0,-0.0111656,0.405949,0.464474,0.526363,0.517729,0.460951,0.167879,0.0594387,0.0338326,0.526363,1,,,
Tssc1,0,0.526852,0.108908,0.271112,0.206957,0.199013,0.336445,0.250164,0.285746,0.231798,0.526852,1,,,
Pik3r2,0,0.0680294,0.27189,0.115937,0.00606632,0.227917,0.433779,0.527512,0.377693,0.355383,0.527512,1,,,
Dst,0,0.414581,0.530016,0.203268,0.412241,-0.170897,0.126688,0.0905857,-0.0847797,-0.27035,0.530016,1,,,
Bai2,0,-0.518706,-0.240595,0.234318,0.261879,0.530296,0.22537,0.142328,-0.0592022,0.0320606,0.530296,1,,,
Pkn1,0,0.530563,0.0381718,0.172823,0.0986443,0.147837,0.246838,0.226406,0.245996,0.0485439,0.530563,1,,,
Ift20,0,0.0365171,0.530619,0.0860653,0.307997,-0.209851,0.00915432,-0.0205727,-0.0509043,-0.0628614,0.530619,1,,,
Ints1,0,-0.153072,-0.316076,-0.244198,-0.168997,-0.111679,-0.133379,-0.116545,-0.07094,0.531059,0.531059,1,,,
Rrbp1,0,0.345438,0.533951,0.419868,0.495173,0.222166,0.36874,0.448339,0.209124,-0.214001,0.533951,1,,,
Mllt4,0,0.361507,0.457417,0.506287,0.370012,0.533981,0.16571,0.136288,0.0700951,0.129856,0.533981,1,,,
Atp6v1h,0,0.0676098,-0.0236721,-0.0187187,0.0487633,0.180567,0.315578,0.528019,0.534283,0.528807,0.534283,1,,,
Zkscan3,0,0.534418,-0.0225687,-0.252036,-0.0764437,0.421112,0.224432,-0.120294,-0.113871,-0.0456791,0.534418,1,,,
Mprip,0,0.534538,0.323223,-0.115374,-0.0985699,-0.0974045,0.114529,0.313328,0.169609,-0.202555,0.534538,1,,,
Kif1b,0,-0.0559998,0.132196,0.309708,0.257582,0.278524,0.397728,0.534662,0.457689,0.291235,0.534662,1,,,
Slc18b1,0,0.113089,0.24024,0.137351,0.184315,0.53532,0.204902,0.332769,0.354156,0.186021,0.53532,1,,,
Ak2,0,-0.260366,-0.0773468,0.0615158,0.0745506,0.479959,0.0985432,0.196596,0.331087,0.535992,0.535992,1,,,
Crtc1,0,-0.0561867,0.265137,0.311287,0.298145,0.419962,0.350172,0.539419,0.261469,0.248981,0.539419,1,,,
Cmpk1,0,-0.0175114,-0.155134,0.0844364,0.111444,0.234936,0.300804,0.539989,0.48353,0.0810413,0.539989,1,,,
Scamp3,0,0.263224,0.427847,0.49704,0.445284,0.540529,0.390472,0.451101,0.41526,0.509476,0.540529,1,,,
Dolpp1,0,-0.255561,-0.219296,0.29635,0.33683,0.114709,-0.0777159,-0.00476456,0.104507,0.540605,0.540605,1,,,
Emc2,0,-0.0214844,0.11487,0.164291,0.357891,0.478746,0.409983,0.449829,0.489285,0.54129,0.54129,1,,,
Ring1,0,-0.212276,-0.357773,-0.0601177,0.11985,-0.121876,0.233528,0.325745,0.425091,0.542696,0.542696,1,,,
Ccdc91,0,0.543158,0.410158,0.359127,0.418867,0.304054,0.447264,0.490143,0.480822,0.343821,0.543158,1,,,
Rabgef1,0,0.180735,-0.057579,0.0497532,0.154734,-0.0184784,0.225363,0.361197,0.5432,0.460365,0.5432,1,,,
Kif1a,0,0.418121,0.543295,0.53326,0.512133,0.408689,0.416842,0.287624,0.412827,0.461483,0.543295,1,,,
Mtor,0,0.298674,0.361031,0.307703,0.372498,0.283773,0.469715,0.466906,0.530588,0.543575,0.543575,1,,,
Ccsmst1,0,-0.303556,-0.0116539,0.019516,0.021492,0.343739,0.235121,0.0240765,0.545874,0.2083,0.545874,1,,,
Afg3l1,0,-0.022089,0.152769,0.248585,0.358837,0.446772,0.250917,-0.000267029,0.414133,0.546249,0.546249,1,,,
Usp8,0,0.264973,0.47728,0.524494,0.546856,0.329428,0.271091,0.185154,0.167103,0.0230961,0.546856,1,,,
Acot8,0,-0.396364,0.547409,0.321333,0.0946407,0.0572071,0.0953388,0.0182972,-0.0547695,0.343203,0.547409,1,,,
Gfer,0,-0.166014,-0.146257,-0.0967808,-0.0311871,0.243101,0.00498295,0.00195026,0.20388,0.547544,0.547544,1,,,
Mrpl40,0,-0.162369,0.00460052,0.136621,0.0984249,0.550745,0.252611,0.488358,0.521948,0.28051,0.550745,1,,,
Arhgef10l,0,0.0136499,0.105786,0.274863,0.421411,0.550763,0.475162,0.256747,0.23404,0.399739,0.550763,1,,,
Tm9sf3,0,0.337082,0.493786,0.437546,0.550909,0.332811,0.163572,-0.415648,-0.0253773,0.113184,0.550909,1,,,
Mrps34,0,-0.0996666,-0.0463371,0.0422897,0.11829,0.305122,0.187963,0.203705,0.408642,0.552019,0.552019,1,,,
Syn1,0,0.305647,0.274305,0.308836,0.321424,0.27939,0.518986,0.403339,0.556255,0.537619,0.556255,1,,,
Rb1cc1,0,0.386824,0.477751,0.418768,0.412785,0.387135,0.34198,0.55653,0.531883,0.375994,0.55653,1,,,
Ashwin,0,-0.537867,-0.156824,-0.0936623,-0.106337,0.285006,0.0857811,0.556847,0.166651,-0.0662193,0.556847,1,,,
Dstn,0,-0.289612,0.21648,0.496546,0.442085,0.37142,0.320751,0.29278,0.107719,0.557678,0.557678,1,,,
Dnajc11,0,-0.370953,-0.106239,-0.089201,0.170593,0.489681,0.187578,0.160929,0.339172,0.55769,0.55769,1,,,
Lman2,0,-0.0375004,0.325245,0.438684,0.494461,0.558815,0.315937,0.270096,0.0502167,-0.160366,0.558815,1,,,
Tsc22d4,0,0.195967,0.392389,0.529169,0.313953,0.400555,0.397316,0.301764,0.229481,0.55957,0.55957,1,,,
Hook2,0,-0.240582,-0.0972061,-0.326189,-0.0218487,0.239582,0.127863,0.559631,0.235937,0.369503,0.559631,1,,,
Chchd4,0,0.249994,0.528601,0.56003,-0.197306,-0.0258846,0.0266819,0.376984,0.490993,-0.114185,0.56003,1,,,
Plcl1,0,0.560144,-0.33145,-0.354433,-0.153536,-0.135845,0.0403728,0.278589,0.457474,0.264189,0.560144,1,,,
Rtn4,0,0.560379,0.0275383,-0.174591,-0.20776,-0.0914192,-0.0966854,-0.0748272,0.0674286,0.0496082,0.560379,1,,,
Ankrd13a,0,0.120667,0.560814,0.215523,0.359982,0.133911,0.0400734,0.138243,-0.132647,0.226254,0.560814,1,,,
Trmu,0,0.0610447,0.184608,0.348602,0.333529,0.561096,0.29394,0.101824,0.226776,0.430775,0.561096,1,,,
Golph3l,0,-0.0271988,0.140421,0.226889,0.191074,0.557764,0.0922508,-0.29203,-0.196384,0.561983,0.561983,1,,,
Fam136a,0,0.155346,-0.0624847,-0.049387,0.0849113,0.562099,0.125082,0.198767,0.407564,0.274498,0.562099,1,,,
Src,0,0.355399,0.417724,0.511544,0.563071,0.519025,0.137664,0.300588,0.164577,0.394189,0.563071,1,,,
Smap1,0,0.217541,0.396227,0.531538,0.465996,0.312893,0.480242,0.563183,0.357298,0.212187,0.563183,1,,,
Mdp1,0,0.198471,0.356905,0.552927,0.450005,0.514095,0.442299,0.398567,0.564068,0.513306,0.564068,1,,,
Tefm,0,-0.173353,0.00125313,-0.00764656,0.256817,0.505346,0.286669,0.209986,0.398682,0.564554,0.564554,1,,,
Npc2,0,-0.0727959,-0.278351,-0.117378,-0.561211,-0.391872,0.144917,0.139334,0.221828,0.564873,0.564873,1,,,
Flcn,0,0.369964,0.565598,0.216311,-0.138029,0.293448,0.393645,0.132829,0.304011,0.244281,0.565598,1,,,
C18orf32,0,0.565714,0.315853,0.157629,0.147778,-0.00762558,0.465883,0.523117,0.408224,0.0333157,0.565714,1,,,
Snap47,0,0.566174,0.380186,0.255375,0.446489,0.342731,0.324167,0.437181,0.411592,0.304434,0.566174,1,,,
Ctnna1,0,0.264227,0.425779,0.508591,0.567114,0.385181,0.28203,0.267845,-0.0259514,0.223852,0.567114,1,,,
Esrra,0,-0.371651,-0.191858,-0.0876617,-0.145771,-0.00614166,0.221008,0.287815,0.119986,0.567759,0.567759,1,,,
Arpc1a,0,0.16153,-0.186148,-0.116026,0.243746,0.20746,0.560871,0.404829,0.567896,0.537159,0.567896,1,,,
Exog,0,-0.0391445,-0.396427,-0.271666,-0.0260353,0.436451,0.143553,0.297506,0.478025,0.567968,0.567968,1,,,
Commd6,0,-0.235863,-0.288527,-0.0288792,0.0134983,0.138071,0.368549,0.495008,0.425385,0.568348,0.568348,1,,,
Pacsin2,0,0.568596,0.206787,-0.0175934,0.106766,0.0503845,0.337404,0.423903,0.455339,0.275518,0.568596,1,,,
Mboat7,0,0.140274,0.095026,0.0391808,0.304714,0.448158,0.401093,0.400246,0.405952,0.569277,0.569277,1,,,
Sec62,0,0.569344,0.458891,-0.0159283,0.150852,-0.17861,0.00356293,-0.326578,-0.14274,0.077179,0.569344,1,,,
Wbp2,0,0.570061,0.365671,0.101198,0.182951,-0.255075,-0.0106926,-0.136909,-0.293188,-0.51053,0.570061,1,,,
Sos2,0,0.329206,0.375389,0.293091,0.374741,0.500082,0.32263,0.522833,0.508749,0.570074,0.570074,1,,,
Uhrf1bp1l,0,0.570286,-0.187456,-0.289574,-0.00621414,-0.216019,-0.157255,-0.02425,0.0608883,-0.152737,0.570286,1,,,
Cdh2,0,0.214376,0.129448,0.443422,0.434437,0.517696,0.472395,0.570303,0.405439,0.419813,0.570303,1,,,
Rhog,0,-0.0154667,0.157789,0.305347,0.172459,0.468977,0.497538,0.237604,0.443832,0.570601,0.570601,1,,,
Uqcc1,0,-0.521368,-0.325809,-0.347136,-0.110363,-0.396875,-0.234655,-0.154961,0.153015,0.571537,0.571537,1,,,
Zfpl1,0,0.249037,-0.171562,0.176884,-0.0509071,0.385677,0.169262,0.385912,0.571625,-0.438335,0.571625,1,,,
Mogs,0,-0.286114,0.174824,0.283379,0.320042,0.5746,0.361031,0.393946,0.299654,0.410471,0.5746,1,,,
Nt5c2,0,-0.166008,-0.28623,-0.454332,-0.226784,-0.192455,0.12923,0.354242,0.398815,0.575325,0.575325,1,,,
Tmem205,0,0.072567,0.437454,0.334307,0.33296,0.519386,0.575773,0.351753,0.328491,0.491518,0.575773,1,,,
Ptpn13,0,-0.279623,0.112421,-0.0596886,-0.00835609,-0.0268898,0.0366383,0.576029,0.101326,0.0690765,0.576029,1,,,
Stk11,0,-0.0837345,0.197538,0.146675,0.337219,0.0917225,0.33972,0.541794,0.437523,0.576981,0.576981,1,,,
Ubp1,0,0.372675,0.577341,0.392937,0.519674,0.438906,0.45326,0.560068,0.395943,0.256788,0.577341,1,,,
Mapre3,0,-0.227877,0.112354,0.319277,0.308977,0.496742,0.503477,0.577925,0.412369,0.368341,0.577925,1,,,
Vps51,0,0.149784,0.508221,0.345203,0.577944,0.511917,0.383858,0.479279,0.426779,0.505545,0.577944,1,,,
Uso1,0,0.189089,0.512545,0.412823,0.578121,0.430466,0.516193,0.512751,0.392569,0.222057,0.578121,1,,,
Mrps22,0,-0.503578,-0.382069,-0.352484,-0.165287,0.103313,-0.113331,0.0345058,0.25189,0.578428,0.578428,1,,,
Creld2,0,0.167034,0.576374,0.305763,-0.226692,0.0030632,0.155453,0.163332,0.579014,-0.424944,0.579014,1,,,
Impa1,0,0.222876,-0.211468,0.0811024,-0.0780659,0.0716686,0.22831,0.178509,0.580345,0.062624,0.580345,1,,,
Mrps17,0,-0.335314,-0.321127,-0.304636,-0.123852,0.0934258,0.17028,0.188139,0.371958,0.58078,0.58078,1,,,
Casc4,0,0.402031,0.46348,0.324902,0.580799,0.165918,0.296103,0.512604,0.135889,-0.278957,0.580799,1,,,
Add3,0,-0.110479,-0.255713,0.141594,0.0405922,0.549877,0.44113,0.0953941,0.172365,0.580837,0.580837,1,,,
Usp2,0,-0.0689135,0.363544,0.555616,0.537813,0.460169,0.490377,0.0753889,0.581294,0.0973349,0.581294,1,,,
Fam160a2,0,-0.107765,0.281429,0.255432,0.407095,0.367481,0.33515,0.53583,0.511251,0.581318,0.581318,1,,,
Rnf123,0,-0.0548744,0.265394,0.110243,0.291256,0.257204,0.350178,0.305433,0.551981,0.581877,0.581877,1,,,
Cobll1,0,-0.300148,-0.402399,-0.101566,-0.36832,0.582867,-0.228836,-0.277874,-0.348652,0.130196,0.582867,1,,,
Txndc5,0,0.443977,0.561769,0.582981,0.507307,0.325165,0.135811,0.0768089,-0.0178642,-0.452539,0.582981,1,,,
Stam,0,0.00175095,0.015461,0.164854,0.106869,0.3529,0.425009,0.584991,0.526159,0.446646,0.584991,1,,,
Pcdhga4,0,0.201319,0.58638,0.376255,0.27219,0.259953,0.0126152,0.0575237,-0.157925,0.148264,0.58638,1,,,
Sdf4,0,0.449501,0.587311,0.372149,0.0835266,0.0279274,-0.100491,-0.0717602,-0.316608,-0.346697,0.587311,1,,,
Stt3a,0,0.587673,0.115622,0.179028,0.200634,0.303129,0.0555096,-0.110744,-0.21694,-0.275049,0.587673,1,,,
Paqr4,0,0.16647,0.332952,0.589478,0.248152,0.532709,0.0492725,-0.0871162,-0.350435,0.106113,0.589478,1,,,
Ppm1b,0,-0.0968781,0.0476151,0.143103,0.131252,0.457556,0.480566,0.511789,0.589647,0.56081,0.589647,1,,,
Guk1,0,-0.00740623,0.234842,0.431513,0.350306,0.591169,0.555649,0.519096,0.481775,0.31118,0.591169,1,,,
Zhx1,0,0.591562,0.328786,0.259379,0.194961,-0.000617027,-0.141919,-0.579672,-0.224644,-0.103676,0.591562,1,,,
Frmd8,0,0.591608,-0.153179,-0.207918,0.0571499,0.433048,0.178843,0.193693,0.170424,-0.0589924,0.591608,1,,,
Ptpn9,0,0.01581,0.263168,0.344303,0.425533,0.45047,0.473272,0.233032,0.327436,0.59181,0.59181,1,,,
Tbcel,0,0.194069,0.38785,0.476734,0.458857,0.591854,0.547987,0.465771,0.41375,0.424017,0.591854,1,,,
Capns1,0,0.461725,0.106556,0.21702,0.402012,0.407206,0.59202,0.480001,0.555382,0.365931,0.59202,1,,,
Shroom2,0,-0.182226,0.0672188,0.113956,0.200991,0.211634,0.102293,0.267416,0.258402,0.593479,0.593479,1,,,
Osbpl8,0,0.267666,0.432909,0.438303,0.421806,0.426304,0.323242,0.5951,0.284714,0.192951,0.5951,1,,,
Gstp1;Gstp2,0,0.0843201,0.14986,0.0932426,0.0942459,-0.150702,0.0852318,-0.457848,0.217373,0.5968,0.5968,1,,,
Rfk,0,-0.122732,-0.0654945,0.13789,0.10918,0.430527,0.532185,0.597607,0.479515,0.569117,0.597607,1,,,
Dcp1a,0,0.510996,0.598053,0.420818,0.210276,0.0102329,0.0432034,0.23912,-0.0495052,-0.12077,0.598053,1,,,
Pafah1b2,0,-0.203949,0.569126,0.566664,0.279329,0.497004,0.0460663,0.598377,0.531206,0.25638,0.598377,1,,,
Lphn3,0,-0.217676,-0.091795,0.0922146,0.213442,0.247244,0.528112,0.58202,0.57336,0.598734,0.598734,1,,,
Pgk1,0,0.0581017,0.0851879,0.344419,0.378382,0.262903,0.464426,0.599133,0.441927,0.269125,0.599133,1,,,
Dnajc18,0,0.578776,0.4381,0.088707,0.247758,0.147476,0.423778,-0.0447721,0.601108,0.268075,0.601108,1,,,
Yipf5,0,-0.168636,0.404255,0.398615,0.601158,0.113291,-0.0498619,-0.0331783,-0.478392,-0.531778,0.601158,1,,,
Dnajc3,0,0.563452,0.601749,0.45623,0.438248,0.215446,0.243015,0.133337,0.0404587,-0.495068,0.601749,1,,,
Twf1,0,0.602636,-0.0804939,0.0377865,0.159073,0.160997,0.144423,0.35284,0.252815,0.0208454,0.602636,1,,,
Pafah2,0,0.00265503,0.60401,0.596893,0.470675,0.513065,0.455996,0.329697,0.227264,0.314577,0.60401,1,,,
Spr,0,-0.236097,-0.160152,-0.0836563,-0.0874081,0.0964165,0.340609,0.556156,0.560745,0.604181,0.604181,1,,,
Tmco6,0,0.60638,0.0510635,0.0418873,-0.157475,-0.110571,-0.175404,0.237107,0.00382233,-0.221936,0.60638,1,,,
Atp6v1f,0,0.1318,0.122984,0.0418091,0.1383,0.181185,0.330721,0.606522,0.555759,0.511097,0.606522,1,,,
Hdgfrp3,0,-0.366711,-0.277668,-0.111006,-0.176741,0.18079,0.116182,0.24921,0.458277,0.607822,0.607822,1,,,
Wdr13,0,0.209258,0.367381,0.270963,0.295941,0.362826,0.465117,0.130977,0.404283,0.608937,0.608937,1,,,
Vps4a,0,0.105247,0.123199,0.305534,0.317066,0.319937,0.453514,0.609627,0.374954,0.150661,0.609627,1,,,
Pepd,0,0.0189247,0.295206,0.450251,0.511826,0.530319,0.604925,0.58004,0.611101,0.418673,0.611101,1,,,
Rab7a,0,0.415569,0.304764,0.275997,0.209967,0.312996,0.437206,0.611362,0.604839,0.360435,0.611362,1,,,
Wipi2,0,0.331238,0.243639,0.307198,0.398016,0.346407,0.51239,0.130552,0.364426,0.613813,0.613813,1,,,
Trpc4ap,0,0.171828,0.466695,0.613961,0.458182,0.0394773,0.196511,0.0484457,0.392505,0.223132,0.613961,1,,,
Tbc1d23,0,0.272005,0.559519,0.591299,0.412691,0.614582,0.521807,0.50421,0.397581,0.366329,0.614582,1,,,
Mrps28,0,-0.53969,-0.0225143,-0.164461,0.132532,0.319876,-0.0023632,0.163021,0.379459,0.615154,0.615154,1,,,
C16orf70,0,0.615765,0.0045433,0.153997,0.240044,0.219177,0.336515,0.444641,0.552776,0.328785,0.615765,1,,,
Mrpl34,0,-0.346033,-0.178711,-0.178272,-0.212408,0.445185,0.0929203,-0.201845,0.238535,0.617435,0.617435,1,,,
Eif4g3,0,0.0195026,0.230995,0.327049,0.464357,0.333729,0.576641,0.617924,0.586342,0.22048,0.617924,1,,,
Amot,0,0.27159,0.163493,0.153089,0.271773,0.0370626,0.618283,0.461581,0.566304,0.388252,0.618283,1,,,
M6pr,0,-0.285492,0.061224,0.0188599,0.278524,0.44323,0.381584,0.186033,0.302227,0.618467,0.618467,1,,,
Tgfbrap1,0,-0.261045,0.0300713,0.00994301,0.111706,0.156391,0.614798,0.496119,0.619089,0.50062,0.619089,1,,,
Diaph2,0,0.178146,0.39875,0.498541,0.288418,0.379475,0.447575,0.557472,0.480875,0.619503,0.619503,1,,,
Vwa5a,0,-0.0044899,0.145441,0.387629,0.307268,0.621183,0.60214,0.46456,0.563602,0.571095,0.621183,1,,,
Erbb2,0,0.299693,0.622183,0.576455,0.301363,0.563899,0.0683632,0.169095,0.332435,-0.16971,0.622183,1,,,
Znf326,0,0.62289,-0.0287695,0.230455,0.210325,0.0361729,0.142976,-0.0631142,-0.0150681,-0.36437,0.62289,1,,,
Prune,0,0.625143,0.21669,0.0187016,0.074892,-0.315437,-0.466372,-0.373844,-0.389656,-0.379139,0.625143,1,,,
Pmpca,0,-0.208025,0.174557,0.229557,0.424677,0.555956,0.199751,0.156431,0.375227,0.625982,0.625982,1,,,
Dgat1,0,0.191021,0.416368,0.30177,0.100875,0.626295,0.455539,-0.294662,0.207062,0.613163,0.626295,1,,,
Snx4,0,0.21909,0.340067,0.433289,0.626295,0.552773,0.472754,0.342892,0.313671,0.330456,0.626295,1,,,
Ostf1,0,0.441708,0.626957,0.499607,0.358145,-0.0748081,0.0316753,-6.87E-05,-0.186886,-0.380644,0.626957,1,,,
Mtx2,0,-0.313986,-0.2822,-0.011425,0.00758743,0.336592,0.16906,0.214474,0.321646,0.62722,0.62722,1,,,
Phb2,0,-0.32007,-0.306156,-0.083252,-0.0364838,0.38541,0.131454,0.202209,0.473536,0.627531,0.627531,1,,,
Atp6v1c1,0,0.0162392,0.138216,0.0630379,0.29163,0.295017,0.445805,0.406334,0.525291,0.628166,0.628166,1,,,
Tmem30a,0,-0.257523,0.108257,0.205309,0.168398,0.473343,0.38257,0.62863,0.469421,0.569738,0.62863,1,,,
Adprm,0,-0.0950241,0.0604496,0.599934,0.172762,0.295256,0.1019,0.516582,0.467491,0.63007,0.63007,1,,,
Edc4,0,0.630226,0.569208,0.497324,0.360094,0.205864,0.155304,0.306698,0.336279,0.268419,0.630226,1,,,
Slc3a2,0,-0.236065,-0.356693,-0.341372,-0.0458946,0.10815,0.263361,0.502546,0.514206,0.631069,0.631069,1,,,
Vps13a,0,0.253149,0.155697,0.133684,0.331482,0.633068,0.408735,0.237165,0.240995,0.368534,0.633068,1,,,
Foxo3,0,0.493479,0.363468,0.483641,0.0808296,0.349903,0.201856,0.633708,-0.0190077,0.0176754,0.633708,1,,,
Gar1,0,-0.11277,0.633774,0.148277,0.56031,0.114771,0.259806,-0.121332,-0.437185,-0.0515232,0.633774,1,,,
Cyld,0,0.589394,0.517355,0.474443,0.55958,0.33065,0.550301,0.619051,0.633892,0.191319,0.633892,1,,,
Ube4a,0,0.202806,0.441763,0.633915,0.59178,0.365839,0.400732,0.150875,0.267176,0.475788,0.633915,1,,,
Nphp3,0,0.633934,0.389452,0.166742,0.404612,0.375786,0.46983,-0.1418,-0.121634,0.0541344,0.633934,1,,,
Map3k7,0,0.180023,0.63419,0.48995,0.287022,0.552536,0.0961552,0.323397,-0.107513,-0.0960007,0.63419,1,,,
Sema6d,0,0.634253,0.610916,0.139849,0.409525,0.444941,0.0288982,0.112762,-0.135954,-0.127121,0.634253,1,,,
Pex14,0,0.0711784,0.328569,0.59771,0.409702,0.403719,0.53994,0.634418,0.569988,0.49531,0.634418,1,,,
Tmlhe,0,-0.0191078,0.0379333,0.186569,0.350727,0.634798,0.105314,-0.158592,0.113321,0.0864773,0.634798,1,,,
Hars2,0,-0.082901,-0.0915756,0.083519,0.203541,0.441248,0.264795,0.178276,0.472937,0.634855,0.634855,1,,,
Fkbp2,0,0.152512,0.351585,0.362139,0.473278,0.270763,0.41773,0.397345,0.466381,0.635498,0.635498,1,,,
Crk,0,-0.0324879,0.0998821,0.286236,0.225561,0.414768,0.308779,0.417604,0.430387,0.637587,0.637587,1,,,
Cyb5a,0,0.34123,0.367397,0.174023,0.0748787,0.381134,0.455351,0.565754,0.552328,0.637918,0.637918,1,,,
Cspg4,0,0.447512,0.616364,0.557497,0.281078,0.382748,0.348763,0.345762,0.291609,0.638479,0.638479,1,,,
Phc3,0,0.176141,-0.238573,-0.227733,-0.134284,0.628878,0.577113,0.373187,0.327581,0.639813,0.639813,1,,,
Aktip,0,0.640589,0.528326,0.445223,0.489962,0.377527,0.536755,0.631292,0.440908,0.523249,0.640589,1,,,
Acp6,0,-0.537964,-0.176025,-0.0314693,0.0625134,0.592642,0.407396,0.470261,0.432568,0.640968,0.640968,1,,,
Prpsap2,0,0.507633,0.641472,0.408594,0.386984,-0.396587,-0.194761,-0.298767,-0.298655,-0.414352,0.641472,1,,,
Mid1ip1,0,0.165657,-0.217875,-0.179806,-0.527294,0.495747,0.124443,-0.109802,-0.0427971,0.642099,0.642099,1,,,
Commd3,0,-0.0790367,-0.123949,-0.0629673,0.0718174,0.275925,0.508207,0.575432,0.642801,0.628937,0.642801,1,,,
Timm8b,0,-0.0391121,0.123432,0.0312195,0.329912,0.37059,0.321045,0.11091,0.460028,0.643763,0.643763,1,,,
Ski,0,0.27052,0.366513,0.565202,-0.11011,0.644792,0.140141,-0.429807,-0.591023,0.0493174,0.644792,1,,,
Tmem176b,0,0.584705,0.588226,0.411575,0.201416,0.29134,0.644936,0.48176,0.236549,-0.140589,0.644936,1,,,
Itfg2,0,-0.233119,-0.0162287,-0.0634012,-0.0856447,0.185403,0.19064,0.345666,0.41657,0.64503,0.64503,1,,,
Amdhd2,0,0.309042,0.410027,0.423058,0.37966,0.537893,0.467091,0.355097,0.390575,0.645786,0.645786,1,,,
Mios,0,0.216166,-0.0959358,-0.138695,0.199257,0.376633,0.387474,0.522385,0.534334,0.64617,0.64617,1,,,
Crot,0,-0.489424,-0.128222,0.291199,0.130857,0.216299,0.548376,0.647076,0.381054,0.401243,0.647076,1,,,
C2cd2l,0,0.362619,0.472975,0.441896,0.482779,0.43968,0.647703,0.462439,0.496695,0.158049,0.647703,1,,,
Emc8,0,-0.132437,0.0647984,0.258755,0.233429,0.64801,0.419676,0.440781,0.412043,0.638144,0.64801,1,,,
Mrps7,0,-0.371178,-0.125122,-0.0920315,0.0805988,0.252918,0.185633,0.259598,0.523251,0.648211,0.648211,1,,,
Hddc2,0,0.194941,0.325277,0.459673,0.509186,0.648396,0.496168,0.387098,0.541861,0.442814,0.648396,1,,,
Map2k1,0,0.0992088,0.314907,0.322184,0.362379,0.26652,0.479773,0.649956,0.50856,0.203833,0.649956,1,,,
Rrs1,0,0.0165405,0.38175,0.533897,0.445087,0.426245,0.554052,0.649994,0.470003,0.39809,0.649994,1,,,
Aamdc,0,-0.222435,0.12092,0.415804,0.0106506,0.650942,0.297327,0.18712,0.307299,0.455708,0.650942,1,,,
Ralgapb,0,0.329292,0.575598,0.412355,0.588316,0.483099,0.651094,0.429569,0.575514,0.544632,0.651094,1,,,
Chkb,0,-0.172905,0.404791,0.4482,0.630634,0.651762,0.647209,0.622564,0.435455,0.439468,0.651762,1,,,
Tax1bp3,0,0.511462,0.639886,0.586042,-0.114143,0.651991,0.204375,0.261678,0.0616493,-0.302282,0.651991,1,,,
Abca2,0,0.163043,0.65316,0.488721,0.476038,0.483269,0.306504,0.34665,0.331861,0.430224,0.65316,1,,,
Pik3ca,0,-0.0511112,0.374678,0.379845,0.475994,0.304483,0.520405,0.653587,0.635923,0.611843,0.653587,1,,,
Tap1,0,-0.0394754,0.653976,0.179631,0.111895,0.612391,0.613478,0.206746,0.259933,0.605094,0.653976,1,,,
Scly,0,0.136267,0.648183,0.495251,0.623107,0.420213,0.654921,0.525681,0.420279,0.569463,0.654921,1,,,
Rexo2,0,-0.0196533,0.365635,0.570543,0.549736,0.623159,0.506929,0.395836,0.549797,0.655697,0.655697,1,,,
Ssr4,0,0.655777,0.524977,0.533361,0.606876,0.541061,0.372856,0.102242,0.0932922,0.14979,0.655777,1,,,
Nckap1,0,0.119461,0.129606,0.155178,0.303299,0.347795,0.513983,0.565966,0.605179,0.658728,0.658728,1,,,
Plch1,0,0.659883,0.590261,0.560965,0.488626,-0.441258,-0.270848,-0.465618,0.401699,-0.413365,0.659883,1,,,
Rnf31,0,-0.38155,0.197124,0.00818443,0.0865612,0.432535,0.246326,0.639601,0.614811,0.66102,0.66102,1,,,
Scyl3,0,0.0427513,0.658269,0.118968,0.586261,0.403074,0.562565,0.661128,0.650688,0.117312,0.661128,1,,,
Smim4,0,0.125885,0.0760689,0.0700703,-0.0306721,0.0944042,0.176647,0.342609,0.402609,0.661385,0.661385,1,,,
Nf1,0,-0.0179062,0.0136967,0.105352,0.266659,0.417635,0.43516,0.439053,0.426149,0.661776,0.661776,1,,,
Tm9sf2,0,-0.22908,0.0700436,-0.00655746,0.0728245,0.0393333,0.130804,0.662844,-0.0379181,-0.375914,0.662844,1,,,
Zzef1,0,0.423548,0.459688,0.633247,0.438112,0.629065,0.569918,0.66297,0.569624,0.552559,0.66297,1,,,
Sec23a,0,0.663044,0.558908,0.658247,0.61397,0.5308,0.422493,0.455591,0.422327,0.096859,0.663044,1,,,
Rapgef2,0,0.276714,0.611307,0.401709,0.663046,0.381784,0.409525,0.235283,0.335379,0.305893,0.663046,1,,,
Snx24,0,-0.18702,0.19237,0.157188,0.412372,0.212994,0.456972,0.444673,0.663655,0.590437,0.663655,1,,,
Wdr1,0,0.1637,0.114105,0.253281,0.429329,0.378691,0.586117,0.66087,0.66395,0.448107,0.66395,1,,,
Scarb2,0,0.235548,0.470476,0.384678,0.379261,0.664469,0.234148,0.309475,0.335047,0.627787,0.664469,1,,,
Dnajb14,0,0.305161,0.371592,0.190693,0.269972,0.317663,0.222273,0.664543,0.445885,0.210138,0.664543,1,,,
Sh3glb2,0,0.129751,0.477726,0.664799,0.538301,0.31978,0.399107,0.300577,0.346529,0.179733,0.664799,1,,,
Snap23,0,0.280474,0.461994,0.480951,0.369745,0.497503,0.579012,0.567541,0.477913,0.665045,0.665045,1,,,
Sec22b,0,0.23955,0.472195,0.518236,0.538385,0.509232,0.61816,0.666063,0.57011,0.412888,0.666063,1,,,
Megf8,0,0.666251,0.1741,-0.184222,0.520075,0.08498,0.1682,-0.182954,0.135478,0.46504,0.666251,1,,,
Golga4,0,0.190916,0.293905,0.376001,0.528219,0.601395,0.67062,0.589483,0.551075,0.518856,0.67062,1,,,
Mpp2,0,0.670965,0.232622,0.14953,0.141508,0.447931,0.571985,0.333641,0.607969,0.496155,0.670965,1,,,
Hspa4l,0,0.671371,0.221609,0.125244,-0.106649,0.0618782,-0.0979176,0.0289631,0.155697,0.0687828,0.671371,1,,,
Glmp,0,-0.192995,-0.0221815,-0.0608549,0.113727,0.66587,0.327325,0.381145,0.598895,0.671433,0.671433,1,,,
Znf536,0,-0.00851154,0.58796,0.44649,0.545144,0.341331,0.487908,0.671653,0.373769,0.248853,0.671653,1,,,
Vps33b,0,-0.0516205,0.120113,0.23888,0.373976,0.423912,0.502033,0.597626,0.671986,0.643364,0.671986,1,,,
Ddah1,0,0.104322,0.379433,0.646189,0.672012,0.631872,0.540049,0.484631,0.425556,0.408194,0.672012,1,,,
Cnot7,0,0.672276,0.0433121,0.03302,-0.345963,-0.30311,-0.408539,-0.452662,-0.188839,-0.202942,0.672276,1,,,
Ankrd13c,0,0.00530148,0.212067,0.299771,0.346344,0.394637,0.653516,0.673194,0.440591,0.252614,0.673194,1,,,
Armc1,0,0.0473385,-0.0834541,0.231062,0.145176,0.56422,0.458578,0.117733,0.561958,0.673206,0.673206,1,,,
Capn2,0,0.216801,0.215647,0.31089,0.482912,0.562672,0.673416,0.602148,0.616714,0.598364,0.673416,1,,,
Kif1c,0,0.0606537,0.483044,0.279104,0.407591,0.480276,0.487867,0.313885,0.282963,0.674801,0.674801,1,,,
Clec16a,0,0.675201,-0.251245,-0.4625,-0.292959,-0.444927,-0.508377,-0.291807,-0.105333,-0.64337,0.675201,1,,,
Dtx3l,0,-0.0757818,-0.0299463,-0.0292273,-0.173845,0.574524,0.313419,0.111536,0.104965,0.675374,0.675374,1,,,
Slc38a10,0,0.249912,0.677231,0.404509,0.530674,0.0680351,0.251211,0.18524,0.143019,-0.185389,0.677231,1,,,
Ppp6r2,0,0.432062,0.547844,0.503748,0.612349,0.459946,0.625902,0.339434,0.572338,0.677254,0.677254,1,,,
Pex19,0,0.496952,0.483942,0.678501,0.443792,0.414034,0.635954,0.505901,0.510532,0.452412,0.678501,1,,,
Commd9,0,-0.0694542,-0.243078,-0.0961971,0.0509796,0.248539,0.298462,0.476553,0.679361,0.465296,0.679361,1,,,
Wls,0,-0.30769,0.679558,0.495338,0.505411,0.319141,0.288086,0.266623,-0.0247974,0.650591,0.679558,1,,,
F8a1,0,-0.0538006,0.0727119,-0.105381,0.0427151,0.235834,0.325794,0.510904,0.679928,0.632542,0.679928,1,,,
Sdcbp,0,0.272005,0.230398,0.49287,0.661655,0.44602,0.438957,0.68017,0.442371,0.330399,0.68017,1,,,
Pex3,0,0.426384,0.426363,0.434175,0.180929,0.221775,0.408751,0.680866,0.39345,0.196877,0.680866,1,,,
Dstyk,0,0.399718,0.363769,0.599517,0.210813,0.306489,0.295416,0.327355,0.493016,0.681534,0.681534,1,,,
Prkra,0,-0.0852013,0.355116,0.532642,0.682144,0.679831,0.565485,0.442329,0.49119,0.525234,0.682144,1,,,
Pla2g16,0,-0.365992,0.030014,0.193136,-0.129179,0.240444,0.218733,-0.0503464,0.308214,0.682236,0.682236,1,,,
Npas3,0,0.14011,0.295143,0.222065,0.0750866,0.434656,0.683493,0.381319,0.308359,0.461288,0.683493,1,,,
Skp1,0,0.240761,0.497368,0.683657,0.549313,0.538841,0.58099,0.374283,0.230471,0.146385,0.683657,1,,,
Atad1,0,0.107323,-0.359356,-0.0880165,0.115837,0.500208,0.349691,0.402241,0.683966,0.495022,0.683966,1,,,
Acot9,0,-0.0741673,0.112289,0.234617,0.326284,0.604904,0.368345,0.300739,0.544113,0.685356,0.685356,1,,,
Nubpl,0,-0.0376434,0.187544,0.344131,0.384825,0.685732,0.383949,0.367102,0.499935,0.612051,0.685732,1,,,
Phb,0,-0.416197,-0.229528,-0.0536346,0.127653,0.425116,0.241205,0.239319,0.511267,0.687403,0.687403,1,,,
Hsbp1,0,0.219269,0.688,0.601242,0.608038,0.359909,0.422436,0.455236,0.451946,0.473829,0.688,1,,,
Hsd17b8,0,-0.0435085,0.0863628,0.310917,0.205488,0.652315,0.394583,0.414822,0.661636,0.689121,0.689121,1,,,
Cap1,0,0.380781,0.229559,0.156498,0.252848,0.279074,0.427372,0.689167,0.466085,0.225927,0.689167,1,,,
Sh3kbp1,0,0.597434,0.635374,0.563001,0.689608,0.151753,-0.0196409,0.290632,0.40322,-0.124426,0.689608,1,,,
Mterf1a;Mterf1b,0,-0.63281,-0.448248,-0.14035,0.178279,0.69031,0.175711,0.247536,0.169432,0.386724,0.69031,1,,,
Tmem246,0,0.287085,0.511057,0.522799,0.574194,0.69034,0.378458,0.507841,0.31901,0.659584,0.69034,1,,,
Flad1,0,0.30154,0.118677,0.116909,0.243868,0.420969,0.650915,0.690506,0.540434,0.49749,0.690506,1,,,
Ankrd40,0,-0.153584,0.329262,0.500793,0.140053,-0.0521202,0.396982,0.208102,0.520637,0.692033,0.692033,1,,,
Sbf2,0,0.0870342,0.0539627,0.138044,0.302719,0.416702,0.380465,0.692104,0.586901,0.628311,0.692104,1,,,
Fars2,0,-0.251247,-0.064003,0.0975113,0.109278,0.418392,0.2612,0.369398,0.49826,0.692125,0.692125,1,,,
Akap10,0,0.693687,-0.0540848,0.157841,0.313942,0.0173492,0.185982,-0.13328,0.00270271,0.19467,0.693687,1,,,
Fam160b1,0,0.694075,-0.287697,-0.62875,-0.583063,-0.537544,-0.533419,-0.350672,-0.241564,-0.406145,0.694075,1,,,
Mapkap1,0,-0.310143,0.0800276,0.160385,0.281733,0.145465,-0.0775461,0.198322,0.233933,0.694247,0.694247,1,,,
Pbrm1,0,-0.160957,0.695114,0.437838,0.466133,0.25519,0.188248,0.504137,0.0998917,-0.182049,0.695114,1,,,
Exd2,0,0.252403,-0.102455,0.0861282,-0.218592,0.251653,0.217724,0.195491,0.548761,0.695356,0.695356,1,,,
Fuca1,0,-0.0887508,0.07024,0.216156,0.351051,0.574896,0.631893,0.695362,0.443684,0.386343,0.695362,1,,,
Hgsnat,0,0.0986366,-0.142187,-0.231152,-0.0997963,0.0394344,0.169996,0.172846,0.35211,0.695694,0.695694,1,,,
Rhot1,0,-0.345181,0.0194931,0.246052,0.389248,0.695875,0.469254,0.541267,0.407434,0.645977,0.695875,1,,,
Commd2,0,-0.0956039,-0.417511,-0.181858,-0.0523281,0.220238,0.313963,0.309156,0.561115,0.696568,0.696568,1,,,
Ptpn11,0,0.080368,0.1782,0.260962,0.406855,0.423557,0.614428,0.606352,0.696606,0.60058,0.696606,1,,,
Smox,0,0.0636692,0.572235,0.657991,0.648787,0.427999,0.370798,0.14366,0.260672,0.696749,0.696749,1,,,
Rab11a,0,0.202065,0.476351,0.241663,0.446251,0.462526,0.421473,0.697702,0.505379,0.353731,0.697702,1,,,
Tmem120b,0,0.356267,0.697876,0.181245,-0.196187,-0.0995016,0.0123625,-0.0473366,-0.0301285,0.148096,0.697876,1,,,
Stx16,0,0.155674,-0.266291,-0.29991,0.224199,0.597221,0.618271,0.669874,0.698631,0.575319,0.698631,1,,,
Stard7,0,0.317739,-0.478447,-0.383406,-0.261927,0.159664,0.0649433,0.223373,0.699963,0.308901,0.699963,1,,,
Klc4,0,0.221256,0.31222,0.477852,0.484232,0.631239,0.700001,0.552217,0.594166,0.61673,0.700001,1,,,
Prrc1,0,0.701138,0.584543,0.418711,0.435467,0.528528,0.468767,0.457716,0.291662,-0.0068512,0.701138,1,,,
Hax1,0,-0.0552292,-0.0661907,-0.109457,0.0903816,0.373518,0.235134,0.344435,0.524731,0.701906,0.701906,1,,,
Mlst8,0,0.546679,0.271511,0.229347,0.353477,0.518858,0.649683,0.445696,0.70236,0.146574,0.70236,1,,,
Trak1,0,0.339417,-0.0841055,-0.0197792,-0.136168,0.0785971,0.179578,0.253338,0.702582,0.424431,0.702582,1,,,
Astn1,0,0.59902,0.703392,0.486464,0.323574,-0.0229073,-0.186012,-0.375015,-0.486628,-0.695688,0.703392,1,,,
C1orf50,0,0.461788,0.340519,0.474264,0.213177,0.521128,0.45504,0.42642,0.526178,0.705946,0.705946,1,,,
Rab24,0,-0.0877552,-0.138365,-0.0719948,-0.0214958,0.318054,0.276466,0.203325,0.456493,0.707081,0.707081,1,,,
Trappc1,0,0.307487,0.574155,0.636424,0.707101,0.556117,0.428451,0.428556,0.608459,0.650866,0.707101,1,,,
Mrps5,0,-0.384911,-0.271046,-0.0963993,-0.00180817,0.323149,0.234707,0.25774,0.382078,0.708113,0.708113,1,,,
Ctnnb1,0,-0.0505009,0.377304,0.502958,0.664814,0.620693,0.643465,0.708244,0.430233,0.575977,0.708244,1,,,
Cyb561d2,0,0.489524,0.618852,0.503095,0.709025,0.319827,0.353065,0.28465,0.120696,0.512952,0.709025,1,,,
Mrps9,0,-0.120121,-0.102234,0.0285358,0.276525,0.39283,0.22645,0.257277,0.441851,0.709379,0.709379,1,,,
Chka,0,0.0331097,0.424767,0.223009,0.444777,0.605602,0.470554,0.616867,0.710039,0.626371,0.710039,1,,,
Tbl2,0,0.341366,0.359371,0.43396,0.486824,0.710226,0.572897,0.477736,0.425079,0.651594,0.710226,1,,,
Atp6v1b2,0,0.0219078,-0.0438938,-0.0314121,0.17312,0.350996,0.44861,0.575798,0.673269,0.710398,0.710398,1,,,
Nck2,0,0.233511,0.556402,0.710463,0.48175,0.400167,0.460583,0.408356,0.219183,0.293173,0.710463,1,,,
Ppm1l,0,-0.205198,0.24287,0.518776,0.146725,0.710604,0.0802441,-0.110781,-0.254578,0.15341,0.710604,1,,,
Mrrf,0,-0.0234394,-0.46866,-0.322971,-0.187208,0.239634,0.174105,0.249016,0.712244,0.498573,0.712244,1,,,
Atpaf1,0,0.115278,-0.0618172,0.101004,0.149662,0.359682,0.363853,0.239437,0.670658,0.712626,0.712626,1,,,
Pde4dip,0,0.713108,0.461704,0.311621,0.670282,0.235228,0.35487,0.43622,0.46413,0.463413,0.713108,1,,,
R3hdm2;Arpp21,0,0.321378,0.712893,0.715717,0.494983,0.397573,0.536847,0.310378,-0.0280628,0.390447,0.715717,1,,,
Pdzd11,0,-0.177241,0.288077,0.222978,0.129899,0.646438,-0.0860167,0.717057,0.294806,0.60209,0.717057,1,,,
Nagk,0,0.0270081,0.257025,0.50841,0.354082,0.581577,0.706596,0.606892,0.594919,0.717838,0.717838,1,,,
Prkaca,0,-0.10519,-0.0212784,-0.0233402,0.115078,0.287422,0.445734,0.364729,0.506308,0.718431,0.718431,1,,,
Vav2,0,-0.433722,-0.0293903,0.225303,0.445889,-0.0681448,-0.0427113,-0.118051,0.217318,0.719128,0.719128,1,,,
Aftph,0,-0.142701,0.641276,0.54856,0.719492,0.260097,-0.300792,0.376277,-0.627359,0.180247,0.719492,1,,,
Gss,0,0.118433,0.463459,0.675201,0.572968,0.618351,0.671892,0.719872,0.669321,0.565924,0.719872,1,,,
Ccdc47,0,0.720098,0.0214844,-0.0832348,-0.0235081,-0.0456696,-0.14962,0.000923157,-0.0415516,-0.410597,0.720098,1,,,
Pradc1,0,0.258827,0.435179,0.526264,0.477722,0.720379,0.604877,0.518698,0.534878,0.630541,0.720379,1,,,
Ociad1,0,-0.170225,0.312992,0.327927,0.434999,0.630371,0.369871,0.418577,0.47681,0.720646,0.720646,1,,,
Qki,0,0.0883312,0.468922,0.510742,0.38171,0.484804,0.387564,0.720657,0.135624,0.178083,0.720657,1,,,
Ap3d1,0,0.154696,0.372862,0.572443,0.571642,0.720995,0.679813,0.61475,0.616652,0.675093,0.720995,1,,,
Itgav,0,0.515219,0.722013,0.512793,0.680822,0.276459,0.294914,0.544518,0.589102,0.401926,0.722013,1,,,
Rars2,0,-0.129879,0.148457,0.260355,0.388573,0.686218,0.435837,0.416483,0.579153,0.723717,0.723717,1,,,
Stat2,0,0.404419,0.43684,-0.067234,0.220718,0.480797,0.530973,0.343117,0.26379,0.725208,0.725208,1,,,
Ror2,0,-0.157885,0.726345,0.619488,0.567554,0.479412,-0.0437088,-0.174576,-0.436476,-0.27072,0.726345,1,,,
Ncln,0,-0.0119724,0.563354,0.467772,0.620214,0.726627,0.578205,0.453754,0.385326,0.685577,0.726627,1,,,
Rab2a,0,0.48568,0.336292,0.0402184,0.210894,0.207342,0.435736,0.710949,0.727262,0.20561,0.727262,1,,,
Trappc10,0,-0.0563412,0.443583,0.728256,0.685503,0.649918,0.418436,0.338118,-0.0757122,0.665998,0.728256,1,,,
Mipep,0,-0.18285,0.0243797,0.0307674,0.244211,0.472511,0.419958,0.530788,0.66044,0.728277,0.728277,1,,,
Wasf1,0,-0.0772285,0.25766,0.177317,0.417988,0.283768,0.527437,0.728577,0.529383,0.587881,0.728577,1,,,
Kiaa0513,0,0.370922,0.329678,0.562056,0.300866,0.551385,0.312135,0.59096,0.728995,0.489603,0.728995,1,,,
Synrg,0,0.729296,-0.211998,-0.370459,-0.378771,-0.300207,-0.229782,-0.0990658,-0.1483,-0.243286,0.729296,1,,,
C2cd2,0,0.611414,0.418348,0.566671,0.684488,0.556475,0.606958,0.729952,0.617378,0.0935631,0.729952,1,,,
Pcmt1,0,-0.181612,-0.118132,0.00609016,-0.0547562,0.201269,0.275648,0.730465,0.629883,0.322565,0.730465,1,,,
Cirbp,0,0.00538063,-0.41334,-0.131805,-0.0254459,0.477665,0.538101,0.722353,0.708553,0.738197,0.738197,1,,,
B4galt4,0,0.362821,0.739429,0.589229,0.672151,0.289401,0.479178,0.419593,0.347007,-0.0654793,0.739429,1,,,
Zfyve1,0,0.207817,0.430979,0.614094,0.523338,0.699839,0.618828,0.592789,0.618774,0.739817,0.739817,1,,,
Shank1,0,-0.233847,0.349861,0.582233,0.440355,0.653141,0.586647,0.570288,0.653234,0.739861,0.739861,1,,,
Adk,0,-0.440123,-0.17193,0.066391,-0.0777359,0.427357,0.504812,0.739973,0.596209,0.398287,0.739973,1,,,
Wdr45,0,0.331814,0.691679,0.582611,0.74,0.448418,0.709297,0.316381,0.431314,0.247517,0.74,1,,,
Lrsam1,0,0.741236,0.258381,0.341557,0.463139,0.380371,0.637897,0.373919,0.590218,0.726797,0.741236,1,,,
Rhbdf1,0,0.161894,0.302244,0.376394,0.504938,0.741249,0.53569,0.647289,0.506454,0.681662,0.741249,1,,,
Synj2bp,0,-0.0148163,0.353134,0.447853,0.445019,0.60956,0.445938,0.530144,0.454035,0.742832,0.742832,1,,,
Stard3,0,0.390499,0.485464,0.701412,0.234137,0.743061,0.468248,0.320366,0.463438,0.0794325,0.743061,1,,,
Rap2b,0,-0.507572,-0.636635,-0.230013,-0.193169,0.446022,0.354727,0.290073,0.276157,0.743092,0.743092,1,,,
Fam49b,0,-0.107409,0.365295,0.685358,0.683193,0.744963,0.525696,0.410931,0.290257,0.419495,0.744963,1,,,
Atp6v0a1,0,0.167261,0.0432777,-0.0227413,0.206497,0.410965,0.450415,0.498177,0.744259,0.745855,0.745855,1,,,
Dip2a,0,0.0451775,0.515387,0.56889,0.746872,0.368412,0.580551,0.42314,0.383802,0.636942,0.746872,1,,,
Snx18,0,-0.059576,0.388197,0.380054,0.599928,0.25507,0.508612,0.747166,0.564327,0.400658,0.747166,1,,,
Vipas39,0,-0.00491714,0.326721,0.382519,0.526711,0.579138,0.642935,0.695215,0.718491,0.74791,0.74791,1,,,
Cuta,0,-0.432844,0.500589,0.7481,0.397797,0.464823,0.404165,0.547056,0.419739,0.719896,0.7481,1,,,
Rhot2,0,-0.0966549,0.107691,0.366669,0.353207,0.748856,0.580412,0.540775,0.587969,0.748432,0.748856,1,,,
Igsf8,0,0.643559,0.241364,0.45505,0.750605,0.630261,0.747837,0.228554,0.420552,-0.0419769,0.750605,1,,,
Atp6v1a,0,0.201725,0.230341,0.19525,0.379374,0.38904,0.570709,0.716125,0.751499,0.687752,0.751499,1,,,
Tbc1d10b,0,-0.0132313,0.37731,0.607298,0.514847,0.752546,0.731167,0.750416,0.604778,0.617628,0.752546,1,,,
Pex16,0,0.278048,0.48842,0.600798,0.252893,0.595284,0.753983,0.534473,0.593864,0.688951,0.753983,1,,,
Cux1,0,0.751869,0.754337,0.405954,0.601561,0.188786,0.384991,0.751774,0.628777,-0.0994663,0.754337,1,,,
Gstm7,0,0.0149155,0.275869,0.372107,0.117741,0.0410938,0.509256,0.512037,0.755028,0.642271,0.755028,1,,,
Yif1b,0,0.674429,0.755041,0.529925,0.501104,-0.282825,0.452874,-0.211243,-0.257452,0.0129862,0.755041,1,,,
Timm50,0,-0.507925,-0.234531,-0.156452,0.0274372,0.584848,0.169827,-0.133827,0.214733,0.755316,0.755316,1,,,
Mto1,0,-0.370779,-0.51321,-0.134418,-0.0249004,0.154688,0.271622,0.2938,0.656279,0.755413,0.755413,1,,,
Sox5,0,0.756155,0.2689,0.0309029,-0.0316219,-0.20797,-0.105675,-0.00690842,-0.065567,-0.274296,0.756155,1,,,
Ttc28,0,0.245964,0.484312,0.39056,0.513725,0.46841,0.556351,0.31167,0.542742,0.756765,0.756765,1,,,
Arnt2,0,-0.241235,-0.0768213,0.0113459,-0.0418615,0.759675,0.53506,0.303582,0.455464,0.592465,0.759675,1,,,
Atrnl1,0,0.726191,0.760312,0.709683,0.143603,-0.293181,0.464304,0.57475,0.627705,-0.445549,0.760312,1,,,
Rgs7,0,0.199953,0.20849,0.116768,0.262785,0.32382,0.499073,0.629049,0.760513,0.686676,0.760513,1,,,
Arid2,0,0.442463,0.760736,0.466366,0.729633,0.391188,0.210054,0.474545,0.259079,0.138224,0.760736,1,,,
Tspan14,0,0.427529,0.624766,0.624536,0.481904,0.762074,0.333046,0.0446177,-0.0271969,0.100159,0.762074,1,,,
Sgpl1,0,0.345024,0.53639,0.686968,0.758326,0.762995,0.579727,0.498659,0.473377,0.468315,0.762995,1,,,
Kcnip4,0,-0.485172,0.680258,0.764982,0.661348,0.478471,0.432021,0.51288,0.333602,0.498114,0.764982,1,,,
Dhrs7,0,0.344351,0.51771,0.766638,0.572086,0.747637,0.513884,0.416832,0.28973,0.153065,0.766638,1,,,
Mb21d2,0,0.472677,0.767132,0.605844,0.661186,0.350519,0.131433,0.110863,0.0403366,0.0738773,0.767132,1,,,
Hspa2,0,0.450279,0.713846,0.768061,0.759943,0.696644,0.509459,0.516533,0.4758,0.488235,0.768061,1,,,
Scpep1,0,-0.0363789,-0.180313,-0.0711174,-0.220493,0.27607,0.24902,0.399096,0.599239,0.768078,0.768078,1,,,
Nfix,0,0.178305,0.0404396,0.382965,0.0757751,0.768353,0.371037,-0.294176,0.364313,0.606594,0.768353,1,,,
Ddt,0,-0.25746,0.249804,0.0874233,-0.0214901,0.252344,0.311142,0.768393,0.708866,0.638824,0.768393,1,,,
Enah,0,0.263264,0.769169,0.424742,0.336004,0.189604,0.294743,0.480803,0.501925,0.0867233,0.769169,1,,,
Ip6k1,0,0.032053,0.407528,0.526567,0.505165,0.750414,0.764889,0.76927,0.757418,0.760038,0.76927,1,,,
Ppp2r5b,0,0.358603,0.285059,0.338827,0.395201,0.434267,0.566061,0.552488,0.769423,0.613935,0.769423,1,,,
Hspa9,0,-0.216452,-0.15003,0.0585194,0.106468,0.494154,0.379641,0.741821,0.754375,0.770172,0.770172,1,,,
Pgm2,0,0.00945854,0.0811501,0.353239,0.336706,0.683371,0.696104,0.668907,0.771006,0.635563,0.771006,1,,,
Clip1,0,0.422201,0.0836258,-0.134924,0.0539532,0.160675,0.331011,0.772409,0.65818,0.498055,0.772409,1,,,
Cacng8,0,-0.524088,0.0669651,0.262339,0.772573,0.551933,0.465385,0.653919,0.357832,0.421873,0.772573,1,,,
C12orf65,0,-0.282201,-0.388642,-0.183434,-0.210679,0.263871,0.0631342,0.359817,0.775687,0.442321,0.775687,1,,,
Lactb2,0,0.202719,0.51005,0.592476,0.632116,0.711985,0.734018,0.776264,0.698677,0.715689,0.776264,1,,,
Bai3,0,0.189306,0.110365,0.354149,0.206833,0.467606,0.440102,0.242787,0.498451,0.776897,0.776897,1,,,
Mtss1l,0,0.295599,0.776905,0.586464,0.436445,0.0655422,0.370743,0.206427,0.297129,-0.145847,0.776905,1,,,
Tmem223,0,-0.0254917,0.25733,0.376274,0.72579,0.778358,0.736681,0.413343,0.404455,0.706257,0.778358,1,,,
Abtb2,0,0.436749,-0.102973,0.104052,-0.0487347,-0.0980787,0.506559,0.500644,0.778744,0.764174,0.778744,1,,,
Timm10b,0,-0.308466,-0.335485,-0.182323,-0.0942373,0.406929,0.149677,0.129519,0.779665,0.578677,0.779665,1,,,
Mapk8ip3,0,0.166569,0.134243,0.20915,0.389111,0.326994,0.540979,0.615776,0.545654,0.779793,0.779793,1,,,
Atad3,0,0.0315399,0.254709,0.397312,0.461191,0.7663,0.449568,0.316082,0.535139,0.781227,0.781227,1,,,
Gatb,0,-0.26177,-0.358728,-0.0111427,0.0294056,0.275866,0.246675,0.222958,0.454185,0.78425,0.78425,1,,,
Uchl1,0,0.413738,0.737705,0.784512,0.424952,0.178459,-0.0203609,-0.184824,-0.193804,-0.608547,0.784512,1,,,
Cox14,0,-0.0291328,0.208364,0.0735893,0.162781,0.355511,0.389975,0.409739,0.785276,0.68685,0.785276,1,,,
Pfkl,0,0.0326462,0.00699043,0.165478,0.676035,0.391262,0.659971,0.785608,0.597492,0.66548,0.785608,1,,,
Psen1,0,0.0803528,0.576334,0.327145,0.606028,0.759747,0.641246,0.650089,0.708191,0.785723,0.785723,1,,,
Ppfia3,0,0.117128,0.326184,0.280343,0.195565,0.397043,0.333267,0.788363,0.530392,0.283664,0.788363,1,,,
Aurkaip1,0,0.335563,-0.323646,-0.621854,-0.504236,-0.259189,-0.219561,0.124514,0.788982,0.221925,0.788982,1,,,
Ociad2,0,0.789537,0.108795,-0.413235,0.0834293,-0.13472,-0.1474,0.0508537,0.244085,-0.239014,0.789537,1,,,
Anxa4,0,0.00479221,0.0686321,0.327536,0.207557,0.790878,0.546857,0.100261,0.292789,0.39957,0.790878,1,,,
Ist1,0,0.279482,0.571722,0.642107,0.593493,0.666918,0.792089,0.644848,0.550301,0.476303,0.792089,1,,,
Vars2,0,-0.281168,0.0403042,0.210428,0.318808,0.732756,0.475866,0.526562,0.76915,0.792389,0.792389,1,,,
Alg3,0,-0.593195,0.277632,0.534533,0.650862,0.524721,0.309509,-0.199526,-0.0762196,0.793503,0.793503,1,,,
Dnaja4,0,0.715331,0.449788,0.267303,0.772235,0.537911,0.794993,0.753142,0.642234,0.604644,0.794993,1,,,
Dynlrb1,0,0.359003,0.795193,0.745859,0.625401,0.411861,0.41407,0.544281,0.402334,0.393148,0.795193,1,,,
Dab2,0,0.795509,0.505178,0.388382,0.514036,0.268782,0.0576897,0.304499,0.465061,-0.18163,0.795509,1,,,
Nudt3,0,0.160061,-0.0906181,-0.0109119,-0.0425625,0.284937,0.432985,0.520201,0.796999,0.484636,0.796999,1,,,
Gmfb,0,-0.256582,0.0947609,0.391445,0.530638,0.700909,0.69162,0.609638,0.593161,0.797396,0.797396,1,,,
Rnf139,0,0.303987,0.0798464,0.0234852,0.420159,0.568903,0.51802,0.761018,0.80114,0.619595,0.80114,1,,,
Ccdc88a,0,0.379913,0.567856,0.49132,0.560289,0.513281,0.531815,0.801241,0.600061,0.474197,0.801241,1,,,
Ccz1,0,0.147474,0.20483,0.401793,0.374428,0.533365,0.576178,0.768532,0.801594,0.759821,0.801594,1,,,
Dhodh,0,-0.257689,-0.252895,-0.199112,0.00697327,0.417219,0.164598,0.298252,0.581976,0.802774,0.802774,1,,,
Apmap,0,0.310881,0.520515,0.596115,0.521568,0.602943,0.710241,0.804726,0.686661,0.733168,0.804726,1,,,
Oat,0,-0.176332,0.249783,0.350082,0.381878,0.805492,0.44569,0.767836,0.625286,0.70492,0.805492,1,,,
Rbm28,0,0.00425148,0.299438,0.243582,0.540831,0.413868,0.579071,0.805964,0.542078,0.608841,0.805964,1,,,
Gpi,0,-0.206556,0.0212555,0.184872,0.28454,0.371845,0.54616,0.690714,0.657236,0.807129,0.807129,1,,,
Clcn6,0,0.274801,0.192133,0.214197,0.396172,0.444132,0.550106,0.642401,0.709297,0.80863,0.80863,1,,,
Peak1,0,0.430644,0.40099,0.186261,0.478559,0.421859,0.458356,0.809232,0.421998,0.416789,0.809232,1,,,
Lxn,0,0.445913,0.372,0.423191,0.463121,0.810898,0.61874,0.00273705,0.329185,0.222548,0.810898,1,,,
Dennd5a,0,0.0200462,0.43256,0.656181,0.737465,0.58576,0.81111,0.789461,0.793928,0.675396,0.81111,1,,,
Nudt4,0,0.237387,-0.0125561,0.180923,0.471074,0.29742,-0.109421,0.297376,0.811543,-0.126219,0.811543,1,,,
Cdk5rap2,0,0.336908,0.0968342,-0.445126,-0.174358,0.0712872,-0.0153141,0.173759,0.812181,-0.406703,0.812181,1,,,
Emc7,0,0.0994968,-0.0655556,0.0687256,0.12965,0.311508,0.442793,0.812813,0.733337,0.240877,0.812813,1,,,
Commd4,0,0.362011,-0.361757,-0.281553,0.272884,0.497107,0.555561,0.706284,0.812916,0.812155,0.812916,1,,,
Ptprs,0,-0.116665,0.484198,0.714735,0.656673,0.813295,0.61795,0.58927,0.489061,0.755028,0.813295,1,,,
Rabl6,0,0.354095,0.301368,0.60369,0.330905,0.629443,0.546632,0.613498,0.813622,0.395871,0.813622,1,,,
Rtn3,0,0.318983,0.456823,0.311508,0.591246,0.531393,0.665182,0.680946,0.724182,0.813631,0.813631,1,,,
Atraid,0,0.369745,0.240509,0.405698,0.409575,0.646569,0.534077,0.408263,0.808086,0.813983,0.813983,1,,,
Wdfy2,0,0.472769,0.429057,0.625476,0.814427,0.723783,0.692646,0.740911,0.80389,0.567667,0.814427,1,,,
Flot1,0,-0.331304,0.0493507,0.436062,-0.266669,0.190231,0.430317,0.153097,0.371494,0.814642,0.814642,1,,,
Abhd17b,0,-0.770862,0.107151,0.62096,0.123041,0.815256,0.321747,-0.305984,-0.0295486,0.575916,0.815256,1,,,
Epn1,0,-0.0613422,0.566387,0.550457,0.734638,0.553867,0.398218,0.550531,0.412125,0.816238,0.816238,1,,,
Cln5,0,-0.112688,0.318712,0.311258,0.206161,0.336903,0.322344,0.355398,0.485857,0.81794,0.81794,1,,,
Bet1,0,0.398445,0.26543,0.512844,0.678194,0.75952,0.819124,0.809328,0.771519,0.654631,0.819124,1,,,
Haghl,0,0.210755,0.819448,0.53343,0.504021,0.320253,0.390146,-0.22109,0.0820017,0.30696,0.819448,1,,,
Myd88,0,0.117597,0.718314,0.819594,0.719352,0.659972,0.496852,0.467031,0.269748,0.62305,0.819594,1,,,
Cog5,0,0.393188,0.39661,0.387999,0.487196,0.370487,0.316521,0.444115,0.819962,0.233864,0.819962,1,,,
Adck4,0,0.15259,0.251524,0.397484,0.395298,0.629923,0.513708,0.475687,0.701391,0.820108,0.820108,1,,,
Spns1,0,0.0728149,0.0875854,0.359468,0.493446,0.744652,0.55154,0.478788,0.541431,0.820122,0.820122,1,,,
Mboat2,0,0.315374,0.113874,0.302784,0.587891,0.661968,0.653913,0.510265,0.681807,0.820232,0.820232,1,,,
Coq3,0,-0.135468,-0.168947,0.264074,0.251886,0.737133,0.598915,0.717844,0.786716,0.820375,0.820375,1,,,
Dip2b,0,0.000957489,0.238241,0.34663,0.461006,0.673174,0.60631,0.713617,0.41305,0.820454,0.820454,1,,,
Ccdc53,0,0.0507698,0.151447,0.16374,0.249153,0.453611,0.688074,0.794754,0.821175,0.747049,0.821175,1,,,
Dap,0,0.572837,0.731523,0.821902,0.394017,0.667531,0.466712,0.339972,0.161317,0.175839,0.821902,1,,,
Kifc3,0,0.823066,0.816938,0.410865,0.28466,0.106292,0.301468,0.579107,0.13757,0.233044,0.823066,1,,,
Rhoq,0,-0.768467,-0.170879,0.0615158,0.35004,0.0702553,0.729916,0.824144,0.710075,0.329634,0.824144,1,,,
Extl2,0,-0.210812,0.413731,0.563639,0.797037,0.783268,0.721159,0.825567,0.514061,0.757347,0.825567,1,,,
Myl6b,0,0.395042,0.825888,0.700758,0.588215,0.569387,0.519192,0.574154,0.499073,0.731548,0.825888,1,,,
Nudt19,0,-0.446465,0.372288,0.396601,0.494368,0.464169,0.667593,0.826097,0.561174,0.738983,0.826097,1,,,
Tsfm,0,-0.0756702,-0.203407,0.0762329,0.166874,0.497805,0.413218,0.438951,0.649364,0.82909,0.82909,1,,,
Zmiz2;Zmiz1,0,-0.0910454,-0.0664883,-0.148987,0.105129,-0.117975,0.262848,0.830412,0.29401,-0.272551,0.830412,1,,,
H2-D1;H2-Q10;H2-Q8;H2-K1;H2-Q7;H2-L,0,0.723934,0.134611,-0.355497,-0.130653,0.0983791,-0.0459175,-0.0781994,0.152264,0.832323,0.832323,1,,,
Sepn1,0,0.832637,0.40152,0.248149,0.134068,0.546589,0.575381,0.724395,0.683567,0.260859,0.832637,1,,,
Acbd3,0,0.241055,0.466745,0.61622,0.693333,0.771437,0.719942,0.832905,0.629496,0.291412,0.832905,1,,,
Rab23,0,0.0857544,-0.419182,-0.0952072,-0.0293865,0.534233,0.460381,0.547428,0.618685,0.832972,0.832972,1,,,
Slc39a10,0,-0.260273,0.236336,0.271702,0.385092,0.644386,0.312065,0.592785,0.650885,0.83316,0.83316,1,,,
Eea1,0,0.102489,0.0932713,0.101263,0.183403,0.375826,0.480907,0.793446,0.833347,0.68643,0.833347,1,,,
Sec11c,0,0.173439,0.203152,0.27869,0.503216,0.633375,0.756834,0.675266,0.675955,0.833754,0.833754,1,,,
Pam16,0,0.313446,-0.253973,-0.126507,-0.142418,0.19067,0.371452,0.456448,0.832075,0.834282,0.834282,1,,,
Kbp,0,0.212959,0.632223,0.62022,0.746916,0.834715,0.786745,0.61725,0.664124,0.762449,0.834715,1,,,
Vasn,0,-0.409716,0.829343,-0.0926294,0.546111,0.359363,0.560014,0.834729,-0.074975,-0.45729,0.834729,1,,,
Ankmy2,0,0.43586,0.608067,0.599958,0.698816,0.485941,0.833845,0.834915,0.745317,0.815691,0.834915,1,,,
Snap29,0,0.512255,0.680586,0.677408,0.67853,0.761786,0.661383,0.835947,0.656698,0.710213,0.835947,1,,,
Gna11,0,-0.201714,0.182543,0.298777,0.551937,0.521164,0.705662,0.698858,0.611782,0.835995,0.835995,1,,,
Spcs2,0,0.836075,0.13273,0.134119,0.155422,0.310572,0.239538,0.381636,0.5196,0.22377,0.836075,1,,,
Atrx,0,-0.0267506,0.333879,0.837477,0.777191,0.340895,0.51004,0.608099,0.520229,0.0821915,0.837477,1,,,
Tpi1,0,-0.0254726,-0.0473461,0.321987,0.238914,0.353941,0.628445,0.83762,0.71188,0.821987,0.83762,1,,,
Grm3,0,-0.409003,-0.0720406,0.565136,0.341124,0.249217,0.641705,0.695219,0.479349,0.837729,0.837729,1,,,
Pcnxl3,0,-0.213397,0.433247,0.41015,0.769133,0.766401,0.839654,0.668125,0.593497,0.71919,0.839654,1,,,
Lrpap1,0,0.44277,0.521097,0.557095,0.60881,0.536312,0.627134,0.841587,0.578962,0.343704,0.841587,1,,,
Gnb1,0,0.036047,-0.185261,0.292131,0.435831,0.664812,0.73078,0.319817,0.666008,0.842999,0.842999,1,,,
Sash1,0,0.843248,0.704897,0.773851,0.834408,0.821062,0.766394,0.737095,0.727886,0.452751,0.843248,1,,,
Bcas3,0,0.516739,0.575884,0.84341,0.695557,0.788269,0.489065,0.475695,0.631805,0.51227,0.84341,1,,,
Rnf170,0,0.0243998,0.0865889,0.103468,0.292223,0.426163,0.68076,-0.276004,0.843902,0.561023,0.843902,1,,,
Bsdc1,0,0.844873,0.373474,-0.054184,0.169958,0.244404,0.417126,0.70787,0.557329,0.448267,0.844873,1,,,
Vps45,0,0.070631,0.277376,0.346619,0.57435,0.602692,0.669666,0.585455,0.614216,0.845333,0.845333,1,,,
Timm13,0,-0.259394,0.0452785,-0.0295353,0.246374,0.421215,0.210964,0.00657654,0.261406,0.845823,0.845823,1,,,
Arhgap31,0,0.845884,0.828693,0.363167,0.612345,-0.427954,0.219604,0.497095,0.405169,-0.48951,0.845884,1,,,
Appl1,0,0.223072,0.178272,0.328932,0.300524,0.525831,0.570568,0.846264,0.831936,0.65056,0.846264,1,,,
Creld1,0,0.319029,0.846319,0.46209,0.555065,0.363115,0.463861,0.603092,0.2547,0.181721,0.846319,1,,,
Pfn2,0,-0.0724354,0.769247,0.771877,0.70336,0.847893,0.656914,0.673788,0.459154,0.764538,0.847893,1,,,
Zcchc24,0,-0.325382,-0.0533276,0.473589,0.117949,0.848255,0.53735,0.4137,0.301916,0.69046,0.848255,1,,,
Jmy,0,0.340635,0.422665,0.462717,0.539303,0.70166,0.798874,0.667593,0.848486,0.789896,0.848486,1,,,
Fam126a,0,-0.165186,-0.234314,0.0311947,0.498383,0.25412,0.54657,0.613297,0.613852,0.849941,0.849941,1,,,
Agap3,0,0.852707,-0.0977564,-0.850127,-0.145243,-0.104826,0.404986,-0.0865545,0.144324,0.265847,0.852707,1,,,
Impact,0,0.446808,0.278111,0.249926,0.378031,0.416544,0.623453,0.738876,0.853706,0.532713,0.853706,1,,,
Nqo2,0,0.151775,0.127911,0.389261,0.298225,0.371424,0.686501,0.701321,0.834785,0.855471,0.855471,1,,,
Kras,0,-0.172083,-0.00326538,0.217131,0.235685,0.649651,0.482452,0.855724,0.504869,0.497675,0.855724,1,,,
Tbc1d10a,0,0.289062,0.856113,0.80875,0.781116,0.750431,0.330721,0.285576,0.249582,0.0876694,0.856113,1,,,
Ak1,0,0.47872,0.69219,0.695328,0.74803,0.642347,0.663027,0.640799,0.798971,0.856285,0.856285,1,,,
Wash1,0,-0.105318,0.134974,0.300879,0.398922,0.583889,0.563463,0.828011,0.857483,0.852804,0.857483,1,,,
Nudt9,0,0.643021,0.857622,0.836094,0.564953,0.477306,0.515503,0.428118,0.35568,0.34573,0.857622,1,,,
Dnajb4,0,0.431181,0.620523,0.660648,0.761465,0.742847,0.801971,0.857634,0.796169,0.79303,0.857634,1,,,
Rab4a,0,-0.165316,0.00828171,0.146685,0.262091,0.561737,0.743357,0.660683,0.722891,0.857708,0.857708,1,,,
Fam172a,0,-0.0892601,0.725984,0.762959,0.459039,0.858788,0.270184,0.2144,-0.157983,0.616733,0.858788,1,,,
Hacd2,0,0.307899,0.413082,0.193407,0.432005,0.544127,0.481609,0.736364,0.700844,0.858891,0.858891,1,,,
Vdac3,0,0.0358639,-0.086895,0.117973,0.192429,0.593191,0.164175,-0.0692215,0.581791,0.859192,0.859192,1,,,
Map1lc3b,0,0.859222,0.450769,0.222956,0.229313,0.581398,0.318075,0.228453,0.273407,0.238518,0.859222,1,,,
Wdfy1,0,-0.335088,-0.539314,-0.489378,-0.0786753,0.172018,0.22894,0.430001,0.428173,0.85984,0.85984,1,,,
Taok3,0,0.738464,0.30431,0.398844,0.358398,0.663563,0.637996,0.64126,0.859905,0.360144,0.859905,1,,,
Ap2a1,0,0.156038,0.442968,0.572634,0.860281,0.716309,0.712358,0.599838,0.559599,0.664343,0.860281,1,,,
Rdh13,0,-0.195103,0.131811,0.247654,0.474974,0.669815,0.596825,0.46711,0.715464,0.860579,0.860579,1,,,
Nfkbia,0,0.808739,0.861685,0.754717,0.368141,0.527815,-0.317402,0.387676,0.456575,0.00950432,0.861685,1,,,
Ncoa1,0,0.400109,0.628903,0.763391,0.629808,0.861932,0.548871,0.761979,0.62289,0.600204,0.861932,1,,,
Arpc5l,0,-0.63423,-0.137714,-0.21686,0.0263023,0.158022,0.268419,0.861937,0.193464,0.123087,0.861937,1,,,
Pdk3,0,0.290539,0.799763,0.775583,0.780365,0.86228,0.569057,0.372936,0.431747,0.596956,0.86228,1,,,
Ccrn4l,0,0.862339,-0.256957,-0.427151,-0.0575609,-0.496731,-0.163855,0.200332,0.465878,-0.383008,0.862339,1,,,
Commd5,0,-0.0263195,-0.158762,0.0605354,0.345995,0.655117,0.707678,0.745689,0.791384,0.862642,0.862642,1,,,
Tmem261,0,-0.0918121,0.0908756,0.40609,0.404461,0.819181,0.402283,0.38649,0.564632,0.862801,0.862801,1,,,
Dctn6,0,-0.752904,0.453412,0.318377,0.175784,0.863841,0.711822,0.732205,-0.145751,0.372794,0.863841,1,,,
Abcd3,0,0.133989,0.528627,0.859966,0.65831,0.572569,0.842291,0.864361,0.702509,0.5578,0.864361,1,,,
Vti1b,0,0.312618,0.449947,0.310541,0.664322,0.671095,0.864891,0.750715,0.860441,0.635168,0.864891,1,,,
Sdf2l1,0,0.864937,0.779745,0.560253,0.468033,0.445457,-0.14395,-0.223133,-0.328913,-0.581339,0.864937,1,,,
Tbck,0,0.215932,0.379607,0.173846,0.43341,0.713746,0.593806,0.69715,0.865289,0.591105,0.865289,1,,,
Metap1d,0,-0.140945,0.0390224,0.163849,0.323242,0.554329,0.472807,0.420813,0.60935,0.86599,0.86599,1,,,
Tstd3,0,0.527216,0.203503,0.415071,0.377962,0.697018,0.866146,0.483601,0.782871,0.78787,0.866146,1,,,
Sp1,0,0.212772,0.525742,0.866147,-0.0245476,0.695312,0.838091,0.507145,0.847687,0.826707,0.866147,1,,,
Cyfip1,0,0.0976963,0.287016,0.307922,0.446453,0.49168,0.608625,0.678133,0.611036,0.866398,0.866398,1,,,
Tfcp2,0,0.466517,0.867314,0.483375,0.663265,0.551041,0.845654,0.188048,0.461917,0.48613,0.867314,1,,,
Adck3,0,-0.623827,-0.867048,-0.510517,-0.19729,0.530146,0.342672,0.305359,0.867376,0.853853,0.867376,1,,,
Gyg1,0,-0.396101,-0.158815,0.132984,0.344753,0.327431,0.551289,0.713535,0.707186,0.867573,0.867573,1,,,
Lrpprc,0,-0.278095,-0.130922,0.0433807,0.273573,0.539707,0.420029,0.442499,0.695614,0.868341,0.868341,1,,,
Itpk1,0,0.733288,0.86305,0.685841,0.850901,0.486284,0.77762,0.870686,0.82052,0.281178,0.870686,1,,,
Ap2s1,0,0.275396,0.452517,0.736582,0.873032,0.720243,0.748253,0.839561,0.757671,0.787689,0.873032,1,,,
Cox15,0,0.0736904,0.000192642,0.207602,0.150852,0.346273,0.244953,0.297272,0.729578,0.873228,0.873228,1,,,
Plcd1,0,0.28537,0.747866,0.863773,0.573959,0.876295,0.422573,0.176132,0.0460739,0.4816,0.876295,1,,,
Acy3,0,0.50931,0.611168,0.877245,0.720991,0.774246,0.499481,0.197634,0.128008,-0.108335,0.877245,1,,,
Ugp2,0,0.680544,0.665281,0.684925,0.841246,0.689682,0.809118,0.87768,0.773262,0.646755,0.87768,1,,,
Adam15,0,-0.2106,0.658566,0.337812,0.71246,0.879196,0.242289,-0.207623,0.119564,0.661425,0.879196,1,,,
Tsc1,0,0.211742,0.879663,0.685616,0.699149,0.830953,0.506118,0.489015,0.397752,0.737992,0.879663,1,,,
Poll,0,-0.038558,0.124731,0.441244,0.158235,0.880097,0.562711,0.471219,0.529079,0.829397,0.880097,1,,,
Eml6,0,0.30165,0.880609,0.704686,0.787571,0.600961,0.759747,0.258524,0.259183,0.429708,0.880609,1,,,
Clpp,0,-0.0559864,-0.100067,0.00554276,0.153791,0.626158,0.315166,0.584143,0.880638,0.812983,0.880638,1,,,
Angel2,0,-0.226244,0.20042,0.496065,0.491457,0.458677,0.439928,0.563766,0.881315,0.638756,0.881315,1,,,
Magee1,0,0.881763,0.659217,0.344005,0.482034,0.164002,0.381675,0.319299,0.190715,-0.209825,0.881763,1,,,
Phldb1,0,0.803648,0.8818,0.514591,0.564119,0.261515,0.246147,0.147272,-0.0563812,-0.10269,0.8818,1,,,
Rap2a,0,-0.160194,0.00562477,0.282595,0.335236,0.709757,0.702553,0.645027,0.613335,0.882099,0.882099,1,,,
Sipa1l1,0,0.690657,0.883549,0.482121,0.728209,0.255136,0.224821,0.181438,0.113832,0.149197,0.883549,1,,,
Mrps18b,0,-0.0763855,-0.10796,0.156931,0.270491,0.514357,0.337284,0.417547,0.600948,0.88381,0.88381,1,,,
Tbc1d7,0,0.258394,-0.569936,-0.354958,-0.439637,0.0687733,-0.22261,0.0985136,0.88482,-0.455075,0.88482,1,,,
FLJ45252,0,0.885065,0.191355,-0.0884209,-0.490252,-0.71335,-0.657249,-0.806461,-0.541391,-0.712978,0.885065,1,,,
Sdhaf4,0,0.372789,0.338596,0.282406,-0.0390987,0.185257,0.291689,0.665833,0.885601,0.696096,0.885601,1,,,
Wrb,0,-0.172859,0.132349,0.173029,0.404444,0.429501,0.488249,0.441904,0.442148,0.886818,0.886818,1,,,
Rab22a,0,-0.229387,0.403189,0.626577,0.757355,0.815805,0.887234,0.67165,0.763426,0.815975,0.887234,1,,,
Cyb5b,0,0.80801,0.209505,0.103071,0.578857,0.672272,0.431986,-0.0444851,0.228426,0.889097,0.889097,1,,,
Pebp1,0,-0.205486,0.386549,0.551844,0.546394,0.555367,0.669521,0.889355,0.802958,0.743196,0.889355,1,,,
Htt,0,0.0936298,0.0962181,0.157692,0.2798,0.36878,0.51313,0.836605,0.889585,0.726973,0.889585,1,,,
Tbc1d2b,0,0.251694,0.86578,0.747238,0.890284,0.247974,0.206475,0.416203,-0.122408,0.157725,0.890284,1,,,
Inpp1,0,0.108358,0.338051,0.605568,0.563278,0.752174,0.825724,0.871092,0.890654,0.785843,0.890654,1,,,
Wwox,0,-0.0444279,0.40716,0.538795,0.756926,0.735601,0.83733,0.892483,0.788145,0.858728,0.892483,1,,,
Myo9a,0,0.598471,0.892561,0.680523,0.663012,0.410931,0.65765,0.796913,0.629963,0.561684,0.892561,1,,,
Ap1b1,0,0.333027,0.585447,0.636826,0.804712,0.773237,0.893023,0.888811,0.793768,0.767094,0.893023,1,,,
Arf5,0,0.282579,0.584045,0.894014,0.583937,0.563417,0.50141,0.459328,0.60404,-0.0991611,0.894014,1,,,
Pdlim5,0,0.779112,0.894062,0.687805,0.794298,0.446648,0.563086,0.600618,0.497038,0.126436,0.894062,1,,,
Ndufaf4,0,-0.175356,-0.0727673,0.166786,0.141659,0.607826,0.400242,0.5037,0.804726,0.894512,0.894512,1,,,
Sco2,0,-0.343004,0.0086441,0.103281,0.191957,0.431273,0.494282,0.484463,0.609077,0.895073,0.895073,1,,,
Ece1,0,0.0371246,0.470036,0.895634,0.523699,0.790634,0.49687,0.471914,0.210619,0.533613,0.895634,1,,,
Ngly1,0,0.775774,0.725674,0.632788,0.896347,0.579607,0.51712,0.412397,0.65658,0.640028,0.896347,1,,,
Ttc39b,0,0.727081,0.496693,0.552202,0.770363,-0.112556,0.676355,0.660641,0.896763,0.704857,0.896763,1,,,
Afap1l1,0,0.896774,0.311346,0.711809,0.396702,-0.185656,0.0302238,0.106987,0.841412,0.0527363,0.896774,1,,,
Pld3,0,0.472614,0.896942,0.825523,0.486744,0.649431,0.555099,0.563801,0.34384,0.500841,0.896942,1,,,
Vat1,0,0.247423,0.577866,0.766344,0.897385,0.843399,0.712378,0.61845,0.626118,0.67857,0.897385,1,,,
Tprg1l,0,0.186948,0.470666,0.509068,0.526544,0.897967,0.542043,0.145448,0.0435877,0.209947,0.897967,1,,,
Uba5,0,0.236637,0.484507,0.581779,0.595673,0.486231,0.709965,0.899876,0.652925,0.587404,0.899876,1,,,
Nit2,0,-0.142366,0.262102,0.344387,0.473032,0.56757,0.585106,0.900105,0.575932,0.583132,0.900105,1,,,
Ptprf,0,0.46323,0.508268,0.837132,0.578491,0.90089,0.816345,0.700424,0.582636,0.711376,0.90089,1,,,
Sh3bgrl3,0,0.0959644,0.902199,0.614979,0.843931,0.547607,0.179464,0.247402,0.0847492,-0.0872593,0.902199,1,,,
Pomgnt2,0,0.0159798,0.332651,0.283381,0.330502,0.809072,0.516848,0.902624,0.880341,0.544533,0.902624,1,,,
Mrpl51,0,-0.584013,0.33704,0.518803,0.708513,0.345602,0.0998726,-0.548168,-0.247541,0.905895,0.905895,1,,,
Hdac8,0,-0.272306,0.247295,0.405931,0.455036,0.530233,0.643883,0.517448,0.275517,0.906218,0.906218,1,,,
Tmem254c,0,0.813679,0.50861,0.223347,0.906437,0.389832,0.482718,-0.0669765,0.231707,0.479387,0.906437,1,,,
Slc39a1,0,0.907513,-0.239098,-0.494503,-0.10183,-0.424608,-0.416893,-0.609034,-0.664154,-0.773926,0.907513,1,,,
Zdhhc5,0,-0.831322,-0.194885,0.506701,0.712233,0.609249,0.814643,0.90864,0.827436,0.715034,0.90864,1,,,
Hectd3,0,0.259834,0.615099,0.862799,0.873049,0.637447,0.772575,0.874149,0.84354,0.908712,0.908712,1,,,
Amfr,0,0.908737,0.303633,0.27537,0.0158272,0.484115,0.484591,0.668021,0.251439,0.279654,0.908737,1,,,
Itga1,0,0.645733,0.90468,0.910244,0.738649,0.668337,0.210953,-0.10545,-0.261499,-0.23514,0.910244,1,,,
Sh3bp5l,0,-0.0140314,0.168618,0.478607,-0.401309,0.747829,0.271012,0.0912428,0.911663,0.723746,0.911663,1,,,
Atp6v0d1,0,0.111549,0.29945,0.321241,0.481483,0.56885,0.52532,0.771086,0.77915,0.914354,0.914354,1,,,
Abcg2,0,-0.0111599,0.321669,0.114017,0.683208,0.600273,0.704777,0.861872,0.914385,0.726444,0.914385,1,,,
Llgl1,0,-0.396282,-0.068819,0.401482,0.404167,0.813992,0.683285,0.654278,0.654095,0.914526,0.914526,1,,,
Snrpc,0,-0.155668,0.916143,0.883041,0.702896,0.666264,0.301617,0.182659,0.296392,0.646681,0.916143,1,,,
Pi4ka,0,0.143301,0.353041,0.512791,0.608416,0.552792,0.727591,0.717384,0.76436,0.917534,0.917534,1,,,
Dtnbp1,0,0.238247,0.317581,0.41444,0.667532,0.827497,0.707819,0.839169,0.798719,0.918013,0.918013,1,,,
Pdcd6,0,0.330185,0.465244,0.636452,0.638561,0.919111,0.80179,0.616873,0.719635,0.878159,0.919111,1,,,
Pcyox1,0,0.145033,0.388847,0.482904,0.457945,0.69742,0.502554,0.381798,0.473951,0.920059,0.920059,1,,,
Slc30a6,0,0.251965,0.466661,0.567831,0.920296,0.815065,0.778461,0.579245,0.731083,0.617298,0.920296,1,,,
Ncam2,0,0.0974998,0.217373,0.309935,0.540186,0.478962,0.674755,0.874691,0.920504,0.847736,0.920504,1,,,
Cachd1,0,0.366455,0.887508,0.58197,0.661089,0.745308,0.813608,0.921438,0.773285,0.894724,0.921438,1,,,
Nudt8,0,-0.296298,-0.00973892,0.344631,0.251683,0.618348,0.441569,0.267606,0.810013,0.921625,0.921625,1,,,
Akr1a1,0,0.347141,0.47904,0.715942,0.519171,0.700319,0.760626,0.922478,0.873425,0.762611,0.922478,1,,,
Lzic,0,0.0840893,0.500574,0.642653,0.337435,0.586706,0.444731,0.923191,0.373028,0.0237865,0.923191,1,,,
Epm2aip1,0,0.716835,0.703527,0.803522,0.923985,0.886658,0.92415,0.831844,0.871948,0.558622,0.92415,1,,,
Mgat5,0,0.0604343,-0.238672,-0.804007,0.274109,0.169407,0.581282,0.6999,0.924877,0.399723,0.924877,1,,,
Tsc22d1,0,0.515111,0.925933,0.835118,0.389964,-0.207832,0.128234,0.340343,0.111182,-0.42542,0.925933,1,,,
Cpt1c,0,0.209507,0.581625,0.704996,0.790966,0.926483,0.838142,0.777344,0.724365,0.708517,0.926483,1,,,
Trip6,0,0.552713,0.823638,0.843716,0.69971,0.53317,0.666758,0.660686,0.927698,0.629977,0.927698,1,,,
Rac1;Rac2,0,-0.27149,0.175306,0.431746,0.355799,0.502382,0.457781,0.927702,0.38307,0.263193,0.927702,1,,,
Rab32,0,0.927922,0.900687,0.928697,0.624776,0.443223,0.524487,0.800561,0.355477,0.477401,0.928697,1,,,
Nipsnap3b,0,-0.147739,0.0725746,0.455162,0.452911,0.929399,0.605169,0.211178,0.515039,0.877781,0.929399,1,,,
Ppp4r2,0,0.929783,-0.455898,-0.478827,-0.651859,-0.489601,-0.511133,-0.530882,-0.434746,-0.828918,0.929783,1,,,
Gapdh,0,-0.0262814,0.123821,0.218088,0.328865,0.447905,0.712368,0.796474,0.930365,0.92252,0.930365,1,,,
Rell1,0,0.146744,0.55691,0.897175,0.662819,0.931072,0.814116,0.868694,0.507498,0.203037,0.931072,1,,,
Timm10,0,-0.458075,-0.0139656,0.182594,0.368679,0.786398,0.521805,0.615217,0.931765,0.917679,0.931765,1,,,
Dhrs7b,0,-0.401262,0.0824718,0.458029,0.44828,0.490589,0.564468,0.933605,0.577883,0.504005,0.933605,1,,,
Coq6,0,-0.186838,-0.0589371,0.169868,0.349375,0.583885,0.423843,0.531185,0.547709,0.933828,0.933828,1,,,
Kdm3b,0,-0.00274086,-0.179878,0.0557137,0.171616,0.493519,0.458694,0.622908,0.794596,0.934214,0.934214,1,,,
Arhgap21,0,0.325884,0.219671,0.272875,0.587877,0.845751,0.720503,0.922003,0.839594,0.934549,0.934549,1,,,
Snx17,0,0.0797291,0.329557,0.348039,0.605762,0.604669,0.855302,0.794863,0.610961,0.934621,0.934621,1,,,
Kdsr,0,-0.431015,-0.150434,0.132019,0.364437,0.53076,0.546329,0.737118,0.620472,0.935173,0.935173,1,,,
Asap1,0,0.105324,0.258259,0.344694,0.40262,0.499233,0.667088,0.935364,0.77644,0.530434,0.935364,1,,,
Hsd17b4,0,0.299524,0.50242,0.93709,0.605175,0.6518,0.812914,0.679501,0.894754,0.815466,0.93709,1,,,
Ctsf,0,-0.260286,0.25178,0.889137,0.670818,0.938318,0.772913,0.830034,0.16139,0.162636,0.938318,1,,,
Pex11b,0,0.938492,0.0105877,0.251749,0.422394,0.519442,0.580547,0.536932,0.914312,0.771561,0.938492,1,,,
Tbc1d12,0,0.746462,0.848806,0.757051,0.938936,0.716965,0.822664,0.307779,0.708923,0.693254,0.938936,1,,,
Marcks,0,0.111515,0.470423,0.733786,0.402212,0.877766,0.86772,0.788004,0.943026,0.821362,0.943026,1,,,
Tmod2,0,0.000530243,0.318378,0.391628,0.643116,0.699591,0.801006,0.668386,0.44282,0.944426,0.944426,1,,,
Sh3glb1,0,0.655575,0.945011,0.807371,0.712805,0.471718,0.482311,0.493847,0.369883,0.0766411,0.945011,1,,,
Abhd5,0,0.30375,0.94104,0.749479,0.945595,0.608967,0.373971,0.862917,0.687746,0.535138,0.945595,1,,,
Eml1,0,0.84236,0.946392,0.644348,0.518524,-0.0857487,-0.120323,-0.344664,-0.643147,-0.681637,0.946392,1,,,
Ttn,0,-0.123852,0.0874081,0.103676,0.457916,0.363462,0.625166,0.948828,0.476614,0.789772,0.948828,1,,,
Pgs1,0,-0.389217,-0.149698,-0.335667,-0.0757675,0.349611,0.307571,0.479273,0.59322,0.949772,0.949772,1,,,
Kiaa1033,0,0.287483,0.212891,0.303238,0.447456,0.567072,0.651327,0.782461,0.949797,0.888824,0.949797,1,,,
Trim56,0,0.462927,0.354666,0.597523,0.426807,0.850992,0.728594,0.855804,0.950245,0.685207,0.950245,1,,,
Araf,0,0.777838,-0.249316,-0.154073,-0.110155,0.0616827,0.440136,0.585278,0.950297,-0.515388,0.950297,1,,,
Ilvbl,0,0.212299,0.574404,0.710083,0.705956,0.533518,0.680878,0.525429,0.672915,0.952194,0.952194,1,,,
Ifngr1,0,0.591101,0.762638,0.798016,0.872877,0.704859,0.733374,0.952576,0.738895,0.633026,0.952576,1,,,
Bmp2k,0,-0.0610342,-0.426208,0.0793695,0.181796,0.953537,0.365784,0.444373,0.291079,0.067379,0.953537,1,,,
Gdap2,0,-0.00538445,-0.193726,0.0896034,0.123751,0.457634,0.465645,0.664995,0.67309,0.953785,0.953785,1,,,
Foxred1,0,-0.395483,0.0975151,0.466295,0.682522,0.960817,0.365709,0.291138,0.408915,0.86437,0.960817,1,,,
Zfa;Zfx,0,-0.309296,0.0197945,0.30587,0.960844,-0.451282,-0.118542,0.245912,-0.216656,0.258487,0.960844,1,,,
Eef2k,0,0.627104,0.961315,0.9104,0.633492,0.57691,0.705505,0.562227,0.563869,0.479637,0.961315,1,,,
Cdkn2c,0,0.54714,0.960575,0.961353,0.646839,0.448969,0.368542,0.228289,0.0526447,0.0447731,0.961353,1,,,
Nr3c1,0,0.472719,0.5397,0.785723,0.388922,0.863285,0.683104,0.776018,0.769543,0.961506,0.961506,1,,,
Usp11,0,0.962658,0.331455,0.423729,0.128874,0.254293,0.264639,0.155069,0.474606,0.271677,0.962658,1,,,
Atg7,0,0.238344,0.416857,0.506325,0.66935,0.820805,0.797983,0.762093,0.850515,0.963507,0.963507,1,,,
Mocs2,0,0.0936174,0.301997,0.797059,0.240006,0.393764,0.426888,0.718211,0.964395,0.580712,0.964395,1,,,
Slc27a4,0,0.126118,0.381428,0.440865,0.562908,0.726362,0.79088,0.912451,0.964634,0.879545,0.964634,1,,,
Arf2,0,-0.35368,0.538311,0.96571,0.766226,0.467865,0.297649,0.621197,0.355988,0.250517,0.96571,1,,,
Osbpl2,0,-0.0990334,0.636784,0.756319,0.659199,0.547949,0.782152,0.668486,0.498045,0.966301,0.966301,1,,,
Ddr1,0,-0.237724,0.484074,0.820576,0.159204,0.967308,-0.118959,-0.432816,-0.841854,-0.0231972,0.967308,1,,,
Khnyn,0,0.726757,0.746727,0.805805,0.88542,0.463742,0.967909,0.512202,-0.454426,-0.249246,0.967909,1,,,
Bles03,0,0.337969,0.541265,0.678841,0.720194,0.956007,0.899853,0.753025,0.679287,0.968048,0.968048,1,,,
Plxna1,0,-0.156202,0.311239,0.267895,0.705276,0.77705,0.751028,0.96867,0.846025,0.780876,0.96867,1,,,
Ophn1,0,0.810483,0.969152,0.791605,0.281373,0.127219,0.303578,0.520127,0.0934248,-0.0952168,0.969152,1,,,
Snx19,0,0.668451,0.300358,0.470957,0.47883,0.440002,0.590052,0.738163,0.969927,0.767908,0.969927,1,,,
Pigh,0,-0.0534,0.210423,0.204304,0.396679,0.604113,0.964937,0.895107,0.881136,0.970003,0.970003,1,,,
Cox18,0,-0.264544,0.043211,-0.0323982,0.232912,0.265051,0.419003,0.371738,0.673334,0.970051,0.970051,1,,,
Ptprg,0,0.505754,0.874264,0.808594,0.9709,0.640736,0.76997,0.776489,0.597834,0.30707,0.9709,1,,,
Fam63a,0,0.717169,0.34514,0.481405,0.557852,0.83856,0.835468,0.957994,0.971245,0.946857,0.971245,1,,,
Vhl,0,0.876932,0.483343,0.768028,0.720171,0.801596,0.971506,0.858448,0.948065,0.70164,0.971506,1,,,
Acp2,0,-0.276485,0.281183,0.0313492,0.464674,0.748777,0.752949,0.747526,0.561924,0.972445,0.972445,1,,,
Fam21,0,0.00300598,0.0418987,0.145529,0.225071,0.528553,0.66004,0.940096,0.972654,0.831194,0.972654,1,,,
Mapre2,0,0.0394382,0.0601349,0.196392,-0.187868,0.549494,0.470987,0.414925,0.596336,0.9729,0.9729,1,,,
Pip5k1a,0,0.535987,-0.406544,0.121481,-0.00270653,0.470207,0.640157,0.97422,0.942382,0.427686,0.97422,1,,,
Arfgap3,0,0.97456,0.826998,0.807613,0.649258,0.427382,0.318546,0.195005,0.184206,0.223228,0.97456,1,,,
Rab33b,0,0.449425,0.781593,0.607197,0.707882,0.745792,0.67367,0.925959,0.767145,0.976547,0.976547,1,,,
Tbc1d5,0,0.105946,0.234575,0.392267,0.459249,0.628305,0.84133,0.744141,0.646933,0.980839,0.980839,1,,,
Kank4,0,-0.0618,0.28924,0.690746,-0.0189743,0.981119,-0.0471668,-0.122963,-0.215267,0.676125,0.981119,1,,,
Cryzl1,0,0.287786,0.933689,0.789944,0.796314,0.885818,0.982563,0.909954,0.892509,0.968702,0.982563,1,,,
Serinc1,0,0.475616,0.387883,0.41262,0.313779,0.822774,0.783393,0.664882,0.946368,0.983174,0.983174,1,,,
Dennd1b,0,-0.464794,0.495833,0.112682,0.227573,0.431043,0.770689,0.483273,0.116487,0.983194,0.983194,1,,,
Dars2,0,-0.504467,-0.383579,-0.217115,-0.0238056,0.399591,0.264679,0.356804,0.587801,0.983637,0.983637,1,,,
Atp6v0a2,0,0.258957,0.718954,0.804071,0.984091,0.659899,0.713173,0.679514,0.708221,0.656219,0.984091,1,,,
Commd1,0,-0.0799942,0.23716,0.452353,0.33552,0.619343,0.640524,0.984291,0.892296,0.844641,0.984291,1,,,
Ercc4,0,0.984453,-0.708424,-0.753361,-0.787619,-0.409611,-0.452492,0.0576439,0.249413,-0.51569,0.984453,1,,,
Vps8,0,-0.0272636,0.399048,0.494301,0.615032,0.625547,0.834738,0.986721,0.932997,0.842545,0.986721,1,,,
Ankib1,0,0.400322,0.791692,0.899637,0.706155,0.507343,0.87494,0.944293,0.987156,0.851834,0.987156,1,,,
Rhob,0,0.587305,0.205738,-0.235429,0.429402,-0.0830956,0.331163,0.987361,0.858027,-0.4505,0.987361,1,,,
Fam219a,0,0.855555,0.472286,0.320181,0.538385,0.636435,0.749306,0.0610733,0.839437,0.987856,0.987856,1,,,
Bak1,0,-0.194696,0.442207,0.381075,0.599512,0.989262,0.472403,0.43346,0.507286,0.822008,0.989262,1,,,
Evi5,0,0.640375,0.99078,0.633045,0.930107,0.293146,0.717981,0.768005,0.786926,0.125298,0.99078,1,,,
Chchd1,0,0.991451,-0.736322,-0.492205,-0.107088,0.263144,0.182108,-0.170593,0.389233,0.157822,0.991451,1,,,
Abhd12,0,0.190073,0.839775,0.991646,0.828325,0.678747,0.418549,0.39476,0.48432,0.547606,0.991646,1,,,
Ap3m2,0,0.992363,0.468643,0.681513,0.800255,0.966541,0.445805,0.497082,0.798611,0.662075,0.992363,1,,,
Snx3,0,-0.173843,0.0911903,0.275156,0.465193,0.617672,0.80488,0.950132,0.99251,0.704254,0.99251,1,,,
Ctbp1,0,0.992924,-0.519392,-0.645117,-0.369524,-0.376183,-0.417545,-0.380394,-0.477247,-0.51906,0.992924,1,,,
Plxnb1,0,0.395117,0.850624,0.993708,0.793896,0.949921,0.386154,0.198812,-0.0557899,0.608891,0.993708,1,,,
Coasy,0,-0.193151,0.0107651,0.251789,0.300949,0.769463,0.8297,0.830444,0.918222,0.995066,0.995066,1,,,
Snapin,0,0.123306,-0.0308456,0.117847,0.148027,0.575045,0.563095,0.932289,0.976021,0.996435,0.996435,1,,,
Supv3l1,0,-0.246901,-0.104643,0.164019,0.406752,0.753372,0.548449,0.62991,0.787081,0.99782,0.99782,1,,,
Kiaa0196,0,0.00988197,0.304646,0.400084,0.439569,0.524033,0.701134,0.894657,0.859962,0.997866,0.997866,1,,,
Fsd1,0,-0.562015,0.424235,0.7251,0.998155,0.815077,0.622392,0.461897,0.0967989,0.899794,0.998155,1,,,
Adam17,0,0.133902,0.71657,0.544838,0.783039,0.998266,0.807617,0.675117,0.515448,0.785055,0.998266,1,,,
Slc9a3r2,0,-0.0217896,-0.64674,-0.247541,-0.246309,0.540274,0.595736,0.091711,0.773046,0.999777,0.999777,1,,,
Tmem55a,0,0.208365,0.223338,0.331016,0.504155,0.516929,0.561231,0.578576,0.874734,1.00069,1.00069,2,,,
Cr1l,0,0.131117,-0.124468,-0.00902367,0.185349,0.675814,0.798553,0.88352,1.00126,0.688105,1.00126,2,,,
Itfg1,0,0.168797,0.517344,0.510326,0.690723,0.887243,0.732374,0.863144,0.812073,1.00207,1.00207,2,,,
Engase,0,1.00457,-0.379943,-0.2979,0.101875,0.355317,0.393093,0.108795,0.625764,0.720957,1.00457,2,,,
Kalrn,0,1.0047,0.619558,0.453861,0.925905,0.792069,0.691496,0.7134,0.643186,0.954653,1.0047,2,,,
Atp6v1e1,0,-0.0559616,0.380182,0.404783,0.576691,0.6234,0.574535,0.737389,0.730167,1.0051,1.0051,2,,,
Cd99,0,-0.0386219,0.416317,0.427454,0.295139,1.00523,0.54752,0.239422,0.357759,0.868685,1.00523,2,,,
Fbxo6,0,0.914726,0.37252,0.90786,0.670971,0.85112,0.695812,0.74436,0.715727,1.00563,1.00563,2,,,
Spg7,0,-0.0115948,0.208237,0.173588,0.479584,0.704689,0.555855,0.516233,0.702539,1.00584,1.00584,2,,,
Grip1,0,0.0486526,1.00649,0.702845,0.854315,0.411856,0.486088,0.369761,-0.164471,0.507143,1.00649,2,,,
Pnpla6,0,0.270294,0.600655,0.57198,0.738314,0.761242,0.83956,0.952448,1.00657,0.943424,1.00657,2,,,
Pcdhb18;Pcdhb8,0,-0.304924,0.448183,0.474085,0.415585,0.611895,0.748711,1.00829,0.467943,0.84618,1.00829,2,,,
Aatk,0,0.385004,0.222703,0.424211,0.816554,0.311144,0.854034,0.591534,1.00898,0.682305,1.00898,2,,,
Vps26a,0,0.103186,0.0240211,0.334467,0.233067,0.558359,0.694656,0.826311,0.964014,1.00901,1.00901,2,,,
Cdk14,0,0.438804,0.429158,0.611402,0.700936,0.683024,0.889022,0.857985,1.00952,0.57583,1.00952,2,,,
Nptn,0,-0.0675964,0.148972,0.187916,0.504509,0.502535,0.686365,0.737694,0.794901,1.01011,1.01011,2,,,
Tfam,0,-0.054245,-0.398481,0.0212002,0.077198,0.593449,0.489914,0.464586,0.833002,1.01033,1.01033,2,,,
Mif4gd,0,0.481664,0.495757,0.784063,1.01041,0.470904,0.671117,0.621933,0.706692,0.0214167,1.01041,2,,,
Uqcc2,0,-0.465647,-0.309942,-0.0180645,-0.0553989,0.100714,0.323053,0.508631,0.981918,1.01113,1.01113,2,,,
Cttnbp2,0,0.423217,1.01271,0.965578,0.715403,0.906286,0.903322,0.484529,0.586744,0.754966,1.01271,2,,,
Mapk10,0,0.19244,0.803514,0.830851,1.01274,0.790117,0.705963,0.797979,0.791168,0.541975,1.01274,2,,,
Mxra8,0,0.55088,1.01289,0.475876,0.593668,0.0209446,0.166636,0.220947,0.0846825,-0.281267,1.01289,2,,,
Mrpl2,0,1.01327,-0.621284,-0.441469,-0.634361,-0.177992,-0.270653,-0.114691,0.518946,-0.0979309,1.01327,2,,,
Rtn1,0,0.660072,1.0134,0.907511,0.574959,0.586927,0.196573,-0.0448132,-0.0400963,-0.261421,1.0134,2,,,
Me2,0,0.625622,0.453056,0.63545,0.726107,1.01352,0.406439,0.212095,0.369686,0.151278,1.01352,2,,,
Clpb,0,-0.185152,0.0758533,0.0143261,0.312265,0.434778,0.415554,0.378323,0.663012,1.01619,1.01619,2,,,
Atl1,0,0.272555,0.0811319,0.119678,0.0339994,0.883308,0.870371,0.704466,0.684266,1.01774,1.01774,2,,,
Depdc5,0,-0.0438576,0.181259,0.231386,0.428389,0.771755,0.75959,1.01895,0.754568,0.954336,1.01895,2,,,
Dnase2,0,-0.186901,-0.20722,-0.167379,-0.199923,-0.0350914,0.092104,0.368401,0.611553,1.01907,1.01907,2,,,
Iscu,0,-0.0453148,0.154421,0.346891,0.395624,0.725048,0.732792,0.827925,0.99571,1.0199,1.0199,2,,,
Cdh10,0,-0.322336,0.117807,0.427528,0.0980167,0.567352,0.587053,0.512457,0.311998,1.02057,1.02057,2,,,
Snx14,0,0.560375,0.70043,0.494396,0.746113,0.705866,0.928024,1.02128,0.937277,0.708538,1.02128,2,,,
Tmem115,0,-0.187228,1.02166,0.838483,0.731607,0.710849,0.413223,0.261437,0.208905,0.520241,1.02166,2,,,
Hagh,0,0.204649,0.325104,0.377922,0.505299,0.560539,0.708439,0.845192,1.02198,0.827927,1.02198,2,,,
Dbn1,0,0.144585,0.41725,0.150023,1.0232,0.805325,0.807365,0.796774,0.12388,0.825506,1.0232,2,,,
Sgk3,0,1.00649,0.903883,0.830639,0.935516,0.716957,0.990019,0.999416,1.02437,0.415966,1.02437,2,,,
Znfx1,0,0.13979,0.551617,0.68907,0.754585,0.7542,0.861105,0.837511,0.748318,1.02482,1.02482,2,,,
Ralgapa1,0,-0.0400467,1.02521,0.823317,0.817265,0.041996,-0.0701389,-0.226271,-0.683437,-0.303322,1.02521,2,,,
Aph1a,0,0.070694,0.319176,0.31723,0.255243,0.609556,0.653126,1.0257,0.976583,0.373928,1.0257,2,,,
Impa2,0,0.0323792,0.396368,0.501696,0.720387,0.722939,1.00926,0.944975,1.02648,0.790279,1.02648,2,,,
Apool,0,-0.0306778,0.246246,0.508593,0.52569,1.02661,0.651173,0.72677,0.938427,0.943258,1.02661,2,,,
Vezt,0,1.03149,0.706038,0.470559,0.593179,0.385039,0.552789,0.649407,0.55318,0.50603,1.03149,2,,,
Isca1,0,-0.0851955,-0.00187683,0.0817719,0.302023,0.423866,0.634453,0.786736,1.01884,1.03271,1.03271,2,,,
Guf1,0,-0.281775,-0.0458145,0.138023,0.235222,0.628956,0.202923,-0.0261497,0.267685,1.03353,1.03353,2,,,
Nbea,0,0.154085,0.449253,0.640339,0.838663,0.795753,0.912907,0.838291,1.03369,0.883507,1.03369,2,,,
Gorasp1,0,0.0438528,0.416794,0.298884,0.348622,0.644539,0.577227,1.03374,0.741438,0.136066,1.03374,2,,,
Bmpr1a,0,0.625997,0.390945,0.953996,0.124731,1.03512,0.917322,0.163904,0.429471,0.94976,1.03512,2,,,
Purb,0,0.285032,0.737671,0.840372,0.797606,0.949244,1.03657,0.870052,0.963375,0.838236,1.03657,2,,,
Gcsh,0,-0.151649,-0.340537,-0.0905962,0.0358229,0.751172,0.432469,0.532166,1.03724,0.94521,1.03724,2,,,
Bfar,0,-0.487686,0.747361,1.0374,0.31438,0.131145,0.4856,0.030694,0.297927,0.747163,1.0374,2,,,
Sdhaf3,0,-0.00155258,-0.26117,-0.0839577,0.199353,0.797579,0.147686,0.41344,1.03788,0.757854,1.03788,2,,,
Mul1,0,-0.133581,-0.0465908,0.267042,0.481394,0.746107,0.517023,0.609388,0.883497,1.04013,1.04013,2,,,
Map1lc3a,0,1.0404,0.770096,0.471054,0.398054,0.0117741,0.00723267,-0.198195,0.00889015,-0.511513,1.0404,2,,,
Bloc1s3,0,0.161963,0.0630779,0.318563,0.449451,0.724117,0.84815,0.925697,1.04083,0.898441,1.04083,2,,,
Atat1,0,0.247782,0.531015,0.687025,0.636139,0.924332,1.04368,0.874561,0.784687,0.769773,1.04368,2,,,
Stx8,0,-0.277756,-0.0382214,0.378489,0.46455,0.706995,0.679113,1.04739,0.83305,0.935095,1.04739,2,,,
Fgfr1,0,0.240229,0.760508,0.775805,1.04825,0.640635,0.398222,0.527433,0.505737,-0.228863,1.04825,2,,,
Srp19,0,-0.288404,0.912528,1.04309,1.04966,0.425012,-0.0904913,-0.255551,-0.655509,0.623176,1.04966,2,,,
Ago3,0,-0.199984,0.110939,0.195711,0.329359,0.431595,0.822714,0.762953,0.853069,1.0498,1.0498,2,,,
Tmem63a,0,-0.226575,1.04984,1.00008,0.930655,0.745947,0.94342,0.744395,0.311074,0.448056,1.04984,2,,,
Atpif1,0,-0.15679,-0.165787,-0.00625038,0.170017,0.756329,0.325773,0.452326,0.864891,1.05028,1.05028,2,,,
Sh2b1,0,0.110287,0.237558,0.485556,0.490305,0.999136,0.878275,0.946793,1.05317,0.877922,1.05317,2,,,
Ago1,0,0.0151844,-0.0898972,0.119186,0.345499,0.566137,0.628519,0.834669,0.837015,1.05393,1.05393,2,,,
Btd,0,0.453126,0.303907,0.607998,0.534076,0.953076,0.615841,-0.267767,1.05417,0.917154,1.05417,2,,,
Qdpr,0,0.00795937,0.213633,0.4825,0.612272,0.800137,0.901791,1.05547,1.024,1.0271,1.05547,2,,,
Atp9a,0,0.579865,0.331309,0.5475,0.575997,1.05774,0.964014,0.974882,0.779036,0.756297,1.05774,2,,,
Uros,0,0.064003,0.674551,0.768677,1.05957,0.884268,0.931967,0.921423,0.479097,0.524151,1.05957,2,,,
Timm17b,0,0.298506,0.495886,0.569963,0.617319,1.06106,0.77928,0.660925,0.869884,0.957977,1.06106,2,,,
Slc27a1,0,-0.417395,-0.105154,0.506739,0.343521,1.0012,0.725925,0.650171,0.443604,1.06124,1.06124,2,,,
Nt5c3a,0,-0.397249,-0.12438,0.177023,0.301882,0.815815,0.559832,0.67004,0.748131,1.06182,1.06182,2,,,
Cab39l,0,0.197694,0.871707,0.560693,1.06331,0.0911446,0.672851,0.641703,-0.0339775,-0.569267,1.06331,2,,,
Gsk3a,0,-0.517027,-0.148445,0.289064,0.100183,0.457308,0.504368,1.06441,0.6924,-0.000389099,1.06441,2,,,
Mrpl32,0,-0.632082,0.312955,1.06737,0.426312,0.988738,0.496858,0.955541,0.269992,0.639323,1.06737,2,,,
Bag1,0,0.822575,1.0679,0.793457,0.795504,0.588211,0.399773,0.484655,0.392981,0.237564,1.0679,2,,,
Pcdh19,0,-0.0201769,0.224961,-0.0108595,0.539395,0.639384,0.782113,0.736669,0.891532,1.06806,1.06806,2,,,
Fdxr,0,-0.0851269,0.346956,0.61595,0.657557,0.989607,0.648731,0.704483,0.857882,1.06867,1.06867,2,,,
Htra2,0,-0.106905,0.0837173,0.138416,0.241703,0.670059,0.511927,0.616335,0.93306,1.06915,1.06915,2,,,
Gbe1,0,0.107126,-0.0310059,0.179674,0.476583,0.672291,0.923658,0.824888,0.981096,1.06934,1.06934,2,,,
Ier3ip1,0,-0.23602,0.640658,0.573543,1.0702,0.447437,0.365111,0.613351,0.753613,-0.709428,1.0702,2,,,
Slc7a5,0,-0.125593,-0.169868,-0.269136,0.0246887,0.156694,0.338335,0.327589,0.686163,1.07045,1.07045,2,,,
Gba,0,0.237152,0.746344,0.925591,0.720757,0.973091,0.578611,0.639887,0.687191,1.07081,1.07081,2,,,
Lix1l,0,1.03406,0.941236,0.641364,1.01496,0.427243,0.695415,1.03487,1.07129,0.395776,1.07129,2,,,
Tsr1,0,-0.950365,0.777647,1.07145,0.961697,0.810347,0.727505,0.161665,-0.740835,0.824102,1.07145,2,,,
Abhd16a,0,0.337601,0.543095,0.582352,0.679159,0.805748,0.842342,0.990709,1.07178,1.02914,1.07178,2,,,
Ctsz,0,0.339701,0.17787,0.491018,0.36751,1.06441,0.933342,1.07195,0.830853,0.970671,1.07195,2,,,
Ptdss2,0,0.481522,0.412905,0.39045,0.638708,0.860146,0.991413,0.70962,0.913683,1.07329,1.07329,2,,,
Ccdc85c,0,0.573347,0.592405,0.712708,0.664974,0.811304,0.827459,0.853065,0.948568,1.07333,1.07333,2,,,
Fam177a1,0,0.497587,0.799496,0.826635,0.765938,1.0751,0.703318,0.84223,0.570539,1.06666,1.0751,2,,,
Fkbp1a,0,0.23484,1.07536,0.893023,0.586576,0.589706,0.336906,0.536987,0.82873,0.450251,1.07536,2,,,
Cotl1,0,-0.0548744,0.388397,0.826843,0.87331,1.07815,0.698605,0.277632,0.23177,0.306782,1.07815,2,,,
Hacd3,0,0.1464,0.156902,0.346439,0.6457,0.645096,1.02459,0.948698,1.02535,1.08011,1.08011,2,,,
Actr3b,0,0.0013876,-0.0179071,-0.0222654,0.653744,0.573997,0.864408,1.01068,1.08035,0.51966,1.08035,2,,,
Lrrc4b,0,-0.298693,0.0227757,0.423468,0.589893,1.08061,0.948013,0.935701,0.722725,0.966021,1.08061,2,,,
Gosr2,0,0.242453,0.515753,0.575632,0.78459,1.08099,0.731216,0.597916,0.884245,0.57482,1.08099,2,,,
Eml3,0,0.654926,1.08143,1.0517,0.915264,0.766642,0.72978,0.528635,0.683332,0.137167,1.08143,2,,,
Slc25a40,0,-0.295547,0.014555,0.15682,0.4963,0.690325,0.625381,0.660547,0.809507,1.08247,1.08247,2,,,
Lancl1,0,0.235281,0.757036,0.922003,1.08318,0.883018,1.01208,0.863039,0.826281,0.783783,1.08318,2,,,
Taco1,0,-0.194748,0.218128,0.40724,0.542936,0.964798,0.810492,0.972288,0.98988,1.08378,1.08378,2,,,
Rapgef4,0,0.728666,0.769941,0.623798,0.765018,0.151665,0.829723,0.996849,1.0838,0.0799828,1.0838,2,,,
Gnb5,0,0.156068,0.902597,0.915678,0.568192,1.07637,1.08501,0.601218,0.932638,0.888169,1.08501,2,,,
Mvb12b,0,0.376507,0.588243,0.767424,0.93627,0.768089,0.852589,1.08523,0.972988,1.07313,1.08523,2,,,
Arl8a,0,-0.000673294,0.00530434,0.0888023,0.276669,0.648884,0.624283,0.441568,0.737606,1.08539,1.08539,2,,,
Txnrd3,0,0.235516,0.255579,1.08569,0.87875,0.74334,0.655279,0.865274,0.298067,0.624851,1.08569,2,,,
Mtmr9,0,0.569414,0.825926,1.01618,1.086,0.81205,1.04991,1.03914,1.02587,0.860825,1.086,2,,,
Rab14,0,0.0950127,0.112013,0.154598,0.247175,0.361755,0.405167,1.08707,0.693928,0.497187,1.08707,2,,,
Commd8,0,-0.0259647,0.234804,0.407887,0.541363,0.677517,0.803028,1.07176,0.967304,1.08736,1.08736,2,,,
Mocs2,0,0.795618,0.475897,0.459892,0.597664,0.686323,1.08738,0.940039,1.04826,0.815863,1.08738,2,,,
Ptms,0,0.0929184,0.113989,0.541979,0.316473,0.960878,0.859999,1.01956,1.08837,0.96092,1.08837,2,,,
Gstt3,0,-0.837494,-0.858702,-0.502747,-0.0857868,0.344461,0.651766,0.773373,0.764799,1.08839,1.08839,2,,,
Alg13,0,-0.383448,0.32407,0.55003,0.616104,0.860435,0.723324,0.967852,0.760614,1.08844,1.08844,2,,,
Mmab,0,0.0558853,0.478594,0.494577,0.480473,0.797659,0.349295,0.56743,0.655996,1.08895,1.08895,2,,,
Ttc30b;Ttc30a1;Ttc30a2,0,-0.284626,-0.234982,-0.0528984,0.13674,0.676865,0.374002,0.64168,0.84649,1.08916,1.08916,2,,,
Rdx,0,0.127377,0.397821,0.472023,0.409044,0.511097,0.593559,1.09014,0.690046,0.343937,1.09014,2,,,
Cln3,0,0.0719805,0.375572,0.89779,0.402229,1.09095,0.671013,0.475496,0.380086,0.980882,1.09095,2,,,
Rgs3,0,0.527351,0.727022,0.587318,0.931437,0.540459,0.47331,1.0912,0.970495,0.136264,1.0912,2,,,
Sri,0,0.458948,0.959978,0.953129,1.02841,0.998745,1.09241,0.865215,1.03635,0.914507,1.09241,2,,,
Orai2,0,0.486141,0.813473,0.987297,0.97204,1.09286,1.05242,0.798388,0.768797,0.763699,1.09286,2,,,
Pdpn,0,0.218421,-0.230044,0.271385,0.74186,1.09314,0.723568,0.0273962,0.434566,1.07895,1.09314,2,,,
Sema6a,0,0.771755,1.09335,0.964359,0.855404,0.974503,0.813931,0.730089,0.700222,0.487259,1.09335,2,,,
Mars2,0,-0.373655,0.0270615,0.11832,0.560854,0.755733,0.684572,0.536491,0.945744,1.09417,1.09417,2,,,
Atp1b3,0,0.366516,0.89653,1.05262,1.04524,1.04641,0.906469,1.09439,0.985523,0.674726,1.09439,2,,,
Pex10,0,0.0988617,0.52282,0.726206,0.864035,0.81119,0.944704,1.09594,1.03785,1.06145,1.09594,2,,,
Anapc13,0,0.1304,1.09843,0.652754,0.762001,0.58601,0.644592,-0.0972786,0.374063,0.857691,1.09843,2,,,
Myo16,0,-0.170576,-0.134851,0.137344,0.309401,0.70599,0.39233,0.632393,0.809111,1.0999,1.0999,2,,,
Sdc2,0,-0.218382,0.322578,0.259106,0.628386,0.874895,0.748062,1.04123,0.871737,1.10365,1.10365,2,,,
Dopey2,0,0.57897,1.09933,1.10464,1.00747,1.05886,0.797722,0.84355,0.70923,0.743177,1.10464,2,,,
Lrrc8a,0,0.334377,0.767038,0.917793,1.02342,1.10515,0.904264,1.03759,0.974159,1.05571,1.10515,2,,,
Usp53,0,-0.331594,0.239645,0.34397,0.610855,0.784451,1.10605,0.841097,1.00687,1.06543,1.10605,2,,,
Tldc1,0,0.224602,0.510182,0.782737,0.85826,1.08974,0.835966,1.10691,0.96194,0.821969,1.10691,2,,,
Tecpr1,0,0.664886,0.514117,1.11025,0.274152,0.24097,0.331941,0.425702,0.855697,0.644212,1.11025,2,,,
Tmx2,0,0.0959892,0.0782986,-0.00619698,0.25049,0.344357,0.561586,0.766483,1.11052,0.986231,1.11052,2,,,
Fam45a,0,-0.0430832,0.0358143,0.281441,0.330116,0.623665,0.738178,0.831432,1.00343,1.11128,1.11128,2,,,
Vps26b,0,-0.0206299,-2.10E-05,0.206856,0.303007,0.693989,0.884766,0.947084,1.03138,1.11214,1.11214,2,,,
Elovl1,0,-0.0260353,1.11367,0.739086,1.03415,-0.00161362,-0.598179,-0.607601,-0.85541,-0.273935,1.11367,2,,,
Nat2,0,-0.0921574,1.01885,1.09062,1.05165,1.11385,1.10882,0.729342,0.687037,0.893038,1.11385,2,,,
Prkce,0,1.11654,-0.440535,-0.34029,-0.296272,-0.162661,-0.0513458,-0.0470028,0.731476,-0.17613,1.11654,2,,,
Dnm2,0,0.270021,0.769531,1.03254,1.11734,1.03558,1.08325,1.08546,0.96538,0.877188,1.11734,2,,,
Notch1,0,1.03806,1.11825,0.865793,0.870787,0.865997,0.723816,0.924992,0.826078,0.597734,1.11825,2,,,
Rragc,0,0.145941,-0.128784,0.226055,0.304144,0.596031,0.734127,0.814533,1.02861,1.11902,1.11902,2,,,
Asl,0,0.476995,0.824892,0.854166,0.912926,0.928251,1.0318,1.1203,0.987944,1.01093,1.1203,2,,,
Hp1bp3,0,-0.537539,0.063961,0.386654,0.736919,0.863657,0.925837,1.12062,0.947075,1.07968,1.12062,2,,,
Mdh1,0,0.140362,0.234758,0.421026,0.313007,0.321428,0.64665,1.12283,0.781605,0.555767,1.12283,2,,,
Ptk7,0,0.573479,0.91256,1.11099,1.0165,1.12322,0.879177,0.777782,0.745716,0.615364,1.12322,2,,,
Snx6,0,0.0471268,0.257357,0.473688,0.551582,0.832006,0.918413,1.1233,1.01432,0.934021,1.1233,2,,,
Pnp,0,0.0371437,0.952066,1.12369,0.982309,0.923952,0.741774,0.504435,0.280947,0.575188,1.12369,2,,,
Opa3,0,-0.137554,0.180826,0.371922,0.522568,0.902981,0.767454,0.647552,1.12575,1.11213,1.12575,2,,,
Mtmr6,0,0.606108,0.759542,0.926367,1.01274,0.698635,1.12591,1.11855,1.1163,0.726194,1.12591,2,,,
Ndufaf7,0,0.0556526,0.0017662,0.234505,0.396122,0.880041,0.752737,0.730846,1.12607,1.11346,1.12607,2,,,
Pxk,0,0.561975,0.856989,0.949921,1.09467,0.809978,0.985186,0.896164,0.940302,1.12686,1.12686,2,,,
Pex6,0,0.33604,0.838873,1.12697,0.989021,0.732855,0.767641,0.878277,0.713373,0.600449,1.12697,2,,,
Mef2a,0,1.12746,-0.38903,-0.767483,-0.531874,-0.678558,-0.5637,-0.262703,-0.281706,-0.903566,1.12746,2,,,
Bloc1s2,0,0.487794,-0.155923,0.016036,0.0164728,0.396678,0.438674,0.726207,1.12841,0.80255,1.12841,2,,,
Chid1,0,0.216389,0.613832,0.739355,0.872992,1.1298,0.986814,0.905125,0.837694,0.876932,1.1298,2,,,
Rab11fip2,0,0.738411,1.0045,0.672097,1.13082,0.404442,0.827411,0.837478,1.03237,0.169429,1.13082,2,,,
Bcl2l13,0,0.214653,0.17025,0.52803,0.622259,1.13139,0.765745,0.835609,0.918295,0.902014,1.13139,2,,,
Adi1,0,0.124634,0.693668,0.774048,0.776579,1.06353,1.11062,1.13184,1.10575,1.00999,1.13184,2,,,
Mtm1,0,0.111853,0.906034,0.992369,1.13288,1.12735,0.990589,0.952738,0.765638,1.10625,1.13288,2,,,
Sephs2,0,0.0871468,0.259424,0.715803,0.707556,1.08685,1.09127,1.08153,0.977966,1.13318,1.13318,2,,,
Acot1,0,-0.0480824,0.136606,0.430559,0.556566,0.795521,0.869511,0.960196,0.992582,1.13379,1.13379,2,,,
Tbc1d9b,0,0.199677,0.507654,0.687767,0.839642,1.08626,1.03628,0.973827,1.05414,1.13435,1.13435,2,,,
Cox20,0,1.13494,-0.976613,-0.840137,-0.138021,0.252564,0.324785,0.404525,0.744929,0.734443,1.13494,2,,,
Hdhd3,0,0.148945,0.199556,0.440437,0.678965,1.01917,0.812227,0.781761,1.01482,1.13664,1.13664,2,,,
Kptn,0,1.04984,1.06687,0.380471,0.615106,0.281315,1.09112,0.696588,0.630104,1.13743,1.13743,2,,,
Rorb,0,-0.226755,-0.384406,-0.136087,-0.204973,0.757374,0.355536,0.300094,0.332864,1.13853,1.13853,2,,,
Rgcc,0,1.0461,0.841563,0.832731,0.654857,0.628018,0.596272,1.14103,1.06347,0.861593,1.14103,2,,,
Gaa,0,0.0133781,0.221735,0.666443,0.573025,1.14155,0.818432,0.683342,0.739243,0.983047,1.14155,2,,,
Slc30a5,0,0.380518,0.893053,0.943249,1.14265,0.988325,1.08588,0.989794,0.983362,0.995375,1.14265,2,,,
Pck2,0,0.238905,0.463167,0.887196,0.814573,1.14293,0.453217,0.194265,0.44352,0.58428,1.14293,2,,,
Uck1,0,-0.565187,-0.221474,0.0221977,0.149912,0.466833,0.771425,0.760916,0.810946,1.14305,1.14305,2,,,
Anxa5,0,0.639067,0.632452,0.933231,0.596636,1.01888,0.831869,0.917528,0.88084,1.14339,1.14339,2,,,
Gpam,0,0.0103951,0.374834,0.744261,0.677023,1.14352,0.733425,0.796976,0.686518,0.99831,1.14352,2,,,
Stambp,0,0.385862,1.01543,1.14389,0.76866,0.835358,0.567923,0.321033,-0.0235357,0.996834,1.14389,2,,,
Magi3,0,0.645491,0.837301,0.802044,0.880106,1.14416,0.471086,0.715796,0.800297,0.807933,1.14416,2,,,
Adcy9,0,0.293333,0.368678,0.619885,0.833873,1.13197,0.790552,1.14445,1.12976,0.930999,1.14445,2,,,
Hras,0,-0.175375,0.162046,0.411457,0.490732,0.984945,0.899239,1.10028,1.00119,1.14581,1.14581,2,,,
Cdkn1b,0,-0.127697,-0.264118,0.0473232,-0.38776,1.14585,0.342148,-0.130772,0.0427265,1.02353,1.14585,2,,,
Txn2,0,-0.119177,0.0845032,0.247768,0.27379,0.625977,0.666285,0.920467,1.14587,1.05763,1.14587,2,,,
Mpi,0,-0.0493698,0.542179,0.666855,0.7031,0.579678,0.505892,1.14671,0.656321,-0.035675,1.14671,2,,,
Wars2,0,-0.317873,-0.0968819,0.258335,0.338535,0.813351,0.608261,0.74403,1.02903,1.14676,1.14676,2,,,
Atp11c,0,-0.644411,1.14897,1.0298,0.839054,0.358902,0.452316,0.0303745,-0.165939,0.506685,1.14897,2,,,
Siae,0,-0.527208,-0.862602,-0.593971,-0.53952,0.174631,0.334049,0.574215,0.87809,1.14915,1.14915,2,,,
Lyn,0,0.602554,0.731142,1.09982,1.1507,0.902882,1.09576,1.02615,0.766384,0.840239,1.1507,2,,,
Ccdc28b,0,0.626178,0.91904,1.00451,0.840715,0.750164,0.93727,1.15121,1.11803,0.51981,1.15121,2,,,
Mcat,0,-0.0986671,0.15206,0.368835,0.608332,1.00171,0.587111,0.691372,0.940748,1.15259,1.15259,2,,,
Selo,0,0.0355988,-0.202358,0.0966225,0.380337,0.757618,0.781168,0.898342,1.15261,1.07883,1.15261,2,,,
C19orf52,0,-0.585117,0.181299,0.441963,0.636848,1.15288,0.748728,0.579227,0.965555,1.12195,1.15288,2,,,
Ggcx,0,-0.0216331,0.801905,0.958746,1.00625,1.15327,0.805813,0.488104,0.0253639,0.588957,1.15327,2,,,
Nek3,0,0.778189,0.572142,0.870371,0.899063,1.15339,0.970057,0.905987,0.850132,0.755846,1.15339,2,,,
Qrsl1,0,-0.122473,0.215376,0.234512,0.46126,0.829117,0.7185,0.857029,0.981735,1.1538,1.1538,2,,,
Chn1,0,0.493092,0.74196,0.704826,0.762953,1.0624,1.15562,0.603166,0.999914,1.14336,1.15562,2,,,
Cadm4,0,0.244932,0.57744,1.11167,0.631279,1.15687,0.975609,0.880922,0.901443,1.02814,1.15687,2,,,
Mff,0,0.189238,0.882252,1.02216,0.939926,1.15817,0.736542,1.00768,0.771978,0.64546,1.15817,2,,,
Smim8,0,0.392439,0.334183,-0.165453,0.175907,0.329176,0.617493,0.497429,0.941004,1.15844,1.15844,2,,,
Vps11,0,-0.0615616,0.253004,0.485481,0.59446,0.914892,0.943892,1.06686,0.993862,1.16114,1.16114,2,,,
Bloc1s5,0,0.160254,0.374697,0.531603,0.487015,0.946035,0.972879,1.12127,1.16124,1.09346,1.16124,2,,,
Erc1,0,0.732956,1.1042,1.03906,1.16224,1.07597,1.05519,1.06101,0.937504,0.823896,1.16224,2,,,
Coro1b,0,0.0113678,0.461733,0.701788,0.891998,0.957321,1.05521,1.08046,1.02086,1.1623,1.1623,2,,,
Irgm1,0,-0.100632,0.0847549,0.254253,0.354593,0.809423,0.997101,0.999943,1.02908,1.16262,1.16262,2,,,
Prkd3,0,-0.592499,-0.242346,0.284786,1.16343,-0.438646,0.528606,-0.95406,0.165289,0.719395,1.16343,2,,,
Garem,0,0.699237,1.00193,0.986871,0.958003,0.853187,1.06704,0.96976,1.12139,1.16479,1.16479,2,,,
Abi1,0,0.0355625,0.484177,0.558586,0.768164,0.731127,0.772346,1.15428,1.02153,1.16558,1.16558,2,,,
Rab43,0,1.1661,-0.27536,0.228648,0.444895,0.891053,0.48929,0.323499,0.579581,0.203579,1.1661,2,,,
Mthfs,0,0.170714,0.309031,0.484139,0.666097,0.899316,1.0396,1.16616,1.00596,1.15723,1.16616,2,,,
Olig1,0,0.0558014,1.03648,1.16633,1.01778,0.985727,0.901808,1.04372,0.610826,0.522438,1.16633,2,,,
Dennd5b,0,1.16659,-0.0534658,-0.683898,0.0129948,-0.178286,-0.294382,-1.10439,-0.305129,-0.394415,1.16659,2,,,
Vps16,0,-0.0746536,0.093914,0.313972,0.538523,0.900164,0.982088,1.02855,1.09388,1.16685,1.16685,2,,,
Csnk1g2;Csnk1g3,0,-0.0383778,0.507933,0.475533,0.859962,0.693701,1.02977,1.01674,0.923454,1.16709,1.16709,2,,,
Ufc1,0,-0.108282,0.248823,0.131172,0.117243,0.279129,0.301077,1.16758,0.461262,-0.439297,1.16758,2,,,
Stk16,0,-0.208198,0.0387802,0.418226,0.829288,1.1681,0.769009,0.903502,0.848475,0.99923,1.1681,2,,,
Gtdc1,0,0.460772,0.293905,0.363482,0.81571,0.616966,0.689737,0.699764,1.16874,1.01045,1.16874,2,,,
Ptp4a2;Ptp4a1,0,0.0703297,0.327229,0.436014,0.942381,0.592175,1.0885,1.16926,1.1032,1.01982,1.16926,2,,,
Triap1,0,0.918694,0.526684,0.704021,0.747166,0.864985,0.805609,0.83305,1.16693,1.16971,1.16971,2,,,
Mtfr1l,0,0.176523,0.332659,0.584042,0.79524,1.07173,0.923447,0.860245,1.02966,1.17121,1.17121,2,,,
Npl,0,0.34642,0.896233,1.04177,1.17144,0.945683,0.621777,0.365561,0.237432,0.161495,1.17144,2,,,
Srr,0,0.421556,0.444206,0.959755,0.828003,1.17346,0.921301,0.801226,0.782465,0.23498,1.17346,2,,,
Hspa1a;Hspa1b,0,0.907757,1.0998,0.935759,0.843027,1.05584,0.966587,0.825144,0.88629,1.17471,1.17471,2,,,
Erlin2,0,0.162302,0.300657,0.447954,0.480177,0.868628,0.904016,1.17495,1.09641,1.15657,1.17495,2,,,
Ap5z1,0,0.121559,0.378157,0.401037,0.697445,0.764349,0.813185,0.847157,0.93498,1.17577,1.17577,2,,,
Sdha,0,0.0135555,0.0797691,0.358345,0.493521,0.80662,0.647583,0.722338,0.915636,1.17676,1.17676,2,,,
Tufm,0,-0.4002,-0.172903,0.221901,0.417004,0.86762,0.778744,0.948189,1.06275,1.17728,1.17728,2,,,
Pon2,0,-0.11351,0.237469,0.605295,0.809618,1.17879,0.868773,0.935745,0.914413,1.01715,1.17879,2,,,
Gde1,0,0.196554,0.329058,0.337395,0.868174,1.04467,1.04044,1.18078,1.16559,0.812969,1.18078,2,,,
Gripap1,0,0.500206,0.30995,0.3999,0.360546,0.495468,0.63978,1.05453,1.18204,0.53159,1.18204,2,,,
Optn,0,0.396767,0.609314,0.851124,0.504757,1.18267,0.70466,0.485113,0.570199,0.939433,1.18267,2,,,
Dnm3,0,0.218472,0.693003,1.07939,1.18274,1.04457,0.963137,0.891062,0.984453,0.880547,1.18274,2,,,
Snx13,0,0.503405,0.888329,1.0554,1.14819,1.04679,1.0698,1.10399,1.18299,0.96718,1.18299,2,,,
Tcp11l2,0,1.18383,0.0689545,0.328215,0.307779,0.473989,0.349777,0.451307,0.464628,0.145432,1.18383,2,,,
Nf2,0,0.412474,0.807743,1.00732,1.07231,1.18391,1.09908,1.17852,1.00502,1.00871,1.18391,2,,,
Slc20a2,0,-0.198044,0.250031,0.53281,0.654284,1.18432,0.889786,1.07541,0.750202,0.815975,1.18432,2,,,
Camk2g,0,0.20256,0.530281,0.67737,0.980806,1.00732,1.1442,1.18604,1.17701,1.01822,1.18604,2,,,
Zc3h13,0,0.387925,-0.420104,-0.46151,1.18712,-0.325596,-0.771376,-0.839019,-0.653839,-0.0585337,1.18712,2,,,
Rbl2,0,0.796397,1.16201,1.13662,0.924711,1.18376,0.946462,1.09743,0.865362,1.1873,1.1873,2,,,
Reep5,0,0.850321,0.0113678,0.0647354,0.415106,0.77104,0.876263,1.1368,1.18744,0.967735,1.18744,2,,,
Phkg2,0,-0.0226402,0.396233,0.458864,0.844599,0.924627,1.08022,1.18863,1.18511,1.16327,1.18863,2,,,
Fkbp15,0,0.233831,0.575602,0.635559,0.725281,0.774441,0.933432,1.17733,1.18871,1.10362,1.18871,2,,,
Sppl2a,0,0.118126,0.214724,0.1656,0.124228,0.374859,0.857038,1.1021,1.18946,0.890125,1.18946,2,,,
Thtpa,0,0.994724,0.279449,0.64325,0.944693,0.928617,1.19301,0.980175,1.09952,0.805537,1.19301,2,,,
Arl15,0,0.185305,0.0253277,0.296156,0.471716,0.451015,0.776514,0.943596,1.19329,1.00195,1.19329,2,,,
Galnt10,0,-0.0751266,0.311399,0.802254,-0.0586185,0.176483,0.0403919,1.09128,1.19505,-0.0753403,1.19505,2,,,
Akap5,0,0.0663052,0.192982,0.879961,0.49959,1.19552,0.764837,0.616709,0.66007,0.636642,1.19552,2,,,
Itga2,0,0.742254,1.19568,1.05901,1.0134,1.12083,0.734909,0.51033,0.136675,0.518612,1.19568,2,,,
Dscr3,0,0.360433,0.121099,0.663697,0.290708,0.827422,0.820699,0.87082,1.19593,0.987693,1.19593,2,,,
Zbtb20,0,-0.190994,0.896013,0.996117,1.19666,0.727654,0.7901,0.797451,0.346842,0.811586,1.19666,2,,,
Gpd1l,0,0.13023,0.395641,0.672098,0.685587,1.11798,1.18222,1.04236,1.09819,1.19712,1.19712,2,,,
Snx5,0,0.0474663,0.205662,0.480766,0.511015,0.711468,0.928932,1.11968,1.19721,1.07013,1.19721,2,,,
Itsn1,0,0.249836,0.975466,0.961296,1.16788,1.19786,1.13222,1.16291,0.833778,0.74205,1.19786,2,,,
Pbx1,0,0.967064,1.19841,1.09645,0.867458,0.807648,0.47282,0.309044,0.306377,0.452013,1.19841,2,,,
Cmas,0,0.298725,0.510309,0.68121,0.714607,0.832422,0.80394,1.14211,1.18678,1.19907,1.19907,2,,,
Slc25a15,0,-0.314026,0.161974,0.109859,0.547743,0.848181,0.54743,0.485443,0.678144,1.19922,1.19922,2,,,
Fbxw5,0,1.19971,-0.921145,-0.434898,-0.0621319,0.0565491,-0.581202,-0.878898,-0.326383,-0.187835,1.19971,2,,,
Gstm5,0,-0.0699825,0.242037,0.55547,0.728374,0.913902,0.982317,1.20208,0.991262,0.945143,1.20208,2,,,
Ctdsp1,0,0.143347,0.0592632,0.299925,0.255329,0.609318,0.642683,0.963816,0.855455,1.20274,1.20274,2,,,
Adrbk2,0,0.634441,0.995758,0.912781,1.2043,0.410328,0.896814,1.12343,0.972191,0.529605,1.2043,2,,,
Caskin2,0,-0.0982924,0.493312,0.705964,0.526895,0.990689,0.901126,0.654902,0.830997,1.20449,1.20449,2,,,
Cd81,0,0.409307,0.591635,0.579672,0.708458,0.95294,0.726873,0.284105,0.445675,1.20489,1.20489,2,,,
Cpped1,0,0.265968,0.664865,0.833981,0.874424,1.12547,0.970798,1.10157,1.20829,1.02271,1.20829,2,,,
Soga3,0,-0.300959,-0.20742,0.0976505,0.0978947,0.760595,0.840622,0.909534,0.955349,1.20895,1.20895,2,,,
B2m,0,-0.221323,0.490268,0.571687,0.340565,0.317451,0.363352,1.20938,0.859835,0.325612,1.20938,2,,,
Sidt2,0,0.87331,1.17876,1.21107,1.17451,1.16828,1.14068,1.20533,1.03386,0.682789,1.21107,2,,,
Snx12,0,-0.222589,0.130587,0.522211,0.487574,0.77507,0.926546,1.10505,1.18737,1.21126,1.21126,2,,,
Gca,0,-0.0674734,-0.121734,-0.541057,0.354875,0.639047,0.760306,0.45568,0.416516,1.21131,1.21131,2,,,
Nudt16,0,0.172699,0.332443,0.767752,0.588257,1.21294,0.789276,0.709095,0.704723,0.878185,1.21294,2,,,
Phkb,0,0.429373,0.431938,0.534807,0.715563,0.752747,1.0184,1.10038,1.05652,1.21372,1.21372,2,,,
Yipf6,0,1.21426,0.438333,0.225375,0.727645,0.406789,0.545327,0.445477,0.379819,0.528441,1.21426,2,,,
Snx25,0,0.544754,0.776339,0.646336,0.915791,0.646734,0.992981,1.191,1.21491,1.10999,1.21491,2,,,
Timm9,0,-0.346077,0.054018,0.163609,0.577047,0.830109,0.624033,0.662487,0.94306,1.21534,1.21534,2,,,
Slc31a1,0,-0.0275364,0.523056,0.744555,0.863766,1.21553,0.941317,0.748127,0.552553,0.874275,1.21553,2,,,
Pla2g4a,0,0.675196,1.0109,1.09769,1.21554,0.902334,1.02343,1.02936,1.00838,0.490627,1.21554,2,,,
Arhgef12,0,0.164431,0.24301,0.241802,0.763521,0.816818,0.949999,1.217,1.20135,0.925947,1.217,2,,,
Kiaa1549,0,0.504524,1.05861,0.59181,1.21711,0.726303,0.842058,0.770283,0.527575,-0.0424709,1.21711,2,,,
Apip,0,0.292233,0.184902,0.39027,0.514603,0.937717,1.09425,0.986837,1.21713,0.859352,1.21713,2,,,
Nedd8,0,0.214476,0.199244,0.265314,-0.146088,0.285059,0.360928,1.21906,0.484282,-0.361841,1.21906,2,,,
Vdac1,0,0.0738735,0.175014,0.44153,0.601732,0.884577,0.742508,0.829708,0.925358,1.22034,1.22034,2,,,
Nmnat1,0,0.641365,0.828161,0.910618,0.795694,1.13327,1.16097,1.22067,1.02624,0.894608,1.22067,2,,,
Macf1,0,0.846981,1.10552,0.953114,1.22107,0.953054,0.91416,1.00779,0.840471,0.685762,1.22107,2,,,
Prosc,0,0.306845,0.432732,0.523182,0.696253,0.809404,0.89452,1.06127,1.16823,1.22211,1.22211,2,,,
Cdh13,0,0.274826,0.407005,0.709072,1.22249,0.7244,0.338865,-0.153381,0.0300217,-0.9806,1.22249,2,,,
Glo1,0,-0.259169,0.344797,0.691999,0.748287,0.740265,0.781038,0.99679,0.851444,1.22381,1.22381,2,,,
Rab9a,0,0.338736,0.229757,0.435389,0.62627,0.714458,0.941565,1.0782,1.22405,1.17996,1.22405,2,,,
Sobp,0,0.717374,0.759316,0.60806,0.865369,1.10696,1.00203,1.1165,1.22462,1.00527,1.22462,2,,,
Lyrm2,0,0.495188,0.189396,-0.239888,-0.528717,-0.357202,0.121733,0.627262,1.03162,1.22517,1.22517,2,,,
Gatc,0,-0.124758,0.0493622,0.468733,0.166904,0.84264,0.612377,0.958368,1.22579,0.952139,1.22579,2,,,
Ppp2r5a,0,0.0946884,0.598673,0.716473,1.08223,1.02168,1.1667,1.22853,1.2146,1.01716,1.22853,2,,,
Lrba,0,0.41716,0.596346,0.860788,1.02667,1.04011,1.13762,1.1777,1.23039,1.06607,1.23039,2,,,
Coq5,0,0.000404358,0.131285,0.352694,0.39916,0.863382,0.695852,0.774101,1.00765,1.23073,1.23073,2,,,
Syt11,0,0.81921,1.11262,0.546995,1.23125,0.116358,0.589638,1.05385,1.10695,-0.0207596,1.23125,2,,,
Inpp5k,0,0.52632,0.748947,0.71166,0.659561,1.23137,0.880638,0.958513,1.01831,1.13124,1.23137,2,,,
Gtf2h2,0,0.171515,0.951739,0.465166,1.15069,0.461685,0.615797,-0.583798,0.122051,1.23269,1.23269,2,,,
Hmox1,0,-0.25276,0.223553,0.285412,0.598385,0.649544,0.771399,0.916235,1.03608,1.23296,1.23296,2,,,
Ctnnd2,0,0.810568,0.598291,0.604042,0.877634,1.07341,1.07565,1.08966,1.0347,1.23339,1.23339,2,,,
Iah1,0,-0.382944,0.435287,0.90325,0.691023,0.81109,0.241358,0.403688,0.372606,1.23458,1.23458,2,,,
Ctso,0,0.951824,1.23469,1.143,0.990955,0.932961,0.919466,0.853706,0.608101,0.453434,1.23469,2,,,
Vamp2,0,0.0517578,0.146547,0.323496,0.357206,0.799013,0.845589,0.824913,0.870029,1.23582,1.23582,2,,,
Armcx6,0,0.821721,0.1522,-0.0551777,-0.492717,0.600211,0.0833855,-0.147553,1.23596,0.511245,1.23596,2,,,
Fermt2,0,0.333544,0.61939,0.862415,0.94208,1.1655,1.0987,1.02035,0.95183,1.23641,1.23641,2,,,
C3orf33,0,-0.167942,0.0589647,0.261406,0.397299,1.2366,0.858219,0.980797,1.12557,0.863481,1.2366,2,,,
Ogdh,0,0.0718899,0.298578,0.513191,0.711281,1.02573,0.782467,0.909563,1.20414,1.23914,1.23914,2,,,
Apoa1bp,0,0.162634,0.441059,0.571947,0.701176,0.889059,0.945221,0.739252,0.920822,1.23988,1.23988,2,,,
Sccpdh,0,0.156918,0.31897,0.58345,0.462215,1.08698,0.775768,0.950596,1.13246,1.2402,1.2402,2,,,
Coq4,0,-0.399223,-0.2299,0.109108,0.114405,0.548885,0.488289,0.616535,1.06147,1.24043,1.24043,2,,,
Gmds,0,0.397795,0.541504,0.670429,0.783384,0.759432,1.11188,1.21838,1.24077,1.04619,1.24077,2,,,
Efr3a,0,0.512495,-0.0635395,0.397335,0.979488,0.954645,1.14198,1.15734,1.24157,1.15627,1.24157,2,,,
Antxr1,0,0.0591087,0.304914,0.576658,0.908278,1.24226,0.972662,1.0707,1.09751,1.11695,1.24226,2,,,
Snx2,0,0.14212,0.246124,0.5189,0.58959,0.931728,0.9582,1.14927,1.24415,1.099,1.24415,2,,,
Tspan15,0,0.26792,-0.0160255,0.500477,0.501242,1.24586,0.633257,0.168018,0.14423,0.143969,1.24586,2,,,
Sirt2,0,0.228357,0.87624,1.02595,1.0157,1.19226,1.19665,1.15039,1.1167,1.24724,1.24724,2,,,
Tmem242,0,0.49221,-0.774265,-0.841333,0.0703573,0.118101,0.271117,0.849773,0.919225,1.24765,1.24765,2,,,
Mvp,0,0.274959,-0.284012,-0.134873,0.601542,0.644534,0.781692,0.974634,0.678448,1.24784,1.24784,2,,,
Surf4,0,-0.143096,1.24848,1.11182,1.18039,0.891204,0.428212,0.192725,-0.273446,0.613673,1.24848,2,,,
Clcn4,0,-0.083252,0.559088,0.565042,0.82864,0.776384,0.862183,1.13483,1.16015,1.2491,1.2491,2,,,
Tom1l1,0,1.24999,0.883974,0.747932,0.728304,0.627003,0.434835,0.570759,0.706776,0.438852,1.24999,2,,,
Gtf2h3,0,-0.334415,0.444717,0.0759783,-0.0400658,1.03976,0.0936136,1.25094,0.737185,-0.533419,1.25094,2,,,
Ndufaf5,0,0.319275,-0.280172,-0.166613,0.20204,0.798328,0.811064,0.822496,1.25191,0.846478,1.25191,2,,,
Acss2,0,1.25225,1.00487,0.81296,0.77544,0.598623,0.714104,0.557875,0.642487,0.735331,1.25225,2,,,
Frs2,0,0.382262,0.748982,1.03709,1.09956,1.23718,1.25247,1.21146,1.09964,1.10835,1.25247,2,,,
Tfb2m,0,-0.395774,0.883094,1.14013,1.2066,1.25388,0.490499,0.987543,0.543109,0.979827,1.25388,2,,,
Snx27,0,-0.147648,0.037899,0.195698,0.411875,0.527683,0.877699,1.00502,1.13771,1.25528,1.25528,2,,,
Rasa3,0,1.25573,0.850601,0.54241,0.467894,-0.265066,0.0961056,0.369995,0.275476,-0.111221,1.25573,2,,,
Clcn3,0,0.0959435,0.420752,0.41523,0.599531,0.822119,1.09648,1.25969,1.13347,1.25135,1.25969,2,,,
Rab5a,0,0.341284,-0.13125,-0.0363369,0.182562,0.453344,0.681646,0.928749,1.26032,0.343933,1.26032,2,,,
Rab6b,0,0.598637,1.07034,1.26037,1.10381,1.02608,0.898888,0.62792,0.598005,0.968662,1.26037,2,,,
App,0,0.148384,1.26039,1.16442,1.25935,0.542192,0.958994,1.20716,0.945837,0.544479,1.26039,2,,,
Efnb1,0,0.415794,1.22248,1.26089,1.08261,0.998941,0.900707,0.951111,0.890539,1.05904,1.26089,2,,,
Calcoco1,0,0.490219,0.572863,0.88137,0.789104,1.26274,1.11929,0.86561,1.12798,0.91696,1.26274,2,,,
Endod1,0,0.702677,0.721775,0.658344,0.805393,0.845778,0.819592,1.00879,1.26383,0.912634,1.26383,2,,,
Echdc1,0,0.333687,0.644445,0.79435,0.791298,1.05268,0.987289,1.26456,1.1655,1.12193,1.26456,2,,,
Mtatp6,0,0.342522,-0.527159,-0.353333,0.0498657,0.663475,0.56958,-0.448175,0.43255,1.26481,1.26481,2,,,
Smim19,0,0.729904,0.968662,1.07698,1.26529,1.25334,1.10917,1.09682,0.935381,0.941238,1.26529,2,,,
Lonp2,0,0.289648,0.930086,1.26555,1.08737,1.00485,1.00244,0.750895,0.708473,0.638569,1.26555,2,,,
Vps39,0,-0.0266056,0.108856,0.317476,0.541237,0.926704,0.939878,0.957207,1.00444,1.26581,1.26581,2,,,
Slc25a3,0,-0.233027,0.199266,0.375801,0.521662,0.739494,0.452379,0.357948,0.47294,1.26736,1.26736,2,,,
Afg3l2,0,-0.0909767,0.229204,0.561098,0.768427,1.05675,0.870008,1.07322,1.12471,1.26798,1.26798,2,,,
C2orf72,0,0.456306,0.427402,0.706545,0.939449,1.26857,1.06702,0.624186,0.694305,1.09667,1.26857,2,,,
Fam162a,0,-0.509449,0.136042,0.342052,0.501562,0.85923,0.645163,0.874456,0.837549,1.26902,1.26902,2,,,
Yif1a,0,1.26907,0.176901,0.0924759,0.369522,0.129396,-0.144779,-0.513491,-0.149269,-0.525105,1.26907,2,,,
Ndufs7,0,-0.286184,-0.0595131,0.300648,0.629808,1.04394,0.965723,0.899624,1.06894,1.26956,1.26956,2,,,
Micu1,0,0.388262,0.398365,0.705645,0.753689,1.23706,0.907534,1.00886,1.25981,1.27044,1.27044,2,,,
Stim1,0,-0.0992813,0.51741,0.913847,1.16432,1.27198,1.13518,1.15043,0.992992,1.09047,1.27198,2,,,
Acat1,0,-0.00164032,0.0101604,0.353924,0.326855,0.819351,0.736479,0.86507,0.996031,1.27314,1.27314,2,,,
Arl6ip5,0,0.344749,1.27358,1.21594,1.23045,1.16751,0.984774,1.2379,0.905598,0.970537,1.27358,2,,,
Fam84a,0,0.802713,1.1966,1.22004,1.27481,0.504725,1.20513,1.14225,1.25471,0.0293808,1.27481,2,,,
Znf512,0,-1.1364,0.386625,0.334537,0.624737,0.49212,0.251684,0.585897,0.573149,1.27604,1.27604,2,,,
Add1,0,0.320217,0.537846,0.775385,0.8162,1.22952,1.1289,0.753948,0.708647,1.27642,1.27642,2,,,
Selt,0,0.620043,0.735199,0.624977,0.819014,0.924078,1.05447,1.02295,1.27793,1.05918,1.27793,2,,,
Mavs,0,-0.000480652,0.438204,0.773766,0.882065,1.17006,0.865864,0.790594,0.762793,1.27913,1.27913,2,,,
Sdhb,0,-0.198355,-0.0899143,0.213223,0.398249,0.821983,0.712543,0.946712,1.15381,1.28006,1.28006,2,,,
Gstz1,0,0.0982742,0.421045,0.699663,0.719307,1.04578,0.749809,0.549259,0.80151,1.28075,1.28075,2,,,
Trim3,0,0.0206242,0.73377,0.965332,1.06962,1.28171,0.939739,0.89287,0.745768,0.909227,1.28171,2,,,
Habp4,0,0.0682182,0.713408,0.940027,0.990326,1.28214,1.15003,1.26586,1.09266,0.751627,1.28214,2,,,
Slc22a23,0,0.383718,1.1729,1.24941,1.28228,1.20436,1.12427,1.11748,0.804445,0.870604,1.28228,2,,,
Porcn,0,-0.29394,0.583219,0.602704,0.683305,1.13811,1.04915,1.16164,1.20135,1.28279,1.28279,2,,,
Rnf11,0,0.972456,0.449739,0.614432,0.728125,0.840689,1.00931,1.04691,1.28355,1.06997,1.28355,2,,,
Ptprz1,0,-0.532877,-0.0148773,0.28377,-0.435625,0.365156,0.367062,0.220554,0.355438,1.28359,1.28359,2,,,
Hmgn3,0,0.124018,0.800583,0.83629,1.04405,1.07548,0.80599,1.17874,0.995314,1.28417,1.28417,2,,,
Ubtd1;Ubtd2,0,0.11445,0.376925,0.611664,0.985199,1.02322,1.0787,1.28446,1.16214,0.849503,1.28446,2,,,
Lrrc57,0,0.213266,0.576849,0.761038,0.847918,1.26523,1.13716,1.15003,1.15241,1.28482,1.28482,2,,,
Osbpl3,0,1.28568,0.260773,0.163607,0.368568,0.347855,0.607695,0.793505,1.1784,0.344761,1.28568,2,,,
Numb,0,0.328917,0.757128,0.912901,1.00862,1.18404,1.17632,1.25673,1.07484,1.28587,1.28587,2,,,
Hsdl1,0,-0.0323753,-0.201336,0.103279,0.171307,0.772543,0.674389,0.638552,1.01104,1.28638,1.28638,2,,,
Cd63,0,-0.408123,0.0830708,0.384037,0.320133,0.956932,0.574104,0.399107,0.666653,1.2866,1.2866,2,,,
Hddc3,0,0.209976,0.487789,0.64867,0.605259,0.91955,1.02656,1.18047,1.28757,1.25007,1.28757,2,,,
Ndufs3,0,-0.244802,0.0463409,0.408758,0.572334,1.2061,0.963753,1.28937,1.28817,1.2555,1.28937,2,,,
Srgap1,0,0.329407,0.625753,0.59938,1.02837,1.09263,1.11719,1.20771,1.29,1.20321,1.29,2,,,
Wipf2,0,1.03783,0.554998,0.595606,0.895142,0.945864,0.943731,1.20265,1.23575,1.29049,1.29049,2,,,
Vps18,0,0.187361,0.0420837,0.412569,0.382786,0.83688,0.896942,1.29146,1.0575,1.03337,1.29146,2,,,
Bpgm,0,0.240926,0.566964,0.54832,0.84126,1.07534,0.874654,0.981912,1.12633,1.29384,1.29384,2,,,
Abcb7,0,-0.23436,-0.251686,-0.106012,0.0693474,0.395681,0.300047,0.479876,0.841763,1.29453,1.29453,2,,,
Man2a2,0,-0.193508,0.721123,0.967001,1.29478,1.15747,1.13895,0.908981,0.68618,0.642958,1.29478,2,,,
Nlgn3,0,0.277164,0.772249,0.970694,0.812674,1.18613,0.95438,0.789503,0.899229,1.29574,1.29574,2,,,
Atp8a1,0,-0.0335808,0.418575,0.79397,0.717714,0.983053,0.754019,0.924011,0.939886,1.29669,1.29669,2,,,
Lin7c,0,-0.0477257,0.346617,0.542164,0.75985,1.03666,1.05193,1.2967,1.22947,1.22527,1.2967,2,,,
Mbd2,0,0.0510511,0.49805,0.62515,0.864236,0.869445,0.878324,0.709403,0.688958,1.29674,1.29674,2,,,
Myo6,0,0.617128,0.79311,0.88456,1.21743,1.02286,1.29748,1.17075,1.18159,1.14226,1.29748,2,,,
Rab21,0,0.778727,0.0125694,0.0522385,0.2962,0.463697,0.840935,1.12478,1.29763,1.04606,1.29763,2,,,
MTARC2,0,-0.0543404,0.345352,0.57822,0.779907,0.912022,1.02744,1.12953,1.14025,1.29766,1.29766,2,,,
Cltb,0,0.0862808,0.291759,0.501478,0.818619,0.739731,1.04106,1.29776,1.16428,0.986671,1.29776,2,,,
Aifm1,0,-0.118763,-0.0390701,0.318197,0.415874,0.992504,0.76664,0.905186,1.19881,1.29788,1.29788,2,,,
Szt2,0,-0.178413,0.0920687,0.339223,0.512542,1.0179,0.969594,0.956149,1.29883,1.27687,1.29883,2,,,
Ndufb11,0,0.0751934,0.150574,0.479267,0.658701,1.21495,1.06997,1.24354,1.3038,1.28168,1.3038,2,,,
Tlr3,0,-0.676744,-0.256598,-0.368449,-0.112506,0.502015,0.191937,0.382306,0.595851,1.30449,1.30449,2,,,
Ccdc22,0,-0.213356,0.159708,0.392645,0.632277,0.991365,1.06001,1.30483,1.20401,1.088,1.30483,2,,,
Pddc1,0,0.0675907,0.222578,0.44961,0.66997,1.10453,1.10839,1.30767,1.28707,1.17647,1.30767,2,,,
Stat1,0,-0.0164833,0.0199776,0.154953,0.134136,0.874889,0.8498,0.816847,0.821533,1.30771,1.30771,2,,,
Eno1,0,0.109127,0.299553,0.557972,0.57369,0.644354,0.89809,1.30906,1.01535,0.632568,1.30906,2,,,
Acox3,0,0.312975,0.856646,1.27019,1.12343,1.22749,1.26428,1.2474,1.30922,1.26913,1.30922,2,,,
Gnai2,0,0.0514641,0.76462,1.10718,1.26637,1.30949,1.07123,0.853668,0.792866,1.15483,1.30949,2,,,
Mrps14,0,0.440845,0.62082,0.919792,0.195315,1.22227,0.843119,0.715899,1.04495,1.31064,1.31064,2,,,
Dpy19l3,0,0.435276,0.935028,1.12767,0.959034,1.28164,1.17127,1.31125,1.15862,1.23017,1.31125,2,,,
Bcl2l1,0,0.116444,0.321487,0.453487,0.691719,1.01736,0.643671,0.810869,0.828896,1.31292,1.31292,2,,,
Slc25a46,0,-0.0435772,0.312859,0.640209,0.967079,1.31323,0.973625,0.668188,0.874823,1.09601,1.31323,2,,,
Glrx2,0,0.212635,0.80868,1.05678,0.951288,1.11197,0.921547,0.888556,0.916649,1.31341,1.31341,2,,,
Tnfaip8,0,0.389912,0.786339,0.840666,0.937727,1.08156,0.989674,1.02336,0.980045,1.31377,1.31377,2,,,
Crtc3,0,1.31383,0.0601511,0.0935144,0.125128,0.450797,0.354984,0.418887,0.788494,0.641792,1.31383,2,,,
Sat2,0,0.248043,1.27558,1.10321,1.31435,1.16845,1.04281,0.999886,0.777046,1.2069,1.31435,2,,,
Gnpda1,0,0.305826,0.899973,1.31467,1.04332,1.21329,1.24114,1.27176,1.2635,0.934031,1.31467,2,,,
Lchn,0,-0.392579,0.0606089,0.257225,0.371056,0.693417,0.712471,1.06705,1.0148,1.31584,1.31584,2,,,
Gabarapl1;Gabarap,0,0.304142,1.01858,1.02674,0.950161,1.05924,1.103,1.31628,1.17032,1.11534,1.31628,2,,,
Crbn,0,-0.0908031,-0.38868,0.0293436,0.161292,0.804751,0.727427,0.877572,1.21756,1.31804,1.31804,2,,,
Prkab2,0,-0.0353279,-0.02388,0.24058,0.664083,1.03195,1.03311,1.31942,1.17937,1.17158,1.31942,2,,,
C2orf47,0,0.14736,0.0290565,0.276817,0.485382,1.06916,0.747908,0.484728,1.02051,1.321,1.321,2,,,
Pip4k2a,0,-0.166105,0.226997,0.386791,0.7481,1.09122,0.979174,1.17928,1.02301,1.32116,1.32116,2,,,
Mef2c,0,1.3215,0.730166,-0.294188,0.341546,-1.0469,-0.258434,0.0879936,0.151528,-0.921048,1.3215,2,,,
Cadm1,0,0.657362,0.291649,-0.03092,0.350185,-0.0971813,0.936848,0.722286,1.32245,1.2562,1.32245,2,,,
Sel1l3,0,0.928196,0.832731,0.393419,0.962811,0.873487,0.845654,1.16957,1.3241,1.24349,1.3241,2,,,
Fam120c,0,-0.0877438,0.465078,0.894144,1.07896,1.14204,1.23118,1.27478,1.32597,1.19073,1.32597,2,,,
Tpbg,0,0.57103,0.665319,0.57008,0.970121,0.845798,0.859631,1.17952,1.32602,0.996372,1.32602,2,,,
Kcnab2,0,-0.234076,-0.0667038,0.525442,0.45088,0.259272,0.241631,1.32787,0.77261,0.425251,1.32787,2,,,
H1f0,0,-0.552572,-0.363821,0.00411224,0.471361,0.409895,0.62167,0.691744,0.812674,1.32848,1.32848,2,,,
Uap1l1,0,0.0303535,0.429821,0.649057,0.457941,1.05676,0.756569,0.757051,0.941732,1.32935,1.32935,2,,,
Rilp,0,-0.018692,0.112425,0.281748,0.444689,0.641985,1.02358,1.33219,1.12093,1.19462,1.33219,2,,,
Stk11ip,0,-0.275867,0.179724,0.666452,0.635861,0.941259,1.0106,1.11117,1.11111,1.3323,1.3323,2,,,
Ccbl1,0,-0.257236,0.151522,0.189114,0.599913,1.05905,1.21395,1.00284,1.18855,1.33239,1.33239,2,,,
Vdac2,0,-0.193924,-0.17428,0.144114,0.347561,0.71932,0.627338,0.774813,0.993477,1.3335,1.3335,2,,,
Emc3,0,-0.2017,0.591621,0.702396,0.773249,0.889273,0.87524,1.33537,0.810226,0.85018,1.33537,2,,,
Dhx57,0,1.17456,0.857955,1.17448,0.690888,-0.318773,1.33544,-0.0144615,0.789618,1.17339,1.33544,2,,,
Rabep1,0,0.141912,0.422314,0.528183,0.497372,0.819069,0.919611,1.2233,1.20636,1.33571,1.33571,2,,,
Wdr91,0,0.452494,0.944151,1.01777,1.10989,1.26974,1.26498,1.33714,1.24746,1.24632,1.33714,2,,,
Lamp2,0,-0.187317,-0.031065,0.393589,0.221195,0.786507,0.571928,0.62648,0.757467,1.33823,1.33823,2,,,
Bace1,0,0.613594,0.745595,0.671526,1.1864,0.691066,0.666689,1.34001,1.20445,1.13955,1.34001,2,,,
Vps35,0,-0.0909538,0.273579,0.415922,0.60264,0.801987,0.89176,1.00236,1.10315,1.34144,1.34144,2,,,
Akr7a2,0,0.0072155,-0.0861454,0.203367,0.528519,0.939703,1.0597,1.22894,1.25984,1.34303,1.34303,2,,,
Rala,0,-0.167933,0.33864,0.68536,0.613256,0.997337,0.968443,1.34318,0.941113,1.12672,1.34318,2,,,
D6Wsu163e,0,-0.0104561,0.138271,0.43025,0.888592,0.932367,1.08335,0.816578,1.30575,1.34414,1.34414,2,,,
Stx7,0,0.212769,0.41091,0.455873,0.531263,0.784897,0.931452,1.27488,1.131,1.34508,1.34508,2,,,
Bloc1s1,0,-0.0706692,0.217438,0.365385,0.68162,0.860014,0.974665,1.28681,1.17309,1.3456,1.3456,2,,,
Gdi1,0,0.198887,0.563133,0.915525,0.561749,0.7155,0.780701,1.34615,1.21261,0.776079,1.34615,2,,,
Maf1,0,1.34681,-0.336208,0.0722628,-0.135946,0.168112,-0.261463,0.220063,0.357753,-0.339819,1.34681,2,,,
Fam63b,0,1.34738,0.718164,0.781821,0.55904,0.46224,0.74478,0.159449,0.822317,1.25216,1.34738,2,,,
Acbd5,0,0.559547,1.088,1.15966,1.17662,1.03268,1.23285,1.34764,1.27552,1.12935,1.34764,2,,,
Fam213a,0,0.135368,0.261431,0.575724,0.468887,0.977781,0.951338,1.34832,1.23941,1.34767,1.34832,2,,,
Samm50,0,-0.0527439,0.0574398,0.271542,0.432562,0.858215,0.787479,0.751505,1.11437,1.35115,1.35115,2,,,
Ppp1r21,0,0.0852318,0.543833,0.679558,0.86825,1.13957,1.154,1.15207,1.1966,1.35262,1.35262,2,,,
Lyplal1,0,0.0452805,0.376087,0.679537,0.887606,1.35373,0.907305,1.02641,0.986788,1.19274,1.35373,2,,,
Lrp1b,0,-0.213228,0.339863,0.434427,0.73277,1.26035,1.35589,0.495148,0.698496,1.02351,1.35589,2,,,
Slc29a3,0,0.893567,0.134813,0.228768,0.729261,1.06787,0.957494,0.965542,1.15828,1.35593,1.35593,2,,,
Slc12a9,0,0.0874577,0.700846,0.832567,1.04207,1.16125,1.16067,1.19063,1.2919,1.35637,1.35637,2,,,
Cux1,0,1.05639,1.35722,0.72539,1.11701,-0.119244,0.417409,0.659003,0.706843,-0.168807,1.35722,2,,,
Jup,0,1.21997,1.35814,1.2279,1.01229,0.930107,0.739277,1.05207,0.161041,0.381899,1.35814,2,,,
Itm2c,0,-0.350349,0.373974,0.705183,0.298822,1.35829,0.517691,0.243923,0.227131,0.9659,1.35829,2,,,
Lyrm4,0,-0.272257,-0.104942,0.181963,0.350492,0.858528,0.668434,0.958168,1.174,1.35989,1.35989,2,,,
Lyrm7,0,-0.0974474,-0.338104,0.254414,0.282019,0.685606,0.928213,0.919999,1.33063,1.36094,1.36094,2,,,
Sdhaf1,0,-0.194481,0.48394,0.124516,0.0629873,0.429609,0.36756,0.738455,0.972222,1.36143,1.36143,2,,,
Tpcn1,0,-0.163086,0.745232,1.03427,1.05164,1.36211,1.10396,1.20343,1.14772,1.13921,1.36211,2,,,
Rp2,0,-0.454992,0.429113,0.930168,1.27755,1.24851,1.23772,1.35483,1.15834,1.36421,1.36421,2,,,
Tcn2,0,0.0524988,0.421181,0.212304,0.0716066,0.562407,0.303802,1.01101,1.36435,0.808256,1.36435,2,,,
Agk,0,-0.196768,-0.141178,0.277613,0.596413,0.973665,0.792774,0.859507,1.1364,1.3645,1.3645,2,,,
Gna12,0,0.195696,0.574684,0.713074,0.817469,0.916092,0.99773,1.18683,1.0259,1.36487,1.36487,2,,,
Cdc37l1,0,0.680695,0.888985,0.88517,0.961147,0.893044,1.04893,1.36498,1.03701,0.497189,1.36498,2,,,
Rmdn3,0,-0.137167,0.0521584,0.223608,0.467573,0.95356,1.02793,1.21176,1.23613,1.36527,1.36527,2,,,
Cbfb,0,1.28968,1.3666,1.11826,1.14554,0.475397,0.827419,0.673491,0.65156,-0.11751,1.3666,2,,,
Slc26a6,0,-0.618242,-0.158295,0.168772,0.405844,1.14639,1.05369,1.23453,1.27995,1.36853,1.36853,2,,,
Tmcc3,0,0.80081,0.984652,1.17222,0.931002,1.37038,0.862352,0.894476,0.840992,1.00906,1.37038,2,,,
Atp5i,0,-0.00853729,-0.320858,0.0610847,0.16864,0.870785,0.942995,1.07835,1.37039,1.28435,1.37039,2,,,
Fas,0,1.37093,0.0282812,0.00868797,0.178966,0.680732,0.317059,-0.135804,0.38003,0.322218,1.37093,2,,,
Dnajc19,0,-0.234097,0.222303,0.477423,0.561632,0.815559,0.778709,0.99354,0.802311,1.37114,1.37114,2,,,
Atp5l,0,-0.0101566,-0.444035,-0.0911427,-0.0688572,0.444571,0.522383,1.17286,1.37126,0.698288,1.37126,2,,,
Mpst,0,0.235281,0.776152,1.04671,1.20289,1.37173,0.874239,1.02583,1.09948,1.07522,1.37173,2,,,
Frmd4b,0,0.269388,0.669857,0.945795,0.997641,1.04564,1.20773,1.28322,1.37179,1.25717,1.37179,2,,,
Stx4,0,0.290552,0.782003,0.891953,1.03019,1.37229,1.15588,1.15595,1.12821,1.25516,1.37229,2,,,
Fkbp11,0,0.143608,0.136112,0.135645,0.432524,0.631195,0.902727,1.37306,1.05179,0.953981,1.37306,2,,,
Tubb3,0,1.37393,0.59408,0.334133,0.56448,0.244686,0.595123,0.130737,0.64352,-0.40712,1.37393,2,,,
Clcn7,0,0.268498,0.255454,0.55432,0.727618,1.2519,1.08179,1.07309,1.3745,0.977061,1.3745,2,,,
Athl1,0,0.533293,0.53952,0.976351,0.815311,1.21799,1.10154,1.14286,1.27848,1.37593,1.37593,2,,,
Inpp4a,0,1.15024,1.37672,1.09457,1.00368,0.847407,0.993779,0.945156,1.01282,0.806749,1.37672,2,,,
Mtrf1l,0,-0.0962925,0.012785,0.258318,0.535294,1.07766,0.879015,0.954929,0.993107,1.37785,1.37785,2,,,
Sdhaf2,0,0.148172,0.420906,0.450762,0.404877,0.515675,0.730009,1.37848,1.21939,0.52775,1.37848,2,,,
Agpat1,0,0.383537,0.772411,1.04422,0.951337,0.798537,1.01923,0.485918,0.256015,1.37925,1.37925,2,,,
Chchd6,0,0.23181,-0.11681,0.0431442,0.338379,0.747589,0.697586,0.936832,1.2542,1.37994,1.37994,2,,,
Snx21,0,-0.15132,0.299761,0.521698,0.761337,0.854212,0.952673,1.05138,1.02158,1.38101,1.38101,2,,,
Cnnm3,0,-0.263409,0.251715,0.560297,0.699078,1.23012,1.07133,1.17524,1.05824,1.38119,1.38119,2,,,
Dpp8,0,0.0571709,0.461817,0.931772,1.10675,1.26196,1.38268,1.22049,1.2312,1.12501,1.38268,2,,,
Cmtm3,0,0.210957,0.326531,0.474415,0.469437,1.38327,0.0647879,-0.369946,-0.718162,0.813198,1.38327,2,,,
Sarm1,0,-0.267669,0.32878,0.648915,0.596793,1.06815,0.910169,0.915748,1.14747,1.38572,1.38572,2,,,
Bcl2l2,0,-0.119332,0.207658,0.454461,0.666814,0.706805,1.12087,1.21611,1.38691,1.22451,1.38691,2,,,
Nek7,0,0.197105,0.675922,0.915398,1.12952,1.05197,1.25526,1.3871,1.35878,1.06674,1.3871,2,,,
Sirt3,0,-0.757483,-0.251345,-0.268066,-0.202024,0.611118,0.600078,1.01059,1.39218,1.00348,1.39218,2,,,
Fgfrl1,0,1.04772,1.39333,1.36505,1.38585,0.993723,1.00753,1.04637,0.79508,0.705353,1.39333,2,,,
Galm,0,-0.193805,-0.346053,0.40813,0.546351,1.29401,1.26144,1.35649,1.39429,1.23573,1.39429,2,,,
Vps37c,0,0.195637,0.110355,0.187994,0.28974,0.788223,1.00346,0.808641,1.39526,0.954582,1.39526,2,,,
Lars2,0,0.380262,0.705711,0.879372,0.988317,1.21158,1.0452,1.05982,1.32803,1.39529,1.39529,2,,,
Scrn2,0,0.954716,0.662458,0.871721,1.39629,0.632826,0.434896,0.739769,1.07839,1.20046,1.39629,2,,,
Atp5c1,0,0.00436783,-0.0741768,0.262369,0.391832,0.849562,0.7038,0.908033,1.30586,1.39692,1.39692,2,,,
Vimp,0,1.07526,0.848457,0.639634,0.928886,0.772854,1.14085,1.28095,1.39891,0.775709,1.39891,2,,,
Itga6,0,0.904884,1.15736,1.22871,1.17819,1.39958,1.24094,1.22597,1.06224,1.27614,1.39958,2,,,
Rit1,0,0.799849,1.40312,1.23763,1.03185,0.332755,0.517277,0.582823,0.511509,0.640664,1.40312,2,,,
Pitpnm2,0,-0.393241,0.309167,-0.0307074,0.880459,0.856333,1.0132,1.27463,1.40388,1.12759,1.40388,2,,,
Pcmtd1,0,0.716833,1.08659,1.07982,1.21499,1.12475,1.28142,1.18488,1.40541,1.25499,1.40541,2,,,
Gpcpd1,0,1.40545,1.05396,0.506844,0.383093,-0.373625,-0.2152,-0.506632,-0.531137,-0.485825,1.40545,2,,,
Amacr,0,0.090662,0.436726,0.648312,0.65797,0.89472,0.975048,0.878656,1.02421,1.40614,1.40614,2,,,
Bloc1s6,0,-0.0313845,0.772978,0.748291,1.16243,1.27795,1.15007,1.30889,1.2388,1.40698,1.40698,2,,,
Ehd3,0,0.323742,0.635056,0.494877,0.650517,0.826162,0.952806,1.40735,1.28659,0.914019,1.40735,2,,,
Slc25a1,0,0.445581,0.825008,1.02965,1.04738,1.40773,0.854923,0.849575,0.951155,1.36776,1.40773,2,,,
Bcan,0,0.43959,1.32904,1.41061,0.719975,0.694397,0.841803,0.584782,0.585802,0.549263,1.41061,2,,,
Ube2f;Ube2fb,0,-0.26721,0.521786,0.650763,0.887417,0.831903,0.940826,1.41103,0.904522,0.197708,1.41103,2,,,
Osbpl1a,0,0.173714,0.618946,0.80208,0.942923,0.869093,1.15442,1.32422,1.41128,1.10888,1.41128,2,,,
Prkd1,0,0.880293,0.825256,0.711969,0.874453,1.03379,1.132,1.36935,1.41128,1.20592,1.41128,2,,,
Vps33a,0,0.18984,0.391275,0.570082,0.717745,1.13673,1.09626,1.16408,1.24499,1.41166,1.41166,2,,,
Prkacb,0,-0.237883,0.0709724,0.232607,0.315765,0.853342,0.862846,1.20369,1.02793,1.41234,1.41234,2,,,
Oxnad1,0,-0.320526,-0.223949,0.240307,0.344059,0.705172,0.897642,0.842878,1.21261,1.41267,1.41267,2,,,
Entpd5,0,0.303757,0.87394,1.20811,1.24597,1.41372,1.33928,1.24284,1.08745,0.889263,1.41372,2,,,
Pcbd2,0,0.137682,0.251564,0.318228,0.644938,0.938023,0.89398,1.01145,1.22568,1.41472,1.41472,2,,,
Sox8,0,1.41562,0.227724,0.205854,0.129904,0.0589676,-0.101845,0.151224,0.0316696,-0.252298,1.41562,2,,,
Dnah2,0,-0.36322,0.193695,0.433985,0.517477,1.15406,0.985886,0.984896,0.977753,1.41739,1.41739,2,,,
Atp1a1,0,1.22948,1.24262,1.17551,1.31269,1.41846,1.22981,1.17674,1.05611,0.723066,1.41846,2,,,
Opa1,0,-0.0435295,0.221251,0.528799,0.715725,1.29366,1.02744,1.26568,1.36844,1.41907,1.41907,2,,,
Lhfpl4,0,-0.201322,-0.407537,0.0720806,0.0308905,1.18495,1.21398,0.74353,1.14988,1.41945,1.41945,2,,,
Synj1,0,0.204168,0.438709,0.62912,0.662277,0.896307,1.13078,1.2987,1.38187,1.42027,1.42027,2,,,
Smpd1,0,0.210211,0.852074,1.03558,1.0498,1.20976,1.26729,1.13973,1.22844,1.42094,1.42094,2,,,
Acyp1,0,0.510826,1.11924,1.18391,1.12947,1.42123,1.36996,1.31299,1.16826,1.34253,1.42123,2,,,
Ank2,0,0.218775,0.433241,0.680609,0.798386,1.15837,1.2092,1.22188,1.2949,1.4213,1.4213,2,,,
Dmd,0,0.0161953,0.75778,1.04414,0.977365,1.4214,0.987162,0.888987,0.658127,1.38076,1.4214,2,,,
Sp4,0,0.34285,1.28126,1.26116,0.459851,1.23686,0.550929,-0.126358,-0.504007,1.42164,1.42164,2,,,
Pdha1,0,0.0147648,0.418081,0.6035,0.726891,1.14754,0.940031,1.02295,1.14199,1.42199,1.42199,2,,,
Mgrn1,0,0.9533,1.18726,0.894768,1.27678,1.42312,1.32955,1.30582,1.30231,1.40822,1.42312,2,,,
Aga,0,0.49789,-0.190384,0.18453,0.213455,0.708208,0.8039,1.12011,1.38574,1.42459,1.42459,2,,,
C16orf62,0,0.0889091,0.322001,0.587412,0.733408,1.04457,1.15361,1.1564,1.30015,1.4263,1.4263,2,,,
Nqo1,0,0.839207,0.341724,0.67658,0.5243,0.79066,0.736723,0.431229,0.963971,1.42635,1.42635,2,,,
Snx1,0,-0.0451183,0.297678,0.552906,0.669086,0.884174,1.05523,1.2247,1.34435,1.42874,1.42874,2,,,
Ctsd,0,0.358543,0.678635,1.09185,0.932421,1.42935,1.29135,1.20349,0.930208,0.605373,1.42935,2,,,
Abcb10,0,0.258377,0.46047,0.584738,0.591188,1.06423,0.762028,0.828049,1.06309,1.43122,1.43122,2,,,
Lrig1,0,1.05258,0.875261,0.794798,0.796194,0.661816,1.19825,1.21318,1.43122,1.02331,1.43122,2,,,
Thnsl2,0,0.549944,0.593081,0.746031,0.854258,1.35094,1.21167,1.12289,1.43146,1.21579,1.43146,2,,,
Slc15a2,0,1.15859,1.23506,1.34917,1.38594,1.43158,1.1769,0.987268,0.987606,0.947481,1.43158,2,,,
Chordc1,0,-1.1342,0.442616,0.422323,0.183784,0.259394,0.351759,1.43356,0.502827,-1.12525,1.43356,2,,,
Parm1,0,0.857073,1.15726,1.08327,0.884002,1.11035,0.900361,0.850963,1.43499,0.754768,1.43499,2,,,
Orai1,0,0.178741,0.532066,0.913511,1.04726,1.43597,1.30312,1.31797,1.2303,1.12752,1.43597,2,,,
Rnaset2b,0,-0.0326385,0.67634,1.1346,1.22547,1.43633,1.40301,1.26647,1.08909,0.815575,1.43633,2,,,
Scp2,0,0.1467,0.594841,1.00831,0.90757,1.21695,1.38181,1.43641,1.4205,1.34316,1.43641,2,,,
Fam49a,0,0.628464,0.912218,1.2445,1.27227,1.43812,1.36453,1.36036,1.43791,1.3371,1.43812,2,,,
Ecsit,0,0.0185184,-0.0195141,0.117622,0.402798,0.666145,0.668926,0.901413,1.34763,1.43813,1.43813,2,,,
Tiam1;Tiam2,0,0.188855,0.335877,-0.0656128,0.910708,0.403281,0.828708,1.43242,1.4382,0.223797,1.4382,2,,,
Slirp,0,-0.463219,0.434942,0.835611,1.05058,1.15821,0.792789,0.893341,1.14368,1.44169,1.44169,2,,,
Nudt12,0,-0.0253544,0.666668,0.82823,0.924593,0.775019,1.12434,1.14957,1.10766,1.44369,1.44369,2,,,
Sptan1,0,0.463221,0.994864,1.16039,1.35287,1.44441,1.41156,1.44475,1.21236,1.40328,1.44475,2,,,
Tpm1,0,0.140978,0.614494,0.76112,0.806631,1.24749,1.21828,1.44515,1.19054,1.27585,1.44515,2,,,
Gtpbp8,0,0.25461,0.446192,0.592474,0.758408,1.11353,0.864084,0.868898,1.11996,1.44536,1.44536,2,,,
Tmem38b,0,1.05,1.00885,1.10696,1.02745,1.00661,1.21651,1.32012,1.44915,0.882803,1.44915,2,,,
Plcb1,0,0.226709,0.480194,0.583008,0.489363,0.865435,1.08439,1.44992,1.3735,1.36856,1.44992,2,,,
Osbpl5,0,0.0560112,0.787951,0.908044,1.02601,1.43319,1.33189,0.97095,0.748878,1.45131,1.45131,2,,,
Slc25a32,0,-0.327395,-0.0209827,0.434172,0.184711,0.880455,0.665981,0.965654,1.33754,1.45247,1.45247,2,,,
Dhrs11,0,0.228258,0.235361,0.565651,0.67016,1.18079,1.15343,0.868666,0.985168,1.45356,1.45356,2,,,
Arap1,0,0.560114,1.1526,1.21585,1.3607,1.30102,1.33812,1.45444,1.32007,1.25685,1.45444,2,,,
Cstb,0,0.259005,0.409487,0.50227,0.738087,0.744898,0.836166,0.129282,0.706148,1.45473,1.45473,2,,,
Eif4a2,0,0.417507,0.79895,0.884188,1.17214,1.19732,1.255,1.45589,1.28548,1.02457,1.45589,2,,,
Dgkz,0,1.03997,1.45594,1.16825,0.928284,0.929415,0.407221,1.02285,1.16227,0.572344,1.45594,2,,,
Acsbg1,0,-0.331335,0.282347,0.727127,1.04344,1.25791,1.38586,1.41357,1.45641,1.43226,1.45641,2,,,
Cask,0,0.296419,0.432922,0.564507,0.946358,1.1636,1.35655,1.4566,1.42369,1.42896,1.4566,2,,,
Gng7,0,0.347164,0.300772,0.397064,0.535978,0.864388,1.06304,1.35412,1.45681,1.27028,1.45681,2,,,
Rps6kc1,0,-0.00463867,0.350971,0.7055,0.802359,1.03032,0.970152,0.900084,1.11003,1.45682,1.45682,2,,,
Cycs,0,0.0670662,0.376322,0.619226,0.820801,1.2513,1.11928,1.30313,1.45749,1.2638,1.45749,2,,,
Lysmd1,0,0.637323,0.688852,1.31866,1.10251,1.25331,1.45877,1.41229,1.41498,0.900021,1.45877,2,,,
Lrp4,0,-0.63205,0.918457,1.01207,1.02634,1.46012,1.31882,1.21968,0.912996,1.39596,1.46012,2,,,
Npc1,0,0.949516,1.24906,1.2547,1.23459,1.15879,0.95472,1.38857,1.09699,1.461,1.461,2,,,
Ctsl,0,0.476273,0.679142,0.729261,0.69384,1.17023,1.11827,1.36631,1.31658,1.46313,1.46313,2,,,
Bckdk,0,0.197279,0.342983,0.608246,0.717968,1.00374,0.860945,0.953583,1.3105,1.46329,1.46329,2,,,
Sgpp1,0,0.621118,0.34914,0.457655,0.391554,0.369409,1.04404,1.05854,1.46355,1.31855,1.46355,2,,,
Dlst,0,-0.15984,0.204973,0.482803,0.686356,1.1531,0.948584,1.13973,1.34974,1.46383,1.46383,2,,,
Fgd6,0,0.959196,1.35476,1.14425,1.29544,1.27775,1.33153,1.46403,1.29487,1.18699,1.46403,2,,,
Akr1b7,0,-0.0984707,0.659317,1.04225,1.151,1.23332,1.16928,0.882391,1.07716,1.46436,1.46436,2,,,
Nfs1,0,0.0277214,0.194828,0.490353,0.547886,1.05391,0.926443,0.946657,1.23773,1.46537,1.46537,2,,,
Sipa1l2,0,0.524488,0.944466,0.659355,1.46539,0.104954,0.954462,1.29963,0.995266,0.0753899,1.46539,2,,,
Myo10,0,-0.051115,0.584461,0.966364,0.363731,1.47374,0.732185,0.186068,0.182463,1.33314,1.47374,2,,,
Sod1,0,0.414801,0.800274,0.907503,0.960979,0.975113,1.24312,1.43649,1.47394,1.44406,1.47394,2,,,
Shisa6,0,0.379332,1.01214,0.970268,1.47395,0.59908,0.46349,0.607205,0.561766,-0.220925,1.47395,2,,,
Ptprk,0,1.47414,1.10157,1.1914,0.364231,0.873059,0.89153,1.05687,1.23572,0.351254,1.47414,2,,,
Dag1,0,0.0430164,0.723663,1.11361,0.988663,1.4415,1.29737,1.47494,1.16247,1.28841,1.47494,2,,,
Smim12,0,-0.297491,0.812262,0.864334,0.913389,0.912455,0.777039,0.689062,0.414991,1.47502,1.47502,2,,,
Ccdc93,0,0.109509,0.323145,0.673374,0.821909,1.21077,1.22078,1.3147,1.4088,1.47952,1.47952,2,,,
Gpx4,0,0.402983,0.669754,0.663433,0.943897,0.994572,1.15066,1.26141,1.48325,1.39592,1.48325,2,,,
Hk1,0,0.13434,0.325117,0.736734,0.765696,1.19283,0.927969,0.946753,1.25197,1.48337,1.48337,2,,,
Suclg1,0,-0.20676,-0.0497589,0.383615,0.650957,1.05083,0.935543,1.02185,1.18402,1.48462,1.48462,2,,,
Spg21,0,0.310619,0.494576,0.564823,0.73937,1.05704,0.952644,0.538897,0.826189,1.48518,1.48518,2,,,
Atp2b1,0,0.453926,0.3472,0.639927,0.685778,1.17238,1.19977,1.44827,1.48624,1.22258,1.48624,2,,,
Hs1bp3,0,-0.0376091,0.43782,0.739058,0.750769,1.24873,1.17776,1.48721,1.46106,1.38983,1.48721,2,,,
Dlat,0,-0.373251,-0.250292,0.185553,0.401043,0.854504,0.785316,1.06131,1.3048,1.48757,1.48757,2,,,
Commd7,0,-0.192007,0.0370083,0.377182,0.500626,0.944088,1.06887,1.15933,1.31474,1.4891,1.4891,2,,,
C12orf73,0,-0.471889,0.583376,0.438044,0.693375,0.964642,0.989912,1.01146,1.3059,1.4893,1.4893,2,,,
Pcnt,0,0.0186453,1.12679,0.683682,0.726384,1.36441,0.99204,1.0422,1.03111,1.48962,1.48962,2,,,
Rab35,0,-0.0384312,0.206377,0.512472,0.627213,1.1191,1.2212,1.47743,1.28778,1.48963,1.48963,2,,,
Gclc,0,0.237583,0.746416,0.872061,1.17242,1.18146,1.33476,1.37774,1.49018,1.41955,1.49018,2,,,
Tbc1d13,0,0.233,0.855316,0.949644,1.16022,1.11825,1.41536,1.38468,1.49161,1.32591,1.49161,2,,,
Ttc38,0,0.0207586,0.523792,1.00454,1.23954,1.49214,1.42605,1.2786,1.05999,1.36796,1.49214,2,,,
Stx2,0,-0.362795,0.53948,0.820902,0.793673,1.49385,1.26069,1.37521,1.03594,1.41046,1.49385,2,,,
Notch2,0,0.27073,0.812791,0.916228,1.07532,1.3894,1.07535,1.09587,0.861375,1.49516,1.49516,2,,,
Mfn2,0,0.3302,0.92868,1.05614,1.1225,1.49574,1.04324,0.777277,0.932125,1.40008,1.49574,2,,,
Arl8b,0,0.260324,0.661081,0.960905,0.952719,1.10942,1.11462,1.46462,1.47058,1.49588,1.49588,2,,,
Sucla2,0,0.0822449,0.286621,0.603392,0.707413,1.19059,1.04902,1.04951,1.36024,1.49837,1.49837,2,,,
Cpe,0,-0.142061,-0.0142536,0.496586,0.658461,1.24413,1.2342,1.18733,1.27493,1.49887,1.49887,2,,,
Rras,0,0.343197,0.492105,0.655266,0.67149,1.33392,1.37908,1.31886,1.30688,1.50273,1.50273,2,,,
Atpaf2,0,-0.0480404,-0.220428,0.306382,0.222451,0.9907,0.875035,1.03532,1.4495,1.50508,1.50508,2,,,
Gla,0,-0.126686,-0.0984726,-0.0387268,-0.133537,0.568026,0.692883,1.19276,1.40061,1.50733,1.50733,2,,,
Tjp2,0,0.857229,1.35066,1.20913,1.27484,1.11134,1.24005,1.50952,1.36912,1.28253,1.50952,2,,,
Ssfa2,0,0.501953,0.72887,0.751789,0.93821,1.28491,1.14249,0.875835,1.02385,1.5105,1.5105,2,,,
Gcnt4,0,1.51058,1.35828,1.25385,0.647715,0.293886,0.623508,0.331667,0.166866,-0.278339,1.51058,2,,,
Endog,0,0.311443,0.33893,0.540592,0.875322,1.14945,1.0392,1.09756,1.09442,1.51087,1.51087,2,,,
Gcdh,0,-0.00614548,0.286186,0.608479,0.923368,1.24786,1.05389,1.20862,1.19197,1.51095,1.51095,2,,,
Abcb8,0,0.0518131,-0.146963,0.212061,0.323606,1.0009,0.833902,0.983561,1.33,1.51138,1.51138,2,,,
Igdcc4,0,0.424067,0.987396,1.2553,0.936983,1.51163,0.765686,0.761177,0.672169,1.10746,1.51163,2,,,
Hint3,0,0.15661,0.527456,0.63616,0.471516,1.01444,1.04077,1.44401,1.51203,1.03533,1.51203,2,,,
Uqcc3,0,-0.470863,0.372406,0.628443,0.749588,0.646929,0.480707,0.815798,0.341955,1.51254,1.51254,2,,,
Ckb,0,0.786369,1.23786,1.5082,1.51311,1.49038,1.38436,1.29391,1.35404,1.22535,1.51311,2,,,
Apc2,0,1.51415,1.31277,1.29692,0.795688,1.41684,1.38094,1.4549,1.46707,0.927432,1.51415,2,,,
C5orf51,0,0.287567,0.292479,0.807646,0.66526,1.24713,1.26555,1.20574,1.5145,1.37421,1.5145,2,,,
Hist1h1c,0,-0.825718,-0.227982,-0.00348473,0.142202,0.506056,0.245134,1.51473,0.528433,0.0244732,1.51473,2,,,
Nyap1,0,0.35095,0.855108,0.858196,1.04471,0.925673,1.0708,1.51528,1.35354,1.42,1.51528,2,,,
Abhd10,0,-0.222773,0.136347,0.461697,0.573725,1.05874,0.810442,1.22023,1.24661,1.51756,1.51756,2,,,
Slc12a4,0,0.343491,0.80024,0.927547,1.11772,1.19557,1.30095,1.51782,1.49919,1.37313,1.51782,2,,,
Akt2,0,-0.0480366,0.452938,1.03689,1.01439,1.33861,1.51869,1.26277,1.18723,1.34943,1.51869,2,,,
Mgmt,0,1.51901,-0.288487,-0.593778,-0.154618,0.212019,0.905487,-0.589348,-0.0821133,0.317029,1.51901,2,,,
Snx7,0,0.714178,1.18759,1.19471,1.29848,1.51934,1.4418,1.26335,1.30566,0.740986,1.51934,2,,,
Sdhd,0,-0.312096,0.491882,0.699661,0.841452,0.809118,0.57902,0.384039,0.694706,1.52054,1.52054,2,,,
Pgm1,0,-0.0416241,0.350031,0.762264,0.900549,1.22519,1.3945,1.52236,1.49641,1.51272,1.52236,2,,,
Clstn1,0,0.06003,0.464966,0.696621,0.564617,1.06118,1.10928,1.47356,1.22118,1.52268,1.52268,2,,,
Ckap4,0,0.99844,1.09858,1.24591,1.26394,1.52288,1.11353,0.95849,0.678755,0.59605,1.52288,2,,,
Fn3krp,0,0.0547085,0.580383,0.833572,0.851116,1.11675,1.24937,1.12961,1.27964,1.52382,1.52382,2,,,
Kiaa1467,0,0.644239,1.16587,1.32833,1.52443,1.47547,1.31776,1.37743,1.50979,1.0934,1.52443,2,,,
Mycbp2,0,0.52825,1.03053,1.16739,1.1617,1.19584,1.41362,0.856678,1.07428,1.5254,1.5254,2,,,
Gnaq,0,0.81687,0.386225,0.63006,0.893578,1.03889,1.33271,1.43091,1.5257,1.45332,1.5257,2,,,
Sdc4,0,-0.836317,-0.262257,0.0384483,0.455729,1.19983,1.07658,1.5266,1.19637,1.2251,1.5266,2,,,
Akap7,0,1.5268,-0.8127,0.0324478,-0.180502,0.0998726,0.472925,0.412401,1.05462,1.34499,1.5268,2,,,
Iars2,0,-0.205549,0.117687,0.427925,0.60199,0.937136,0.856899,0.83927,1.15578,1.52793,1.52793,2,,,
Pdpr,0,-0.128838,-0.266933,0.0656338,0.188967,0.62051,0.882099,1.13576,1.20434,1.52838,1.52838,2,,,
Pex12,0,0.228086,0.552249,0.965871,0.850577,1.28204,1.36251,1.41955,1.52878,1.35879,1.52878,2,,,
Map1a,0,0.55332,1.36695,1.52959,1.18939,1.20263,1.04015,0.825911,0.790298,0.485783,1.52959,2,,,
Sphk2,0,0.564428,1.18524,1.29836,1.25863,1.5305,1.2176,1.27063,0.964948,1.09512,1.5305,2,,,
Slc25a22,0,-0.372935,-0.147053,0.106065,0.365649,0.693213,1.04876,0.989534,1.08768,1.53111,1.53111,2,,,
Mrps33,0,0.339024,-0.00401115,0.116573,0.322262,0.701851,0.45891,0.78027,1.53135,1.0403,1.53135,2,,,
Cd47,0,0.611414,1.03996,1.24395,1.25312,1.53243,1.46503,1.27479,1.23246,1.5046,1.53243,2,,,
Wdr20,0,0.689734,0.763397,0.932468,0.806087,1.37411,1.49169,1.48386,1.5325,1.26038,1.5325,2,,,
Slc23a2,0,0.034174,0.232601,0.465004,0.753054,0.877981,1.13542,1.03003,1.21569,1.53253,1.53253,2,,,
Tor3a,0,0.406838,1.11079,0.951092,1.36545,1.53267,1.17036,1.34306,1.25778,1.44626,1.53267,2,,,
Prpsap1,0,0.860964,1.53372,1.29746,1.23713,0.459896,0.800562,0.694515,0.700945,0.00264359,1.53372,2,,,
Dock9,0,0.629959,0.790752,0.645376,1.53381,0.980766,1.05072,1.05643,1.2372,0.646322,1.53381,2,,,
Rab39b,0,0.401949,0.575068,0.569851,0.838202,0.967075,1.11127,1.31796,1.44781,1.53403,1.53403,2,,,
Adipor1,0,0.590127,0.463044,0.64619,0.658175,0.899714,1.08212,0.890151,1.37052,1.53438,1.53438,2,,,
Slc24a3,0,0.023901,0.993833,1.33048,0.89356,1.53488,0.912767,0.916069,0.583848,1.31769,1.53488,2,,,
Limch1,0,1.25986,1.12078,0.687923,1.47953,0.839481,1.1846,1.53539,1.45842,0.924112,1.53539,2,,,
Dhrs4,0,-0.212543,0.287718,0.666697,0.670017,1.07064,1.17885,1.32241,1.35761,1.53617,1.53617,2,,,
Pip4k2c,0,0.277487,0.777349,1.06071,1.10851,1.2521,1.31635,1.35545,1.31542,1.53803,1.53803,2,,,
Dnajc5,0,-0.143566,0.30924,0.487211,0.651583,1.12286,1.24529,1.5383,1.40609,1.4825,1.5383,2,,,
Gns,0,-0.00686836,0.292179,0.414091,0.286633,0.824154,1.02175,1.09965,1.28546,1.53966,1.53966,2,,,
Gusb,0,-0.334787,0.221678,0.526056,0.456705,1.04881,0.890928,1.18197,1.22521,1.54013,1.54013,2,,,
Atp5d,0,-0.0782814,0.107897,0.286341,0.26713,0.90486,0.962528,1.11446,1.41893,1.54189,1.54189,2,,,
Ndufa6,0,0.00192261,0.0816193,0.579544,0.751894,1.36629,1.22661,1.26028,1.51042,1.54207,1.54207,2,,,
Slc30a1,0,0.0574341,-0.0107384,0.214609,0.492882,1.11806,1.12226,1.1557,1.16354,1.54281,1.54281,2,,,
Acyp2,0,0.00306416,0.427487,0.539773,0.696197,0.697745,1.23579,0.712674,0.947354,1.54284,1.54284,2,,,
Lman2l,0,0.381851,0.859575,1.06968,1.27133,1.39571,1.44896,1.49876,1.362,1.54284,1.54284,2,,,
Tceb2,0,-0.202934,0.398266,0.404293,0.516342,0.67753,0.677176,1.54308,0.585148,-0.064127,1.54308,2,,,
Sco1,0,-0.659603,-0.0458221,0.334181,0.451725,0.977154,0.818659,1.07839,1.345,1.54323,1.54323,2,,,
Rab11fip5,0,0.571065,0.6011,0.784293,0.510106,1.54482,0.808366,0.99227,0.931231,1.519,1.54482,2,,,
Tprkb,0,-1.42589,0.478781,0.49197,0.529486,0.798126,1.20461,1.49428,1.13029,1.54544,1.54544,2,,,
Stxbp3,0,0.0530643,0.565943,0.773294,0.871605,1.26766,1.22194,1.24562,1.1911,1.54774,1.54774,2,,,
Acad9,0,0.0389767,-0.0718975,0.209055,0.487623,1.01857,0.858049,0.975172,1.31039,1.54791,1.54791,2,,,
Fis1,0,-0.122192,0.740683,1.09505,1.02364,1.50379,1.26309,1.55208,1.40553,1.24216,1.55208,2,,,
Mdga2,0,0.91711,1.4632,1.3105,1.55291,1.29355,1.25164,1.27774,1.43785,1.45548,1.55291,2,,,
Lamtor2,0,-0.432352,0.129463,0.4622,0.78775,0.930616,1.03348,1.11326,0.96151,1.55515,1.55515,2,,,
C4orf29,0,0.505842,0.854568,1.55549,1.19178,1.09904,1.15294,0.977882,1.01394,1.00564,1.55549,2,,,
Suclg2,0,-0.388607,-0.0442333,0.278915,0.522995,1.05837,0.844246,0.946894,1.27043,1.55583,1.55583,2,,,
Fmo5,0,0.0695591,0.674147,0.964037,1.02235,1.10555,1.09669,1.35225,1.2146,1.5577,1.5577,2,,,
Mtif3,0,-0.116787,-0.00509834,0.234182,0.43548,0.511383,0.431202,0.369242,0.944319,1.55919,1.55919,2,,,
Pdhx,0,-0.0714073,0.136034,0.32316,0.605328,0.980669,0.971373,1.13355,1.37656,1.56058,1.56058,2,,,
Phpt1,0,0.369244,0.672314,0.972923,1.0535,1.3669,1.50143,1.51539,1.56116,1.48073,1.56116,2,,,
Ctsa,0,0.00629044,0.857183,0.978292,0.883884,1.18758,1.07211,1.01834,1.13924,1.56119,1.56119,2,,,
Nrxn2,0,1.24854,1.51155,1.5612,1.4386,1.35482,1.43846,1.28704,0.596638,0.735685,1.5612,2,,,
Bcs1l,0,-0.0898724,-0.100628,0.0856972,0.302486,0.905916,0.911039,1.00442,1.50614,1.56169,1.56169,2,,,
Agrn,0,1.08493,1.56412,1.16691,0.550276,-0.490353,-0.326281,-0.475718,-0.701941,-1.39746,1.56412,2,,,
Sybu,0,-0.444796,0.134584,0.760567,0.734341,1.5642,0.740557,0.776693,0.734978,1.4765,1.5642,2,,,
Ndufb10,0,0.0305595,0.090477,0.537689,0.685604,1.22974,1.21172,1.22315,1.41838,1.56641,1.56641,2,,,
Ptges2,0,-0.278847,0.3391,0.530733,0.911713,1.14384,1.07296,1.04881,1.17299,1.56784,1.56784,2,,,
Spg11,0,0.204169,0.582788,0.783606,0.681088,1.24872,1.05049,0.987139,1.23948,1.56969,1.56969,2,,,
Arl5a,0,-0.223164,0.87415,1.10712,1.17745,1.09679,0.920711,0.810395,1.23396,1.57004,1.57004,2,,,
Coro7,0,0.409639,0.803535,1.18062,1.20838,1.3941,1.48095,1.46158,1.38676,1.57107,1.57107,2,,,
Wdr81,0,1.29615,1.57147,1.27202,1.49504,1.33025,1.4378,1.46669,1.43624,1.4842,1.57147,2,,,
Thnsl1,0,0.0885773,0.502361,0.825834,1.13372,1.30336,0.956419,1.17168,1.39731,1.57193,1.57193,2,,,
Kctd5,0,1.57266,0.125565,-0.311333,0.00701523,-0.697823,-1.13595,-0.562222,-0.756021,-0.997724,1.57266,2,,,
SEPTIN8,0,0.284723,0.381994,0.72805,0.765495,1.2732,1.33704,1.4367,1.51777,1.57318,1.57318,2,,,
Pvrl2,0,0.940707,1.13058,1.25739,1.21717,1.57508,1.06656,1.12387,1.07352,1.44968,1.57508,2,,,
Stxbp1,0,1.14206,0.371738,0.478125,0.868435,1.13329,1.20022,1.05431,1.44334,1.57548,1.57548,2,,,
Fam210a,0,-0.277908,0.0355587,0.222998,0.413322,0.855471,0.872696,1.01148,1.33328,1.57872,1.57872,2,,,
Cox17,0,-0.169886,0.503033,0.760017,0.50075,1.17794,0.482752,1.31977,1.5794,1.32035,1.5794,2,,,
Lama1,0,1.0441,0.211529,0.446346,0.0646648,0.607635,0.870522,1.34298,1.57961,1.4099,1.57961,2,,,
Lonp1,0,-0.120941,0.128223,0.441998,0.558834,1.12237,0.891628,1.22455,1.36209,1.58192,1.58192,2,,,
Agbl2,0,0.150311,0.279259,0.692069,0.877811,1.21892,1.18219,0.974666,1.40763,1.58236,1.58236,2,,,
Rgs20,0,-0.979686,-0.48748,0.171261,0.107999,0.538502,0.366994,0.182288,0.091795,1.58293,1.58293,2,,,
Phkg1,0,-0.0218468,0.633238,0.727526,1.06673,1.34741,1.32231,1.58294,1.56354,1.31187,1.58294,2,,,
Aldoc,0,0.495466,1.11516,1.40108,1.39512,1.58489,1.38162,1.29009,1.23675,1.19796,1.58489,2,,,
Tmem143,0,-0.126843,-0.393763,0.305981,0.173953,1.05515,1.08866,0.928627,1.58579,1.50126,1.58579,2,,,
Prex1,0,0.763788,1.35845,1.40357,1.58652,1.06286,1.31039,1.506,1.43003,0.762203,1.58652,2,,,
Cpt1a,0,-0.77523,-0.298851,0.302094,0.684649,1.15063,1.00406,0.955688,1.26992,1.58694,1.58694,2,,,
Retsat,0,0.193514,0.74856,1.24408,1.30421,1.36929,1.46326,1.58758,1.58072,1.39359,1.58758,2,,,
Eps8,0,0.0692482,0.252338,0.524422,0.239742,0.884777,0.893757,0.959244,1.17774,1.58829,1.58829,2,,,
Phka1,0,-0.0810471,0.333166,0.570717,0.697844,0.866289,1.17034,1.58843,1.38121,1.44893,1.58843,2,,,
Atp1a3,0,1.15613,0.0180912,-0.15387,0.041935,0.972481,0.428911,1.28571,1.58861,0.847874,1.58861,2,,,
Cecr5,0,0.139605,0.637457,0.888144,1.0755,1.58903,1.0173,0.958923,1.28409,1.28877,1.58903,2,,,
Acadvl,0,0.096302,0.405647,0.797829,0.958075,1.24349,1.27579,1.31202,1.46068,1.59131,1.59131,2,,,
Hykk,0,0.315691,0.700695,1.07803,1.25541,1.37002,1.45505,1.46718,1.54354,1.59197,1.59197,2,,,
Setd7,0,-0.0556717,0.38023,0.716385,0.853058,1.14808,1.25807,1.28004,1.42337,1.59544,1.59544,2,,,
Ndufab1,0,0.092577,-0.0413876,0.269739,0.295706,0.830816,0.843596,1.41975,1.59727,1.07047,1.59727,2,,,
Nit1,0,0.544054,0.375841,0.644812,0.67695,1.11099,1.20283,1.32177,1.5976,1.22039,1.5976,2,,,
Mgll,0,0.789913,1.14054,1.3879,1.59791,1.56551,1.13868,0.728647,0.410229,0.787691,1.59791,2,,,
Parp3,0,0.437662,0.879292,1.15733,1.24845,1.60025,1.39883,1.24735,1.05917,1.3019,1.60025,2,,,
Bad,0,1.34871,0.342937,0.340651,0.756432,1.10771,0.936074,1.0548,1.60026,0.884478,1.60026,2,,,
Atp5a1,0,-0.120132,0.0810986,0.333252,0.568481,1.05105,0.987839,1.16068,1.49933,1.6004,1.6004,2,,,
Ccdc9,0,-0.270572,-0.457808,-0.692259,-0.338685,0.864225,-0.488161,-0.623736,1.60151,1.10169,1.60151,2,,,
Grb2,0,0.379446,0.800684,0.97006,1.11129,1.45643,1.34043,1.30796,1.19349,1.60249,1.60249,2,,,
Fam73a,0,-0.0266733,0.923753,0.976312,1.0818,1.603,1.43268,1.46921,1.55906,1.48178,1.603,2,,,
Fnbp1l,0,0.576614,0.721478,0.620178,0.882868,0.733782,1.17202,1.57296,1.60325,1.04739,1.60325,2,,,
Mfsd1,0,0.151963,0.272055,0.837559,1.46081,1.5133,1.58647,1.07264,1.06473,1.60342,1.60342,2,,,
Eps15,0,0.132101,0.686563,0.89156,0.969326,1.29696,1.15816,1.46081,1.28813,1.60409,1.60409,2,,,
C11orf54,0,-0.0850029,0.507309,1.03464,1.06895,1.25117,1.35025,1.37922,1.41398,1.60461,1.60461,2,,,
Gk,0,0.221333,0.258242,0.363842,0.76841,1.10604,1.12988,1.24985,1.47965,1.60478,1.60478,2,,,
Ndufaf6,0,0.215675,-0.3139,-0.168383,0.331398,0.670515,0.650681,0.928116,1.36749,1.60571,1.60571,2,,,
Rfxank,0,1.60673,1.38048,0.950049,1.22002,0.540121,1.14038,1.32056,1.08296,0.288157,1.60673,2,,,
Mterf2,0,0.131285,0.566183,0.59791,0.740198,0.910908,0.960217,1.10056,1.40224,1.6074,1.6074,2,,,
Atp12a,0,1.14811,1.60778,1.41415,1.56332,1.5746,1.53754,1.42975,1.35091,1.07499,1.60778,2,,,
Lrrc4c,0,0.282987,0.971801,1.17971,1.23077,1.54831,1.6079,1.3303,1.32791,1.53523,1.6079,2,,,
Fabp7,0,0.624908,1.42002,1.60818,1.25173,0.915707,0.259226,-0.162706,-0.434534,-0.515783,1.60818,2,,,
Chl1,0,1.25393,0.965715,0.747982,0.956957,0.562414,1.39483,1.6089,1.40017,1.07822,1.6089,2,,,
Srgap3,0,0.848755,1.14764,1.0404,1.40284,1.25138,1.41792,1.60976,1.60297,1.35371,1.60976,2,,,
Ccdc126,0,0.282863,1.18127,0.757833,1.60997,1.16518,1.26379,1.53065,1.32387,1.21323,1.60997,2,,,
Tomm40l,0,0.039319,0.581599,0.64252,0.896731,1.34181,1.3697,0.851302,1.10335,1.61115,1.61115,2,,,
Chst2,0,0.700214,1.4909,1.60693,1.61226,1.32603,1.39123,1.25183,0.906006,1.03114,1.61226,2,,,
Mrps36,0,-0.0995541,0.00704002,0.232311,0.279549,0.922823,0.519815,0.594076,1.30818,1.61266,1.61266,2,,,
Ahcyl1,0,0.153177,0.166403,0.404436,0.813236,0.941471,1.02925,1.61464,1.19236,1.25636,1.61464,2,,,
Gria2,0,1.02241,1.47331,1.61535,1.46402,1.36997,1.44125,1.42055,1.40029,1.34433,1.61535,2,,,
Dld,0,-0.336033,-0.157759,0.337309,0.46899,1.10019,1.05046,1.19554,1.33423,1.61718,1.61718,2,,,
Plekho2,0,0.162552,0.534296,1.0348,0.874512,1.51797,1.22982,1.38563,1.33962,1.61782,1.61782,2,,,
Stk38l,0,0.658243,0.795157,1.03872,1.26349,1.34785,1.33724,1.61951,1.56517,1.35731,1.61951,2,,,
Cntn1,0,0.054039,0.6033,0.909504,0.888004,1.3195,1.16397,1.40489,1.1558,1.62153,1.62153,2,,,
Wwc2,0,1.38406,1.46032,1.23743,1.62171,1.1192,1.35216,1.52964,1.48724,0.846113,1.62171,2,,,
Cat,0,0.327463,1.08007,1.62204,1.22618,1.32959,1.18927,1.22908,1.01647,1.07996,1.62204,2,,,
Sh3bgrl2,0,0.156881,1.15635,1.08334,1.21168,1.5957,1.19359,1.62348,1.07349,1.32005,1.62348,2,,,
Atrn,0,0.424348,0.301964,0.333059,0.5786,1.17249,0.964733,0.888659,1.05965,1.62435,1.62435,2,,,
Lrrc75a,0,1.08401,1.30535,1.19183,1.29947,1.30779,1.09419,1.34292,1.29156,1.62484,1.62484,2,,,
Jam2,0,0.431812,0.865477,1.20657,1.22443,1.45698,1.56732,1.62277,1.62537,1.56564,1.62537,2,,,
Ap5b1,0,0.203238,0.293907,0.514911,0.279679,0.928945,0.96743,0.99812,0.929198,1.62664,1.62664,2,,,
Iqsec1,0,1.62898,1.05599,0.817842,1.02979,1.00551,0.768801,0.869211,1.08895,0.766087,1.62898,2,,,
Atp5e,0,-0.0658789,0.15742,0.457107,0.915349,1.00315,0.899331,0.817182,1.15983,1.62931,1.62931,2,,,
Hdhd2,0,0.0540981,0.634932,0.797966,0.96983,1.1927,1.44648,1.4471,1.45095,1.62958,1.62958,2,,,
Amt,0,-0.0782967,0.362194,0.960308,1.19074,1.58335,1.22644,1.13702,1.40935,1.62971,1.62971,2,,,
Mtch1,0,0.858849,0.941599,1.04432,1.34889,1.51444,1.34715,1.27452,1.62974,1.4394,1.62974,2,,,
Ctbs,0,0.135434,0.17488,0.416232,0.625093,0.716634,0.838347,1.27635,1.40369,1.63006,1.63006,2,,,
Slc25a51,0,-0.434689,0.260206,0.498489,0.706512,1.13787,0.918144,0.987953,1.08725,1.63075,1.63075,2,,,
Gucy1b3,0,1.54129,1.54651,1.21705,1.31262,1.27313,1.25653,1.63188,1.43131,1.1244,1.63188,2,,,
Dmxl1,0,0.0971222,0.379066,0.689024,0.869873,1.51292,1.25416,1.42117,1.62647,1.6334,1.6334,2,,,
Rraga;Rragb,0,0.236649,0.150366,0.486099,0.553362,1.00465,0.841295,1.01768,1.30383,1.63389,1.63389,2,,,
Rnf121,0,0.431561,1.20411,0.795099,0.81322,1.19296,1.10213,0.760404,1.63402,1.43042,1.63402,2,,,
Fth1,0,-0.702114,-0.675631,-0.44558,-0.266054,-0.124165,0.336325,0.777765,0.973694,1.63628,1.63628,2,,,
Kctd21,0,0.824383,1.04448,1.41852,1.47767,1.53306,1.63655,1.41977,1.51642,1.40665,1.63655,2,,,
Ethe1,0,0.494669,0.361275,0.704634,0.756308,1.45877,1.14114,1.08624,1.62237,1.63664,1.63664,2,,,
C2orf69,0,0.0728645,-0.0931797,0.667658,0.80051,1.42071,1.40457,1.38616,1.63752,1.38385,1.63752,2,,,
Zdhhc3,0,-0.268549,0.876709,1.15803,1.17786,1.25718,0.944754,1.63916,0.897646,0.267584,1.63916,2,,,
Qil1,0,-0.377357,-0.0241432,0.45018,0.718647,0.970488,1.1195,1.08595,1.08557,1.64083,1.64083,2,,,
Ndufs1,0,0.127657,0.333509,0.578377,1.03555,1.44462,1.31845,1.36089,1.44863,1.6424,1.6424,2,,,
Kiaa1161,0,0.311403,1.06134,1.4558,1.22446,1.36647,1.22143,1.0599,0.989374,1.64363,1.64363,2,,,
Plgrkt,0,0.764128,1.16442,1.17076,1.25395,1.64364,1.43162,1.21473,1.10809,1.41156,1.64364,2,,,
Spire1,0,0.00657749,1.32741,1.28369,1.64374,1.07189,1.05081,1.22204,0.878465,1.43138,1.64374,2,,,
Tnks1bp1,0,1.31281,1.29436,1.35021,1.47699,1.64012,1.51517,1.52465,1.6452,1.5293,1.6452,2,,,
Lamtor1,0,0.361469,0.657274,0.721769,1.05843,1.4367,1.30015,1.49661,1.50071,1.64523,1.64523,2,,,
Ndufv2,0,-0.157907,0.343962,0.668308,0.858871,1.45982,1.32033,1.56322,1.64534,1.51912,1.64534,2,,,
Timm21,0,-0.439264,-0.317802,0.231157,0.34955,0.824736,0.749117,0.684958,1.1155,1.64673,1.64673,2,,,
Ndufs2,0,-0.139153,0.328394,0.603935,0.996239,1.37662,1.21275,1.18225,1.31131,1.64694,1.64694,2,,,
Atp5f1,0,0.0475845,0.0282021,0.41198,0.614712,1.05836,0.9639,1.16297,1.47669,1.65037,1.65037,2,,,
Top2b,0,0.288862,0.98678,1.57043,1.65076,1.0033,1.02632,1.19304,1.05889,0.658792,1.65076,2,,,
Cd44,0,0.598913,1.14148,1.12559,1.51657,1.64104,1.40527,1.06344,0.911385,1.65193,1.65193,2,,,
Uckl1,0,0.654075,0.341805,0.687166,0.691732,1.01166,1.35869,1.40016,1.65336,1.37382,1.65336,2,,,
Map4k2,0,0.913157,1.47312,1.35113,1.36605,1.65365,1.38869,1.34764,1.14862,1.31455,1.65365,2,,,
Jak1,0,0.352482,0.924492,1.08723,1.13043,1.32632,1.23746,1.65482,1.25692,1.26665,1.65482,2,,,
Kcnj10,0,1.33015,1.49297,1.55531,1.11515,1.65494,-0.0439606,0.159386,-0.129498,0.259672,1.65494,2,,,
Fahd1,0,0.111359,0.23464,0.617561,0.927156,1.26431,1.29817,1.26231,1.63891,1.65598,1.65598,2,,,
Uqcr11,0,-0.409521,0.140102,0.370863,0.553547,1.24179,1.474,1.28546,1.27544,1.65741,1.65741,2,,,
Acad11,0,0.370693,0.764591,1.06018,1.08142,1.35035,1.64611,1.65851,1.50115,1.48013,1.65851,2,,,
Ap4e1,0,0.0465145,0.13043,0.454929,0.608278,1.00351,1.21674,1.55813,1.65973,1.65533,1.65973,2,,,
Slitrk2,0,1.23508,1.66162,1.32924,1.41759,1.0225,1.2583,1.43405,1.37686,1.50826,1.66162,2,,,
Adck1,0,0.179922,0.291782,0.508572,0.881048,1.23236,1.07445,1.13787,1.59926,1.66217,1.66217,2,,,
Ahcyl2,0,0.200518,0.598866,0.697603,1.02097,1.35494,1.40805,1.54241,1.6186,1.66262,1.66262,2,,,
Msrb2,0,0.111849,0.616449,0.545906,0.932741,1.39952,1.2827,1.30092,1.48596,1.66263,1.66263,2,,,
Ovca2,0,1.66426,-0.168948,-0.818398,-0.387905,-0.162688,-0.251127,-0.612034,-0.148225,-0.397412,1.66426,2,,,
Nptx1,0,0.539248,0.334871,-0.350031,0.634052,-0.0350037,0.942236,1.27223,1.66441,1.30305,1.66441,2,,,
Atp5g1;Atp5g3;Atp5g2,0,-0.073101,-0.20504,0.246283,0.207933,0.926758,0.753368,1.05582,1.47984,1.66446,1.66446,2,,,
Svip,0,-0.810556,0.386322,0.439589,0.539969,1.20889,1.40695,1.57846,1.54696,1.66582,1.66582,2,,,
Rab5b,0,0.185078,0.49531,0.805174,0.804934,1.19264,1.26839,1.55865,1.43422,1.66621,1.66621,2,,,
Arl10,0,0.282848,1.21651,1.31051,1.22877,1.34007,1.13747,1.22409,1.42137,1.66678,1.66678,2,,,
Capn5,0,1.12816,1.01687,1.52429,1.3628,1.66739,1.32375,1.12895,1.05553,1.40759,1.66739,2,,,
Tmem106b,0,0.994568,0.390577,0.5019,0.623365,0.951767,0.976597,0.81311,1.53711,1.66817,1.66817,2,,,
Ndufa8,0,-0.142822,0.605251,0.741755,1.16756,1.61099,1.47029,1.66851,1.53514,1.5998,1.66851,2,,,
Chchd3,0,-0.109055,-0.00669479,0.515301,0.628504,1.19298,1.14826,1.43116,1.6533,1.66893,1.66893,2,,,
Cryz,0,-0.0694027,0.477571,0.790897,0.835604,1.39166,1.52467,1.67206,1.52745,1.66281,1.67206,2,,,
Fabp5,0,0.435316,1.25224,1.60653,1.60571,1.63937,1.6721,1.39133,1.32441,1.4901,1.6721,2,,,
Cxxc5,0,1.67216,1.29294,1.06519,1.4632,0.690826,1.16427,1.33525,1.32436,0.742992,1.67216,2,,,
Saraf,0,0.66658,1.38554,1.27918,1.45724,1.57769,1.43641,1.54641,1.4729,1.67272,1.67272,2,,,
Pcbp3,0,0.995302,0.556395,0.372987,0.474992,1.23959,1.37173,1.57466,1.67552,0.491272,1.67552,2,,,
Tm7sf2,0,1.02327,1.67714,0.971742,0.898977,0.380832,0.733585,0.921656,0.686288,0.172639,1.67714,2,,,
Mblac2,0,0.0760365,0.756559,0.748705,0.85173,1.30054,1.16476,1.23441,1.27678,1.67889,1.67889,2,,,
Mtnd4,0,0.0630131,-0.00805092,0.294455,0.768917,1.48968,1.33313,1.03004,1.53465,1.68023,1.68023,2,,,
Rdh12,0,-0.307291,0.495003,0.455843,0.681923,0.685614,0.762188,1.20469,1.68455,1.12201,1.68455,2,,,
L2hgdh,0,-0.576437,-0.366846,0.192444,0.451588,0.854105,0.78688,0.936201,1.28327,1.68931,1.68931,2,,,
Cox4i1,0,0.280161,0.145489,0.295519,0.592339,1.00404,0.996521,1.13536,1.57962,1.6918,1.6918,2,,,
Pdhb,0,0.152721,0.260202,0.677212,0.83728,1.34062,1.24224,1.36488,1.64994,1.6926,1.6926,2,,,
Slc25a5,0,-0.0443249,0.137676,0.285719,0.704569,1.13508,0.934565,0.930412,1.31314,1.69451,1.69451,2,,,
Lrrc1,0,0.617151,1.26008,1.16283,1.18071,1.69676,1.44071,1.12485,1.52897,1.56764,1.69676,2,,,
Ndufb3,0,-0.0597305,0.167202,0.830082,0.859539,1.48281,1.30241,1.41057,1.63856,1.69861,1.69861,2,,,
Fam195a,0,0.60579,-0.0834179,0.0272808,-0.103221,-0.071969,-0.420229,0.305732,1.70193,0.381448,1.70193,2,,,
Cd151,0,0.873279,0.894983,0.804686,0.952665,1.58736,1.27574,0.280519,0.456171,1.70199,1.70199,2,,,
Mfap3l;Mfap3,0,0.359867,0.657011,0.948517,1.0201,1.02331,1.38554,1.70211,1.4447,1.67461,1.70211,2,,,
Lifr,0,1.70495,1.26959,1.18799,1.23095,1.13816,0.976681,0.996658,0.906841,0.942253,1.70495,2,,,
Megf9,0,1.24736,1.70624,1.27003,1.53699,0.939752,1.19911,0.842685,1.00813,1.28747,1.70624,2,,,
Tgfb2,0,-0.27516,0.0978642,0.777592,-0.0691128,1.70702,0.529341,-0.0565491,-0.141018,1.29269,1.70702,2,,,
Zfyve21,0,0.474413,0.370694,0.806756,0.990212,1.25594,1.41272,1.50468,1.41792,1.70896,1.70896,2,,,
Tapt1,0,0.737961,1.03319,0.94157,1.43629,1.40182,1.50633,1.70676,1.71004,1.46745,1.71004,2,,,
Unc45a,0,1.0457,0.209588,0.154963,0.407443,0.388299,0.37811,0.143443,1.71018,0.523223,1.71018,2,,,
Parl,0,0.277946,0.438808,0.596739,0.95105,1.33612,1.17464,1.00809,1.41406,1.71128,1.71128,2,,,
Serhl,0,-0.026268,0.598999,0.941479,0.924347,1.19968,1.09075,1.16183,1.20866,1.71137,1.71137,2,,,
Psd3,0,0.57848,0.929657,0.957493,0.857306,1.16163,1.29134,1.49172,1.55007,1.71618,1.71618,2,,,
Epb41l2,0,0.285557,0.284554,0.493404,0.688211,1.15428,1.08248,1.1284,1.32368,1.72114,1.72114,2,,,
Xpc,0,1.60342,1.04441,1.23448,1.34864,1.66444,1.39426,1.72361,1.65002,1.53974,1.72361,2,,,
C1orf110,0,1.30529,1.5599,1.41316,1.19028,1.60987,1.7246,1.44041,1.26924,1.4569,1.7246,2,,,
Ap3s2,0,0.134632,0.252701,0.472963,0.625914,0.949171,1.18738,1.27592,1.35295,1.72475,1.72475,2,,,
Pkd2,0,0.199263,0.655062,0.61763,0.776064,1.23758,1.3675,1.59787,1.72489,1.5013,1.72489,2,,,
Pisd,0,-0.15629,0.387049,0.581728,0.737322,0.937014,1.02495,1.11442,1.32014,1.72614,1.72614,2,,,
Mut,0,0.0664787,0.179888,0.510351,0.642511,1.14977,1.08396,1.22824,1.44744,1.728,1.728,2,,,
Atp5o,0,-0.0874424,0.324211,0.726734,0.860687,1.13514,1.0327,1.1718,1.46042,1.73113,1.73113,2,,,
Arhgef10,0,1.73364,1.51153,1.32753,0.824847,1.38914,1.13008,1.1434,0.92533,0.747309,1.73364,2,,,
Sptbn1,0,0.659512,1.15158,1.34313,1.62717,1.73433,1.66582,1.69218,1.51256,1.67477,1.73433,2,,,
Rab30,0,-0.0134945,0.777855,0.990513,1.03794,1.62542,1.64901,1.61128,1.51781,1.73601,1.73601,2,,,
Slc15a4,0,0.272685,-0.104759,0.397811,0.663255,1.26571,0.93414,1.19779,1.58931,1.73708,1.73708,2,,,
Prkag2,0,0.509809,0.980106,1.11355,1.48587,1.58806,1.51778,0.995758,1.58034,1.73774,1.73774,2,,,
Itm2b,0,0.0501499,1.1214,1.29664,1.19412,1.68782,1.6648,1.73857,1.52552,1.66488,1.73857,2,,,
Tln2,0,0.674923,1.10873,1.24217,1.38346,1.58689,1.57543,1.72142,1.72245,1.74041,1.74041,2,,,
Acaa1a,0,0.233931,1.07253,1.25367,0.937321,0.981718,1.14427,1.74095,1.08392,0.862778,1.74095,2,,,
Cds2,0,0.166306,0.538904,0.535608,0.667509,1.06134,1.32483,1.41773,1.61746,1.74324,1.74324,2,,,
Ppp1r1a,0,1.74367,1.3118,1.0351,0.639973,1.03896,0.289521,-0.310409,0.0435314,0.74839,1.74367,2,,,
Khdrbs3,0,0.571306,1.02227,1.11442,1.74381,1.53894,1.30921,1.32881,1.13847,1.14967,1.74381,2,,,
Shc3,0,0.172739,0.765408,1.28663,1.43439,1.535,1.71598,1.65506,1.69417,1.74451,1.74451,2,,,
Lamp1,0,0.101931,0.373217,0.749521,0.974897,1.41233,1.40763,1.49898,1.55088,1.74502,1.74502,2,,,
Rasa2,0,0.483362,0.864849,1.20107,1.41321,1.44809,1.50512,1.73396,1.7457,1.5213,1.7457,2,,,
Itfg3,0,0.368328,1.00799,1.40421,1.45896,1.74766,1.46208,1.23366,1.02586,1.32844,1.74766,2,,,
Bola3,0,-0.0225964,0.57424,0.887102,1.04365,1.08667,0.972652,1.09776,1.0455,1.74833,1.74833,2,,,
Cisd1,0,-0.0903225,0.224918,0.52282,0.690752,1.24048,1.03627,1.02514,1.3567,1.74927,1.74927,2,,,
Bdh1,0,1.02775,0.771368,1.02989,1.14804,1.51644,1.33525,1.25642,1.75105,1.53847,1.75105,2,,,
Gstm2,0,0.452628,1.3469,1.75314,1.56633,1.25296,0.623374,-0.440218,-0.374137,-0.72047,1.75314,2,,,
Camk2d,0,0.662907,1.09438,1.27594,1.33881,1.64311,1.59123,1.75322,1.72375,1.51572,1.75322,2,,,
Ndufs4,0,0.207369,0.365837,0.780066,0.994238,1.6334,1.5267,1.6983,1.75332,1.74434,1.75332,2,,,
Ncam1,0,0.949511,1.41301,1.75345,1.55754,1.38525,1.31371,1.37542,1.20135,1.15479,1.75345,2,,,
Slc25a12,0,-0.231701,0.0786686,0.352938,0.683222,1.21527,1.25477,1.30551,1.49815,1.754,1.754,2,,,
Rbbp9,0,0.0147038,0.591665,0.84252,1.17352,1.32036,1.51807,1.5686,1.66116,1.75683,1.75683,2,,,
Stx1b,0,0.153513,0.165026,0.483999,0.869968,1.41922,1.5066,1.75742,1.63018,1.66562,1.75742,2,,,
Ctnnal1,0,0.656704,1.57728,1.76038,1.554,1.66396,1.18872,1.01307,0.831118,0.768761,1.76038,2,,,
Mtch2,0,0.332451,0.793663,0.829905,1.07407,1.5783,1.1652,1.17188,1.49127,1.76049,1.76049,2,,,
Ndufb5,0,0.00999451,0.0889874,0.472008,0.842766,1.39421,1.31745,1.47234,1.59542,1.76204,1.76204,2,,,
Eci1,0,0.277258,0.168133,0.462425,0.575964,1.13844,0.981524,1.14807,1.57987,1.76238,1.76238,2,,,
Ndufs5,0,-0.0256672,0.425909,0.731014,0.999001,1.59109,1.25876,1.39392,1.57402,1.76452,1.76452,2,,,
Abhd11,0,-0.099968,0.372807,0.613352,0.925056,1.30034,1.14973,1.25698,1.42695,1.76457,1.76457,2,,,
Pxylp1,0,-0.302509,0.468721,-0.0240135,1.31821,-0.473983,0.610346,1.76495,1.46947,-0.565619,1.76495,2,,,
Mpp7,0,0.53289,0.68918,1.01172,1.28369,1.28154,1.56829,1.76532,1.36817,1.57207,1.76532,2,,,
Hip1r,0,0.0284328,0.467314,0.573652,0.899742,1.17233,1.34179,1.55027,1.64222,1.7656,1.7656,2,,,
Tsc22d3,0,0.931967,1.24773,1.44523,1.57545,1.76562,1.76056,1.6582,1.62415,1.66655,1.76562,2,,,
Kctd12,0,-0.112307,0.00185585,0.626925,0.694256,1.37125,1.56325,1.44605,1.38313,1.76829,1.76829,2,,,
Aldh7a1,0,0.0482082,0.594332,0.800837,1.13857,1.35843,1.39219,1.5317,1.60878,1.77019,1.77019,2,,,
Oxld1,0,-0.182161,0.43141,0.820509,0.827925,1.1894,1.1354,1.23864,1.46034,1.77449,1.77449,2,,,
Rtn4ip1,0,-0.218119,0.161669,0.533566,0.881321,1.37143,1.1201,1.36876,1.54869,1.77466,1.77466,2,,,
Lima1,0,-0.338017,0.0117264,0.161602,0.965759,1.1756,1.25684,1.32823,1.00792,1.77664,1.77664,2,,,
Nars2,0,-0.233042,0.618507,0.947952,1.13462,1.34014,1.22132,1.05666,1.50639,1.77729,1.77729,2,,,
Slc25a11,0,0.238182,0.262592,0.582678,0.790659,1.167,1.03619,1.01582,1.39211,1.77938,1.77938,2,,,
Hscb,0,-0.161299,0.191559,0.402618,0.587555,0.959835,0.938572,1.10905,1.42455,1.7829,1.7829,2,,,
Prdx3,0,0.172409,0.10384,0.331562,0.706594,1.32604,1.25111,1.47519,1.63567,1.78421,1.78421,2,,,
Usmg5,0,-0.0613422,0.167784,0.558603,0.728674,1.31357,1.13435,1.69324,1.78573,1.49151,1.78573,2,,,
Pxmp2,0,-0.155636,-0.131725,0.190334,1.25647,0.792845,1.78957,1.0916,0.275505,1.08169,1.78957,2,,,
Sdc3,0,-0.348387,0.552179,0.87151,1.4418,1.1867,1.10266,1.75563,1.79062,0.918106,1.79062,2,,,
Pea15,0,0.917141,1.6983,1.7911,1.63133,1.46435,1.65804,1.69335,1.7206,1.44115,1.7911,2,,,
Podxl2,0,0.135843,1.34525,1.61121,1.37155,1.79195,1.20797,1.04913,1.20382,1.19027,1.79195,2,,,
Cox6b1,0,0.843994,0.374151,0.707392,0.599072,1.12342,1.28183,1.4519,1.79287,1.64132,1.79287,2,,,
Gpc4,0,1.29329,1.7098,1.66256,1.79326,0.908876,0.904793,0.869864,0.584272,0.276842,1.79326,2,,,
Hmgcl,0,0.102747,0.650316,1.03682,1.11586,1.55115,1.38908,1.30468,1.44427,1.79473,1.79473,2,,,
Scg3,0,1.14099,1.79551,1.41944,0.254691,1.58087,1.38578,1.70716,0.896365,1.58579,1.79551,2,,,
Hibch,0,-0.0460758,0.462412,0.716105,0.907129,1.2837,1.19727,1.39009,1.44135,1.79681,1.79681,2,,,
Mtnd5,0,-0.0878677,0.286884,0.797659,1.15906,1.56541,1.26803,1.29354,1.53467,1.79774,1.79774,2,,,
Bcat2,0,0.0378342,0.574123,0.981434,0.941626,1.3954,1.03901,0.871773,1.1988,1.79965,1.79965,2,,,
Cp,0,0.504061,0.851997,1.58395,1.71619,1.80206,1.46668,1.36115,1.22165,0.755655,1.80206,2,,,
Cdc42bpa,0,0.11495,0.415688,0.563099,1.03283,1.25778,1.39319,1.53206,1.58889,1.80292,1.80292,2,,,
Nipa1,0,0.23648,0.633938,0.874102,1.11454,1.52238,1.3527,1.80369,1.62357,1.80159,1.80369,2,,,
Mcu,0,0.194698,0.661085,0.983568,1.0854,1.59298,1.1882,1.29378,1.59024,1.80414,1.80414,2,,,
Ndufaf1,0,-0.168873,0.432144,0.522926,0.822733,1.1729,1.20853,1.40652,1.55134,1.80555,1.80555,2,,,
Ndufa4,0,-0.215115,0.422325,0.488184,0.892548,1.07529,1.20655,1.46558,1.66703,1.80566,1.80566,2,,,
Gmpr,0,1.46874,1.657,1.80624,1.78491,1.66275,1.48954,1.51699,1.37971,0.771858,1.80624,2,,,
Gng5,0,-0.495659,0.975319,1.06838,1.30322,1.48449,1.62835,1.80768,1.73727,1.69143,1.80768,2,,,
Stambpl1,0,-0.216656,-0.0501366,0.243034,0.429447,1.08661,1.23119,1.31999,1.39096,1.8084,1.8084,2,,,
C10orf32,0,0.587875,0.468071,0.943241,1.00058,1.19216,1.42971,1.64388,1.80899,1.7771,1.80899,2,,,
Ndufc2,0,-0.0903606,0.32596,0.771811,1.00728,1.61223,1.44853,1.53241,1.78435,1.8092,1.8092,2,,,
Agmo,0,0.696284,0.680324,1.03057,1.54237,1.47512,1.80947,1.73451,1.41662,1.59555,1.80947,2,,,
Agpat3,0,0.306482,0.448702,1.08905,1.28022,1.63704,1.69567,1.50301,1.55018,1.81129,1.81129,2,,,
Cyb5r1,0,-0.0038147,0.424162,0.78367,0.839109,1.36729,1.16497,1.45029,1.57122,1.8147,1.8147,2,,,
Kcnma1,0,-0.813276,0.365253,0.839737,1.37009,1.6124,1.73843,1.81476,1.78371,1.37394,1.81476,2,,,
Slc12a6,0,0.119425,1.24675,1.35911,1.13354,1.51747,1.36846,1.41332,1.40806,1.81635,1.81635,2,,,
Tmub1,0,1.00217,0.449728,0.770957,0.696664,0.756225,1.15583,0.765682,1.58265,1.82079,1.82079,2,,,
Mapk4,0,-1.22044,-0.418694,0.24452,0.413227,1.12073,1.25358,1.22361,1.38721,1.82268,1.82268,2,,,
Manba,0,-0.339563,-0.201233,0.031599,0.0346432,0.482887,0.716825,1.00351,1.30011,1.82329,1.82329,2,,,
Slc6a9,0,0.501118,1.18842,1.3774,1.81599,1.77826,1.7011,1.82329,1.81993,1.75047,1.82329,2,,,
Atp5h,0,-0.12122,0.177994,0.454237,0.761219,1.07183,0.993277,1.35461,1.53197,1.82361,1.82361,2,,,
Rps6ka4,0,0.922767,1.35703,0.768678,1.32397,1.49527,1.41183,1.80389,1.68019,1.82429,1.82429,2,,,
Itpka,0,0.733847,0.658712,0.839343,1.11876,1.40782,1.56915,1.82513,1.68343,1.58959,1.82513,2,,,
Abhd4,0,0.110748,1.23165,1.66155,1.55929,1.82537,1.61179,1.47236,1.40308,1.63481,1.82537,2,,,
Gnas,0,0.596979,0.512934,0.842588,1.17748,1.40789,1.52444,1.59849,1.59739,1.82681,1.82681,2,,,
Ppa2,0,-0.184622,0.142359,0.461952,0.67844,1.24483,1.22187,1.50072,1.62523,1.82751,1.82751,2,,,
Loh12cr1,0,0.598492,0.371763,0.621696,0.828671,1.25122,1.30971,1.61799,1.74003,1.82854,1.82854,2,,,
Alpl,0,-0.905293,-0.0328655,0.759241,1.82874,1.39869,1.01332,1.17696,0.934385,1.022,1.82874,2,,,
Lrp1,0,0.407824,1.08458,1.51377,1.60575,1.79545,1.76389,1.82964,1.82607,1.74151,1.82964,2,,,
Pdcd4,0,-0.0846786,0.390432,1.20295,0.498352,1.83011,1.49223,1.18843,1.24118,1.63373,1.83011,2,,,
Elovl2,0,0.03514,1.18139,1.24973,1.73703,0.61378,1.83067,1.6989,1.7618,0.841014,1.83067,2,,,
Echdc2,0,0.136931,1.31664,1.43818,1.42693,1.83289,1.0711,0.803076,1.26026,1.60069,1.83289,2,,,
Atp1b1,0,0.272396,0.805044,0.932316,1.39749,1.83412,1.68477,1.66558,1.42466,1.35719,1.83412,2,,,
Cnp,0,-0.149584,0.584986,1.16331,1.07754,1.69926,1.52449,1.71753,1.46565,1.83801,1.83801,2,,,
Smarca2,0,0.308558,1.07011,1.20657,1.47893,1.31652,1.53341,1.83999,1.618,1.51528,1.83999,2,,,
Gnaz,0,1.19285,0.628372,0.768456,1.36805,1.3915,1.66732,1.84012,1.76542,1.71547,1.84012,2,,,
Pts,0,0.583857,0.1555,0.502533,0.744448,1.09852,1.34074,1.2999,1.84185,1.4016,1.84185,2,,,
Ppfibp1,0,1.69233,1.84287,1.11561,1.30289,0.560223,0.694443,0.684591,0.669582,0.123032,1.84287,2,,,
Acadl,0,-0.285442,0.0438805,0.52578,0.784641,1.37771,1.14736,1.23006,1.59142,1.84336,1.84336,2,,,
Ttc19,0,0.530317,0.138113,0.701761,0.860947,1.21591,0.948959,1.0655,1.84489,1.72747,1.84489,2,,,
Eci2,0,-0.0378246,0.530642,1.07572,1.08995,1.3837,1.31875,1.39118,1.51528,1.84632,1.84632,2,,,
Nr2c2ap,0,1.79289,1.75214,1.8289,1.84667,1.38507,1.72265,1.813,1.67173,0.702579,1.84667,2,,,
Il6st,0,0.846594,1.45414,1.38837,1.69553,1.84787,1.29167,1.84699,1.73088,1.38276,1.84787,2,,,
Nhsl1,0,0.33774,0.775732,1.15418,1.01185,1.60914,1.5894,1.42387,1.48168,1.85192,1.85192,2,,,
Idh3a,0,-0.0707359,0.421782,0.785648,0.941961,1.26631,0.948235,0.98353,1.36049,1.85259,1.85259,2,,,
Ndufa5,0,0.0338192,0.477274,0.824867,1.31242,1.78165,1.5666,1.79027,1.81308,1.85651,1.85651,2,,,
Letmd1,0,-0.00209427,-0.0428772,0.229631,0.729931,0.983032,0.972513,1.17313,1.4651,1.85806,1.85806,2,,,
Ptpmt1,0,-0.0292416,0.180485,0.451395,0.681963,1.29303,1.16992,1.2331,1.42244,1.85938,1.85938,2,,,
C4orf32,0,1.84148,1.86113,1.6152,1.46508,1.14734,1.2554,0.699914,1.1344,0.434034,1.86113,2,,,
Sfxn3,0,0.19315,0.291153,0.556406,0.837919,1.34421,1.19479,1.27386,1.53721,1.86235,1.86235,2,,,
Vldlr,0,0.00246048,1.07726,1.41064,0.761711,1.49438,1.24448,1.60241,1.32827,1.86394,1.86394,2,,,
Slc41a3,0,1.4096,0.666663,0.966431,0.945802,1.86535,1.12942,1.00278,1.02711,1.36309,1.86535,2,,,
Galk2,0,0.0456276,0.300964,0.888264,1.08195,1.63644,1.77893,1.85711,1.85709,1.86816,1.86816,2,,,
Ndufa9,0,0.284378,0.147806,0.631111,1.0696,1.61809,1.36129,1.24996,1.63024,1.87342,1.87342,2,,,
Vps29,0,0.509476,0.815037,1.14003,1.1562,1.46607,1.62871,1.73837,1.8547,1.87538,1.87538,2,,,
Fam101b,0,0.724825,1.25472,0.796522,1.87551,0.794575,1.11017,1.05577,0.944489,-0.373721,1.87551,2,,,
Nnt,0,-0.0216866,0.300367,0.602135,0.901808,1.36664,1.19288,1.23461,1.57343,1.87632,1.87632,2,,,
Cutc,0,-0.162151,0.00720024,0.621353,0.740936,1.18539,1.3521,1.47787,1.47981,1.87857,1.87857,2,,,
Mras,0,0.405973,0.505234,0.746227,1.11402,1.33466,1.62878,1.87966,1.75266,1.52892,1.87966,2,,,
Mocs1,0,0.196818,0.471286,0.71363,0.998895,1.58231,1.16734,1.43409,1.64477,1.88037,1.88037,2,,,
Ctnna2,0,0.354914,1.11069,1.2817,1.36162,1.36032,1.35703,0.978411,1.26934,1.88093,1.88093,2,,,
Abhd1,0,0.507107,1.1673,1.66847,1.39319,1.84129,1.39902,1.5825,1.32217,1.88145,1.88145,2,,,
Dhtkd1,0,-0.107818,0.315965,0.820933,1.31948,1.88283,0.918886,1.06409,1.47262,1.69167,1.88283,2,,,
Idh3g,0,0.0975609,0.469172,0.869186,1.00096,1.29752,1.09499,0.976355,1.26238,1.88303,1.88303,2,,,
Ptpn4,0,0.392153,0.383375,0.470551,0.938359,1.22928,1.53385,1.48103,1.71941,1.88344,1.88344,2,,,
Ftl1;Ftl2,0,-0.670658,-0.996359,-0.698915,-0.679239,0.0522499,0.166822,0.945116,1.08523,1.88457,1.88457,2,,,
Nrp1,0,0.844482,1.0835,1.25795,1.30731,1.47858,1.56066,1.51309,1.32005,1.88607,1.88607,2,,,
Kit,0,1.8634,1.88616,0.479996,0.838314,-0.305698,-0.106998,0.225073,-0.192902,-0.698025,1.88616,2,,,
Pttg1ip,0,-0.453245,0.0674686,0.770962,0.40065,0.676056,1.33122,1.53646,1.88758,1.76878,1.88758,2,,,
Syn2,0,0.958164,0.971111,1.15874,1.47526,1.81205,1.69712,1.82718,1.88926,1.85526,1.88926,2,,,
Lgalsl,0,0.938068,1.44828,1.4406,1.60315,1.31373,1.70081,1.88965,1.69689,1.3324,1.88965,2,,,
Fam73b,0,-0.0492878,0.854771,1.16805,1.42027,1.75197,1.83007,1.67833,1.79099,1.8915,1.8915,2,,,
Immt,0,-0.115038,0.164639,0.544212,0.761961,1.22054,1.22455,1.46326,1.62305,1.89711,1.89711,2,,,
Ndufv1,0,0.136831,0.496698,0.878641,1.1597,1.79291,1.60166,1.89977,1.86864,1.64968,1.89977,2,,,
Myo18a,0,1.65141,1.85185,1.48499,1.90149,1.01301,0.996576,1.01293,0.87236,0.30555,1.90149,2,,,
Sgip1,0,-0.0467243,0.539874,0.990094,1.24819,1.24893,1.30428,1.73612,1.90163,1.26946,1.90163,2,,,
Ppp1r18,0,-1.3598,1.56333,1.90304,1.64012,1.21201,1.33195,1.54857,-0.711634,1.48665,1.90304,2,,,
Lipe,0,-0.0600195,1.46259,1.905,1.75132,1.53549,1.24415,0.909207,0.807994,1.51835,1.905,2,,,
Iap,0,0.550882,0.867113,1.26417,1.1176,1.80572,1.58081,1.62385,1.61731,1.91088,1.91088,2,,,
Itga9,0,-0.305067,0.344226,0.93236,0.280222,1.49718,1.19835,0.669955,0.682607,1.91271,1.91271,2,,,
mt-Co3,0,0.686554,-0.169664,0.0989437,0.766293,0.950741,1.08662,0.622017,1.42904,1.91322,1.91322,2,,,
Ccbl2,0,-0.162056,0.320778,0.50732,0.792002,1.2039,1.10751,1.33184,1.57306,1.91588,1.91588,2,,,
S100a13,0,-0.389826,0.376501,0.778465,1.12559,1.443,1.75667,1.91679,1.85372,1.76095,1.91679,2,,,
Ldhb,0,0.00964737,0.0779514,0.46278,0.603298,1.07468,1.5098,1.67822,1.88195,1.91835,1.91835,2,,,
Ndufa11,0,-0.127382,0.342287,0.754374,0.894457,1.66554,1.44037,1.91839,1.76549,1.7398,1.91839,2,,,
Tmem135,0,0.421576,1.29526,1.52653,1.69341,1.50401,1.72697,1.92196,1.69216,1.8088,1.92196,2,,,
Ndufa12,0,0.139738,0.332108,0.862532,1.23429,1.66973,1.56195,1.50417,1.63507,1.92274,1.92274,2,,,
Micu2,0,0.312738,0.728497,0.763304,1.0978,1.63186,1.29486,0.958113,1.35044,1.92279,1.92279,2,,,
Ndufb7,0,-0.0368271,0.164618,0.707857,0.929102,1.69573,1.50606,1.6754,1.88012,1.92387,1.92387,2,,,
Cox6a1,0,-0.407955,0.155306,0.182154,0.387331,1.27672,0.984125,1.46453,1.73515,1.92525,1.92525,2,,,
Kbtbd11,0,-0.408108,0.166018,0.820725,1.24328,1.65924,1.92689,1.84649,1.86137,1.87626,1.92689,2,,,
Atp5b,0,0.386717,0.452696,0.741442,0.92757,1.38978,1.22306,1.51402,1.74875,1.927,1.927,2,,,
Ndufs6,0,0.0287514,0.560873,0.98575,1.27279,1.75569,1.67677,1.79037,1.79517,1.93073,1.93073,2,,,
Ccdc127,0,0.224277,0.325267,0.631379,0.878976,1.66886,1.37152,1.18505,1.67181,1.9315,1.9315,2,,,
Nlrx1,0,0.265505,0.353983,0.665705,1.08367,1.58157,1.34046,1.58322,1.6548,1.93266,1.93266,2,,,
Atp5sl,0,-0.0146265,0.441819,0.687929,1.16916,1.93373,0.94285,0.766637,0.601648,1.11915,1.93373,2,,,
Kxd1,0,0.43664,0.894068,0.56044,1.23322,1.34212,1.43899,1.70997,1.93533,1.43365,1.93533,2,,,
Nhlrc3,0,0.060957,0.342426,0.348305,0.434233,1.11914,1.13623,1.15594,1.34996,1.93559,1.93559,2,,,
Pacs2,0,0.358974,0.97057,1.08187,1.3907,1.45506,1.71061,1.87001,1.7571,1.93621,1.93621,2,,,
Abcd4,0,0.195789,1.20263,1.28571,1.41573,1.63867,1.42944,1.09106,1.29057,1.94234,1.94234,2,,,
Aldh3b1;Aldh3b2;1700055N04Rik,0,0.335403,0.653347,1.15558,1.58385,1.90357,1.94463,1.82093,1.75414,1.71458,1.94463,2,,,
Glb1l,0,0.0660439,0.501952,1.16293,1.23918,1.84254,1.44172,1.51031,1.70091,1.94505,1.94505,2,,,
Nipsnap1,0,-0.0657234,0.104216,0.411066,0.766485,1.21528,1.04654,1.24114,1.65468,1.94735,1.94735,2,,,
Nefl,0,1.63854,1.78807,1.51142,1.94808,1.29639,1.21273,0.890651,0.929763,0.53458,1.94808,2,,,
Clip2,0,1.7237,1.94923,1.62473,1.92265,1.26464,1.65294,1.91337,1.86194,1.19506,1.94923,2,,,
Mtnd2,0,0.321301,0.45734,0.731485,1.24854,1.67511,1.54679,1.05764,1.24899,1.94929,1.94929,2,,,
Cox6c,0,0.0633411,0.402733,0.486258,0.792204,1.18191,1.29655,1.51587,1.66949,1.95217,1.95217,2,,,
Epha4,0,-0.209104,0.915691,0.820723,1.4392,1.42292,1.13253,1.15448,1.12344,1.95239,1.95239,2,,,
Lamtor3,0,0.332848,0.335396,0.444756,1.02858,1.33604,1.423,1.46292,1.61718,1.95344,1.95344,2,,,
Coq9,0,0.11145,0.665413,1.05361,1.19434,1.35258,1.22242,1.20812,1.36365,1.95794,1.95794,2,,,
Letm1,0,-0.0649033,0.329441,0.707508,0.91923,1.45238,1.31465,1.51287,1.74768,1.95807,1.95807,2,,,
Nrbp2,0,0.448104,1.61347,1.95833,1.76137,1.92391,1.49028,0.826608,0.725968,1.94317,1.95833,2,,,
Mecp2,0,-0.375837,0.350225,0.478836,0.80806,1.09605,1.05477,1.59325,1.5991,1.95835,1.95835,2,,,
Slc25a20,0,0.0830956,0.503399,0.786278,0.971539,1.43615,1.35941,1.43989,1.64097,1.95846,1.95846,2,,,
Uqcrh,0,0.240852,0.804753,1.16004,1.18012,1.56282,1.20392,1.19557,1.59325,1.9609,1.9609,2,,,
Carkd,0,0.0530472,0.0762234,0.557816,0.864534,1.44237,1.3721,1.4792,1.74623,1.96124,1.96124,2,,,
Aox1,0,0.783642,0.879713,0.818756,1.5945,1.21646,1.81089,1.96132,1.94446,1.6426,1.96132,2,,,
Mcam,0,1.33945,1.9622,1.49957,1.4136,0.743406,0.422907,0.283054,-0.504145,-0.490242,1.9622,2,,,
Slc44a2,0,0.103352,0.743685,1.22923,1.218,1.96285,1.55733,1.41789,1.24856,1.72683,1.96285,2,,,
Nav1,0,1.9654,1.91663,1.25371,1.79801,0.292366,1.07542,1.40155,1.02952,-0.457502,1.9654,2,,,
Tril,0,0.729837,1.54441,1.82362,1.81541,1.89824,1.62718,1.87438,1.70398,1.96682,1.96682,2,,,
Gatm,0,0.317936,1.42368,1.59734,1.96847,1.63371,1.61932,1.67682,1.54245,1.15661,1.96847,2,,,
Fh,0,-0.121565,0.399982,0.704304,0.876366,1.27153,1.13454,1.28878,1.48553,1.97172,1.97172,2,,,
Dnajb2,0,0.830084,0.934473,1.09276,1.21316,1.51861,1.44035,1.71268,1.83167,1.97175,1.97175,2,,,
Ptprj,0,0.830105,1.1769,1.09894,1.51146,1.24374,1.63004,1.97383,1.81022,1.37577,1.97383,2,,,
Tollip,0,0.216955,0.394873,0.431013,1.02815,1.20688,1.4966,1.81716,1.73348,1.97621,1.97621,2,,,
Fuom,0,0.321985,0.791925,1.05495,1.14115,1.33563,1.64455,1.62281,1.61385,1.97844,1.97844,2,,,
Gramd4,0,-0.429171,0.0842819,0.199503,-0.25378,0.185913,1.97889,0.331091,0.222654,0.294468,1.97889,2,,,
Serpinb6,0,0.822317,0.413296,0.830854,0.916618,1.32642,1.63243,1.62741,1.65021,1.98252,1.98252,2,,,
Kcnk13,0,0.419649,1.96595,1.79835,1.98255,1.36913,1.2553,1.54558,1.84695,1.10552,1.98255,2,,,
Pex26,0,0.941287,0.891034,1.16391,1.98314,0.978015,1.43942,0.712729,1.02146,1.11742,1.98314,2,,,
Apoo,0,-0.125061,0.119881,0.469866,0.563084,1.15905,1.23092,1.36799,1.71447,1.98345,1.98345,2,,,
Nfat5,0,0.799804,1.28697,1.14787,1.86874,1.03471,1.66578,1.98443,1.90949,1.34805,1.98443,2,,,
Ppox,0,0.245991,0.491951,0.848978,1.01237,1.57283,1.42317,1.64723,1.82196,1.98524,1.98524,2,,,
Ndufa13,0,-0.263712,0.73152,1.19958,1.4191,1.689,1.39281,1.35677,1.48957,1.99346,1.99346,2,,,
Polg2,0,-0.195866,0.0628242,0.392384,0.949987,1.54936,1.00447,1.563,1.74361,1.99702,1.99702,2,,,
Gpc6,0,0.936392,1.66956,1.61346,1.99744,0.811947,0.974867,0.770498,0.631979,0.170006,1.99744,2,,,
Hfe,0,0.533844,1.11228,1.41753,1.76143,1.43908,1.84106,1.80323,2.00425,1.6851,2.00425,3,,,
Comtd1,0,-0.0461712,0.0463943,0.592213,0.853119,1.40826,1.2998,1.34347,1.81891,2.00729,2.00729,3,,,
Pdp1,0,-0.415613,-0.127359,0.112803,0.429625,1.16619,1.06387,1.52106,1.76471,2.01001,2.01001,3,,,
Tomm5,0,-0.889809,1.26618,1.44255,1.46509,2.01107,1.55469,1.74424,1.9378,1.7052,2.01107,3,,,
Ptrh1,0,-0.260682,0.46326,1.10993,0.683147,1.10116,1.34979,1.61492,1.72871,2.01256,2.01256,3,,,
Uqcrc2,0,0.091116,0.321699,0.643723,0.920185,1.35934,1.26593,1.45376,1.64338,2.01698,2.01698,3,,,
Dguok,0,0.518192,0.429722,0.750093,1.06664,1.55903,1.41303,1.48385,1.76521,2.0177,2.0177,3,,,
Nos1ap,0,0.866872,1.23055,1.55353,1.80812,2.0187,1.71765,1.89993,1.63935,1.78184,2.0187,3,,,
Man2b1,0,-0.3167,0.105593,0.669243,0.535965,1.27083,1.25822,1.53465,1.73108,2.01998,2.01998,3,,,
Maob,0,0.026638,0.0471191,0.814054,0.655766,1.44324,1.30706,1.57776,1.97166,2.02101,2.02101,3,,,
Lace1,0,0.184755,0.410662,0.762497,0.944855,1.42626,1.61653,1.70704,1.82866,2.02301,2.02301,3,,,
Ninl,0,0.646822,1.1876,1.73402,2.0272,1.51097,1.32331,1.41899,1.118,0.98052,2.0272,3,,,
Ndufb6,0,0.075985,0.373863,0.87607,1.11311,1.74533,1.55622,1.57851,1.93085,2.0286,2.0286,3,,,
Cpne2,0,1.97379,2.02864,1.88144,1.36139,0.912786,0.432484,0.157631,-0.0429745,-0.504164,2.02864,3,,,
Dgkb,0,0.281218,0.411846,0.507303,0.69573,1.25596,1.37958,1.39667,1.62833,2.02889,2.02889,3,,,
Creg1,0,0.0386858,-0.481721,-0.358144,-0.371911,-0.000958443,0.420623,0.378255,1.33921,2.0316,2.0316,3,,,
Slc38a3,0,0.632236,1.02152,1.13671,1.70177,1.6807,1.93446,1.79223,2.03274,1.77187,2.03274,3,,,
Slc29a2,0,-0.00507832,-0.0788603,0.501521,0.535187,1.39743,1.32482,2.0342,1.92633,1.87511,2.0342,3,,,
Ghitm,0,0.114115,0.305723,0.803904,1.08821,1.2632,1.42889,1.52227,2.00294,2.03502,2.03502,3,,,
Ndufs8,0,-0.0791016,0.581699,1.04376,1.30314,1.83976,1.59606,1.7707,1.86864,2.03808,2.03808,3,,,
Galns,0,0.658875,-0.642333,-0.558241,-0.233323,0.452446,0.927594,1.25286,2.0407,0.978339,2.0407,3,,,
Tnfrsf21,0,1.44189,2.04078,1.66311,1.73227,0.549135,0.896324,1.23794,0.830753,0.0288639,2.04078,3,,,
Jag1,0,2.04174,1.73394,0.720337,1.50989,-0.209797,1.53348,1.79328,1.88302,0.536989,2.04174,3,,,
Scamp1,0,0.395992,1.04151,1.05551,1.3833,1.53704,1.66863,1.95309,1.9481,2.04229,2.04229,3,,,
Mtnd1,0,0.0391426,0.647327,1.10912,1.46213,1.80585,1.50619,1.14809,1.48988,2.04243,2.04243,3,,,
Ndufa2,0,-0.173248,0.546675,1.2618,1.41581,1.81955,1.52117,1.97097,1.66289,2.043,2.043,3,,,
Cnrip1,0,0.661083,0.840492,1.27102,1.35351,1.7645,1.88794,1.97598,1.94973,2.04328,2.04328,3,,,
Cd99l2,0,0.575266,0.887604,1.28752,1.12949,1.86143,1.78296,1.91174,1.9784,2.04364,2.04364,3,,,
Aldh1l2,0,0.445847,0.921446,1.19718,1.30041,1.7503,1.49198,1.53942,1.87427,2.04394,2.04394,3,,,
Ndufb9,0,0.0428638,0.644123,1.06672,1.35683,1.77044,1.47574,1.51292,1.73221,2.04409,2.04409,3,,,
Sts,0,0.234097,0.825413,1.35848,1.43238,2.04838,1.5465,1.3245,1.24398,1.2917,2.04838,3,,,
Cyc1,0,0.431211,0.575689,0.820572,1.11295,1.52504,1.47024,1.57464,1.87801,2.04877,2.04877,3,,,
Lmbrd1,0,-0.173965,0.393848,0.96092,0.485321,1.63736,1.53908,1.81666,2.05143,1.9683,2.05143,3,,,
Dtna,0,0.509167,1.01687,1.51522,1.35023,1.96686,1.65489,1.54899,1.54612,2.05402,2.05402,3,,,
Mecr,0,-0.0877895,0.249165,0.484571,0.9429,1.43991,1.36364,1.55013,1.76818,2.05421,2.05421,3,,,
Acsf3,0,-0.0189934,0.471161,0.869705,1.15852,1.70104,1.59436,1.6139,1.83916,2.05895,2.05895,3,,,
Hmga1,0,-0.0539083,0.106397,-0.306462,0.247731,0.439017,0.692603,1.20105,1.45932,2.05956,2.05956,3,,,
Hacl1,0,1.11789,1.19182,1.49274,1.53623,1.69324,1.85644,1.88952,1.88853,2.06033,2.06033,3,,,
Nme3,0,0.140528,0.37005,0.831896,1.0116,1.61856,1.53196,1.50173,1.75467,2.06071,2.06071,3,,,
Tmem9b,0,0.374207,1.00884,1.33989,1.57636,1.20713,1.43534,2.06421,1.84154,2.0206,2.06421,3,,,
Plbd2,0,0.143541,0.775867,0.925838,0.876707,1.27498,1.24022,1.47991,1.54412,2.07133,2.07133,3,,,
Atg9a,0,1.58965,1.36671,1.32256,1.53796,1.6656,1.85742,1.86981,1.9131,2.0723,2.0723,3,,,
Uqcr10,0,0.105295,0.366987,0.61982,0.925077,1.3309,1.2689,1.47958,1.77808,2.07733,2.07733,3,,,
Cacna2d1,0,0.397812,1.51819,1.90156,2.08534,1.93771,1.51815,1.43001,0.774958,0.593874,2.08534,3,,,
Sh3gl2,0,0.00148392,0.783421,1.40336,1.47888,1.79671,1.63524,1.86953,1.92261,2.08891,2.08891,3,,,
Dos,0,-0.415421,0.125694,0.650826,0.668183,1.40484,1.37398,1.46789,1.53432,2.0897,2.0897,3,,,
Kcnmb4,0,2.0903,1.51959,1.10726,1.02304,0.652802,0.186238,0.00846481,0.0111141,-0.529721,2.0903,3,,,
Dlg3,0,0.499807,0.743009,1.02176,1.39726,1.39478,1.6628,1.81625,2.09211,1.47108,2.09211,3,,,
Cpt2,0,0.0210533,0.404104,0.829107,1.01346,1.6719,1.42064,1.44731,1.73041,2.09356,2.09356,3,,,
Ndrg3,0,0.564484,1.4947,1.37398,1.81808,1.5257,1.92304,2.09419,2.06986,1.72871,2.09419,3,,,
Uqcrc1,0,0.0118732,0.486856,0.718658,1.03508,1.47355,1.2938,1.61615,1.79134,2.10023,2.10023,3,,,
Rrad,0,1.07116,2.10175,2.07682,1.54366,1.1307,1.08131,0.495255,0.133526,0.188457,2.10175,3,,,
Fuca2,0,-0.124874,0.422411,0.671391,1.17339,2.04913,2.10473,1.6552,1.4979,1.46996,2.10473,3,,,
Asrgl1,0,0.173565,0.634668,1.00991,1.27541,1.52535,1.77274,1.97957,1.87511,2.10642,2.10642,3,,,
Actn1,0,1.72561,2.05249,1.69711,2.1081,1.81474,1.50645,1.34746,1.43307,1.19839,2.1081,3,,,
Abhd6,0,0.045845,0.270983,0.376814,0.793165,1.05592,1.22743,1.63762,1.76116,2.10879,2.10879,3,,,
Epha5,0,0.129061,1.13198,1.54697,1.22956,2.11013,1.56304,1.51552,1.26353,1.87664,2.11013,3,,,
Fech,0,0.128653,0.629103,0.836782,1.0915,1.58762,1.55112,1.80117,1.93275,2.1109,2.1109,3,,,
Tmem175,0,1.16705,0.113354,0.579672,1.03398,1.68904,1.49851,1.49377,2.11173,1.93632,2.11173,3,,,
Ccny,0,0.156334,0.757782,1.36117,1.76081,1.79587,1.65942,1.67207,1.75298,2.115,2.115,3,,,
Zadh2,0,0.211945,0.650578,1.04426,1.23884,1.74597,1.50328,1.45714,1.67083,2.11756,2.11756,3,,,
Suox,0,0.236471,0.72607,1.13615,1.58545,1.95975,1.81886,1.83254,1.91983,2.11759,2.11759,3,,,
Renbp,0,1.03922,0.327473,0.696972,0.819971,1.54898,1.34199,2.11834,1.87376,1.70056,2.11834,3,,,
Uqcrfs1,0,-0.176283,0.629753,0.873669,1.15733,1.50902,1.46736,1.63324,1.87555,2.11834,2.11834,3,,,
Slc25a23,0,0.192453,0.71841,1.16345,1.37916,1.93354,1.62171,1.76615,1.91124,2.1191,2.1191,3,,,
Nt5dc3,0,0.0663834,0.320076,0.571604,0.961515,1.50054,1.39723,1.39642,1.86492,2.11967,2.11967,3,,,
Mcur1,0,-0.0388498,0.310689,0.672814,1.04808,1.05915,1.22987,1.25376,1.6018,2.12051,2.12051,3,,,
Acaa2,0,-0.140249,0.313766,0.992508,1.06409,1.88858,1.52753,1.74262,2.06626,2.12325,2.12325,3,,,
Lsamp,0,0.174673,0.512331,1.11682,1.72769,1.63609,1.90675,2.11612,2.1271,2.04908,2.1271,3,,,
Bsg,0,0.614998,0.705458,0.951725,1.30417,1.97299,1.85031,2.07261,2.01694,2.13043,2.13043,3,,,
Fbxl16,0,0.579041,1.09866,1.07833,1.39692,1.78978,1.9383,2.13184,2.08177,2.12594,2.13184,3,,,
Hsd17b10,0,-0.0638657,0.518438,0.917286,1.13527,1.60154,1.44998,1.64057,1.86058,2.13225,2.13225,3,,,
Ablim1,0,0.0544214,0.324821,0.648911,1.37183,1.30355,1.51507,1.95015,2.13251,1.90659,2.13251,3,,,
Tspan6,0,0.0775642,-0.0107288,0.23698,-0.211697,0.111588,0.527376,1.07787,1.25442,2.1375,2.1375,3,,,
Cbr4,0,0.367113,0.800924,1.2471,1.37969,1.78042,1.51804,1.48042,1.64885,2.14289,2.14289,3,,,
Sepsecs,0,-0.200321,0.0955486,0.0379734,0.768169,1.10373,1.13093,0.520725,1.03693,2.14485,2.14485,3,,,
Mpp6,0,-0.3521,-0.211967,0.230135,0.71405,1.25601,1.44274,1.70768,1.78924,2.14511,2.14511,3,,,
Sardh,0,-0.125328,0.0467377,0.390013,0.825676,1.38817,1.2987,1.53421,1.89526,2.14807,2.14807,3,,,
Ptpro,0,1.74664,1.39464,1.1541,1.23892,0.431204,1.59898,1.83597,2.14861,1.43026,2.14861,3,,,
Ndufa3,0,0.218365,0.894981,1.32542,1.52878,1.94821,1.50023,1.70426,1.87053,2.14865,2.14865,3,,,
Pfkm,0,0.327991,0.653894,1.08172,1.41727,1.5633,1.95519,2.10678,2.15075,2.09608,2.15075,3,,,
Ndufb4,0,0.158398,0.650974,1.03758,1.33638,2.15104,1.91321,1.89734,2.02481,2.14904,2.15104,3,,,
Palm,0,0.305214,0.444515,0.87697,1.06591,1.62976,1.75782,1.93021,2.02291,2.15275,2.15275,3,,,
Cpeb3;Cpeb2,0,0.715069,1.1917,1.15598,1.49558,1.53664,1.91207,2.14754,1.97582,2.15607,2.15607,3,,,
Uqcrb,0,0.524946,0.586201,0.834095,0.99263,1.55972,1.44471,1.56286,1.90404,2.15749,2.15749,3,,,
Sorbs2,0,-0.199266,-0.222847,0.0379658,0.0454998,1.87142,0.667717,0.253473,0.841991,2.15886,2.15886,3,,,
Gabra2;Gabra1;Gabra5;Gabra3,0,0.477798,-0.0283298,0.269711,0.646341,1.05183,1.68512,1.80138,1.95444,2.1633,2.1633,3,,,
Neo1,0,0.290112,0.901728,1.2155,1.31888,1.88901,1.77766,1.76957,1.87689,2.16385,2.16385,3,,,
Txnrd2,0,-0.180149,-0.0932312,0.325077,0.850826,1.38941,1.32199,1.42261,1.84532,2.1648,2.1648,3,,,
Gpm6b,0,0.950937,1.41602,1.50756,1.70037,1.98667,2.04578,1.83723,1.8529,2.16571,2.16571,3,,,
Rmdn1,0,0.805254,0.669586,1.09994,1.33823,1.86119,1.60374,1.58072,1.96792,2.17166,2.17166,3,,,
Lyrm5,0,0.443211,0.655127,0.743406,0.68298,0.999075,0.966768,1.32885,1.88907,2.1717,2.1717,3,,,
Eepd1,0,0.849095,1.37974,1.64327,2.0227,1.93892,2.05109,1.92391,1.92526,2.17201,2.17201,3,,,
Ndufv3,0,0.0210361,0.636463,0.710281,1.19258,1.75359,1.50167,1.8161,2.17205,1.88925,2.17205,3,,,
Ndufa10,0,-0.110422,0.601419,1.00118,1.475,2.03849,1.7858,1.77954,1.91091,2.17225,2.17225,3,,,
Maoa,0,-0.0441265,0.262108,0.712023,0.973696,1.57297,1.40836,1.78805,1.94025,2.17276,2.17276,3,,,
Ntrk2,0,0.214408,0.5554,1.17589,1.17755,1.79765,1.73528,1.72746,2.14387,2.17604,2.17604,3,,,
Ablim2,0,-0.263559,0.334192,0.320074,0.96258,1.64145,1.63458,1.98697,1.95144,2.1787,2.1787,3,,,
Echs1,0,0.01577,0.339586,0.713171,0.975594,1.4968,1.46254,1.63994,1.78477,2.1832,2.1832,3,,,
Oplah,0,-0.365227,0.931404,1.12615,1.17637,1.45748,1.60281,1.78342,1.64414,2.18393,2.18393,3,,,
Pnpla2,0,0.0172787,0.563927,1.3837,0.806392,1.7715,1.84367,1.46914,1.80436,2.18466,2.18466,3,,,
Sord,0,0.155315,0.299313,0.981585,1.09952,1.60337,1.79957,2.00308,2.18765,2.03978,2.18765,3,,,
Spata13,0,1.49363,0.287653,0.478607,0.6973,0.835375,0.905157,1.30393,2.18844,0.877775,2.18844,3,,,
Bnip3l,0,0.20977,1.14128,1.58241,1.54662,2.19355,1.5967,1.54676,1.53945,1.5141,2.19355,3,,,
Cmtm4,0,-0.228636,0.239669,0.864388,0.886779,2.19969,1.81887,1.63663,1.81031,2.10367,2.19969,3,,,
Ass1,0,0.853037,0.788452,0.873325,1.46936,2.20084,1.26623,0.833399,1.42275,0.568983,2.20084,3,,,
Gys1,0,0.14538,0.391535,0.849409,1.23374,1.58232,1.72627,1.97348,2.01333,2.20097,2.20097,3,,,
Sorbs1,0,0.853752,1.21943,1.5816,1.66242,2.20603,1.72865,1.6704,1.68106,1.9688,2.20603,3,,,
Dnajc28,0,-0.434801,0.864379,1.31448,1.25509,1.88907,1.72702,1.77523,1.84823,2.20984,2.20984,3,,,
Oxsm,0,0.00863647,0.178017,0.681238,0.9191,1.63456,1.55973,1.64749,1.94593,2.20998,2.20998,3,,,
Rgs7bp,0,-0.0472107,1.15518,1.40499,2.1845,1.8317,2.13627,2.21023,2.01728,2.19812,2.21023,3,,,
Ppap2b,0,0.331724,0.702711,1.0725,0.851345,1.71383,1.2364,1.26723,1.23571,2.21027,2.21027,3,,,
Epdr1,0,-0.342022,0.127602,0.593121,0.898689,1.67918,1.64084,1.89013,1.67296,2.21045,2.21045,3,,,
Bckdhb,0,0.0349483,0.589716,0.927177,1.25251,1.50065,1.4774,1.29255,1.6297,2.21122,2.21122,3,,,
Vps54,0,0.758939,2.21164,2.00957,2.1268,1.25148,1.27168,1.2405,0.744885,1.06724,2.21164,3,,,
Gnpda2,0,0.485266,0.935991,1.27995,1.80614,1.66768,2.18711,1.73771,1.63364,2.21444,2.21444,3,,,
Fgf2,0,0.44599,0.550337,0.623108,1.24827,1.25063,1.39142,1.52934,1.77422,2.21767,2.21767,3,,,
Bmpr2,0,2.17079,2.21777,1.67389,1.66344,0.614874,1.03477,1.1988,0.770016,0.414936,2.21777,3,,,
Ctsb,0,0.342766,0.87957,1.52455,1.5851,2.0492,2.09837,2.08232,2.21606,2.21957,2.21957,3,,,
Sesn3,0,0.954998,1.32831,1.981,1.45442,2.22727,1.73044,1.29781,1.30265,1.86589,2.22727,3,,,
Surf1,0,0.604841,0.718074,0.635488,1.06312,1.60653,1.25126,1.4971,1.64841,2.22789,2.22789,3,,,
Cs,0,-0.0122566,0.624762,1.06902,1.1134,1.60176,1.41644,1.61101,1.86188,2.23085,2.23085,3,,,
Traf3,0,0.614639,1.08307,1.06348,1.5663,1.3983,1.76093,1.99597,2.23085,1.90025,2.23085,3,,,
Slc1a4,0,0.50766,0.744352,0.518564,1.36578,1.27434,1.92714,2.16882,2.22716,2.23095,2.23095,3,,,
Asah1,0,-0.336105,0.153179,0.562641,0.656578,1.13767,1.12854,1.40113,1.61623,2.23282,2.23282,3,,,
Prkar2a,0,0.23048,0.56847,0.877262,1.33,1.66104,1.85416,1.99911,2.21696,2.23744,2.23744,3,,,
Pc,0,0.782688,1.59328,2.08316,1.85571,2.24227,1.52824,1.36712,1.53916,1.80938,2.24227,3,,,
Ngfr,0,0.351156,1.11453,1.37319,1.94456,2.24751,1.95745,1.69809,1.55843,1.79565,2.24751,3,,,
Prdx5,0,0.222982,0.799749,1.16043,1.3212,1.78862,1.87182,2.03798,2.03517,2.24792,2.24792,3,,,
Rap1b,0,0.416889,0.605543,0.814825,0.95093,1.29601,1.52257,2.24829,1.78423,1.02799,2.24829,3,,,
Slc26a2,0,2.24935,1.56878,1.32085,1.12236,0.656534,0.411713,0.225101,0.839968,-0.572561,2.24935,3,,,
Ndufa7,0,-0.329861,0.640673,1.22605,1.55373,1.97935,1.66037,1.54635,1.68362,2.25087,2.25087,3,,,
Sirt5,0,0.036665,0.722279,1.16864,1.40143,1.67842,1.66493,1.59673,1.6735,2.25099,2.25099,3,,,
Slc25a4,0,0.194843,0.361927,0.922211,1.15409,1.64806,1.58344,1.73207,2.0429,2.25133,2.25133,3,,,
Iba57,0,-0.367203,0.27091,0.881115,1.17387,1.61693,1.42782,1.69699,1.93521,2.25155,2.25155,3,,,
Atox1,0,0.304029,1.48252,1.87853,1.85258,1.96985,2.16092,2.25213,1.93363,1.50186,2.25213,3,,,
Ptprd,0,0.541326,1.88997,1.66751,2.05718,1.86329,1.85192,2.25559,1.91787,2.08907,2.25559,3,,,
Hexa,0,0.010231,0.156345,0.591288,0.534277,1.10042,1.09426,1.40679,1.6563,2.25735,2.25735,3,,,
Cyp2u1,0,0.679729,1.41063,1.51388,1.62366,1.76238,1.87642,2.11655,1.96174,2.25834,2.25834,3,,,
Scrn1,0,1.34336,1.66192,1.8446,1.95745,1.94907,1.80143,2.25901,1.7994,1.54582,2.25901,3,,,
Acsf2,0,-0.0105438,0.225288,0.694359,0.980886,1.63088,1.48095,1.52407,1.93658,2.26518,2.26518,3,,,
Pcca,0,0.0830307,0.480724,0.920422,1.15053,1.68601,1.61297,1.80153,2.11633,2.26784,2.26784,3,,,
Tom1l2,0,0.10203,0.273586,0.526009,1.19011,1.67057,1.86689,2.15585,2.17753,2.27259,2.27259,3,,,
Dbt,0,0.0543041,0.756603,1.07768,1.27458,1.70545,1.52632,1.80236,2.15426,2.27373,2.27373,3,,,
Ralgapa2,0,1.95807,2.27608,2.09091,2.02445,1.03751,1.15547,0.920613,0.749888,0.206209,2.27608,3,,,
Slc4a2,0,1.56069,1.7104,1.24972,1.6384,1.39058,1.86407,2.27964,2.0184,1.9823,2.27964,3,,,
Gna13,0,0.0845108,0.594715,1.03072,1.32175,1.9073,1.89564,2.10666,2.01811,2.28193,2.28193,3,,,
Aldh9a1,0,0.292212,0.76605,1.26253,1.21603,1.78222,1.86532,2.23099,2.12505,2.28567,2.28567,3,,,
Nlgn2,0,0.0733643,0.656399,1.22762,1.14119,1.52871,1.30047,0.780987,1.41663,2.29038,2.29038,3,,,
Letm2,0,0.0848446,0.821062,0.991281,0.732798,1.84004,1.60166,2.2919,1.76122,1.19466,2.2919,3,,,
Rnf13,0,0.061902,0.00510502,0.394341,0.586665,1.34982,1.3319,1.97014,1.75681,2.29449,2.29449,3,,,
Anxa7,0,1.4433,0.673772,1.07853,1.36594,2.12939,1.91575,1.90824,2.16291,2.29484,2.29484,3,,,
Rmnd1,0,-0.0369968,0.237309,0.745916,1.09334,1.74427,1.58207,1.89878,1.97002,2.29881,2.29881,3,,,
Acad8,0,-0.140249,0.335205,0.613417,0.95908,1.6453,1.55504,1.75918,1.92783,2.29931,2.29931,3,,,
Farp2,0,0.705199,0.919783,1.81034,1.6203,2.31102,2.20767,2.05309,1.87875,2.02,2.31102,3,,,
Pid1,0,0.409563,1.1641,1.41201,1.91041,2.17102,1.85222,1.9213,2.15758,2.31311,2.31311,3,,,
Ttc7b,0,0.104535,0.64703,1.1683,1.71001,1.94016,2.13487,2.31661,2.29035,2.14865,2.31661,3,,,
Fahd2,0,-0.260862,0.447533,1.01221,1.28506,1.81065,1.59645,1.64729,1.76371,2.31714,2.31714,3,,,
Uqcrq,0,-0.0922794,0.680584,0.847826,1.23768,1.71273,1.53159,1.65073,2.01944,2.31881,2.31881,3,,,
Galc,0,-0.277742,0.225275,0.799423,0.851791,1.44016,1.41069,1.63298,1.97253,2.32047,2.32047,3,,,
Gng11,0,-0.514812,-0.195375,0.0772934,0.309607,1.30583,1.15524,2.22868,2.32102,2.23865,2.32102,3,,,
Fam129b,0,1.79034,2.32121,1.96262,1.567,1.53664,1.36459,1.68692,1.16345,1.00416,2.32121,3,,,
Agpat5,0,-0.460865,0.876713,1.22372,1.55683,1.9008,1.61298,1.46185,1.45899,2.32369,2.32369,3,,,
Slc35f1,0,1.59558,2.08729,2.32383,1.92865,1.93372,1.53997,1.64328,1.81981,0.48626,2.32383,3,,,
Tmem229a,0,-0.10074,0.712934,0.971018,0.638403,1.57874,1.62252,1.80223,1.98856,2.32498,2.32498,3,,,
Sod2,0,-0.149939,0.332825,0.649509,0.960577,1.47078,1.36467,1.81345,1.87023,2.32861,2.32861,3,,,
Mp68,0,-0.256895,0.696131,1.19917,1.47626,1.34954,1.48297,1.14043,1.23202,2.3305,2.3305,3,,,
Cox5b,0,0.268059,0.639957,0.824785,1.02074,1.49674,1.51286,1.92001,2.21867,2.33088,2.33088,3,,,
Thy1,0,0.377714,1.33304,1.95548,2.27471,2.33167,1.88356,1.25395,1.17145,1.14282,2.33167,3,,,
Bai1,0,0.595155,1.04099,1.27314,1.69921,1.81687,1.99177,2.29909,2.17477,2.3317,2.3317,3,,,
Cars2,0,0.884775,-0.213377,0.0727367,0.573399,1.40561,1.11883,1.548,2.33399,2.19427,2.33399,3,,,
Mdh2,0,-0.0615406,0.607643,1.05864,1.15557,1.52148,1.41607,1.41244,1.76371,2.33399,2.33399,3,,,
Atp5j2,0,0.45838,-0.352175,-0.208134,0.411375,1.16323,1.42154,1.70418,2.33462,1.37118,2.33462,3,,,
Scamp5,0,0.926037,1.44149,1.66361,1.81309,2.3092,2.23403,2.33522,2.22598,2.31663,2.33522,3,,,
Pnkd,0,-0.0829887,0.871015,1.2071,1.32366,1.74574,1.80984,1.59647,2.02528,2.33544,2.33544,3,,,
Prkca,0,0.976933,0.85821,1.20613,1.44196,2.06083,2.11957,2.29606,2.3363,2.09412,2.3363,3,,,
Lgals3bp,0,-0.816076,-0.407799,-0.499384,-0.0406322,1.02345,1.21869,1.5415,2.11647,2.3375,2.3375,3,,,
Wnk2,0,1.41306,1.86725,1.79086,2.04991,2.02458,2.18449,2.25034,2.34337,2.14169,2.34337,3,,,
Pccb,0,0.0409851,0.643072,1.10531,1.40273,1.77923,1.56421,1.47902,1.87839,2.34422,2.34422,3,,,
Pdk1,0,0.574022,0.688761,1.11076,1.47693,2.32469,2.08923,2.30391,2.34893,2.28894,2.34893,3,,,
Cox7a2l,0,0.22278,0.307751,0.521168,1.0734,1.31277,1.14642,1.36898,1.92986,2.35267,2.35267,3,,,
Acads,0,-0.0643406,0.516115,1.06492,1.25405,1.88456,1.62384,1.75039,2.03851,2.35535,2.35535,3,,,
Mien1,0,0.619302,1.32753,1.34473,1.18263,1.82812,1.70788,1.43174,1.86048,2.357,2.357,3,,,
Decr1,0,-0.00723839,0.435032,0.994205,1.24482,1.85399,1.72179,1.94971,2.1032,2.35836,2.35836,3,,,
Farp1,0,0.0116692,0.735708,1.19557,1.57067,1.83761,1.89604,2.06412,1.98299,2.35848,2.35848,3,,,
S100a16,0,-0.0811539,1.13912,1.49369,2.09586,2.23629,2.11935,2.12817,1.89448,2.3639,2.3639,3,,,
Ech1,0,0.313004,0.929609,1.3507,1.46862,1.86017,1.74657,1.78263,1.84418,2.36543,2.36543,3,,,
Ehhadh,0,0.378824,1.17131,1.72122,2.01661,1.95632,2.29013,2.36667,2.234,2.29707,2.36667,3,,,
Lgmn,0,0.85017,1.70642,1.84324,2.13177,2.35246,2.30822,2.3676,2.29159,2.08257,2.3676,3,,,
Rab13,0,0.510118,0.859645,1.01693,1.20617,1.26107,1.26659,2.36874,1.04814,1.04364,2.36874,3,,,
Gng12,0,0.511719,1.0862,1.79176,1.85098,2.09911,2.18687,2.23092,2.37229,2.0544,2.37229,3,,,
Aco2,0,0.145283,0.613995,1.19476,1.40999,1.96473,1.86074,2.2712,2.35556,2.37891,2.37891,3,,,
Gbas,0,-0.0825558,0.601906,0.940136,1.15379,1.61658,1.45175,1.75051,2.01415,2.38037,2.38037,3,,,
Slc4a4,0,0.0890713,0.735552,1.14888,1.42598,1.80084,1.83215,1.86845,1.9045,2.38676,2.38676,3,,,
Adck5,0,-0.44454,-0.00497627,0.452179,0.775326,1.57677,1.31401,1.56984,1.93054,2.39198,2.39198,3,,,
Abca9,0,0.729888,2.14041,2.18122,2.07894,2.39405,1.67285,0.948437,1.34432,1.34073,2.39405,3,,,
Efnb2,0,1.31988,1.69562,1.76418,1.704,1.74883,2.06337,1.48859,1.68862,2.39668,2.39668,3,,,
Etfa,0,-0.00958443,0.543201,0.960808,1.18707,1.71375,1.65802,1.7906,2.15769,2.39849,2.39849,3,,,
Psap,0,0.11488,0.380295,0.771711,0.68786,1.26151,1.23,0.796394,1.36579,2.39992,2.39992,3,,,
C17orf59,0,0.0145884,0.59695,0.738063,1.0349,1.58757,1.53782,1.88835,2.11846,2.40023,2.40023,3,,,
Hadh,0,0.0616245,0.900013,1.573,1.43706,2.17254,1.86711,2.40054,2.291,2.3359,2.40054,3,,,
Ptp4a3,0,0.0718355,1.07888,2.04033,1.88791,2.40082,1.84426,2.06172,1.93386,2.06227,2.40082,3,,,
Gpx1,0,0.643354,1.07009,1.29056,1.72822,2.25966,2.19816,2.31297,2.40192,2.28941,2.40192,3,,,
Tpp1,0,0.443457,0.946852,1.02915,1.14166,1.67192,1.54375,1.66593,1.88232,2.40383,2.40383,3,,,
Celsr1,0,1.6491,2.40614,2.20106,2.14991,2.38529,1.51173,1.01133,1.06266,1.14059,2.40614,3,,,
Rps6ka5,0,1.48867,2.05677,2.31773,2.21329,2.40897,2.1177,1.9212,1.79504,1.70648,2.40897,3,,,
Cx3cl1,0,1.1499,1.59098,1.53582,1.96336,2.1371,1.98146,2.2668,2.37036,2.40955,2.40955,3,,,
Cpq,0,0.0605888,0.405399,0.868435,1.20044,1.66512,1.72774,2.04677,2.27871,2.41028,2.41028,3,,,
Hsd17b11,0,1.25567,1.75439,1.88155,1.67232,2.40827,2.19726,2.10748,2.07902,2.412,2.412,3,,,
Aldh3a2,0,0.172619,0.877371,1.42176,1.54736,1.98166,2.00289,2.11822,2.05471,2.41843,2.41843,3,,,
Znf423,0,2.00291,2.42261,1.85085,2.33778,1.80409,1.74626,2.31664,2.08727,1.73381,2.42261,3,,,
Ptgfrn,0,0.587524,1.12477,1.61184,1.98629,2.42554,2.23758,1.95737,1.96173,2.01528,2.42554,3,,,
Nt5m,0,0.371161,0.536062,1.21114,1.46642,2.04426,1.70426,1.95866,2.42582,2.40463,2.42582,3,,,
Prss23,0,0.582314,1.62126,1.83009,2.32916,1.54282,2.23526,2.42722,2.21076,1.78991,2.42722,3,,,
Ptgr2,0,0.0311718,0.738522,1.43677,1.69942,2.05739,2.17598,2.1731,2.12854,2.42792,2.42792,3,,,
Pla2g15,0,0.0272312,0.04496,-0.385224,0.789192,1.19169,1.4225,1.65012,1.8108,2.42816,2.42816,3,,,
Bag3,0,1.97758,2.1441,2.02568,2.43233,2.09488,2.16622,2.32785,2.15574,1.6218,2.43233,3,,,
Hepacam,0,0.36203,1.3763,1.80001,1.86536,2.29821,2.08269,2.22729,2.00967,2.43785,2.43785,3,,,
Slc44a1,0,0.360752,2.04428,2.01331,2.1742,2.44658,2.01735,1.62254,1.60849,2.04167,2.44658,3,,,
Pxmp4,0,1.45753,1.94216,2.36979,2.27231,2.05656,2.26206,1.87633,1.97352,2.4512,2.4512,3,,,
Bcam,0,0.957441,1.88888,1.9153,2.00521,2.45618,2.3936,2.37388,2.1441,2.00866,2.45618,3,,,
Rdh14,0,0.379284,0.990891,1.4539,1.6673,2.14642,1.89953,1.78696,2.0008,2.4565,2.4565,3,,,
Acot13,0,-0.268843,0.239002,0.615627,0.88904,1.47708,1.45583,1.71133,2.21936,2.45968,2.45968,3,,,
Dlg1,0,0.687504,1.52642,1.74029,1.88059,2.24955,2.1786,2.34409,2.25077,2.4608,2.4608,3,,,
Nrxn1,0,0.667311,1.64001,1.96383,1.91835,2.1478,2.33722,2.33231,2.27726,2.46259,2.46259,3,,,
Ppif,0,0.450748,0.929804,1.24313,1.38365,1.90979,1.78546,1.97573,2.19547,2.47439,2.47439,3,,,
Acadm,0,0.0209084,0.510416,1.07859,1.24327,1.87806,1.80932,1.92222,2.12798,2.47693,2.47693,3,,,
Lamtor5,0,0.418127,1.04463,1.14079,1.55784,1.86708,2.05494,2.41618,2.26378,2.48445,2.48445,3,,,
Cox5a,0,0.243683,0.914515,1.02325,1.32744,1.76066,1.71509,2.01198,2.22179,2.48677,2.48677,3,,,
Smpdl3a,0,1.37026,1.98271,2.24011,2.23507,2.48685,2.36338,2.33359,2.27352,2.40124,2.48685,3,,,
Ndufb8,0,0.213491,0.752016,1.24218,1.67754,2.07884,1.90728,1.73153,2.13166,2.48786,2.48786,3,,,
Wipi1,0,1.72433,1.93953,2.09215,2.49292,2.30917,2.23363,2.02504,2.33956,1.88214,2.49292,3,,,
Ccdc90b,0,0.251955,0.858219,1.24209,1.44495,2.05949,1.89313,2.25848,2.42176,2.49465,2.49465,3,,,
Gpt2,0,1.15489,2.10702,2.33347,2.49525,2.26701,1.73525,1.53666,1.36558,1.05011,2.49525,3,,,
Cyp2j6;Cyp2j5,0,0.521462,0.503837,0.770494,1.10228,1.62509,1.69971,2.25247,2.5013,1.4964,2.5013,3,,,
Dnaja3,0,-1.52273,0.207724,0.671627,1.11877,1.34932,1.61318,1.5724,1.9469,2.50223,2.50223,3,,,
Prdx6,0,0.104029,1.06047,1.74108,1.75273,2.46036,2.29716,2.1812,2.15588,2.5046,2.5046,3,,,
Slc37a2,0,1.42384,1.88376,2.16014,2.20763,2.10095,2.41547,2.45586,2.50474,2.2306,2.50474,3,,,
Gsta4,0,0.15361,0.72917,1.22416,1.37708,1.89978,2.15586,2.43636,2.44852,2.5163,2.5163,3,,,
Mccc1,0,0.341143,0.506399,0.943848,1.21475,1.77793,1.65017,1.81429,2.17704,2.52042,2.52042,3,,,
Galnt18,0,0.219969,1.11953,1.23914,2.14639,1.33729,2.1329,2.52159,2.44494,1.19701,2.52159,3,,,
Fgf1,0,0.16815,0.870819,1.37632,1.94102,1.69901,2.52599,2.43514,2.35493,1.86584,2.52599,3,,,
Ganc,0,0.385752,0.37603,0.805054,1.19139,1.6535,1.77188,2.13901,2.4416,2.52673,2.52673,3,,,
Tmem40,0,1.94397,2.52689,2.48889,2.49754,2.38153,1.93229,1.52548,2.0585,1.55044,2.52689,3,,,
Ptdss1,0,0.558842,1.19054,1.50921,1.75947,2.29955,2.26582,2.38332,2.52945,2.36179,2.52945,3,,,
Bckdha,0,0.305967,0.823526,1.24363,1.58454,2.11096,2.02404,2.10057,2.4236,2.5301,2.5301,3,,,
Pdk2,0,0.661066,1.09422,1.52378,1.57807,2.27103,2.00174,1.87268,2.01674,2.53331,2.53331,3,,,
Mlycd,0,-0.29394,0.564011,1.11048,1.32178,2.00182,1.77349,1.9378,2.25041,2.53484,2.53484,3,,,
Crat,0,0.102337,0.604986,1.18359,1.3501,1.8747,1.6948,1.8127,1.98152,2.54797,2.54797,3,,,
Mccc2,0,0.297895,0.665394,1.06804,1.27561,1.89851,1.80521,1.92251,2.24818,2.54827,2.54827,3,,,
Cd200,0,1.7906,2.33946,2.5545,2.42118,2.46856,2.16409,2.03451,1.63214,1.61701,2.5545,3,,,
Fhl1,0,0.236767,1.15386,1.93448,2.2304,2.55676,2.42237,2.17711,2.3587,2.25576,2.55676,3,,,
Slc30a9,0,-0.007658,0.555819,0.950285,1.28047,1.81297,1.76694,2.10557,2.31151,2.56477,2.56477,3,,,
Etfb,0,0.132204,0.599768,1.01847,1.21653,1.77869,1.80404,2.56515,2.20447,2.27029,2.56515,3,,,
Slc16a2,0,1.2326,1.92608,2.40983,2.24188,2.56548,2.06465,1.94173,1.88437,1.59154,2.56548,3,,,
Ppm1h,0,1.00701,1.68115,1.95126,2.09955,2.44975,2.43757,2.42712,2.57569,2.55116,2.57569,3,,,
Scamp4,0,1.33955,1.95113,1.58671,1.86339,2.25878,2.38595,2.39082,2.36742,2.57633,2.57633,3,,,
Fmn2,0,0.68489,1.05867,1.57241,1.3007,2.57695,1.922,2.06905,1.83781,2.48953,2.57695,3,,,
Mtco2,0,0.132721,0.68741,1.19823,1.42321,1.6479,1.57276,1.5479,1.86038,2.57725,2.57725,3,,,
Fam20a,0,1.23958,1.82958,1.99922,2.3078,2.5552,2.38936,2.48153,2.58234,2.49389,2.58234,3,,,
Ak3,0,0.125757,0.646044,1.08836,1.22858,1.84509,1.7978,2.0513,2.30884,2.58352,2.58352,3,,,
Cdh6,0,2.47371,2.5906,1.97172,2.30095,1.47772,1.93999,2.2776,1.90625,1.47041,2.5906,3,,,
Anxa2,0,2.59271,2.06764,1.60641,1.47626,0.417253,0.645782,0.268148,0.316614,-0.408855,2.59271,3,,,
Plxdc2,0,1.78764,2.53242,2.37144,2.59721,2.3669,2.25897,2.43489,2.35992,1.87763,2.59721,3,,,
Rap1a,0,-0.0646725,0.133501,0.592766,0.662468,1.54406,1.34843,2.60508,1.81423,0.475517,2.60508,3,,,
Pvrl1,0,1.19157,1.47277,1.22972,1.92531,1.73675,2.09705,2.60869,2.30774,1.54125,2.60869,3,,,
Cmpk2,0,-0.267897,0.384502,0.252939,0.582775,1.53623,1.46309,1.75175,2.15133,2.6092,2.6092,3,,,
TCAIM,0,1.1859,0.780012,1.20785,1.38157,1.78896,2.00307,2.07608,2.3748,2.6131,2.6131,3,,,
Oxct1,0,0.047884,0.671373,1.05623,1.39718,1.86257,1.86502,1.94017,2.27546,2.62547,2.62547,3,,,
Vwa8,0,0.0988941,0.675249,1.24084,1.50017,2.01929,2.01294,2.14108,2.37118,2.62786,2.62786,3,,,
Tom1,0,1.01814,1.33337,1.21428,1.9358,2.06577,2.25207,2.43654,2.41765,2.62815,2.62815,3,,,
C2cd5,0,0.707988,0.595639,1.09907,1.51319,2.05265,2.1214,2.30072,2.21091,2.63246,2.63246,3,,,
Slc16a1,0,0.623184,1.27241,1.43127,1.68789,2.57719,2.39114,2.63277,2.60586,2.601,2.63277,3,,,
Megf10,0,-0.867152,0.662224,0.487301,1.1785,1.98123,1.84618,2.07049,2.05142,2.63581,2.63581,3,,,
Dbi,0,1.03718,1.98395,2.63847,2.55846,2.56731,2.50004,2.45091,2.51796,2.5734,2.63847,3,,,
Pag1,0,1.21021,1.66809,2.20794,2.30276,2.43556,2.31012,2.42341,2.64036,2.28476,2.64036,3,,,
Ndufb1,0,0.365129,1.39809,1.85675,2.04113,2.64058,2.56015,2.35164,2.45352,2.59442,2.64058,3,,,
Pura,0,0.311701,0.849817,1.10827,1.62896,2.08792,2.26602,2.60243,2.39173,2.64644,2.64644,3,,,
Ca2,0,0.581944,1.13969,1.88844,2.18011,2.25718,2.56407,2.64042,2.64059,2.65215,2.65215,3,,,
Acox1,0,1.07749,1.65091,2.18567,1.94942,2.17532,2.39507,2.65571,2.42085,2.17864,2.65571,3,,,
Palm2,0,1.55715,1.66696,1.75271,1.91452,2.25535,1.97147,2.34546,2.54054,2.66023,2.66023,3,,,
Brinp2,0,2.23839,2.66414,2.39055,2.3983,1.24934,1.42657,0.92366,0.657829,0.975569,2.66414,3,,,
Robo2,0,1.79339,2.10568,2.37454,2.08358,2.66582,2.0639,1.69707,1.65536,2.15504,2.66582,3,,,
Wasf3,0,0.105414,0.940232,1.34465,1.55546,2.06798,2.20825,2.60337,2.66813,2.49157,2.66813,3,,,
Col11a1,0,2.66883,1.70736,1.25329,1.25144,0.128939,0.476482,0.635176,0.0748234,-0.732567,2.66883,3,,,
Nrxn3,0,1.22187,1.76078,1.9859,2.22026,1.5799,1.52181,1.74454,2.67185,2.04661,2.67185,3,,,
COA4,0,0.64573,1.70185,1.91575,1.83211,2.59353,2.22142,2.0729,2.49565,2.67541,2.67541,3,,,
Slc7a2,0,0.797966,1.65088,1.41802,2.13568,1.94502,2.1091,2.67743,2.45658,1.50278,2.67743,3,,,
Stum,0,0.909452,0.957249,1.33226,2.08849,2.27885,2.43066,2.28126,2.6802,2.25144,2.6802,3,,,
Kank2,0,1.452,1.81108,1.43168,1.91603,1.5032,1.87402,2.68851,2.17011,1.34104,2.68851,3,,,
Appl2,0,0.449745,0.697136,1.10307,1.39011,2.13846,2.15079,2.26291,2.55547,2.69612,2.69612,3,,,
Mpc2;Zfp142,0,-0.239584,0.393034,0.904053,1.15746,1.61734,1.64797,1.76258,2.06059,2.69694,2.69694,3,,,
Atp6v0c,0,0.241564,1.59461,1.68948,2.01825,1.95449,1.49762,1.31886,1.14135,2.70032,2.70032,3,,,
Hexb,0,0.354612,0.391378,0.763205,0.756609,1.38849,1.56896,1.9182,2.23893,2.70291,2.70291,3,,,
Scai,0,1.35406,1.85361,2.01159,2.25143,2.52109,2.72377,2.72024,2.70485,2.64527,2.72377,3,,,
Ackr3,0,1.39943,2.15146,2.13802,1.91249,2.73509,1.32041,2.55931,2.25076,2.00778,2.73509,3,,,
Lgals8,0,1.23246,2.22377,2.05624,2.73767,2.7336,2.25857,2.30009,1.73449,0.9267,2.73767,3,,,
Mef2bnb,0,0.588144,0.957802,1.03409,1.43733,1.85998,1.98122,2.23302,2.46988,2.74276,2.74276,3,,,
Rnls,0,-0.104523,1.06475,1.40382,1.93776,2.33644,2.10448,1.53256,2.21888,2.74314,2.74314,3,,,
Hibadh,0,0.0168934,0.639059,1.17548,1.41474,1.97056,1.86696,2.09938,2.63865,2.74342,2.74342,3,,,
Ecrg4,0,0.928802,2.24456,2.70404,2.0431,2.74522,1.92037,1.14075,0.0747118,1.25185,2.74522,3,,,
Tmem65,0,-0.208496,0.601849,0.936937,1.33884,1.85771,1.90153,2.03159,2.27598,2.75021,2.75021,3,,,
Slc25a19,0,0.240711,1.13011,1.54476,1.90193,2.12173,2.04318,2.18533,2.363,2.75286,2.75286,3,,,
Them4,0,-0.31686,-0.0244198,0.648046,1.04402,2.06943,1.91756,2.08534,2.35144,2.75959,2.75959,3,,,
Camk1d,0,1.40558,1.90283,2.19198,2.67893,2.38432,2.69613,2.76917,2.76165,2.01625,2.76917,3,,,
Tmem256,0,0.957555,1.01962,1.17047,1.49016,1.80299,2.00891,2.46137,2.59016,2.77412,2.77412,3,,,
Ss18l1,0,-0.264973,0.88461,1.30082,1.6477,2.08127,1.84544,2.77567,1.81234,1.16951,2.77567,3,,,
Mlc1,0,0.369253,1.29362,1.99264,1.67012,2.77928,2.20151,2.09991,1.99747,2.57288,2.77928,3,,,
Slc2a8,0,0.656908,1.5217,1.77948,1.67636,2.32222,2.26275,2.3714,2.50093,2.78096,2.78096,3,,,
Pnpla8,0,0.337313,0.899681,1.56262,1.56768,2.10893,2.09793,2.12859,2.58901,2.78981,2.78981,3,,,
Cygb,0,1.53046,2.29854,2.06258,2.00812,1.75406,2.22368,2.80607,2.70728,2.35074,2.80607,3,,,
Rgma,0,1.5276,1.49674,1.80075,1.59112,2.80753,1.64309,1.55573,1.66527,2.44198,2.80753,3,,,
Sntb2,0,0.139929,0.771851,1.04548,1.38567,1.92883,2.23283,2.33143,2.48915,2.81284,2.81284,3,,,
Etfdh,0,0.243391,0.780697,1.43325,1.70405,2.28455,2.18669,2.42326,2.62432,2.8136,2.8136,3,,,
Pacsin3,0,1.13884,1.26245,1.64819,2.00876,2.63299,2.43579,2.45384,2.48926,2.81382,2.81382,3,,,
Glrx,0,-0.177515,0.982821,1.3361,1.54489,1.89149,1.96531,2.81429,1.98442,1.46578,2.81429,3,,,
Gjc2,0,1.76649,2.41841,2.63065,2.81867,2.51948,2.71453,2.46276,2.39893,2.75599,2.81867,3,,,
Txnip,0,-0.393093,1.51169,2.35308,2.09901,2.8223,2.15672,1.90674,1.48313,2.3173,2.8223,3,,,
Id1,0,2.83052,2.82758,2.57422,2.79812,2.62574,2.6759,1.8243,2.23427,2.49208,2.83052,3,,,
Cst3,0,1.67443,2.11998,1.11601,2.08136,1.64669,2.18885,2.83261,2.82837,1.81127,2.83261,3,,,
Sv2a,0,1.01259,2.01601,1.99673,2.41479,2.43429,2.42782,2.3906,2.70552,2.8367,2.8367,3,,,
Ptpra,0,0.335886,1.35293,1.88337,2.05663,2.56206,2.4963,2.33362,2.36893,2.83859,2.83859,3,,,
Aspa,0,1.02837,2.16769,2.53496,2.83925,2.84132,2.67195,2.59725,2.46783,2.67988,2.84132,3,,,
Slc25a18,0,-0.0961761,0.597015,1.04145,1.43854,1.84836,1.73736,1.94169,2.26675,2.84808,2.84808,3,,,
Hsdl2,0,0.282383,1.14166,1.88428,2.01049,2.56342,2.43487,2.51017,2.62199,2.85936,2.85936,3,,,
Sqrdl,0,0.339691,0.880062,1.27423,1.57739,2.07875,2.01518,1.9682,2.35238,2.86399,2.86399,3,,,
Ogfrl1,0,0.965122,1.84147,2.1586,2.26522,2.86682,2.52051,2.74495,2.70619,2.69622,2.86682,3,,,
Nrcam,0,1.13108,1.5494,1.42953,1.97502,2.19669,2.37737,2.49071,2.38031,2.86801,2.86801,3,,,
Plec,0,1.92214,2.44498,2.46053,2.86968,2.69633,2.63573,2.55136,2.6372,2.51024,2.86968,3,,,
D10Jhu81e,0,0.425224,0.72051,1.24293,1.46485,2.18567,2.15958,2.34541,2.74868,2.87534,2.87534,3,,,
Acss1,0,0.1022,1.03291,1.53297,1.78148,2.31014,2.19497,2.20456,2.52319,2.88037,2.88037,3,,,
Hint2,0,0.239458,0.8375,1.2303,1.51285,2.03949,2.07122,2.35681,2.50318,2.88428,2.88428,3,,,
Aldh2,0,-0.0276508,0.444704,0.76124,0.916456,1.66595,1.84403,2.15235,2.5555,2.88751,2.88751,3,,,
Vwa1,0,2.89639,2.13741,0.82634,1.18618,-0.649073,-0.299866,-0.467451,-0.4202,-1.31142,2.89639,3,,,
Apoe,0,0.0347748,0.734428,1.78319,1.67787,2.89904,2.38352,2.2984,2.36504,2.8646,2.89904,3,,,
Enpp5,0,0.552938,0.217243,0.546368,0.696199,1.48826,1.70988,1.97763,2.67255,2.9064,2.9064,3,,,
Nudt13,0,0.234191,0.821499,1.23708,1.65612,2.22608,2.1761,2.22326,2.62346,2.91405,2.91405,3,,,
Grid1,0,0.767871,1.57363,1.85069,2.11662,2.55748,2.63677,2.80824,2.78833,2.91977,2.91977,3,,,
Eno3,0,1.76233,2.92661,2.7381,2.58351,2.19914,1.31028,0.828613,0.348932,-0.0510731,2.92661,3,,,
Lphn1,0,1.17222,2.11951,2.29755,2.37236,2.63331,2.9296,2.58832,2.41403,2.50131,2.9296,3,,,
Grik2,0,0.0552444,1.40041,1.63087,1.79378,2.12894,2.21979,2.52102,2.58576,2.93108,2.93108,3,,,
Gm2a,0,-0.111187,0.231579,1.2196,1.40812,2.21512,2.32193,2.62337,2.80294,2.93477,2.93477,3,,,
Lactb,0,0.528399,0.786728,1.52512,2.1342,2.55145,2.48325,2.65465,2.89656,2.9446,2.9446,3,,,
Cox7a2,0,0.285458,1.16762,1.20319,1.69342,2.38197,2.46316,2.39583,2.94701,2.95363,2.95363,3,,,
Tmco3,0,1.04247,2.47745,2.73959,2.95445,2.73614,2.68137,2.85829,2.56986,2.39079,2.95445,3,,,
Rcn2,0,0.351101,1.57493,2.03607,2.4099,2.67952,2.74501,2.96905,2.89,2.74821,2.96905,3,,,
Gstm1,0,0.0328999,0.827536,1.50879,1.81983,2.20788,2.47747,2.75257,2.6566,2.98053,2.98053,3,,,
Gpd2,0,0.676674,1.09532,1.58502,1.88419,2.33254,2.25904,2.38075,2.61712,2.98375,2.98375,3,,,
Tspan3,0,0.878494,1.41081,1.92698,1.71664,2.37734,2.73729,2.87561,2.99297,2.97609,2.99297,3,,,
C8orf82,0,0.392059,0.636684,0.98773,1.54501,2.05593,1.68921,1.97953,2.45871,3.00735,3.00735,3,,,
Tst,0,0.859312,1.47416,1.92437,2.40585,3.00928,2.48533,2.73041,2.80098,2.82154,3.00928,3,,,
Fam69a,0,0.126097,1.12041,2.10992,2.48745,3.01293,2.65305,2.47552,2.6768,2.49683,3.01293,3,,,
Clybl,0,0.0941544,0.728971,1.34912,1.71011,2.28096,2.34164,2.49274,2.77815,3.01957,3.01957,3,,,
Uimc1,0,-0.295057,0.385183,1.35466,1.49329,2.21793,2.22203,2.22915,2.55683,3.02585,3.02585,3,,,
Pls3,0,1.86864,2.09712,1.66556,2.53278,2.24981,2.6082,3.03339,2.89627,2.26509,3.03339,3,,,
Yes1,0,1.65635,1.55447,1.88737,1.96785,2.49848,2.64394,3.0362,2.9422,2.2023,3.0362,3,,,
Dtnb,0,1.6495,2.02528,2.13592,2.84543,3.045,2.75401,2.50568,2.982,2.61341,3.045,3,,,
Ppp1r3c,0,1.56265,2.22549,1.96427,2.77799,2.57608,2.52323,3.0472,3.03701,2.69192,3.0472,3,,,
Hadha,0,0.0948792,0.734573,1.35429,1.79738,2.26028,2.283,2.47943,2.7188,3.0521,3.0521,3,,,
Tmem192,0,0.255238,0.77487,1.15125,1.50094,2.31583,2.40365,2.73718,2.82173,3.05283,3.05283,3,,,
Slc2a1,0,0.648785,1.45331,1.08771,1.843,1.32215,2.0997,2.95067,3.01225,3.05691,3.05691,3,,,
Amer2,0,1.12467,1.77284,2.09758,2.23248,2.61379,2.78705,3.07133,2.80694,2.7508,3.07133,3,,,
Kif5c,0,0.725885,1.45227,1.50762,2.04413,1.9697,2.19506,2.30873,2.5118,3.07445,3.07445,3,,,
Ggt1,0,0.491854,0.591087,1.02006,1.76915,2.27668,2.2592,2.11802,2.54789,3.07513,3.07513,3,,,
Rmdn2,0,-0.279865,0.779619,1.24467,1.87091,2.45445,2.55495,2.89498,2.85259,3.07586,3.07586,3,,,
Serpinb1a,0,1.48928,2.83405,3.08277,2.26772,2.0134,1.40921,1.19681,0.553896,0.459743,3.08277,3,,,
Gnb4,0,1.02336,1.71468,2.02837,2.40638,2.54057,2.85274,3.05187,3.0837,2.93561,3.0837,3,,,
Aldh4a1,0,0.249512,0.503372,0.922348,1.37475,2.05954,2.14998,2.4387,2.84267,3.08785,3.08785,3,,,
Fhit,0,0.162479,0.911594,1.61095,1.85937,2.4369,2.58192,2.65178,2.88737,3.08867,3.08867,3,,,
Arsk,0,-0.422052,0.308857,0.736252,0.771233,1.44154,1.85752,2.29601,2.56367,3.08922,3.08922,3,,,
Atp5j,0,0.457218,1.54061,1.94446,1.83073,2.58391,2.46816,3.01824,3.09248,2.78837,3.09248,3,,,
Negr1,0,-0.317863,0.321146,1.85338,2.35215,2.93369,2.86734,2.79754,2.77058,3.10223,3.10223,3,,,
Bphl,0,0.0897522,0.861397,1.45675,1.78294,2.32495,2.27016,2.47654,2.63762,3.10469,3.10469,3,,,
Slc29a1,0,1.33558,2.03772,1.7503,3.11588,2.87723,3.01237,3.05954,2.93483,2.6344,3.11588,3,,,
Alcam,0,0.465761,1.03072,1.56659,2.06955,2.3968,2.67103,3.04232,3.12264,3.12478,3.12478,3,,,
Ankh,0,2.26054,2.87375,2.51834,3.13637,2.50652,2.56817,2.54854,2.58046,2.24717,3.13637,3,,,
Aldh5a1,0,0.699717,0.584091,1.13752,1.6051,2.18328,2.09007,2.41106,2.79105,3.16508,3.16508,3,,,
Gnao1,0,0.349958,0.688704,1.33929,1.73264,2.48297,2.61691,2.912,3.06795,3.16796,3.16796,3,,,
Selm,0,0.780481,2.63956,2.7585,3.17393,3.05698,3.15016,3.10099,3.16628,2.85739,3.17393,3,,,
Gfap,0,2.61718,3.17849,2.0029,2.97203,0.174152,1.25023,0.419024,-0.445225,-0.659653,3.17849,3,,,
Ctsh,0,1.12177,2.14416,2.57751,2.90522,3.04138,3.05931,3.1816,3.07113,3.19269,3.19269,3,,,
Caskin1,0,0.269705,0.971798,1.59489,1.99896,2.63356,2.66004,3.06779,3.12614,3.19779,3.19779,3,,,
Gpld1,0,0.0789814,1.28422,2.12538,2.4247,3.08575,2.80056,2.66352,2.88405,3.20504,3.20504,3,,,
Gja1,0,-0.699457,-0.0658531,1.05873,1.0966,2.63801,1.92351,1.66056,1.78223,3.222,3.222,3,,,
Slc1a3,0,1.25704,2.39673,2.74867,2.90629,3.20787,3.08697,3.02964,2.72121,3.22555,3.22555,3,,,
Alkbh7,0,0.191084,1.38815,1.37711,1.87186,2.36176,2.2133,3.23691,2.56048,2.2813,3.23691,3,,,
Acot2,0,-0.799816,0.677498,1.43149,1.46738,2.67973,2.47246,3.12303,3.24573,3.13972,3.24573,3,,,
Dpp7,0,-0.336315,0.350008,0.724297,1.00033,1.71691,2.04725,2.52362,2.83821,3.24625,3.24625,3,,,
Mpc1,0,-0.186625,1.131,1.52087,1.76579,2.3299,2.22866,2.16325,2.51353,3.24828,3.24828,3,,,
Diras2,0,2.2622,2.94606,2.2147,3.23765,1.79012,2.99403,3.25051,3.21457,2.18743,3.25051,3,,,
Gria4,0,0.46084,1.37329,1.82455,2.02337,2.46314,2.69479,2.83128,3.00247,3.25476,3.25476,3,,,
Cox7c,0,0.0991669,1.70398,1.62248,2.30162,2.76998,2.85842,2.80679,3.22247,3.2558,3.2558,3,,,
Mmaa,0,0.319969,1.10547,1.89752,2.12711,2.43371,2.27229,2.2903,2.29661,3.27619,3.27619,3,,,
Atp5s,0,0.857203,1.06689,1.32436,1.85918,2.39827,2.2839,2.53352,2.87924,3.27713,3.27713,3,,,
Mink1,0,1.77321,2.10878,2.43058,2.6942,2.9494,3.22056,2.97454,2.76864,3.30873,3.30873,3,,,
Arsb,0,-0.499405,0.14896,0.739141,1.03895,1.88247,2.07829,2.48931,2.75358,3.31004,3.31004,3,,,
Sntb1,0,0.844637,1.45802,2.052,2.54058,2.7431,2.80729,2.97888,3.31354,3.32567,3.32567,3,,,
Inpp5j,0,1.74658,2.88934,2.78669,3.33115,2.54767,2.48464,2.87064,2.68265,1.54126,3.33115,3,,,
Auh,0,0.480097,1.34426,1.76266,2.0944,2.49692,2.48013,2.68662,2.90356,3.34123,3.34123,3,,,
F3,0,1.25697,1.50616,1.77272,2.25927,2.16504,2.56224,2.13911,2.4862,3.34486,3.34486,3,,,
Acsl6,0,0.138556,-0.26329,0.21055,0.620436,2.05944,2.0971,2.43228,2.56203,3.35003,3.35003,3,,,
Hadhb,0,0.304276,0.875092,1.50466,1.94409,2.49331,2.33088,2.52385,2.81466,3.36421,3.36421,3,,,
Pop4,0,0.431265,1.47145,1.67618,2.46383,2.64835,3.0839,2.98199,2.96511,3.37987,3.37987,3,,,
Acad10,0,-0.180452,0.817505,1.46686,1.83652,2.51253,2.51698,2.52394,2.86191,3.38188,3.38188,3,,,
Akr1b8,0,1.16693,2.65931,2.67699,3.24297,3.14693,3.17207,3.08377,2.91102,3.39269,3.39269,3,,,
Dpysl3,0,1.54435,2.92901,3.15714,3.3989,3.39818,3.3521,3.24678,3.29625,3.19329,3.3989,3,,,
Cspg5,0,-1.16118,1.3057,2.39233,2.18832,3.11985,3.01816,2.94851,2.82397,3.40438,3.40438,3,,,
Pcsk1n,0,-0.0425453,2.81851,2.74556,3.10305,3.40656,3.38881,3.23224,2.82199,3.28272,3.40656,3,,,
Cd9,0,2.16364,2.65931,2.57491,3.41102,3.24143,3.01714,3.0347,2.7378,2.18741,3.41102,3,,,
Ptprm,0,1.48207,2.10016,2.19332,2.73304,3.04217,3.1917,3.42138,3.36751,3.28618,3.42138,3,,,
Fam210b,0,0.868127,1.19379,1.35302,1.90603,2.15686,2.27118,2.90927,3.42289,3.05577,3.42289,3,,,
Arsa,0,0.458399,1.27113,1.93272,2.06807,2.41578,2.4361,2.77815,2.90784,3.42423,3.42423,3,,,
Ggh,0,0.0349579,0.441616,0.80983,0.865667,1.42667,1.95864,2.50512,2.86859,3.43119,3.43119,3,,,
Ptchd2,0,3.38009,3.33454,2.71132,3.43361,2.5584,2.86116,3.20341,3.21362,1.69825,3.43361,3,,,
Sipa1l3,0,0.280071,1.25025,1.87091,2.15992,2.80914,2.60072,3.43708,2.48527,2.14852,3.43708,3,,,
Mcee,0,0.622807,1.73115,2.14883,2.36795,2.93888,2.9383,3.18291,3.25624,3.44794,3.44794,3,,,
Islr,0,0.856779,3.2293,3.2847,2.9656,2.58142,2.3742,3.44809,0.579542,1.87018,3.44809,3,,,
Glul,0,1.82862,2.14954,2.91255,2.89566,3.45521,3.18736,3.04095,3.19301,3.07357,3.45521,3,,,
Adhfe1,0,1.29384,2.01339,2.34796,2.72068,3.26484,2.96692,2.98794,3.10715,3.47369,3.47369,3,,,
Mertk,0,0.703783,1.62165,1.97459,2.29825,2.5972,2.95036,3.20914,3.19229,3.47546,3.47546,3,,,
Cadps,0,0.626337,1.76334,2.05395,2.82107,2.8467,3.15297,3.34217,3.4811,3.22897,3.4811,3,,,
Naga,0,0.232576,1.03988,1.44028,1.57196,2.32369,2.3198,2.20784,2.61977,3.4855,3.4855,3,,,
Acadsb,0,0.288462,0.942429,1.57374,2.04174,2.79678,2.76031,2.78352,3.1907,3.48626,3.48626,3,,,
Fbxo44,0,2.55881,3.48686,3.37773,2.88297,3.02029,2.15703,1.85979,1.70045,2.4742,3.48686,3,,,
Dner,0,3.07155,3.48854,2.99291,3.34827,2.84158,2.82409,3.14165,3.05296,2.02689,3.48854,3,,,
Gdpd2,0,0.676246,2.0304,3.21422,2.80922,3.51372,2.54349,2.57979,1.75882,2.48033,3.51372,3,,,
Agt,0,1.00733,2.38835,2.56,2.59169,3.51692,3.00332,2.55675,2.73047,2.98755,3.51692,3,,,
Batf2,0,0.516002,1.96199,2.49837,2.22709,3.39182,2.65947,2.70395,3.51719,3.27755,3.51719,3,,,
Purg,0,0.0110359,0.820788,1.66931,2.25242,2.90958,3.13763,3.25277,3.28163,3.51829,3.51829,3,,,
Itgb3,0,-0.492846,1.29902,1.74977,1.94433,2.53921,2.18448,3.52571,2.26602,1.14596,3.52571,3,,,
Aldh6a1,0,0.406332,1.31507,1.90176,2.1518,3.01871,2.81269,3.01764,3.1113,3.52587,3.52587,3,,,
Ak4,0,-0.198606,0.688719,1.22111,1.56593,2.53662,2.54523,2.78748,3.12636,3.52917,3.52917,3,,,
Ivd,0,0.403727,0.912825,1.44684,1.86073,2.50113,2.53957,2.75206,3.0789,3.54396,3.54396,3,,,
Serpinf1,0,2.65921,3.3257,2.54094,3.54575,1.41329,2.31469,2.49739,2.40939,0.803628,3.54575,3,,,
Timp4,0,3.54804,2.95146,2.62908,2.57074,2.0616,2.45721,2.17264,2.21913,2.15607,3.54804,3,,,
Nadk2,0,-0.210772,0.775475,1.38877,1.89131,2.8049,2.5387,2.61703,2.97345,3.54957,3.54957,3,,,
Bbox1,0,0.839168,0.76658,0.984618,2.19365,2.37286,2.68953,3.26895,3.55024,2.62401,3.55024,3,,,
Thsd7a,0,2.65207,3.55402,3.36934,3.40709,2.7585,3.11467,3.15293,2.74039,2.7544,3.55402,3,,,
Katna1,0,0.726822,1.2526,1.71012,2.08303,2.37123,2.35432,1.44156,2.75308,3.57026,3.57026,3,,,
Pm20d2,0,1.60665,1.99256,2.53004,2.62304,2.70967,2.95799,3.07063,3.57256,3.49169,3.57256,3,,,
Nol3,0,1.08912,1.4674,1.81743,1.81788,2.74381,2.65697,3.27284,3.57439,2.88198,3.57439,3,,,
Gdap1l1,0,0.199671,0.342897,0.901234,1.51919,2.38139,3.13497,3.27027,3.61615,3.49754,3.61615,3,,,
Ubiad1,0,0.287238,0.80801,1.14869,1.42695,2.45105,2.22956,3.61971,2.65512,1.51126,3.61971,3,,,
Ndrg4,0,1.40637,2.36274,2.97675,3.20558,3.62912,3.57316,3.27075,3.21397,3.35729,3.62912,3,,,
Sparcl1,0,2.1116,3.3569,3.63922,3.00628,3.33649,2.5043,2.16379,1.81027,2.86004,3.63922,3,,,
S100a4,0,0.184219,1.57321,2.21847,3.08999,3.5185,3.64426,3.37067,3.30715,2.90244,3.64426,3,,,
Rftn2,0,1.03539,1.47257,1.77536,2.41002,2.91809,3.12202,3.36145,3.3257,3.64661,3.64661,3,,,
Cmtm5,0,-0.273005,1.38046,2.01871,2.93282,3.38006,3.56262,3.55121,3.239,3.65879,3.65879,3,,,
Macrod1,0,-0.186887,0.67408,1.05816,1.75881,2.59147,2.52882,2.91975,3.13374,3.6591,3.6591,3,,,
Mtatp8,0,-0.902712,1.9697,2.13904,2.69791,3.22044,3.22008,3.61467,3.69657,2.75645,3.69657,3,,,
Irak1,0,0.674627,1.81698,2.97972,3.14737,3.53685,3.49465,3.48248,3.62295,3.74447,3.74447,3,,,
Scrg1,0,2.02566,3.07624,2.63718,3.57141,2.80134,3.27156,3.74575,3.71182,3.21143,3.74575,3,,,
Ak5,0,0.975739,1.77824,2.16398,2.63601,3.3857,3.05954,3.3033,3.4024,3.75698,3.75698,3,,,
Cml1;Nat8b,0,0.0730734,-0.147728,1.40335,0.932068,3.20676,2.19857,2.0177,2.00366,3.76085,3.76085,3,,,
Pla2g7,0,-0.317761,0.307079,1.38089,1.29497,2.80083,2.29007,2.35281,2.52111,3.80338,3.80338,3,,,
Vamp3,0,1.48443,-0.110591,0.875475,1.30075,1.70735,1.91013,2.28435,3.81045,2.73986,3.81045,3,,,
Cyp46a1,0,2.21826,3.56747,3.82836,3.39195,3.62889,2.88843,2.48718,2.69741,2.98295,3.82836,3,,,
Itgb5,0,2.03855,2.75102,2.63378,3.03224,2.94617,3.10827,3.44496,3.82623,3.82942,3.82942,3,,,
Cadm2,0,0.930876,2.49492,3.00354,3.04433,3.44082,3.42711,3.57115,3.50875,3.84878,3.84878,3,,,
Omg,0,1.12313,0.93118,1.1669,2.43357,2.73546,3.46631,3.52645,3.86732,3.17374,3.86732,3,,,
Tpd52l1,0,2.86424,3.41815,2.97908,3.34374,3.09342,3.62597,3.7652,3.91092,3.4162,3.91092,3,,,
Nfasc,0,1.46873,2.58634,3.04993,3.38767,3.83118,3.78499,3.88022,3.80043,3.91414,3.91414,3,,,
Gpm6a,0,0.390947,0.604811,1.34571,1.99226,3.21438,2.94903,2.91292,2.81184,3.91468,3.91468,3,,,
Epb41l1,0,1.47662,2.79858,3.10469,3.41473,3.69554,3.6744,3.71074,3.70124,3.91505,3.91505,3,,,
Tagln,0,3.94183,3.88675,2.74038,2.38972,0.885798,0.785179,0.709742,0.699891,-1.04102,3.94183,3,,,
Ca5b,0,1.31738,2.52805,3.03197,3.43004,3.96805,3.28537,3.20008,3.56987,3.53781,3.96805,3,,,
Glud1,0,0.72826,1.54534,2.2522,2.6321,3.4917,3.46693,3.73166,3.8973,3.97214,3.97214,3,,,
Ntm,0,-0.387362,0.682573,1.96997,2.6598,3.53488,3.29415,3.52768,3.48113,3.97632,3.97632,3,,,
Stard10,0,1.58396,2.46301,2.73335,3.41622,3.5786,3.75149,3.89622,3.99844,3.73095,3.99844,3,,,
Slc2a13,0,3.3145,4.02241,4.00922,4.01633,3.74004,3.6179,3.40331,3.4828,2.97031,4.02241,4,,,
Nebl,0,1.47982,2.68714,3.2688,3.50552,3.98254,3.84444,3.9498,3.67698,4.03701,4.03701,4,,,
C20orf194,0,2.33627,2.6238,3.05932,2.90586,3.9752,3.38461,3.175,3.41318,4.07032,4.07032,4,,,
Abat,0,-0.647146,0.297911,0.951614,1.77686,2.69634,2.99292,3.39141,3.74972,4.12822,4.12822,4,,,
Mapt,0,0.553511,1.14231,2.46729,2.61114,4.00941,3.65702,3.57978,3.7822,4.21387,4.21387,4,,,
Phyhd1,0,1.79239,1.45994,2.43244,2.95632,3.99233,4.01961,3.98373,4.24597,4.17115,4.24597,4,,,
Slc8a3,0,1.20684,2.4595,3.03759,3.3225,3.79829,3.68822,3.65854,3.8604,4.25361,4.25361,4,,,
Sfxn5,0,0.158009,1.46427,2.25356,2.65954,3.64838,3.55007,3.89458,3.80987,4.26307,4.26307,4,,,
Hrsp12,0,0.22204,1.44959,1.92276,2.50559,3.22143,3.72315,4.05685,4.31999,4.15423,4.31999,4,,,
Snta1,0,1.92636,2.89699,3.12414,3.77632,4.15397,4.15386,4.32556,4.32065,4.29564,4.32556,4,,,
Tnr,0,0.737307,2.54966,3.11201,3.04789,3.94018,3.94849,4.24297,4.18491,4.36574,4.36574,4,,,
Pdk4,0,1.10137,2.46001,2.96735,2.75113,3.81114,3.80278,3.19919,3.72857,4.38009,4.38009,4,,,
Tspan7,0,1.32545,2.72614,2.82393,2.46424,3.05488,3.37773,3.55575,3.63818,4.39783,4.39783,4,,,
Atp1a2,0,1.30732,2.61964,3.45057,3.77031,4.28551,4.0924,4.40878,4.10169,4.38683,4.40878,4,,,
Me3,0,-0.355357,1.39931,1.93235,2.94613,3.70837,3.6004,3.87787,4.0658,4.46791,4.46791,4,,,
Sphk1,0,2.60334,3.16867,3.51532,4.06324,3.70078,4.31032,4.47038,4.40967,3.50788,4.47038,4,,,
Prex2,0,2.04623,3.21336,3.37145,4.01141,3.6929,4.30617,4.49192,4.37598,4.04981,4.49192,4,,,
Man2b2,0,0.629463,1.47256,2.16243,2.16573,3.0892,3.18262,3.36465,3.82249,4.51284,4.51284,4,,,
Gprc5b,0,1.36595,2.65683,3.19047,3.40545,4.29879,4.4305,4.33514,4.53022,4.53286,4.53286,4,,,
Ednrb,0,1.50473,2.85354,3.4,3.20196,4.47197,3.70757,3.61137,3.73083,4.53845,4.53845,4,,,
Slc6a8,0,1.9554,2.72273,2.92312,3.3451,3.61091,4.06787,4.56652,4.45923,4.30573,4.56652,4,,,
P0C913,0,1.30181,1.81459,1.94843,2.05743,3.24,3.23791,3.82089,4.59242,4.41534,4.59242,4,,,
Ncan,0,3.62013,4.45284,4.18902,4.60778,3.09898,4.02451,4.20436,4.03765,2.71981,4.60778,4,,,
Fcgrt,0,2.63868,3.90711,4.36263,4.39703,4.68551,4.57914,4.57198,4.23336,4.58645,4.68551,4,,,
S100a1,0,1.37927,2.27197,3.34434,3.47877,4.27191,4.371,4.57566,4.69027,4.44853,4.69027,4,,,
Kcnn2,0,0.503146,1.02054,1.33898,2.24021,3.62513,3.92408,4.15837,4.80737,3.75699,4.80737,4,,,
Aldh1a1,0,0.560654,2.15496,2.90702,3.55173,4.25559,4.57991,4.84465,4.58047,4.89109,4.89109,4,,,
Lcat,0,4.55566,4.76907,4.53196,4.96638,4.305,4.75051,4.66124,4.48901,3.50886,4.96638,4,,,
Pygb,0,1.50046,2.60058,3.29044,3.6608,4.31471,4.55774,4.99533,4.92599,5.08475,5.08475,4,,,
Pank1,0,4.58649,4.12405,4.54075,4.17519,4.5951,4.70666,4.4553,4.94485,5.10666,5.10666,4,,,
Atp1b2,0,2.18184,3.7937,4.31635,4.70019,5.11544,4.84481,4.76604,4.69977,5.12895,5.12895,4,,,
Fbxo2,0,3.60682,4.68978,5.14245,5.02279,5.12576,4.77663,4.41608,4.12282,4.10748,5.14245,4,,,
Igsf11,0,2.48684,2.94796,3.40165,2.95511,5.1668,3.92781,3.53368,4.08273,4.85565,5.1668,4,,,
Abca1,0,2.96668,3.90233,4.38253,4.69662,5.18651,4.58022,4.4642,4.19159,4.58232,5.18651,4,,,
Ndrg2,0,1.16153,3.10089,4.24131,4.43873,5.1936,4.64312,4.42255,4.22236,5.11174,5.1936,4,,,
Htra1,0,-0.675039,0.61311,1.22269,2.12414,3.06833,3.59669,4.52819,4.68803,5.19385,5.19385,4,,,
Pygm,0,0.668011,1.70579,2.47892,3.07157,3.59384,4.18517,4.56611,4.86379,5.21475,5.21475,4,,,
Abcd2,0,-0.124986,0.502703,1.30422,1.88881,3.01513,3.89996,4.63538,4.97859,5.27193,5.27193,4,,,
S100b,0,1.86232,3.67719,4.58947,4.59639,5.03501,5.13486,5.27395,5.18437,5.21053,5.27395,4,,,
Phyhipl,0,3.91183,4.54146,4.48399,5.04462,4.75598,5.07847,5.15391,5.30021,5.03175,5.30021,4,,,
Cend1,0,2.26354,3.42362,4.09707,4.26923,4.93822,5.09408,5.20472,5.37919,5.37299,5.37919,4,,,
Isoc2a,0,2.41836,2.42285,3.51516,3.74115,4.68999,4.62452,4.34554,5.15419,5.46236,5.46236,4,,,
C1qtnf5,0,2.08681,2.96851,3.39578,4.14023,4.66678,4.5317,4.0813,4.80507,5.52635,5.52635,4,,,
Slc25a42,0,0.138288,2.48206,3.30331,3.71575,4.74893,4.74688,5.04431,5.46017,5.92084,5.92084,4,,,
Slc6a6,0,4.48509,4.38027,4.05596,4.20718,4.39889,4.83064,5.46516,6.07056,4.63114,6.07056,4,,,
Pcp4,0,4.98074,5.38683,5.63803,5.92022,6.25711,5.94769,6.12635,6.29097,5.7194,6.29097,4,,,
Ninj1,0,3.34905,4.92121,5.59475,6.32024,5.85376,5.42914,5.10859,4.93125,5.73668,6.32024,4,,,
Tuba4a,0,1.4709,2.50304,3.29667,4.39312,5.04923,5.82364,6.25077,6.4454,6.29598,6.4454,4,,,
Sez6l,0,3.452,4.7966,4.94628,5.49655,4.91099,6.05505,6.40485,6.44612,5.96475,6.44612,4,,,
Slc1a2,0,2.22016,2.94194,3.84345,4.70779,5.77657,6.03023,6.14975,6.29058,6.67924,6.67924,4,,,
Dagla,0,3.65236,4.65411,4.8639,6.09198,5.75228,6.29344,6.70207,6.752,6.31871,6.752,4,,,
Hspb8,0,6.09774,6.61399,6.73562,7.07239,6.97359,7.04529,6.94526,7.10862,6.38442,7.10862,4,,,
S1pr1,0,2.67279,3.77143,5.00618,4.68279,6.88409,6.27191,5.81855,5.77408,7.55407,7.55407,4,,,
Slc39a12,0,3.45957,5.8858,6.74639,7.3069,8.03414,7.76917,7.74411,7.67572,8.12269,8.12269,4,,,